nameCn,nameEn,objectTypeName,description,property.record_id,property.facility_type,property.status,property.city,property.state_province,property.country,property.country_region,property.region,property.address,property.website,property.product_type,property.product_type_2,property.products,property.technology_and_materials,property.current_geometry,property.current_wafer_size,property.current_full_capacity,property.capacity_200mm_equivalent,property.cleanroom_sq_ft,property.cleanroom_class,property.facility_size,property.start_year,property.construction_year,property.first_silicon_year,property.production_year,property.data_source,property.source_sheet,source_url
Advanced Ultraviolet Optoelectronics - Luan UV LED fab,,外延工厂,"Advanced Ultraviolet Optoelectronics 的 Luan UV LED fab，位于 Changzhi, Shanxi, 中国。",5110,晶圆厂/外延片,In production,Changzhi,Shanxi,中国,中国,亚太,Zhangze New Industrial Park,http://www.luan-uv.com/,光电器件/LED,光电器件,UV LEDs,,2,2,20000,1250,,,,2019,2018,2019,2019,/Users/simon/Documents/Simon-OB/本体论/base/半导体/SEMI_WFF_2026_1Q.xlsx,Company Detail,http://www.luan-uv.com/
Aledia - Echirolles R&D and HQ,,外延工厂,"Aledia 的 Echirolles R&D and HQ，位于 Echirolles, Echirolles, 法国。",6235,晶圆厂/外延片，研发，中试线,In production,Echirolles,Echirolles,法国,Europe & Mideast,欧洲,10 Rue des Méridiens,https://www.aledia.com/en,外延片,外延片,"Epitaxy (EPI) : Growing Nanorwires using Nanowire Technology (3D GaN LED) on 6- and 8-inch wafers, selling wafers to other large display makers","microLED, 3D nanowires using GaN-on-silicon (WireLED TM), (Silicon)",,8,500,500,13000,,43000,2020,2018,2020,2020,/Users/simon/Documents/Simon-OB/本体论/base/半导体/SEMI_WFF_2026_1Q.xlsx,Company Detail,https://www.aledia.com/en
Aledia - Champagnier (300mm),,外延工厂,"Aledia 的 Champagnier (300mm)，位于 Champagnier, Le Pont-de-Claix, 法国。",6236,晶圆厂/外延片，研发，中试线,In production,Champagnier,Le Pont-de-Claix,法国,Europe & Mideast,欧洲,"Rue des Lavières, ZAC du Saut du moine",https://www.aledia.com/en,外延片,外延片,"MicroLED for displays.  Epitaxy (EPI) : Growing Nanorwires using Nanowire Technology (3D GaN LED) on 6- and 8-inch wafers, selling wafers to other large display makers","microLED, 3D nanowires using GaN-on-silicon (WireLED TM), (Silicon), GaN",,8,22000,22000,68900,6,218500,2025,2021,2024,2025,/Users/simon/Documents/Simon-OB/本体论/base/半导体/SEMI_WFF_2026_1Q.xlsx,Company Detail,https://www.aledia.com/en
ams-OSRAM - Fab 2  (was OSRAM),,外延工厂,"ams-OSRAM 的 Fab 2  (was OSRAM)，位于 Regensburg, Bavaria, 德国。",1875,晶圆厂/外延片,In production,Regensburg,Bavaria,德国,Europe & Mideast,欧洲,"Leibnizstr. 4,",https://ams-osram.com/,光电器件/LED,光电器件,"InGaN LED, Laser Diodes, Sensors","GaAs, InGaAlP, III-V, SiC, Sapphire",2,6,20000,11250,35521,,,2003,,2011,2011,/Users/simon/Documents/Simon-OB/本体论/base/半导体/SEMI_WFF_2026_1Q.xlsx,Company Detail,https://ams-osram.com/
ams-OSRAM - Fab 3 expansion (was OSRAM),,外延工厂,"ams-OSRAM 的 Fab 3 expansion (was OSRAM)，位于 Regensburg, Bavaria, 德国。",2420,晶圆厂/外延片,In production,Regensburg,Bavaria,德国,Europe & Mideast,欧洲,Leibnizstr. 4,https://ams-osram.com/,光电器件/LED,光电器件,"InGaN LED chips, HB-LEDs","GaAs, InGaAlP, III-V, SiC, Sapphire, GaN-on-silicon",2,6,20000,11250,,,,2008,,2011,2012,/Users/simon/Documents/Simon-OB/本体论/base/半导体/SEMI_WFF_2026_1Q.xlsx,Company Detail,https://ams-osram.com/
ams-OSRAM - Penang PEN31 (was OSRAM),,外延工厂,"ams-OSRAM 的 Penang PEN31 (was OSRAM)，位于 Penang, Penang, 马来西亚。",2419,晶圆厂/外延片,In production,Penang,Penang,马来西亚,SE Asia,亚太,Bayan Lepas Free Industrial Zone Phase 1,https://ams-osram.com/,光电器件/LED,光电器件,InGaN LED chips,"GaAs, InGaAlP, III-V, SiC, Sapphire",2,6,20000,11250,,100,377000,2009,,2012,2012,/Users/simon/Documents/Simon-OB/本体论/base/半导体/SEMI_WFF_2026_1Q.xlsx,Company Detail,https://ams-osram.com/
ams-OSRAM - Penang PEN32 (was OSRAM),,外延工厂,"ams-OSRAM 的 Penang PEN32 (was OSRAM)，位于 Penang, Penang, 马来西亚。",3383,晶圆厂/外延片,In production,Penang,Penang,马来西亚,SE Asia,亚太,"155, Hilir Sungai Kluang 4, Bayan Lepas Industrial Park",https://ams-osram.com/,光电器件/LED,光电器件,InGaN LED,"SiC, Sapphire, Thin Film, InGaN",2,6,20000,11250,,100,,2012,2010,2012,2012,/Users/simon/Documents/Simon-OB/本体论/base/半导体/SEMI_WFF_2026_1Q.xlsx,Company Detail,https://ams-osram.com/
ams-OSRAM - 4-inch LED Line (was OSRAM),,外延工厂,"ams-OSRAM 的 4-inch LED Line (was OSRAM)，位于 Regensburg, Bavaria, 德国。",975,晶圆厂/外延片,In production,Regensburg,Bavaria,德国,Europe & Mideast,欧洲,Wernerwerkstrasse 2,https://ams-osram.com/,光电器件/LED,光电器件,"OLED, Opto LED; blue thin-film InGaN LED; SiC substrate for InGaN (GaAs for InGaN).","SiC; GaAs for InGaN, Sapphire",2,4,24000,6000,,,,2011,,,,/Users/simon/Documents/Simon-OB/本体论/base/半导体/SEMI_WFF_2026_1Q.xlsx,Company Detail,https://ams-osram.com/
ams-OSRAM - Kulim Fab 1 (phase 1 and 2) (was OSRAM),,外延工厂,"ams-OSRAM 的 Kulim Fab 1 (phase 1 and 2) (was OSRAM)，位于 Kulim, Kedah, 马来西亚。",3825,晶圆厂/外延片,In production,Kulim,Kedah,马来西亚,SE Asia,亚太,"Lot 30, Jalan Hi-Tech 4,",https://ams-osram.com/,光电器件/LED,光电器件,"HB-LED, micro LEDs",LED,2,6,100000,56250,,,538195,2017,2016,2017,2017,/Users/simon/Documents/Simon-OB/本体论/base/半导体/SEMI_WFF_2026_1Q.xlsx,Company Detail,https://ams-osram.com/
ams-OSRAM - Kulim Fab 2 MicroLED Line,,外延工厂,"ams-OSRAM 的 Kulim Fab 2 MicroLED Line，位于 Kulim, Kedah, 马来西亚。",6391,晶圆厂/外延片,On hold,Kulim,Kedah,马来西亚,SE Asia,亚太,"Lot 30, Jalan Hi-Tech 4,",https://ams-osram.com/,光电器件/LED,光电器件,"LED, micro-LED on Sapphire and GaAs","LED, micro-LED on Sapphire and GaAs",1,8,50000,50000,100000,,,,2022,,,/Users/simon/Documents/Simon-OB/本体论/base/半导体/SEMI_WFF_2026_1Q.xlsx,Company Detail,https://ams-osram.com/
ams-OSRAM - Kulim EPI Line,,外延工厂,"ams-OSRAM 的 Kulim EPI Line，位于 Kulim, Kedah, 马来西亚。",6392,晶圆厂/外延片,On hold,Kulim,Kedah,马来西亚,SE Asia,亚太,"Lot 30, Jalan Hi-Tech 4",https://ams-osram.com/,外延片,外延片,外延片,"EPI, GaAs, Sapphire",,8,50000,50000,90000,,,,2022,,,/Users/simon/Documents/Simon-OB/本体论/base/半导体/SEMI_WFF_2026_1Q.xlsx,Company Detail,https://ams-osram.com/
Applied Optoelectronics - Fab 1,,外延工厂,"Applied Optoelectronics 的 Fab 1，位于 Sugar Land, Texas, 美国。",6704,晶圆厂/外延片，研发，中试线,In production,Sugar Land,Texas,美国,美洲,NA,13139 Jess Pirtle Blvd.,https://ao-inc.com/,光电器件/激光器及其他,Opto,InP/GaAs laser,"InP, GaAs, MBE, MOCVD",1,4,2000,500,,,139450,2000,,,,/Users/simon/Documents/Simon-OB/本体论/base/半导体/SEMI_WFF_2026_1Q.xlsx,Company Detail,https://ao-inc.com/
APT Electronics Ltd. - Nansha base (phase 1),,外延工厂,"APT Electronics Ltd. 的 Nansha base (phase 1)，位于 Guangzhou, Guangdong, 中国。",3330,晶圆厂/外延片,In production,Guangzhou,Guangdong,中国,中国,亚太,No33，South of Huan Shi Road，Nansha Direct,http://www.apt-hk.com/,光电器件/LED,Opto,"HB-LED, GaN LED, Flip-chip LED chips, COB","GaN, Sapphire",2,2,50000,3125,,,376700,2011,2010,2011,2011,/Users/simon/Documents/Simon-OB/本体论/base/半导体/SEMI_WFF_2026_1Q.xlsx,Company Detail,http://www.apt-hk.com/
"AquaLite Co., Ltd - n/a",,外延工厂,"AquaLite Co., Ltd 的 n/a，位于 Wuhan, Hubei, 中国。",3353,晶圆厂/外延片,In production,Wuhan,Hubei,中国,中国,亚太,"No.8, Optical Valley 1 Road,",http://www.aqualite-led.com/,光电器件/LED,Opto,"LED, High Voltage (HV) LED",Sapphire,2,2,50000,3125,,,,2008,2007,2008,2008,/Users/simon/Documents/Simon-OB/本体论/base/半导体/SEMI_WFF_2026_1Q.xlsx,Company Detail,http://www.aqualite-led.com/
Arima Optoelectronics Corp. - Hsinchu Fab 2,,外延工厂,"Arima Optoelectronics Corp. 的 Hsinchu Fab 2，位于 Hsinchu, Northern Taiwan, 中国台湾。",3089,晶圆厂/外延片,In production,Hsinchu,Northern Taiwan,中国台湾,中国台湾,亚太,"No.119, Guangfu N. Rd., Hukou Township",http://www.aocepi.com,光电器件/LED,Opto,"HB-LED, IR LED, AlInGaP LED","Sapphire, GaAs, AlInGaP",4,2,20000,1250,,,,1999,1998,1999,1999,/Users/simon/Documents/Simon-OB/本体论/base/半导体/SEMI_WFF_2026_1Q.xlsx,Company Detail,http://www.aocepi.com
Arima Optoelectronics Corp. - Hsinchu Fab 1,,外延工厂,"Arima Optoelectronics Corp. 的 Hsinchu Fab 1，位于 Hsinchu, Northern Taiwan, 中国台湾。",3088,晶圆厂/外延片,In production,Hsinchu,Northern Taiwan,中国台湾,中国台湾,亚太,"No.1, Guangfu N. Rd., Hukou Township",http://www.aocepi.com,光电器件/LED,Opto,"HBT, VCSEL (vertical-cavity surface-emitting laser), EPI, IR LED, AlInGaP LED","Sapphire, GaAs",2,2,20000,1250,,,,1999,1998,1999,1999,/Users/simon/Documents/Simon-OB/本体论/base/半导体/SEMI_WFF_2026_1Q.xlsx,Company Detail,http://www.aocepi.com
Aucksun - Huaian (phase 3),,外延工厂,"Aucksun 的 Huaian (phase 3)，位于 Huaian, Jiangsu, 中国。",4969,晶圆厂/外延片,In production,Huaian,Jiangsu,中国,中国,亚太,"6, Jingxiu Rd. Qinghe new area",http://www.aucksun.com/,光电器件/LED,Opto,LED,,2,4,160000,40000,,,,2018,2017,2018,2018,/Users/simon/Documents/Simon-OB/本体论/base/半导体/SEMI_WFF_2026_1Q.xlsx,Company Detail,http://www.aucksun.com/
Aucksun - Huaian (phase 2),,外延工厂,"Aucksun 的 Huaian (phase 2)，位于 Huaian, Jiangsu, 中国。",3666,晶圆厂/外延片,In production,Huaian,Jiangsu,中国,中国,亚太,"6, Jingxiu Rd. Qinghe new area",http://www.aucksun.com/,光电器件/LED,Opto,HB-LED,"GaN, Sapphire",2,4,140000,35000,,,,2017,2014,2017,2017,/Users/simon/Documents/Simon-OB/本体论/base/半导体/SEMI_WFF_2026_1Q.xlsx,Company Detail,http://www.aucksun.com/
Aucksun - Huaian (phase 1),,外延工厂,"Aucksun 的 Huaian (phase 1)，位于 Huaian, Jiangsu, 中国。",3379,晶圆厂/外延片,In production,Huaian,Jiangsu,中国,中国,亚太,"6, Jingxiu Rd. Qinghe new area",http://www.aucksun.com/,光电器件/LED,Opto,HB-LED,"GaN, Sapphire",2,2,230000,14375,,,,2013,2011,2012,2013,/Users/simon/Documents/Simon-OB/本体论/base/半导体/SEMI_WFF_2026_1Q.xlsx,Company Detail,http://www.aucksun.com/
BluGlass Limited - EpiBlu,,外延工厂,"BluGlass Limited 的 EpiBlu，位于 Silverwater, New South Wales, 澳大利亚。",3786,晶圆厂/外延片,In production,Silverwater,New South Wales,澳大利亚,SE Asia,亚太,74 Asquith Street,http://www.bluglass.com.au/,光电器件/LED,Opto,"GaN Epitaxy, Development of RPCVD technology for LED, solar and power electronics. Foundry","GaN, III-Nitride, Sapphire",2,2,6000,375,,,,2008,2007,2008,2008,/Users/simon/Documents/Simon-OB/本体论/base/半导体/SEMI_WFF_2026_1Q.xlsx,Company Detail,http://www.bluglass.com.au/
Bridgelux - Livermore,,外延工厂,"Bridgelux 的 Livermore，位于 Livermore, California, 美国。",3334,晶圆厂/外延片,In production,Livermore,California,美国,美洲,NA,101 Portola Avenue,http://www.bridgelux.com/,光电器件/LED,Opto,"HB LED, LED","InGaN, Silicon, Sapphire (until 2012)",2,2,10000,625,,,120000,2010,2010,2010,2010,/Users/simon/Documents/Simon-OB/本体论/base/半导体/SEMI_WFF_2026_1Q.xlsx,Company Detail,http://www.bridgelux.com/
Brightintelligence Technologies - Zhong Shan fab,,外延工厂,"Brightintelligence Technologies 的 Zhong Shan fab，位于 Shenzhen, Guangdong, 中国。",5049,晶圆厂/外延片,In production,Shenzhen,Guangdong,中国,中国,亚太,"2, Gaoxin Middle 1st Rd.",http://www.brightai.cn/,光电器件/激光器及其他,Opto,VCSEL (vertical-cavity surface-emitting laser),"GaAs, InGaAs, InGaP",2,6,3000,1687.5,,,161460,2019,2018,2019,2019,/Users/simon/Documents/Simon-OB/本体论/base/半导体/SEMI_WFF_2026_1Q.xlsx,Company Detail,http://www.brightai.cn/
Cactus Materials - Epitaxy Fab,,外延工厂,"Cactus Materials 的 Epitaxy Fab，位于 Tempe, Arizona, 美国。",6631,晶圆厂/外延片,In production,Tempe,Arizona,美国,美洲,NA,2507 W Geneva Dr,https://cactusmaterials.com/,外延片,EPI,,"SiC, GaAs",,6,5000,2812.5,,,20000,2024,,2024,2024,/Users/simon/Documents/Simon-OB/本体论/base/半导体/SEMI_WFF_2026_1Q.xlsx,Company Detail,https://cactusmaterials.com/
Cengol Semiconductor (Century Goldray) - SiC Wafer and Device Fab,,外延工厂,"Cengol Semiconductor (Century Goldray) 的 SiC Wafer and Device Fab，位于 Beijing, Beijing, 中国。",5083,晶圆厂/外延片,In production,Beijing,Beijing,中国,中国,亚太,"No.17, Paiganqu West Road, BDA,",http://www.cengol.com/,Discrete/Power,Discrete,"SiC wafer, InP wafer, GaSb wafer, SiC epitaxial, SiC MOSFET, SiC SBD",SiC,1,6,1500,843.75,,,,2015,2014,2015,2015,/Users/simon/Documents/Simon-OB/本体论/base/半导体/SEMI_WFF_2026_1Q.xlsx,Company Detail,http://www.cengol.com/
Cengol Semiconductor (Century Goldray) - Hefei SiC Wafer Fab,,外延工厂,"Cengol Semiconductor (Century Goldray) 的 Hefei SiC Wafer Fab，位于 Hefei, Anhui, 中国。",6152,晶圆厂/外延片,In production,Hefei,Anhui,中国,中国,亚太,"200 meters east of the intersection of Chang'an Road and Tiantangzhai Road, Shushan District",http://www.cengol.com/,外延片,EPI,"Both: SBD, MOSFET, SiC wafer and EPI",SiC EPI,,6,2500,1406.25,,,,2023,2021,2022,2023,/Users/simon/Documents/Simon-OB/本体论/base/半导体/SEMI_WFF_2026_1Q.xlsx,Company Detail,http://www.cengol.com/
"Changelight Co., Ltd - Yangzhou fab",,外延工厂,"Changelight Co., Ltd 的 Yangzhou fab，位于 Yangzhou, Jiangsu, 中国。",3296,晶圆厂/外延片,In production,Yangzhou,Jiangsu,中国,中国,亚太,"No.8 Xiaxuhe Branch Way, South YangtzeRiver Road,",http://www.changelight.com.cn/,光电器件/LED,Opto,AlGaInP LED (four-element),"Sapphire, AlGaInP",2,4,60000,15000,,,,2010,2017,2018,2018,/Users/simon/Documents/Simon-OB/本体论/base/半导体/SEMI_WFF_2026_1Q.xlsx,Company Detail,http://www.changelight.com.cn/
"Changelight Co., Ltd - Nanchang fab",,外延工厂,"Changelight Co., Ltd 的 Nanchang fab，位于 Nanchang, Jiangxi, 中国。",4959,晶圆厂/外延片,In production,Nanchang,Jiangxi,中国,中国,亚太,Xinjian district,http://www.changelight.com.cn/,光电器件/LED,Opto,GaN LED,"GaN ,Sapphire",2,4,150000,37500,,,,2019,2018,2019,2019,/Users/simon/Documents/Simon-OB/本体论/base/半导体/SEMI_WFF_2026_1Q.xlsx,Company Detail,http://www.changelight.com.cn/
"Changelight Co., Ltd - Xiamen fab",,外延工厂,"Changelight Co., Ltd 的 Xiamen fab，位于 Xiamen, Fujian, 中国。",3258,晶圆厂/外延片,In production,Xiamen,Fujian,中国,中国,亚太,"19, Xiangyue Road,",http://www.changelight.com.cn/,光电器件/LED,Opto,GaN LED,"GaN, Sapphire, AlGaInP",2,4,100000,25000,,,,2007,2014,,,/Users/simon/Documents/Simon-OB/本体论/base/半导体/SEMI_WFF_2026_1Q.xlsx,Company Detail,http://www.changelight.com.cn/
"Citizen Holdings Co., Ltd. - Yamanashi plant",,外延工厂,"Citizen Holdings Co., Ltd. 的 Yamanashi plant，位于 Fujiyoshida, Yamanashi, 日本。",3911,晶圆厂/外延片,In production,Fujiyoshida,Yamanashi,日本,日本,日本,"1-27-8, Mukaibara,",http://www.citizen.co.jp/english/,光电器件/LED,Opto,"LED, IR LED, IrDA",,2,3,30000,4218.75,,,,2006,2005,2006,2006,/Users/simon/Documents/Simon-OB/本体论/base/半导体/SEMI_WFF_2026_1Q.xlsx,Company Detail,http://www.citizen.co.jp/english/
Coherent (was II-VI Incorporated) - Fab 1 (was Epiworks),,外延工厂,"Coherent (was II-VI Incorporated) 的 Fab 1 (was Epiworks)，位于 Champaign, Illinois, 美国。",2416,晶圆厂/外延片,In production,Champaign,Illinois,美国,美洲,NA,1606 Rion Drive,http://www.ii-vi.com/,外延片,EPI,"Epitaxial wafer production  for RF, VCSEL (vertical-cavity surface-emitting laser), Photonics, HBT, PHEMT, FET, SiC","GaAs, InGaP, AlGaAs, GaAsP, InAlP,AlGaP, InP, InGaAs, GaAsSb, InAlAs, InGaAsP, SiC",,6,10000,5625,25000,1000,,2001,2000,2001,2001,/Users/simon/Documents/Simon-OB/本体论/base/半导体/SEMI_WFF_2026_1Q.xlsx,Company Detail,http://www.ii-vi.com/
Coherent (was II-VI Incorporated) - Fab 2 (expansion),,外延工厂,"Coherent (was II-VI Incorporated) 的 Fab 2 (expansion)，位于 Champaign, Illinois, 美国。",3923,晶圆厂/外延片,In production,Champaign,Illinois,美国,美洲,NA,1606 Rion Drive,http://www.ii-vi.com/,外延片,EPI,"Epitaxial wafer production  for RF, VCSEL (vertical-cavity surface-emitting laser), Photonics, HBT, PHEMT, FET, SiC","GaAs, InGaP, AlGaAs, GaAsP, InAlP,AlGaP, InP, InGaAs, GaAsSb, InAlAs, InGaAsP, SiC",,6,30000,16875,15000,,,2017,2016,2017,2017,/Users/simon/Documents/Simon-OB/本体论/base/半导体/SEMI_WFF_2026_1Q.xlsx,Company Detail,http://www.ii-vi.com/
"Coherent (was II-VI Incorporated) - Fab 1 (was Finisar, was Svedice AB)",,外延工厂,"Coherent (was II-VI Incorporated) 的 Fab 1 (was Finisar, was Svedice AB)，位于 Jarfalla, Uppland, 瑞典。",2267,晶圆厂/外延片,In production,Jarfalla,Uppland,瑞典,Europe & Mideast,欧洲,Bruttovägen 7,http://www.ii-vi.com/,光电器件/激光器及其他,Opto,"InP-based tunable lasers, III-V EPI; semiconductor processing services as well as design services","EPI, III-V: InP",1,3,2000,281.25,65000,1000,,2003,,,,/Users/simon/Documents/Simon-OB/本体论/base/半导体/SEMI_WFF_2026_1Q.xlsx,Company Detail,http://www.ii-vi.com/
Coherent (was II-VI Incorporated) - Newton Aycliffe (was Compound Photonics),,外延工厂,"Coherent (was II-VI Incorporated) 的 Newton Aycliffe (was Compound Photonics)，位于 Newton Aycliffe, Durham, England。",1723,晶圆厂/外延片,in production-may be for sale,Newton Aycliffe,Durham,England,Europe & Mideast,欧洲,Heighington Lane Business Park,http://www.ii-vi.com/,光电器件/激光器及其他,Opto,"VCSELs (vertical-cavity surface-emitting laser), photonics integrated circuits (PICs)","III-V: GaAs, InP; SiC, pHEMT, MEMS",1,6,15000,8437.5,50000,10,310000,2000,,2000,2000,/Users/simon/Documents/Simon-OB/本体论/base/半导体/SEMI_WFF_2026_1Q.xlsx,Company Detail,http://www.ii-vi.com/
Coherent (was II-VI Incorporated) - Kista Expansion,,外延工厂,"Coherent (was II-VI Incorporated) 的 Kista Expansion，位于 Kista, Stockholm, 瑞典。",6385,晶圆厂/外延片,In production,Kista,Stockholm,瑞典,Europe & Mideast,欧洲,Isafjordsgatan 22,http://www.ii-vi.com/,外延片,EPI,SiC crystal growth and EPI,"SiC, EPI",,6,15000,8437.5,,,,2025,2023,2025,2025,/Users/simon/Documents/Simon-OB/本体论/base/半导体/SEMI_WFF_2026_1Q.xlsx,Company Detail,http://www.ii-vi.com/
Coherent (was II-VI Incorporated) - Easton Expansion 150mm Line,,外延工厂,"Coherent (was II-VI Incorporated) 的 Easton Expansion 150mm Line，位于 Easton, Pennsylvania, 美国。",6386,晶圆厂/外延片,In production,Easton,Pennsylvania,美国,美洲,NA,2251 Newlins Mill Rd,http://www.ii-vi.com/,外延片,EPI,SiC crystal growth and EPI,"SiC, EPI",,6,40000,22500,,,,2025,2023,2024,2025,/Users/simon/Documents/Simon-OB/本体论/base/半导体/SEMI_WFF_2026_1Q.xlsx,Company Detail,http://www.ii-vi.com/
Coherent (was II-VI Incorporated) - Easton Expansion 200mm Line,,外延工厂,"Coherent (was II-VI Incorporated) 的 Easton Expansion 200mm Line，位于 Easton, Pennsylvania, 美国。",6388,晶圆厂/外延片,In production,Easton,Pennsylvania,美国,美洲,NA,2251 Newlins Mill Rd,http://www.ii-vi.com/,外延片,EPI,SiC crystal growth and EPI,"SiC, EPI",,8,40000,40000,,,,2025,,2024,2025,/Users/simon/Documents/Simon-OB/本体论/base/半导体/SEMI_WFF_2026_1Q.xlsx,Company Detail,http://www.ii-vi.com/
Coherent (was II-VI Incorporated) - Project Wafer Fab,,外延工厂,"Coherent (was II-VI Incorporated) 的 Project Wafer Fab，位于 Sherman, Texas, 美国。",6441,晶圆厂/外延片,On hold,Sherman,Texas,美国,美洲,NA,6800 US-75,http://www.ii-vi.com/,外延片,EPI,"SiC wafers, EPI","SiC, GaAs, GaNm InP, III-V",,6,80000,45000,,,,2028,2026,2028,2028,/Users/simon/Documents/Simon-OB/本体论/base/半导体/SEMI_WFF_2026_1Q.xlsx,Company Detail,http://www.ii-vi.com/
Coherent (was II-VI Incorporated) - Jarfalla 6-inch line,,外延工厂,"Coherent (was II-VI Incorporated) 的 Jarfalla 6-inch line，位于 Jarfalla, Uppland, 瑞典。",6560,晶圆厂/外延片，研发,In production,Jarfalla,Uppland,瑞典,Europe & Mideast,欧洲,Bruttovagen 7,http://www.ii-vi.com/,光电器件/激光器及其他,Opto,"VSCEL, EPI, manufacturing of tunable lasers and photonic integrated circuits, or PICs","EPI, Lasers, photonics, InP, GaAs",2,6,5000,2812.5,6000,100,63000,2024,2023,,,/Users/simon/Documents/Simon-OB/本体论/base/半导体/SEMI_WFF_2026_1Q.xlsx,Company Detail,http://www.ii-vi.com/
Coherent (was II-VI Incorporated) - Kista Pilot Line,,外延工厂,"Coherent (was II-VI Incorporated) 的 Kista Pilot Line，位于 Kista, Stockholm, 瑞典。",6698,晶圆厂/外延片,In production,Kista,Stockholm,瑞典,Europe & Mideast,欧洲,Isafjordsgatan 22,http://www.ii-vi.com/,外延片,EPI,SiC Epitaxy (EPI),"SiC, EPI",,6,500,281.25,,,,2011,,,,/Users/simon/Documents/Simon-OB/本体论/base/半导体/SEMI_WFF_2026_1Q.xlsx,Company Detail,http://www.ii-vi.com/
CorEnergy Semiconductor Technology Co. Ltd - New Zhangjiagang fab,,外延工厂,"CorEnergy Semiconductor Technology Co. Ltd 的 New Zhangjiagang fab，位于 Zhangjiagang, Jiangsu, 中国。",5084,晶圆厂/外延片,In production,Zhangjiagang,Jiangsu,中国,中国,亚太,"No.B12 Building, No.2 Fuxin Road,",www.CorenergySemi.com,Discrete/Power,Discrete,"GaN wafers, GaN SBD, GaN HEMT",GaN,0.5,6,5000,2812.5,32300,,215280,2017,2016,2017,2017,/Users/simon/Documents/Simon-OB/本体论/base/半导体/SEMI_WFF_2026_1Q.xlsx,Company Detail,file:///Users/simon/Documents/Simon-OB/%E6%9C%AC%E4%BD%93%E8%AE%BA/base/%E5%8D%8A%E5%AF%BC%E4%BD%93/output/semiconductor_ontology.json
Crystal IS - Green Island facility,,外延工厂,"Crystal IS 的 Green Island facility，位于 Green Island, New York, 美国。",3661,晶圆厂/外延片,In production,Green Island,New York,美国,美洲,NA,70 Cohoes Avenue,http://www.cisuvc.com/,光电器件/LED,Opto,"UVC LEDs, AlN substrate",AIN,2,2,4000,250,,,,2003,2002,2003,2003,/Users/simon/Documents/Simon-OB/本体论/base/半导体/SEMI_WFF_2026_1Q.xlsx,Company Detail,http://www.cisuvc.com/
CS Connected - Compound Semiconductor Foundry (was LG Semicon shell) used by IQE,,外延工厂,"CS Connected 的 Compound Semiconductor Foundry (was LG Semicon shell) used by IQE，位于 Newport, Gwent, Wales。",4964,其他,In production,Newport,Gwent,Wales,Europe & Mideast,欧洲,"Celtic Way, Coedkernew, Marshfield",http://csconnected.com/,Foundry/EPI,EPI,"Compound semiconductors (GaAs EPI) for photonics related and for VCSEL devices (vertical-cavity surface-emitting laser), EPI foundry for compound semiconductor materials (GaAs, InP), Analog/Mixed Signal","III-V (GaN, GaAs, InP)",,,,,,,300000,2018,2017,2018,2018,/Users/simon/Documents/Simon-OB/本体论/base/半导体/SEMI_WFF_2026_1Q.xlsx,Company Detail,http://csconnected.com/
Dalian Xinguan Technology - Dalian fab,,外延工厂,"Dalian Xinguan Technology 的 Dalian fab，位于 Dalian, Liaoning, 中国。",5052,晶圆厂/外延片，研发,In production,Dalian,Liaoning,中国,中国,亚太,"Building 7, 57, Xinda St.",,外延片,EPI,Silicon based GaN epi wafer,GaN,,6,1000,562.5,,100,46285,2017,2016,2017,2017,/Users/simon/Documents/Simon-OB/本体论/base/半导体/SEMI_WFF_2026_1Q.xlsx,Company Detail,file:///Users/simon/Documents/Simon-OB/%E6%9C%AC%E4%BD%93%E8%AE%BA/base/%E5%8D%8A%E5%AF%BC%E4%BD%93/SEMI_WFF_2026_1Q.xlsx
Darewin Opto - n/a,,外延工厂,"Darewin Opto 的 n/a，位于 Yangzhou, Jiangsu, 中国。",3159,晶圆厂/外延片,In production,Yangzhou,Jiangsu,中国,中国,亚太,"No.518, South Yangzijiang Road,",http://www.darewinchip.com/,光电器件/LED,Opto,"HB-LED (InGaN, AlGaInP)","AlGaInP, InGaN, Sapphire",2,2,24000,1500,12000,100,,2005,2004,2005,2005,/Users/simon/Documents/Simon-OB/本体论/base/半导体/SEMI_WFF_2026_1Q.xlsx,Company Detail,http://www.darewinchip.com/
De Core Nanosemiconductor - Gandhi Nagar fab,,外延工厂,"De Core Nanosemiconductor 的 Gandhi Nagar fab，位于 Gandhi Nagar, Gujarat, 印度。",3229,晶圆厂/外延片,On hold,Gandhi Nagar,Gujarat,印度,SE Asia,亚太,"Plot No. 13,33,34 & 35, Kolavada Road",http://www.dstlworld.com/,光电器件/LED,Opto,"LED, Laser diodes, EPI, R&D","EPI, AlInGaN, AlInGaP, ZnO, Sapphire",2,2,1000,62.5,4000,100,175240,,2011,2011,2012,/Users/simon/Documents/Simon-OB/本体论/base/半导体/SEMI_WFF_2026_1Q.xlsx,Company Detail,http://www.dstlworld.com/
"Dowa Electronics Materials Co., Ltd. - DOWA Semicondcutor Akita",,外延工厂,"Dowa Electronics Materials Co., Ltd. 的 DOWA Semicondcutor Akita，位于 Akita, Akita, 日本。",3699,晶圆厂/外延片,In production,Akita,Akita,日本,日本,日本,"1, Sunada Iijima,",http://www.dowa-electronics.co.jp/,光电器件/LED,Opto,"Infrared LED, Red LED, UV LED, Sensor, GaAs substrate, HEMT substrate, GaN on Si HEMT substrate","GaAs, AlN,  GaN on Si HEMT",2,4,5000,1250,,,,1993,1992,1993,1993,/Users/simon/Documents/Simon-OB/本体论/base/半导体/SEMI_WFF_2026_1Q.xlsx,Company Detail,http://www.dowa-electronics.co.jp/
Enkris Semiconductor - Suzhou Fab,,外延工厂,"Enkris Semiconductor 的 Suzhou Fab，位于 Suzhou, Jiangsu, 中国。",3668,晶圆厂/外延片,In production,Suzhou,Jiangsu,中国,中国,亚太,"NW-20, Nanopolis Suzhou, 99 Jinji Avenue,",http://www.enkris.com/,外延片,EPI,"Power, GaN-on-Si epiwafers, GaN-on-SiC","GaN-on-Si, HEMT, (Silicon)",,8,1000,1000,,,5400,2014,2012,2014,2014,/Users/simon/Documents/Simon-OB/本体论/base/半导体/SEMI_WFF_2026_1Q.xlsx,Company Detail,http://www.enkris.com/
Ennostar Corporation - N2,,外延工厂,"Ennostar Corporation 的 N2，位于 Hsinchu, Northern Taiwan, 中国台湾。",2017,晶圆厂/外延片,In production,Hsinchu,Northern Taiwan,中国台湾,中国台湾,亚太,"No.10, Li-hsin Rd.,",https://www.ennostar.com/,光电器件/LED,Opto,GaN LED,"AlGaInP, InGaN, Sapphire",2,6,9000,5062.5,,,213502,1997,,,,/Users/simon/Documents/Simon-OB/本体论/base/半导体/SEMI_WFF_2026_1Q.xlsx,Company Detail,https://www.ennostar.com/
Ennostar Corporation - S1,,外延工厂,"Ennostar Corporation 的 S1，位于 Tainan, Southern Taiwan, 中国台湾。",3015,晶圆厂/外延片,In production,Tainan,Southern Taiwan,中国台湾,中国台湾,亚太,"16, Dashun 9th Rd., Sinshih Township",https://www.ennostar.com/,光电器件/LED,Opto,HB-LED,Sapphire,2,4,60000,15000,,,,2003,,,,/Users/simon/Documents/Simon-OB/本体论/base/半导体/SEMI_WFF_2026_1Q.xlsx,Company Detail,https://www.ennostar.com/
Ennostar Corporation - N6,,外延工厂,"Ennostar Corporation 的 N6，位于 Miaoli, Western Taiwan, 中国台湾。",3010,晶圆厂/外延片,In production,Miaoli,Western Taiwan,中国台湾,中国台湾,亚太,"No.1, Keyi Rd., Chunan Town",https://www.ennostar.com/,光电器件/LED,Opto,HB-LED,Sapphire,2,4,25000,6250,,,,2001,,,,/Users/simon/Documents/Simon-OB/本体论/base/半导体/SEMI_WFF_2026_1Q.xlsx,Company Detail,https://www.ennostar.com/
Ennostar Corporation - N3/N8,,外延工厂,"Ennostar Corporation 的 N3/N8，位于 Hsinchu, Northern Taiwan, 中国台湾。",3013,晶圆厂/外延片,In production,Hsinchu,Northern Taiwan,中国台湾,中国台湾,亚太,"No.5, Lising 5th Rd.",https://www.ennostar.com/,光电器件/激光器及其他,Opto,"VCSEL vertical-cavity surface-emitting laser), GaN power devices","Sapphire, GaN",2,6,6000,3375,,,,2001,,,,/Users/simon/Documents/Simon-OB/本体论/base/半导体/SEMI_WFF_2026_1Q.xlsx,Company Detail,https://www.ennostar.com/
Ennostar Corporation - Hsinchu fab (T01),,外延工厂,"Ennostar Corporation 的 Hsinchu fab (T01)，位于 Hsinchu, Northern Taiwan, 中国台湾。",3106,晶圆厂/外延片,In production,Hsinchu,Northern Taiwan,中国台湾,中国台湾,亚太,"No. 23, Li-Hsin Road,",https://www.ennostar.com/,光电器件/LED,Opto,InGaN Epi Wafer & Chips LED,"Sapphire, SD laser, InGaN,",2,6,35000,19687.5,,,,2009,,,,/Users/simon/Documents/Simon-OB/本体论/base/半导体/SEMI_WFF_2026_1Q.xlsx,Company Detail,https://www.ennostar.com/
Ennostar Corporation - Epicrystal Changzhou,,外延工厂,"Ennostar Corporation 的 Epicrystal Changzhou，位于 Changzhou, Jiangsu, 中国。",3203,晶圆厂/外延片,In production,Changzhou,Jiangsu,中国,中国,亚太,"No.518, Yancheng South Rd.,",https://www.ennostar.com/,光电器件/LED,Opto,HB-LED,Sapphire,2,2,90000,5625,,,,2011,2010,2011,2011,/Users/simon/Documents/Simon-OB/本体论/base/半导体/SEMI_WFF_2026_1Q.xlsx,Company Detail,https://www.ennostar.com/
Ennostar Corporation - Canyang Opto,,外延工厂,"Ennostar Corporation 的 Canyang Opto，位于 Yangzhou, Jiangsu, 中国。",3210,晶圆厂/外延片,In production,Yangzhou,Jiangsu,中国,中国,亚太,"9, Zhouzhuanghe Branch rd.",https://www.ennostar.com/,光电器件/LED,Opto,"InGaN LED (EPI and chip), HB-LED","EPI, Sapphire, GaN",2,2,170000,10625,,,122300,2010,2009,2010,2010,/Users/simon/Documents/Simon-OB/本体论/base/半导体/SEMI_WFF_2026_1Q.xlsx,Company Detail,https://www.ennostar.com/
Ennostar Corporation - H1 (was Huga fab 3),,外延工厂,"Ennostar Corporation 的 H1 (was Huga fab 3)，位于 Taichung, Central Taiwan, 中国台湾。",3086,晶圆厂/外延片,In production,Taichung,Central Taiwan,中国台湾,中国台湾,亚太,"No. 22, Keya Road, Daya Township",https://www.ennostar.com/,光电器件/LED,Opto,"HB-LED, Sensing / IR / VCSEL",Sapphire,2,4,40000,10000,,,651222,2008,,,,/Users/simon/Documents/Simon-OB/本体论/base/半导体/SEMI_WFF_2026_1Q.xlsx,Company Detail,https://www.ennostar.com/
Ennostar Corporation - Episky (Xiamen) Corporation Limited,,外延工厂,"Ennostar Corporation 的 Episky (Xiamen) Corporation Limited，位于 Xiamen, Fujian, 中国。",3295,晶圆厂/外延片,In production,Xiamen,Fujian,中国,中国,亚太,"99, Xiangxing Rd",https://www.ennostar.com/,光电器件/LED,Opto,"HB-LED, InGaN LED,GaN","GaN, Sapphire",2,4,100000,25000,,,,2012,,,,/Users/simon/Documents/Simon-OB/本体论/base/半导体/SEMI_WFF_2026_1Q.xlsx,Company Detail,https://www.ennostar.com/
Ennostar Corporation - A1 (HQ),,外延工厂,"Ennostar Corporation 的 A1 (HQ)，位于 Hsinchu, Northern Taiwan, 中国台湾。",3667,晶圆厂/外延片,In production,Hsinchu,Northern Taiwan,中国台湾,中国台湾,亚太,"No. 21, Lixing Rd. East District",https://www.ennostar.com/,光电器件/LED,Opto,"AlInGaP LED, InGaN LED","AlInGaP, InGaN",2,6,30000,16875,,,423000,2005,2022,2022,2022,/Users/simon/Documents/Simon-OB/本体论/base/半导体/SEMI_WFF_2026_1Q.xlsx,Company Detail,https://www.ennostar.com/
Enraytek Optoelectronics Technology - Lingang fab,,外延工厂,"Enraytek Optoelectronics Technology 的 Lingang fab，位于 Shanghai, Shanghai, 中国。",3425,晶圆厂/外延片,In production,Shanghai,Shanghai,中国,中国,亚太,"1889 Hongyin Road, Pudong New Area",http://www.enraytek.com/,光电器件/LED,Opto,"HB-LED, EPI",Sapphire,2,2,40000,2500,,,,2011,2011,2011,2011,/Users/simon/Documents/Simon-OB/本体论/base/半导体/SEMI_WFF_2026_1Q.xlsx,Company Detail,http://www.enraytek.com/
Epiel - Fab 1,,外延工厂,"Epiel 的 Fab 1，位于 Moscow, Moscow, 俄罗斯。",3705,晶圆厂/外延片,In production-merged,Moscow,Moscow,俄罗斯,Europe & Mideast,欧洲,"1-st Zapadny Proezd 12, bld.2, Zelenograd",http://www.epiel.ru,外延片,EPI,"For Bipolar, Power and ASICs: Silicon Epitaxy, Silicon on Sapphire Epitaxy, Customized Epi","Sb, P, B, As, Sapphire",,8,6000,6000,16150,10,53820,2000,2012,2012,2012,/Users/simon/Documents/Simon-OB/本体论/base/半导体/SEMI_WFF_2026_1Q.xlsx,Company Detail,http://www.epiel.ru
"Epileds Technologies, Inc. - Tree Valley fab",,外延工厂,"Epileds Technologies, Inc. 的 Tree Valley fab，位于 Tainan, Southern Taiwan, 中国台湾。",4961,晶圆厂/外延片,In production,Tainan,Southern Taiwan,中国台湾,中国台湾,亚太,"7, Kanxi Rd.,",http://www.epileds.com.tw/,光电器件/LED,Opto,"RYG LEDs, UV LED, Blue LEDs","Sapphire, GaAs",2,2,90000,5625,,,,2018,2016,2018,2018,/Users/simon/Documents/Simon-OB/本体论/base/半导体/SEMI_WFF_2026_1Q.xlsx,Company Detail,http://www.epileds.com.tw/
"Epilight Technology Co., Ltd - Hefei fab",,外延工厂,"Epilight Technology Co., Ltd 的 Hefei fab，位于 Hefei, Anhui, 中国。",3267,晶圆厂/外延片,In production,Hefei,Anhui,中国,中国,亚太,Wanluoshan Rd.,http://www.epilight.com.cn/en/,光电器件/LED,Opto,HB-LED,Sapphire,2,2,240000,15000,,,,2011,2010,2011,2011,/Users/simon/Documents/Simon-OB/本体论/base/半导体/SEMI_WFF_2026_1Q.xlsx,Company Detail,http://www.epilight.com.cn/en/
Episil-Precision Inc. - Epi Mill 3,,外延工厂,"Episil-Precision Inc. 的 Epi Mill 3，位于 Hsinchu, Northern Taiwan, 中国台湾。",6141,晶圆厂/外延片,In production,Hsinchu,Northern Taiwan,中国台湾,中国台湾,亚太,"No.10, Duxing 1st Rd., Hsinchu Science Park,",http://www.tech.episil.com/,Foundry/EPI,EPI,"Silicon, Compound(SiC, GaN/Si) Epitaxy Wafer","Si, SiC, GaN",,8,80000,80000,,,,2006,2005,2006,2006,/Users/simon/Documents/Simon-OB/本体论/base/半导体/SEMI_WFF_2026_1Q.xlsx,Company Detail,http://www.tech.episil.com/
Episil-Precision Inc. - Epi Mill 1,,外延工厂,"Episil-Precision Inc. 的 Epi Mill 1，位于 Hsinchu, Northern Taiwan, 中国台湾。",1087,晶圆厂/外延片,in production,Hsinchu,Northern Taiwan,中国台湾,中国台湾,亚太,"No.3, Innovation Road I,",http://www.tech.episil.com/,Foundry/EPI,EPI,"Foundry: EPI (Silicon, Buried Layer), SiC epi wafers","EPI, III-V, SiC, GaN",,8,200000,200000,11840,10,,1991,,,,/Users/simon/Documents/Simon-OB/本体论/base/半导体/SEMI_WFF_2026_1Q.xlsx,Company Detail,http://www.tech.episil.com/
Episil-Precision Inc. - CS4,,外延工厂,"Episil-Precision Inc. 的 CS4，位于 Hsinchu, Northern Taiwan, 中国台湾。",6627,晶圆厂,In production,Hsinchu,Northern Taiwan,中国台湾,中国台湾,亚太,"No.17, Innovation Road I",http://www.tech.episil.com/,Foundry/EPI,EPI,,"SiC, GaN",,6,5000,2812.5,,,,2025,2024,2024,2025,/Users/simon/Documents/Simon-OB/本体论/base/半导体/SEMI_WFF_2026_1Q.xlsx,Company Detail,http://www.tech.episil.com/
Episil-Precision Inc. - Epi Mill 2,,外延工厂,"Episil-Precision Inc. 的 Epi Mill 2，位于 Hsinchu, Northern Taiwan, 中国台湾。",2325,晶圆厂/外延片,In production,Hsinchu,Northern Taiwan,中国台湾,中国台湾,亚太,"No. 12, Creation Rd. 4",http://www.tech.episil.com/,Foundry/EPI,EPI,"Foundry: EPI (Silicon, Buried Layer)","Bi-CMOS, EPI, III-V",,8,150000,150000,11582,,,2007,2005,2007,2007,/Users/simon/Documents/Simon-OB/本体论/base/半导体/SEMI_WFF_2026_1Q.xlsx,Company Detail,http://www.tech.episil.com/
Epitex Incorporation - n/a,,外延工厂,"Epitex Incorporation 的 n/a，位于 Kyoto, Kyoto, 日本。",3278,晶圆厂/外延片,In production,Kyoto,Kyoto,日本,日本,日本,"66-3, Minamikawabe-Cho, Higashi-Kujyou, Minami-Ku,",http://www.epitex.com,光电器件/LED,Opto,"Opto-sensor, Custom LED, IR LED, GaAlAs",GaAlAs,2,2,5000,312.5,,,,1990,1989,1990,1990,/Users/simon/Documents/Simon-OB/本体论/base/半导体/SEMI_WFF_2026_1Q.xlsx,Company Detail,http://www.epitex.com
"EpiTop Optoelectronic Co., Ltd. - Jiangxi fab",,外延工厂,"EpiTop Optoelectronic Co., Ltd. 的 Jiangxi fab，位于 Pingxiang, Jiangxi, 中国。",3581,晶圆厂/外延片,In production,Pingxiang,Jiangxi,中国,中国,亚太,"No.1 Chongqing Central Road,",http://www.epitop.com.cn/,光电器件/LED,Opto,HB-LEDs,Sapphire,2,2,18000,1125,,,,2012,2010,2011,2012,/Users/simon/Documents/Simon-OB/本体论/base/半导体/SEMI_WFF_2026_1Q.xlsx,Company Detail,http://www.epitop.com.cn/
"EpiTop Optoelectronic Co., Ltd. - MaAnShan fab",,外延工厂,"EpiTop Optoelectronic Co., Ltd. 的 MaAnShan fab，位于 MaAnShan, Anhui, 中国。",3538,晶圆厂/外延片,In production,MaAnShan,Anhui,中国,中国,亚太,"399, Baoqing West Rd.",http://www.epitop.com.cn/,光电器件/LED,Opto,HB-LEDs,,2,2,90000,5625,,,,2012,2011,2012,2012,/Users/simon/Documents/Simon-OB/本体论/base/半导体/SEMI_WFF_2026_1Q.xlsx,Company Detail,http://www.epitop.com.cn/
EpiWorld International - Fab 1,,外延工厂,"EpiWorld International 的 Fab 1，位于 Xiamen, Fujian, 中国。",5053,晶圆厂/外延片，研发,In production,Xiamen,Fujian,中国,中国,亚太,"198, Shitou East 2nd Road",http://www.epiworld-cn.com/,Foundry/EPI,EPI,"Foundry service 4H-SiC EPI wafers of 3"", 4"" and 6"" for Schottky diodes, MOSFETs, JFETs, and BJTs","SiC, EPI",,6,5000,2812.5,,100,,2012,2012,2012,2012,/Users/simon/Documents/Simon-OB/本体论/base/半导体/SEMI_WFF_2026_1Q.xlsx,Company Detail,http://www.epiworld-cn.com/
EpiWorld International - Fab 2,,外延工厂,"EpiWorld International 的 Fab 2，位于 Xiamen, Fujian, 中国。",6201,晶圆厂/外延片,In production,Xiamen,Fujian,中国,中国,亚太,"1st Floor, Building B, Jianye Building, No. 96, Xiangxing Road",http://www.epiworld-cn.com/,Foundry/EPI,EPI,"Foundry service 6-inch EPI wafers for Schottky diodes, MOSFETs, JFETs, and BJTs","SiC, EPI",,6,30000,16875,,,,2020,2019,2020,2020,/Users/simon/Documents/Simon-OB/本体论/base/半导体/SEMI_WFF_2026_1Q.xlsx,Company Detail,http://www.epiworld-cn.com/
EverBright Photonics - Suzhou fab,,外延工厂,"EverBright Photonics 的 Suzhou fab，位于 Suzhou, Jiangsu, 中国。",5048,晶圆厂/外延片,In production,Suzhou,Jiangsu,中国,中国,亚太,"189, Kunlunshan Road,",http://www.everbrightphotonics.com/,光电器件/激光器及其他,Opto,"GaAs and InP LD, VCSELs (vertical-cavity surface-emitting laser),","GaAs, InP",3,6,3000,1687.5,,,,2013,2018,2019,2019,/Users/simon/Documents/Simon-OB/本体论/base/半导体/SEMI_WFF_2026_1Q.xlsx,Company Detail,http://www.everbrightphotonics.com/
Focus Lightings - Suzhou fab,,外延工厂,"Focus Lightings 的 Suzhou fab，位于 Suzhou, Jiangsu, 中国。",3350,晶圆厂/外延片,In production,Suzhou,Jiangsu,中国,中国,亚太,"8, Xinqing Rd.",http://www.focuslightings.com/,光电器件/LED,Opto,HB-LED,Sapphire,2,2,165000,10312.5,,1000,,2011,2010,2011,2011,/Users/simon/Documents/Simon-OB/本体论/base/半导体/SEMI_WFF_2026_1Q.xlsx,Company Detail,http://www.focuslightings.com/
"Foshan NationStar Optoelectronics Co., Ltd. - Nanhai fab",,外延工厂,"Foshan NationStar Optoelectronics Co., Ltd. 的 Nanhai fab，位于 Foshan, Guangdong, 中国。",3392,晶圆厂/外延片,In production,Foshan,Guangdong,中国,中国,亚太,Nanhu 1st Rd. Nanhai,http://www.nationstar.com/,光电器件/LED,Opto,HB-LED,Sapphire,2,4,80000,20000,,,914940,2013,,,,/Users/simon/Documents/Simon-OB/本体论/base/半导体/SEMI_WFF_2026_1Q.xlsx,Company Detail,http://www.nationstar.com/
Fujian Prima Optoelectronics - Fab 2,,外延工厂,"Fujian Prima Optoelectronics 的 Fab 2，位于 Fuzhou, Fujian, 中国。",5085,晶圆厂/外延片,In production,Fuzhou,Fujian,中国,中国,亚太,Fuzhou Biomedical & Mechatronics Industrial Park,http://www.primaopto.com/,光电器件/LED,Opto,LED chips,"Sapphire, GaN",2,4,72500,18125,,,,2019,2018,2019,2019,/Users/simon/Documents/Simon-OB/本体论/base/半导体/SEMI_WFF_2026_1Q.xlsx,Company Detail,http://www.primaopto.com/
Fujian Prima Optoelectronics - Fab 1,,外延工厂,"Fujian Prima Optoelectronics 的 Fab 1，位于 Fuzhou, Fujian, 中国。",3243,晶圆厂/外延片,In production,Fuzhou,Fujian,中国,中国,亚太,Nanyu Town,http://www.primaopto.com/,光电器件/LED,Opto,LED (EPI and chip),Sapphire,2,2,100000,6250,,,1552730,2016,2011,2015,2015,/Users/simon/Documents/Simon-OB/本体论/base/半导体/SEMI_WFF_2026_1Q.xlsx,Company Detail,http://www.primaopto.com/
Fujian Sunwise - Sunwise Fab 2,,外延工厂,"Fujian Sunwise 的 Sunwise Fab 2，位于 Longyan, Fujian, 中国。",6568,晶圆厂/外延片,In production,Longyan,Fujian,中国,中国,亚太,"Nangang Gold and Copper Industrial Park, Shanghang County,",,外延片,EPI,,GaN,,2,62500,3906.25,,,,2025,2023,2024,2025,/Users/simon/Documents/Simon-OB/本体论/base/半导体/SEMI_WFF_2026_1Q.xlsx,Company Detail,file:///Users/simon/Documents/Simon-OB/%E6%9C%AC%E4%BD%93%E8%AE%BA/base/%E5%8D%8A%E5%AF%BC%E4%BD%93/SEMI_WFF_2026_1Q.xlsx
Galaxia Photonics - n/a,,外延工厂,"Galaxia Photonics 的 n/a，位于 Pyeongtaek, Gyeonggi, 韩国。",3233,晶圆厂/外延片,In production,Pyeongtaek,Gyeonggi,韩国,韩国,亚太,"148, Cheongbuk-myeon",http://www.galaxiaphotonics.com/,光电器件/LED,Opto,"LEDs (PSS, EPI and chip)","GaN, Sapphire",2,2,30000,1875,,,,2001,2000,2001,2001,/Users/simon/Documents/Simon-OB/本体论/base/半导体/SEMI_WFF_2026_1Q.xlsx,Company Detail,http://www.galaxiaphotonics.com/
GlobalWafers - 300mm SOI Fab,,外延工厂,"GlobalWafers 的 300mm SOI Fab，位于 St.Peters, Missouri, 美国。",6650,晶圆厂,Constructing,St.Peters,Missouri,美国,美洲,NA,501 Pearl Drive,https://www.gw-semi.com/,外延片,EPI,300mm SOI (silicon-on-insulator) wafer fab,SOI,,12,83000,186750,,,,2027,2025,2027,2027,/Users/simon/Documents/Simon-OB/本体论/base/半导体/SEMI_WFF_2026_1Q.xlsx,Company Detail,https://www.gw-semi.com/
Graphenea - San Sebastián 8-inch Line,,外延工厂,"Graphenea 的 San Sebastián 8-inch Line，位于 Donostia-San Sebastian, Gipuzkoa, 西班牙。",6551,晶圆厂/外延片，研发，中试线,In production,Donostia-San Sebastian,Gipuzkoa,西班牙,Europe & Mideast,欧洲,Paseo Mikeletegi 83,https://www.graphenea.com,Foundry/EPI,EPI,"Graphene Foundry Service. Graphene layers for MEMS, Biosensors, Gas Sensors, Hall Sensors, Photonics",Graphene (1 atom thick graphene layers),,8,410,410,3500,10000,,2025,,2025,2025,/Users/simon/Documents/Simon-OB/本体论/base/半导体/SEMI_WFF_2026_1Q.xlsx,Company Detail,https://www.graphenea.com
Graphenea - San Sebastián 6-inch Line,,外延工厂,"Graphenea 的 San Sebastián 6-inch Line，位于 Donostia-San Sebastian, Gipuzkoa, 西班牙。",6526,晶圆厂/外延片，研发，中试线,In production,Donostia-San Sebastian,Gipuzkoa,西班牙,Europe & Mideast,欧洲,Paseo Mikeletegi 83,https://www.graphenea.com,Foundry/EPI,EPI,"Graphene Foundry Service. Graphene layers for MEMS, Biosensors, Gas Sensors, Hall Sensors, Photonics",Graphene (1 atom thick graphene layers),,6,720,405,3500,10000,,2017,2011,2017,2017,/Users/simon/Documents/Simon-OB/本体论/base/半导体/SEMI_WFF_2026_1Q.xlsx,Company Detail,https://www.graphenea.com
Guangdong Deli Optoelectronic - Deli Opto fab,,外延工厂,"Guangdong Deli Optoelectronic 的 Deli Opto fab，位于 Jiangmen, Guangdong, 中国。",3427,晶圆厂/外延片,In production,Jiangmen,Guangdong,中国,中国,亚太,"1, Caihong Rd.",http://www.delixi.com/,光电器件/LED,Opto,HB-LED,Sapphire,2,2,30000,1875,,,,2014,2013,2013,2014,/Users/simon/Documents/Simon-OB/本体论/base/半导体/SEMI_WFF_2026_1Q.xlsx,Company Detail,http://www.delixi.com/
Guangdong Institute of Semiconductor Micro-Nano Manufacturing Technology - Fab 1 EPI line,,外延工厂,"Guangdong Institute of Semiconductor Micro-Nano Manufacturing Technology 的 Fab 1 EPI line，位于 Foshan, Guangdong, 中国。",6600,研发，中试线,In production,Foshan,Guangdong,中国,中国,亚太,"Taoyuan Road, Shishan Town, Nanhai District",http://www.sinanogd.ac.cn/,外延片,EPI,,"GaN, Si",,8,4000,4000,,,,2025,,2024,2025,/Users/simon/Documents/Simon-OB/本体论/base/半导体/SEMI_WFF_2026_1Q.xlsx,Company Detail,http://www.sinanogd.ac.cn/
Haiqian Semiconductor - Fab 2 (8inch line),,外延工厂,"Haiqian Semiconductor 的 Fab 2 (8inch line)，位于 Hangzhou, Zhejiang, 中国。",6558,晶圆厂/外延片,Equipping,Hangzhou,Zhejiang,中国,中国,亚太,"No. 5588, Jiangdong 6th Road, Hezhuang Street, Qiantang District,",http://en.haiqiansemi.com/,外延片,EPI,,SiC,,8,42500,42500,,,,2026,,2026,2026,/Users/simon/Documents/Simon-OB/本体论/base/半导体/SEMI_WFF_2026_1Q.xlsx,Company Detail,http://en.haiqiansemi.com/
Haiqian Semiconductor - Fab 2 (6inch line),,外延工厂,"Haiqian Semiconductor 的 Fab 2 (6inch line)，位于 Hangzhou, Zhejiang, 中国。",6557,晶圆厂/外延片,In production,Hangzhou,Zhejiang,中国,中国,亚太,"No. 5588, Jiangdong 6th Road, Hezhuang Street, Qiantang District,",http://en.haiqiansemi.com/,外延片,EPI,,SiC,,6,20000,11250,,,,2024,2023,2024,2024,/Users/simon/Documents/Simon-OB/本体论/base/半导体/SEMI_WFF_2026_1Q.xlsx,Company Detail,http://en.haiqiansemi.com/
Haiqian Semiconductor - Fab 1,,外延工厂,"Haiqian Semiconductor 的 Fab 1，位于 Hangzhou, Zhejiang, 中国。",6556,晶圆厂/外延片，研发，中试线,In production,Hangzhou,Zhejiang,中国,中国,亚太,"No. 5588, Jiangdong 6th Road, Hezhuang Street, Qiantang District,",http://en.haiqiansemi.com/,外延片,EPI,,SiC,,6,3900,2193.75,,,,2023,2022,2023,2023,/Users/simon/Documents/Simon-OB/本体论/base/半导体/SEMI_WFF_2026_1Q.xlsx,Company Detail,http://en.haiqiansemi.com/
Hamamatsu Photonics - Miyakoda Building #3,,外延工厂,"Hamamatsu Photonics 的 Miyakoda Building #3，位于 Hamamatsu, Shizuoka, 日本。",3897,晶圆厂/外延片,In production,Hamamatsu,Shizuoka,日本,日本,日本,"1-8-3, Shinmiyakoda, Kita-ku,",http://www.hamamatsu.com,光电器件/激光器及其他,Opto,"Compound optical semiconductor devices, Laser diode, CWLD, PLD, QCL, DDL, Infrared diode",,2,4,6000,1500,47362,,105000,2018,2016,2018,2018,/Users/simon/Documents/Simon-OB/本体论/base/半导体/SEMI_WFF_2026_1Q.xlsx,Company Detail,http://www.hamamatsu.com
"Hangzhou Silan Azure Co., Ltd - n/a",,外延工厂,"Hangzhou Silan Azure Co., Ltd 的 n/a，位于 Hangzhou, Zhejiang, 中国。",3166,晶圆厂/外延片,In production,Hangzhou,Zhejiang,中国,中国,亚太,"No.300, No.10 Rd, East HETZ",http://www.silanazure.com/,光电器件/LED,Opto,HB-LED,"GaN, Sapphire",2,2,60000,3750,,,,2005,2004,2005,2005,/Users/simon/Documents/Simon-OB/本体论/base/半导体/SEMI_WFF_2026_1Q.xlsx,Company Detail,http://www.silanazure.com/
"HC SemiTek Co., Ltd. - Suzhou fab",,外延工厂,"HC SemiTek Co., Ltd. 的 Suzhou fab，位于 Suzhou, Jiangsu, 中国。",3533,晶圆厂/外延片,In production,Suzhou,Jiangsu,中国,中国,亚太,28 Chenfeng Road,http://www.hcsemitek.com/,光电器件/LED,Opto,HB-LEDs,,2,4,120000,30000,,,994163,2014,2012,2013,2014,/Users/simon/Documents/Simon-OB/本体论/base/半导体/SEMI_WFF_2026_1Q.xlsx,Company Detail,http://www.hcsemitek.com/
"HC SemiTek Co., Ltd. - Yiwu fab (phase 2)",,外延工厂,"HC SemiTek Co., Ltd. 的 Yiwu fab (phase 2)，位于 Yiwu, Zhejiang, 中国。",4983,晶圆厂/外延片,In production,Yiwu,Zhejiang,中国,中国,亚太,"209, Sufu Rd., Suxi",http://www.hcsemitek.com/,光电器件/LED,Opto,LED fab,GaN,2,4,100000,25000,,,,2021,2017,2021,2021,/Users/simon/Documents/Simon-OB/本体论/base/半导体/SEMI_WFF_2026_1Q.xlsx,Company Detail,http://www.hcsemitek.com/
"HC SemiTek Co., Ltd. - Wuhan fab",,外延工厂,"HC SemiTek Co., Ltd. 的 Wuhan fab，位于 Wuhan, Hubei, 中国。",3351,晶圆厂/外延片,In production,Wuhan,Hubei,中国,中国,亚太,"8 Binhu Road,",http://www.hcsemitek.com/,光电器件/LED,Opto,"UHB GaN LED, PSS","GaN,Sapphire",2,4,25000,6250,,,,2007,,2016,2016,/Users/simon/Documents/Simon-OB/本体论/base/半导体/SEMI_WFF_2026_1Q.xlsx,Company Detail,http://www.hcsemitek.com/
"HC SemiTek Co., Ltd. - Yiwu fab (phase 1)",,外延工厂,"HC SemiTek Co., Ltd. 的 Yiwu fab (phase 1)，位于 Yiwu, Zhejiang, 中国。",3836,晶圆厂/外延片,In production,Yiwu,Zhejiang,中国,中国,亚太,"209, Sufu Rd., Suxi",http://www.hcsemitek.com/,光电器件/LED,Opto,LED.,,2,4,150000,37500,,,,2017,2016,2017,2017,/Users/simon/Documents/Simon-OB/本体论/base/半导体/SEMI_WFF_2026_1Q.xlsx,Company Detail,http://www.hcsemitek.com/
Helios Technology - Wujin fab,,外延工厂,"Helios Technology 的 Wujin fab，位于 Changzhou, Jiangsu, 中国。",3605,晶圆厂/外延片,In production,Changzhou,Jiangsu,中国,中国,亚太,"55, Fenglin Rd.",http://www.helios.ledwn.com/,光电器件/LED,Opto,LEDs,Sapphire,2,2,10000,625,,,,2012,2011,2012,2012,/Users/simon/Documents/Simon-OB/本体论/base/半导体/SEMI_WFF_2026_1Q.xlsx,Company Detail,http://www.helios.ledwn.com/
Hexalux Optoelectronics Corp. - Yunling fab,,外延工厂,"Hexalux Optoelectronics Corp. 的 Yunling fab，位于 Zhangzhou, Fujian, 中国。",3423,晶圆厂/外延片,In production,Zhangzhou,Fujian,中国,中国,亚太,Lantian Industrial Zone,http://www.hexalux.com.cn/hexalux/,光电器件/LED,Opto,HB-LED,Sapphire,2,2,15000,937.5,,,172224,2011,2010,2011,2011,/Users/simon/Documents/Simon-OB/本体论/base/半导体/SEMI_WFF_2026_1Q.xlsx,Company Detail,http://www.hexalux.com.cn/hexalux/
Hexatech Inc. - n/a,,外延工厂,"Hexatech Inc. 的 n/a，位于 Morrisville, North Carolina, 美国。",3765,晶圆厂/外延片,In production,Morrisville,North Carolina,美国,美洲,NA,991 Aviation Pkwy Suite 800,http://www.hexatechinc.com/,光电器件/LED,Opto,"UV LED, AlN substrate, Power semiconductors, Schottky diodes",AlN,2,2,1000,62.5,,,,2010,,2017,2017,/Users/simon/Documents/Simon-OB/本体论/base/半导体/SEMI_WFF_2026_1Q.xlsx,Company Detail,http://www.hexatechinc.com/
High Power Opto Inc. - HPO HQ,,外延工厂,"High Power Opto Inc. 的 HPO HQ，位于 Taichung, Central Taiwan, 中国台湾。",3200,晶圆厂/外延片,In production,Taichung,Central Taiwan,中国台湾,中国台湾,亚太,"No.8, keyuan 3rd rd., Situn Dist.,",http://www.hpoled.com.tw/,光电器件/LED,Opto,"HB-LED, Silicon-based LED","AlInGaP, Sapphire, Silicon",2,2,44000,2750,,,285167,2011,2009,2011,2011,/Users/simon/Documents/Simon-OB/本体论/base/半导体/SEMI_WFF_2026_1Q.xlsx,Company Detail,http://www.hpoled.com.tw/
"HLJ Technology Co., Ltd - Hukou fab",,外延工厂,"HLJ Technology Co., Ltd 的 Hukou fab，位于 Hsinchu, Northern Taiwan, 中国台湾。",5014,晶圆厂/外延片,In production,Hsinchu,Northern Taiwan,中国台湾,中国台湾,亚太,"No. 2, Guangfu S. Rd., Hukou",http://www.hlj.com.tw/,光电器件/激光器及其他,Opto,"VCSEL (vertical-cavity surface-emitting laser), Infrared 850nm/940nm VCSEL, GaAs",GaAs,1,4,1500,375,,,37900,2006,2005,2006,,/Users/simon/Documents/Simon-OB/本体论/base/半导体/SEMI_WFF_2026_1Q.xlsx,Company Detail,http://www.hlj.com.tw/
"HLJ Technology Co., Ltd - 6"" line",,外延工厂,"HLJ Technology Co., Ltd 的 6"" line，位于 Hsinchu, Northern Taiwan, 中国台湾。",5015,晶圆厂/外延片,In production,Hsinchu,Northern Taiwan,中国台湾,中国台湾,亚太,Hukou,http://www.hlj.com.tw/,光电器件/激光器及其他,Opto,"VCSE (vertical-cavity surface-emitting laser), Infrared 850nm/940nm VCSEL, GaAs",GaAs,1,6,2000,1125,,,145000,2019,2018,2019,2019,/Users/simon/Documents/Simon-OB/本体论/base/半导体/SEMI_WFF_2026_1Q.xlsx,Company Detail,http://www.hlj.com.tw/
Hunan HuaLei Optoelectronic Corporation - Chenzhou fab,,外延工厂,"Hunan HuaLei Optoelectronic Corporation 的 Chenzhou fab，位于 Chenzhou, Hunan, 中国。",3163,晶圆厂/外延片,In production,Chenzhou,Hunan,中国,中国,亚太,Hunan Nonferrous Metals Industry Park,http://www.ledcz.com/en/,光电器件/LED,Opto,HB-LED,"GaN, Sapphire",2,2,90000,5625,,,488725,2009,2008,2009,2009,/Users/simon/Documents/Simon-OB/本体论/base/半导体/SEMI_WFF_2026_1Q.xlsx,Company Detail,http://www.ledcz.com/en/
Incotex International Ltd. - Botevgrad facility,,外延工厂,"Incotex International Ltd. 的 Botevgrad facility，位于 Botevgrad, Sofia, Bulgaria。",3338,晶圆厂/外延片,In production,Botevgrad,Sofia,Bulgaria,Europe & Mideast,欧洲,2A Nedelcho Bonchev Str. 1528,http://www.incotex.bg/,光电器件/LED,Opto,LED,Sapphire,2,2,7500,468.75,,,,2010,2009,2010,2010,/Users/simon/Documents/Simon-OB/本体论/base/半导体/SEMI_WFF_2026_1Q.xlsx,Company Detail,http://www.incotex.bg/
"Infineon - Mesa Facility-was Infineon,was IRF",,外延工厂,"Infineon 的 Mesa Facility-was Infineon,was IRF，位于 Mesa, Arizona, 美国。",2265,晶圆厂/外延片,In production,Mesa,Arizona,美国,美洲,NA,550 W. Juanita Ave.,http://www.infineon.com,外延片,EPI,"EPI services: CVD thin film for HEXFET, power MOSFET and IGBT products","EPI; GaN, As, B, P or Sb; Ge; sapphire, SiMOX and bonded wafers",,8,3000,3000,4000,,35000,1990,1998,1990,1990,/Users/simon/Documents/Simon-OB/本体论/base/半导体/SEMI_WFF_2026_1Q.xlsx,Company Detail,http://www.infineon.com
IntelliEPI Inc. - Tianjin fab,,外延工厂,"IntelliEPI Inc. 的 Tianjin fab，位于 Tianjin, Tianjin, 中国。",5051,晶圆厂/外延片,In production,Tianjin,Tianjin,中国,中国,亚太,Tianjin Binhai New Area,http://intelliepi.com/,外延片,EPI,"GaSb, InSb, InP single crystalline growth","InSb, InP, GaSb",,3,10000,1406.25,,,7500,2010,2009,2010,2010,/Users/simon/Documents/Simon-OB/本体论/base/半导体/SEMI_WFF_2026_1Q.xlsx,Company Detail,http://intelliepi.com/
IntelliEPI Inc. - Ridgemont fab & HQ,,外延工厂,"IntelliEPI Inc. 的 Ridgemont fab & HQ，位于 Allen, Texas, 美国。",5050,晶圆厂/外延片,In production,Allen,Texas,美国,美洲,NA,"111, Ridgemont Dr.",http://intelliepi.com/,外延片,EPI,"PHEMT and HBT epitaxial wafers, GaAs, InP, GaSb","GaAs, InP, GaSb",,6,15000,8437.5,,100,68000,2018,2016,2018,2018,/Users/simon/Documents/Simon-OB/本体论/base/半导体/SEMI_WFF_2026_1Q.xlsx,Company Detail,http://intelliepi.com/
IntelliEPI Inc. - Richardson fab,,外延工厂,"IntelliEPI Inc. 的 Richardson fab，位于 Richardson, Texas, 美国。",3589,晶圆厂/外延片,Will be closed,Richardson,Texas,美国,美洲,NA,"1250 E. Collins Blvd,",http://intelliepi.com/,外延片,EPI,"GaAs based Products (PHEMT, MHEMT), InP based Products (HBT, HEMT), Sb based products, Mis-mactehd EPI (III-V on Si, III-V on Ge), Opto-electronics (Lasers, modulators)","GaAs, InP, Sb-based, III-V",,4,13000,3250,14200,100,27000,2002,2000,2002,2002,/Users/simon/Documents/Simon-OB/本体论/base/半导体/SEMI_WFF_2026_1Q.xlsx,Company Detail,http://intelliepi.com/
IQE plc - Newport,,外延工厂,"IQE plc 的 Newport，位于 Newport, Gwent, Wales。",6700,晶圆厂/外延片,In production,Newport,Gwent,Wales,Europe & Mideast,欧洲,"Celtic Way, Marshfield",www.iqep.com,外延片,EPI,"GaAs VCSEL, EPI","MOCVD III-V epi, GaAs, InP, GaN",,6,13000,7312.5,,,322917,2018,2017,2018,2018,/Users/simon/Documents/Simon-OB/本体论/base/半导体/SEMI_WFF_2026_1Q.xlsx,Company Detail,file:///Users/simon/Documents/Simon-OB/%E6%9C%AC%E4%BD%93%E8%AE%BA/base/%E5%8D%8A%E5%AF%BC%E4%BD%93/output/semiconductor_ontology.json
IQE plc - IQE Taiwan,,外延工厂,"IQE plc 的 IQE Taiwan，位于 Hsinchu, Northern Taiwan, 中国台湾。",6701,晶圆厂/外延片,In production,Hsinchu,Northern Taiwan,中国台湾,中国台湾,亚太,,www.iqep.com,外延片,EPI,"GaAs epi (wireless / HBT, later broader epi mix)",GaAs epi,,6,10000,5625,,,,1998,1998,1999,1999,/Users/simon/Documents/Simon-OB/本体论/base/半导体/SEMI_WFF_2026_1Q.xlsx,Company Detail,file:///Users/simon/Documents/Simon-OB/%E6%9C%AC%E4%BD%93%E8%AE%BA/base/%E5%8D%8A%E5%AF%BC%E4%BD%93/output/semiconductor_ontology.json
IQE plc - IQE North Carolina (was RFMD Fab 2 MBE),,外延工厂,"IQE plc 的 IQE North Carolina (was RFMD Fab 2 MBE)，位于 Greensboro, North Carolina, 美国。",3868,晶圆厂/外延片,In production,Greensboro,North Carolina,美国,美洲,NA,494 Gallimore Dairy Road,www.iqep.com,外延片,EPI,Epiwafer,"MBE, cREO (Rare Earth Oxide), EPI",,6,8000,4500,90000,,135000,1999,1998,1999,1999,/Users/simon/Documents/Simon-OB/本体论/base/半导体/SEMI_WFF_2026_1Q.xlsx,Company Detail,file:///Users/simon/Documents/Simon-OB/%E6%9C%AC%E4%BD%93%E8%AE%BA/base/%E5%8D%8A%E5%AF%BC%E4%BD%93/output/semiconductor_ontology.json
IQE plc - IQE (Europe) Ltd. Manufacturing,,外延工厂,"IQE plc 的 IQE (Europe) Ltd. Manufacturing，位于 St.Mellons (Cardiff), Cardiff, Wales。",2277,晶圆厂/外延片,Will be closed,St.Mellons (Cardiff),Cardiff,Wales,Europe & Mideast,欧洲,Pascal Close,www.iqep.com,外延片,EPI,GaAs and InP based EPI. III-V EPI by MOVPE/MOCVD.,GaAs and InP based EPI,,6,4000,2250,,1000,60000,1988,1987,1988,1988,/Users/simon/Documents/Simon-OB/本体论/base/半导体/SEMI_WFF_2026_1Q.xlsx,Company Detail,file:///Users/simon/Documents/Simon-OB/%E6%9C%AC%E4%BD%93%E8%AE%BA/base/%E5%8D%8A%E5%AF%BC%E4%BD%93/output/semiconductor_ontology.json
IQE plc - Beech House (IQE Silicon Compounds Ltd),,外延工厂,"IQE plc 的 Beech House (IQE Silicon Compounds Ltd)，位于 St.Mellons (Cardiff), Cardiff, Wales。",2279,晶圆厂/外延片,Will be closed,St.Mellons (Cardiff),Cardiff,Wales,Europe & Mideast,欧洲,"Beech House, Cypress Drive",www.iqep.com,外延片,EPI,Si/SiGe EPI.,Si and SiGe EPI,,8,1000,1000,,1,20000,2000,1999,2000,2000,/Users/simon/Documents/Simon-OB/本体论/base/半导体/SEMI_WFF_2026_1Q.xlsx,Company Detail,file:///Users/simon/Documents/Simon-OB/%E6%9C%AC%E4%BD%93%E8%AE%BA/base/%E5%8D%8A%E5%AF%BC%E4%BD%93/output/semiconductor_ontology.json
IQE plc - Somerset (was Emcore),,外延工厂,"IQE plc 的 Somerset (was Emcore)，位于 Somerset, New Jersey, 美国。",2333,晶圆厂/外延片,May be closed,Somerset,New Jersey,美国,美洲,NA,145 Belmont Drive,www.iqep.com,外延片,EPI,"RF materials; high performance compound semiconductor electronic and EPI, including pHEMT, HBT, and GaN FET wafers","EPI; GaAs, GaN, InGaP",,6,1500,843.75,,,19500,1997,1996,1997,1997,/Users/simon/Documents/Simon-OB/本体论/base/半导体/SEMI_WFF_2026_1Q.xlsx,Company Detail,file:///Users/simon/Documents/Simon-OB/%E6%9C%AC%E4%BD%93%E8%AE%BA/base/%E5%8D%8A%E5%AF%BC%E4%BD%93/output/semiconductor_ontology.json
IQE plc - Taunton 2,,外延工厂,"IQE plc 的 Taunton 2，位于 Taunton, Massachusetts, 美国。",3153,晶圆厂/外延片,In production,Taunton,Massachusetts,美国,美洲,NA,695 Myles Standish Blvd.,www.iqep.com,外延片,EPI,"HBT wafers, GaAs epi fab",EPI,,6,12000,6750,6000,,25000,2000,1999,2000,2000,/Users/simon/Documents/Simon-OB/本体论/base/半导体/SEMI_WFF_2026_1Q.xlsx,Company Detail,file:///Users/simon/Documents/Simon-OB/%E6%9C%AC%E4%BD%93%E8%AE%BA/base/%E5%8D%8A%E5%AF%BC%E4%BD%93/output/semiconductor_ontology.json
IQE plc - Taunton,,外延工厂,"IQE plc 的 Taunton，位于 Taunton, Massachusetts, 美国。",3152,晶圆厂/外延片,In production,Taunton,Massachusetts,美国,美洲,NA,200 John Hancock Rd.,www.iqep.com,外延片,EPI,"HBT wafers, GaAs epi fab","GaAs, EPI",,4,20000,5000,6000,,64000,1996,1995,1996,1996,/Users/simon/Documents/Simon-OB/本体论/base/半导体/SEMI_WFF_2026_1Q.xlsx,Company Detail,file:///Users/simon/Documents/Simon-OB/%E6%9C%AC%E4%BD%93%E8%AE%BA/base/%E5%8D%8A%E5%AF%BC%E4%BD%93/output/semiconductor_ontology.json
JENOPTIK Diode Lab GmbH - TESAG,,外延工厂,"JENOPTIK Diode Lab GmbH 的 TESAG，位于 Berlin, Berlin, 德国。",2489,晶圆厂/外延片,In production,Berlin,Berlin,德国,Europe & Mideast,欧洲,Kekulestr. 2-4,http://www.diodelab.com,外延片,EPI,"EPI for HBTs, P-HEMT, VCSEL (vertical-cavity surface-emitting laser), LED, Edge emitting lasers",MOVPE,,4,1000,250,1000,100,2700,1999,1999,1999,1999,/Users/simon/Documents/Simon-OB/本体论/base/半导体/SEMI_WFF_2026_1Q.xlsx,Company Detail,http://www.diodelab.com
Jiangsu E-lite Semiconductor - E-lite fab,,外延工厂,"Jiangsu E-lite Semiconductor 的 E-lite fab，位于 Liyang, Jiangsu, 中国。",3561,晶圆厂/外延片,In production,Liyang,Jiangsu,中国,中国,亚太,"7 Feiyue Road, Shanghuang,",www.e-litesemi.com,光电器件/LED,Opto,HB-LEDs,"GaN, AlGaInP, GaAs, InGaP",2,2,10000,625,,1000,64600,2012,2010,2012,2012,/Users/simon/Documents/Simon-OB/本体论/base/半导体/SEMI_WFF_2026_1Q.xlsx,Company Detail,file:///Users/simon/Documents/Simon-OB/%E6%9C%AC%E4%BD%93%E8%AE%BA/base/%E5%8D%8A%E5%AF%BC%E4%BD%93/output/semiconductor_ontology.json
Jiangsu Xinguanglian Technology (XGL) - Wuxi XGL,,外延工厂,"Jiangsu Xinguanglian Technology (XGL) 的 Wuxi XGL，位于 Wuxi, Jiangsu, 中国。",3585,晶圆厂/外延片,In production,Wuxi,Jiangsu,中国,中国,亚太,"18, North Tuanjie Rd.",http://www.jsxgl.com/,光电器件/LED,Opto,GaN LEDs,"Sapphire, GaN",2,2,60000,3750,,,,2011,2011,2011,2011,/Users/simon/Documents/Simon-OB/本体论/base/半导体/SEMI_WFF_2026_1Q.xlsx,Company Detail,http://www.jsxgl.com/
"Jiangxi Lianovation Optoelecronics Science & Technology Co.,Ltd. - Sunrise LED",,外延工厂,"Jiangxi Lianovation Optoelecronics Science & Technology Co.,Ltd. 的 Sunrise LED，位于 Nanchang, Jiangxi, 中国。",3156,晶圆厂/外延片,In production,Nanchang,Jiangxi,中国,中国,亚太,168 Jing Dong Road,http://www.lianchuang.com.cn/,光电器件/LED,Opto,"GaP LED, Infrared LED","Sapphire, GaP",4,2,10000,625,,,,1993,1993,1993,1993,/Users/simon/Documents/Simon-OB/本体论/base/半导体/SEMI_WFF_2026_1Q.xlsx,Company Detail,http://www.lianchuang.com.cn/
KoBrite - Dongguan fab,,外延工厂,"KoBrite 的 Dongguan fab，位于 Dongguan, Guangdong, 中国。",3154,晶圆厂/外延片,In production,Dongguan,Guangdong,中国,中国,亚太,"Lingwu Industrial Area, Gaobu Town",,光电器件/LED,Opto,HB-LED chips,Sapphire,2,2,10000,625,20000,,,2006,2005,2006,2006,/Users/simon/Documents/Simon-OB/本体论/base/半导体/SEMI_WFF_2026_1Q.xlsx,Company Detail,file:///Users/simon/Documents/Simon-OB/%E6%9C%AC%E4%BD%93%E8%AE%BA/base/%E5%8D%8A%E5%AF%BC%E4%BD%93/SEMI_WFF_2026_1Q.xlsx
KoBrite - Hsinchu fab,,外延工厂,"KoBrite 的 Hsinchu fab，位于 Hsinchu, Northern Taiwan, 中国台湾。",3597,晶圆厂/外延片,In production,Hsinchu,Northern Taiwan,中国台湾,中国台湾,亚太,"No.8, Lixing Rd., East Dist.,",,光电器件/LED,Opto,"LED epitaxy, LED chips, AlGaInP LED, IR LED",AlGaInP,2,2,15000,937.5,,,70000,2010,2009,2010,2010,/Users/simon/Documents/Simon-OB/本体论/base/半导体/SEMI_WFF_2026_1Q.xlsx,Company Detail,file:///Users/simon/Documents/Simon-OB/%E6%9C%AC%E4%BD%93%E8%AE%BA/base/%E5%8D%8A%E5%AF%BC%E4%BD%93/SEMI_WFF_2026_1Q.xlsx
LandMark Optoelectronics Corporation - Tainan fab,,外延工厂,"LandMark Optoelectronics Corporation 的 Tainan fab，位于 Tainan, Southern Taiwan, 中国台湾。",3816,晶圆厂/外延片,In production,Tainan,Southern Taiwan,中国台湾,中国台湾,亚太,"No.12, Nanke 9th Rd., Shanhua Dist.,",http://www.lmoc.com.tw/,外延片,EPI,"Epi-wafer for laser diode (LD), Epi-wafer for photo-detector (PD)","GaAs, InP",,2,14000,875,,,,1998,1997,1998,1998,/Users/simon/Documents/Simon-OB/本体论/base/半导体/SEMI_WFF_2026_1Q.xlsx,Company Detail,http://www.lmoc.com.tw/
LandMark Optoelectronics Corporation - Tainan fab 2,,外延工厂,"LandMark Optoelectronics Corporation 的 Tainan fab 2，位于 Tainan, Southern Taiwan, 中国台湾。",4987,晶圆厂/外延片,In production,Tainan,Southern Taiwan,中国台湾,中国台湾,亚太,Shanhus Dist.,http://www.lmoc.com.tw/,外延片,EPI,"Epi-wafer for laser diode (LD), Epi-wafer for photo-detector (PD)","GaAs, InP",,4,10000,2500,,,39818,2019,2018,2019,2019,/Users/simon/Documents/Simon-OB/本体论/base/半导体/SEMI_WFF_2026_1Q.xlsx,Company Detail,http://www.lmoc.com.tw/
Lasertel Inc. - Fab 1 (Casa Grande),,外延工厂,"Lasertel Inc. 的 Fab 1 (Casa Grande)，位于 Tucson, Arizona, 美国。",3487,晶圆厂/外延片,In production,Tucson,Arizona,美国,美洲,NA,7775 N Casa Grande Hwy,http://www.lasertel.com/,光电器件/激光器及其他,Opto,"Laser diodes, Sensors (such as radar, infrared, avionic)","Laser Diodes (MBE), Sensors",2,3,5000,703.125,,,65000,2001,2000,2001,2001,/Users/simon/Documents/Simon-OB/本体论/base/半导体/SEMI_WFF_2026_1Q.xlsx,Company Detail,http://www.lasertel.com/
Lattice Power Corporation - Chungzhou fab,,外延工厂,"Lattice Power Corporation 的 Chungzhou fab，位于 Changzhou, Jiangsu, 中国。",3384,晶圆厂/外延片,In production,Changzhou,Jiangsu,中国,中国,亚太,"7, Feng Xiang Rd.",http://www.latticepower.com/,光电器件/LED,Opto,Silicon-based InGaN LED,"Sapphire, GaN-on-Si",2,4,10000,2500,,,305041,2013,,,,/Users/simon/Documents/Simon-OB/本体论/base/半导体/SEMI_WFF_2026_1Q.xlsx,Company Detail,http://www.latticepower.com/
Lattice Power Corporation - Nanchang fab,,外延工厂,"Lattice Power Corporation 的 Nanchang fab，位于 Nanchang, Jiangxi, 中国。",3155,晶圆厂/外延片,In production,Nanchang,Jiangxi,中国,中国,亚太,"No.699, Aixihu North Rd",http://www.latticepower.com/,光电器件/LED,Opto,InGaN LED,"Sapphire, GaN-on-Si",2,4,35000,8750,,,,2008,2007,2008,2008,/Users/simon/Documents/Simon-OB/本体论/base/半导体/SEMI_WFF_2026_1Q.xlsx,Company Detail,http://www.latticepower.com/
Lumentum - Sagamihara fab,,外延工厂,"Lumentum 的 Sagamihara fab，位于 Sagamihara, Kanagawa, 日本。",2383,晶圆厂/外延片,In production,Sagamihara,Kanagawa,日本,日本,日本,"4-1-55 Koyama, Chuo-ku",www.lumentum.com,光电器件/激光器及其他,Opto,"InP optoelectronic devices, EML laser chips","MOS, BiPolar, InP",0.5,4,4500,1125,57350,1000,301389,2007,2005,2006,2007,/Users/simon/Documents/Simon-OB/本体论/base/半导体/SEMI_WFF_2026_1Q.xlsx,Company Detail,file:///Users/simon/Documents/Simon-OB/%E6%9C%AC%E4%BD%93%E8%AE%BA/base/%E5%8D%8A%E5%AF%BC%E4%BD%93/output/semiconductor_ontology.json
Lumentum - San Jose Fab,,外延工厂,"Lumentum 的 San Jose Fab，位于 San Jose, California, 美国。",3211,晶圆厂/外延片，研发，中试线,In production,San Jose,California,美国,美洲,NA,80 Rose Orchard Way,www.lumentum.com,光电器件/激光器及其他,Opto,"InP Laser Diodes, InP optoelectronic devices (EML lasers, CW lasers, photodiodes)","InP, GaAs",1,3,5000,703.125,,,,1987,1986,1987,1987,/Users/simon/Documents/Simon-OB/本体论/base/半导体/SEMI_WFF_2026_1Q.xlsx,Company Detail,file:///Users/simon/Documents/Simon-OB/%E6%9C%AC%E4%BD%93%E8%AE%BA/base/%E5%8D%8A%E5%AF%BC%E4%BD%93/output/semiconductor_ontology.json
Lumentum - Caswell fab,,外延工厂,"Lumentum 的 Caswell fab，位于 Caswell, Northamptonshire, England。",2007,晶圆厂/外延片,In production,Caswell,Northamptonshire,England,Europe & Mideast,欧洲,Towcester,www.lumentum.com,光电器件/激光器及其他,Opto,"InP photonic devices, Lasers, Photo-detectors, Modulators, Indium Phosphide, Lithium Niobate","III-V, InP, GaAs",0.1,3,2050,288.28125,57000,10,,2004,2003,2003,2004,/Users/simon/Documents/Simon-OB/本体论/base/半导体/SEMI_WFF_2026_1Q.xlsx,Company Detail,file:///Users/simon/Documents/Simon-OB/%E6%9C%AC%E4%BD%93%E8%AE%BA/base/%E5%8D%8A%E5%AF%BC%E4%BD%93/output/semiconductor_ontology.json
Lumileds - Yishun,,外延工厂,"Lumileds 的 Yishun，位于 新加坡, 新加坡, 新加坡。",3119,晶圆厂/外延片,In production,新加坡,新加坡,新加坡,SE Asia,亚太,190 Yishun Avenue 7,http://www.philipslumileds.com/,光电器件/LED,Opto,HB-LED,"GaN, InGaN, Sapphire, Silicon",2,6,50000,28125,,,200000,2007,,2011,2011,/Users/simon/Documents/Simon-OB/本体论/base/半导体/SEMI_WFF_2026_1Q.xlsx,Company Detail,http://www.philipslumileds.com/
Lumileds - San Jose,,外延工厂,"Lumileds 的 San Jose，位于 San Jose, California, 美国。",3117,晶圆厂/外延片,In production,San Jose,California,美国,美洲,NA,370 West Trimble Road,http://www.philipslumileds.com/,光电器件/LED,Opto,HB-LED,"GaN, InGaN, Sapphire, Silicon",2,6,60000,33750,,,,2000,,2010,2011,/Users/simon/Documents/Simon-OB/本体论/base/半导体/SEMI_WFF_2026_1Q.xlsx,Company Detail,http://www.philipslumileds.com/
LuxtalTek Corporation - Dongguan fab (Luxtaltek),,外延工厂,"LuxtalTek Corporation 的 Dongguan fab (Luxtaltek)，位于 Dongguan, Guangdong, 中国。",3598,晶圆厂/外延片,In production,Dongguan,Guangdong,中国,中国,亚太,Huan Bao Industry District,http://www.luxtaltek.com/,光电器件/LED,Opto,"GaP LED, GaAsP LED, AlGaInP LED, GaN LED","GaN, GaP, GaAsP, AlGaInP, Sapphire",2,2,8000,500,,,,2004,2003,2004,2004,/Users/simon/Documents/Simon-OB/本体论/base/半导体/SEMI_WFF_2026_1Q.xlsx,Company Detail,http://www.luxtaltek.com/
LuxtalTek Corporation - Chunan Factory,,外延工厂,"LuxtalTek Corporation 的 Chunan Factory，位于 Miaoli, Western Taiwan, 中国台湾。",3052,晶圆厂/外延片,In production,Miaoli,Western Taiwan,中国台湾,中国台湾,亚太,"No.38, KeYih Road, Chunan",http://www.luxtaltek.com/,光电器件/LED,Opto,"GaP LED, GaAsP LED, AlGaInP LED, GaN LED","Sapphire, Photonic Quasi-Crystal, InGaN, InGaAlP",2,2,25000,1562.5,,,,2001,2000,2001,2001,/Users/simon/Documents/Simon-OB/本体论/base/半导体/SEMI_WFF_2026_1Q.xlsx,Company Detail,http://www.luxtaltek.com/
Masimo Semiconductor Inc - Hudson fab,,外延工厂,"Masimo Semiconductor Inc 的 Hudson fab，位于 Hudson, New Hampshire, 美国。",2317,晶圆厂/外延片,In production,Hudson,New Hampshire,美国,美洲,NA,25 Sagamore Park Drive,http://www.masimosemiconductor.com/masimo-semiconductor/,外延片,EPI,"III-V EPI, II-VI EPI MOCVD, Foundry services","GaAs, InP, III-V, EPI",,4,4000,1000,13500,100,,2001,2000,2001,2001,/Users/simon/Documents/Simon-OB/本体论/base/半导体/SEMI_WFF_2026_1Q.xlsx,Company Detail,http://www.masimosemiconductor.com/masimo-semiconductor/
Mitsubishi Electric - SiC power device pilot line,,外延工厂,"Mitsubishi Electric 的 SiC power device pilot line，位于 Fukuoka, Fukuoka, 日本。",3498,晶圆厂/外延片,In production,Fukuoka,Fukuoka,日本,日本,日本,"1-1-1, Imajukuhigashi",http://www.mitsubishielectric.com/semiconductors/,Discrete/Power,Discrete,SiC power device,SiC,0.5,4,3000,750,13500,,,2010,2009,2010,2010,/Users/simon/Documents/Simon-OB/本体论/base/半导体/SEMI_WFF_2026_1Q.xlsx,Company Detail,http://www.mitsubishielectric.com/semiconductors/
Nanchang Kingsoon - Nanchang fab,,外延工厂,"Nanchang Kingsoon 的 Nanchang fab，位于 Nanchang, Jiangxi, 中国。",3884,晶圆厂/外延片,In production,Nanchang,Jiangxi,中国,中国,亚太,"999, Yiyuan Rd.",,光电器件/LED,Opto,"Gallium arsenide-based red, orange and yellow (ROY) LEDs and solar cells",,2,4,10000,2500,,,,2017,2015,2017,2017,/Users/simon/Documents/Simon-OB/本体论/base/半导体/SEMI_WFF_2026_1Q.xlsx,Company Detail,file:///Users/simon/Documents/Simon-OB/%E6%9C%AC%E4%BD%93%E8%AE%BA/base/%E5%8D%8A%E5%AF%BC%E4%BD%93/SEMI_WFF_2026_1Q.xlsx
"Nanjing Guosheng Electronic Co., Ltd. - Jiangning fab (P1 4-inch to 6-inch)",,外延工厂,"Nanjing Guosheng Electronic Co., Ltd. 的 Jiangning fab (P1 4-inch to 6-inch)，位于 Nanjing, Jiangsu, 中国。",5012,晶圆厂/外延片,In production,Nanjing,Jiangsu,中国,中国,亚太,"166, Zhengfang Mid Rd., Jiangning,",http://gs-epi.com/,外延片,EPI,"MOSFET, TVS, IGBT, FRD, SiC epiwafers","Silicon, SiC",,6,60000,33750,,,98512,2012,2011,2012,,/Users/simon/Documents/Simon-OB/本体论/base/半导体/SEMI_WFF_2026_1Q.xlsx,Company Detail,http://gs-epi.com/
"Nanjing Guosheng Electronic Co., Ltd. - Jiangning fab (P2)",,外延工厂,"Nanjing Guosheng Electronic Co., Ltd. 的 Jiangning fab (P2)，位于 Nanjing, Jiangsu, 中国。",5013,晶圆厂/外延片,In production,Nanjing,Jiangsu,中国,中国,亚太,"166, Zhengfang Mid Rd., Jiangning,",http://gs-epi.com/,外延片,EPI,"MOSFET, TVS, IGBT, FRD, SiC epiwafers","Silicon, SiC",,8,50000,50000,,,24757,2016,2015,2016,2016,/Users/simon/Documents/Simon-OB/本体论/base/半导体/SEMI_WFF_2026_1Q.xlsx,Company Detail,http://gs-epi.com/
Nanovation - n/a,,外延工厂,"Nanovation 的 n/a，位于 Chateaufort, Yvelines, 法国。",3670,晶圆厂/外延片,In production,Chateaufort,Yvelines,法国,Europe & Mideast,欧洲,"8 route de Chevreuse,",http://www.nanovation.com/,外延片,EPI,Zinc Oxide (ZnO) epi wafers,"ZnO, GaN, Si, Sapphire",,3,1000,140.625,,,,2001,,2001,2002,/Users/simon/Documents/Simon-OB/本体论/base/半导体/SEMI_WFF_2026_1Q.xlsx,Company Detail,http://www.nanovation.com/
Nichia Corporation - TN-Plant (Tatsumi Fab 1 and Fab 2),,外延工厂,"Nichia Corporation 的 TN-Plant (Tatsumi Fab 1 and Fab 2)，位于 Anan, Tokushima, 日本。",3078,晶圆厂/外延片,In production,Anan,Tokushima,日本,日本,日本,"1-19,Tatsumi-Cho",https://www.nichia.co.jp,光电器件/LED,Opto,"Green LED, InGaN laser diodes, White LED","Sapphire, III-V: InGaN",2,4,40000,10000,,,,1995,1994,1995,1995,/Users/simon/Documents/Simon-OB/本体论/base/半导体/SEMI_WFF_2026_1Q.xlsx,Company Detail,https://www.nichia.co.jp
Nichia Corporation - Kaminaka R&D,,外延工厂,"Nichia Corporation 的 Kaminaka R&D，位于 Anan, Tokushima, 日本。",3922,晶圆厂/外延片，研发,In production,Anan,Tokushima,日本,日本,日本,"491 Oka, Kaminaka-Cho",https://www.nichia.co.jp,光电器件/LED,Opto,"R&D facility, LED","InGaN, Sapphire",1,6,500,281.25,,,,2013,2012,2013,2013,/Users/simon/Documents/Simon-OB/本体论/base/半导体/SEMI_WFF_2026_1Q.xlsx,Company Detail,https://www.nichia.co.jp
"Nichia Corporation - TS-Plant (Tatsumi, Fab 3)",,外延工厂,"Nichia Corporation 的 TS-Plant (Tatsumi, Fab 3)，位于 Anan, Tokushima, 日本。",3580,晶圆厂/外延片,In production,Anan,Tokushima,日本,日本,日本,"1-1, Tatsumi-Cho",https://www.nichia.co.jp,光电器件/LED,Opto,"HB-LEDs, LED",Sapphire,1,6,40000,22500,,,,2013,2011,2013,2013,/Users/simon/Documents/Simon-OB/本体论/base/半导体/SEMI_WFF_2026_1Q.xlsx,Company Detail,https://www.nichia.co.jp
"Nichia Corporation - Kaminaka Fab 2 (formerly Fab 1, Phase 2)",,外延工厂,"Nichia Corporation 的 Kaminaka Fab 2 (formerly Fab 1, Phase 2)，位于 Anan, Tokushima, 日本。",3451,晶圆厂/外延片,In production,Anan,Tokushima,日本,日本,日本,"491 Oka, Kaminaka-Cho",https://www.nichia.co.jp,光电器件/LED,Opto,HB-LED,"Sapphire, InGaN",1,6,40000,22500,,,,2012,2011,2013,2013,/Users/simon/Documents/Simon-OB/本体论/base/半导体/SEMI_WFF_2026_1Q.xlsx,Company Detail,https://www.nichia.co.jp
Nichia Corporation - Kaminaka Fab (HQ),,外延工厂,"Nichia Corporation 的 Kaminaka Fab (HQ)，位于 Anan, Tokushima, 日本。",3077,晶圆厂/外延片,In production,Anan,Tokushima,日本,日本,日本,"491 Oka, Kaminaka-Cho",https://www.nichia.co.jp,光电器件/LED,Opto,"HB-LED,  EPI (cut-off)","Sapphire, EPI, III-V: InGaN, GaN",1,4,40000,10000,,,,1964,2005,2006,2006,/Users/simon/Documents/Simon-OB/本体论/base/半导体/SEMI_WFF_2026_1Q.xlsx,Company Detail,https://www.nichia.co.jp
Nichia Corporation - Kaminaka Fab 1,,外延工厂,"Nichia Corporation 的 Kaminaka Fab 1，位于 Anan, Tokushima, 日本。",3230,晶圆厂/外延片,In production,Anan,Tokushima,日本,日本,日本,"491 Oka, Kaminaka-Cho",https://www.nichia.co.jp,光电器件/LED,Opto,HB-LED,"Sapphire, EPI, III-V: GaN, AlInGaP",1,6,45000,25312.5,,,,2011,2009,2011,2011,/Users/simon/Documents/Simon-OB/本体论/base/半导体/SEMI_WFF_2026_1Q.xlsx,Company Detail,https://www.nichia.co.jp
Nichia Corporation - Kaminaka Fab 3,,外延工厂,"Nichia Corporation 的 Kaminaka Fab 3，位于 Anan, Tokushima, 日本。",6523,晶圆厂/外延片,In production,Anan,Tokushima,日本,日本,日本,"491 Oka, Kaminaka-Cho",https://www.nichia.co.jp,光电器件/LED,Opto,HB-LED,"Sapphire, InGaN",1,6,60000,33750,,,,2024,2013,2014,2014,/Users/simon/Documents/Simon-OB/本体论/base/半导体/SEMI_WFF_2026_1Q.xlsx,Company Detail,https://www.nichia.co.jp
"NIKKISO CO., LTD - Nikkiso Hakusan plant",,外延工厂,"NIKKISO CO., LTD 的 Nikkiso Hakusan plant，位于 Hakusan, Ishikawa, 日本。",3622,晶圆厂/外延片,In production,Hakusan,Ishikawa,日本,日本,日本,"1-5-1, Asahigaoka,",http://www.nikkiso.com/,光电器件/LED,Opto,AlGaN  based UVLEDs,"UVLED, Sapphire, AlGaN, AlN",3,4,10000,2500,,,1500,2014,2013,2014,2014,/Users/simon/Documents/Simon-OB/本体论/base/半导体/SEMI_WFF_2026_1Q.xlsx,Company Detail,http://www.nikkiso.com/
"Nitride Semiconductors Co., Ltd. - HQ Fab",,外延工厂,"Nitride Semiconductors Co., Ltd. 的 HQ Fab，位于 Naruto, Tokushima, 日本。",3452,晶圆厂/外延片,In production,Naruto,Tokushima,日本,日本,日本,"115-7 Itayashima, Akinokami, Seto-cho,",http://nitride.co.jp/,光电器件/LED,Opto,"UV LED (EPI and chip), GaN wafer","GaN, Sapphire",2,2,5000,312.5,12271,,,2001,2000,2001,2001,/Users/simon/Documents/Simon-OB/本体论/base/半导体/SEMI_WFF_2026_1Q.xlsx,Company Detail,http://nitride.co.jp/
Novel Crystal Technology - Sayama fab,,外延工厂,"Novel Crystal Technology 的 Sayama fab，位于 Sayama, Saitama, 日本。",6230,晶圆厂/外延片，研发,In production,Sayama,Saitama,日本,日本,日本,"2 Chome-3-1 Hirosedai,",https://www.novelcrystal.co.jp/,外延片,EPI,Gallium Oxide epiwafer for SBD and power transistor,Gallium Oxide (Ga2O3),,4,500,125,,,,2016,2015,2016,2016,/Users/simon/Documents/Simon-OB/本体论/base/半导体/SEMI_WFF_2026_1Q.xlsx,Company Detail,https://www.novelcrystal.co.jp/
NXP - OHT William Cannon - was Freescale,,外延工厂,"NXP 的 OHT William Cannon - was Freescale，位于 Austin, Texas, 美国。",6471,晶圆厂/外延片,In production-may be closed,Austin,Texas,美国,美洲,NA,6501 William Canon Drive West,http://www.nxp.com/index.html,外延片,EPI,"EPI, possibly SiC",SiC,,8,15000,15000,115000,1,,2024,,2023,2024,/Users/simon/Documents/Simon-OB/本体论/base/半导体/SEMI_WFF_2026_1Q.xlsx,Company Detail,http://www.nxp.com/index.html
OKI Data Corporation - OKI Digital Imaging (ODI),,外延工厂,"OKI Data Corporation 的 OKI Digital Imaging (ODI)，位于 Takasaki, Gunma, 日本。",1712,晶圆厂/外延片,In production-merged,Takasaki,Gunma,日本,日本,日本,1-1 Nishiyokote-machi,http://www.odij.co.jp/en/,光电器件/LED,Opto,"LED printheads, LED devices","EPI Film Bonding, Sapphire",1,2,20000,1250,29708,,,2000,,2010,2010,/Users/simon/Documents/Simon-OB/本体论/base/半导体/SEMI_WFF_2026_1Q.xlsx,Company Detail,http://www.odij.co.jp/en/
OMMIC - Fab 1,,外延工厂,"OMMIC 的 Fab 1，位于 Limeil-Brevannes, Limeil-Brevannes Cedex, 法国。",2213,晶圆厂/外延片,In production,Limeil-Brevannes,Limeil-Brevannes Cedex,法国,Europe & Mideast,欧洲,"22, avenue Descartes B.P. 11",www.ommic.com,Discrete/Other,Discrete,"III-V Integrated Circuits (IC) and EPI: MMIC circuits (Monolithic Microwave Integrated), Foundry Service and EPI based on III-V materials","EPI, SiC, PHEMT, MHEMT, III-V; GaAs,",0.13,6,500,281.25,,,,1970,1969,1970,1970,/Users/simon/Documents/Simon-OB/本体论/base/半导体/SEMI_WFF_2026_1Q.xlsx,Company Detail,file:///Users/simon/Documents/Simon-OB/%E6%9C%AC%E4%BD%93%E8%AE%BA/base/%E5%8D%8A%E5%AF%BC%E4%BD%93/output/semiconductor_ontology.json
onsemi - Si/EPI Fab,,外延工厂,"onsemi 的 Si/EPI Fab，位于 Roznov, Zlín, 捷克。",6393,晶圆厂/外延片,In production,Roznov,Zlín,捷克,Europe & Mideast,欧洲,1.maje 2230,http://www.onsemi.com,外延片,EPI,Raw Silicon (Si) / EPI fab,"Si, EPI",,6,15000,8437.5,,,,2018,2017,2018,2018,/Users/simon/Documents/Simon-OB/本体论/base/半导体/SEMI_WFF_2026_1Q.xlsx,Company Detail,http://www.onsemi.com
onsemi - Roznov Expansion Phase 1 for SiC / EPI,,外延工厂,"onsemi 的 Roznov Expansion Phase 1 for SiC / EPI，位于 Roznov, Zlín, 捷克。",6394,晶圆厂/外延片,In production,Roznov,Zlín,捷克,Europe & Mideast,欧洲,1.maje 2230,http://www.onsemi.com,外延片,EPI,"SiC, EPI","SiC, EPI",,6,3000,1687.5,,,,2019,2018,2019,2019,/Users/simon/Documents/Simon-OB/本体论/base/半导体/SEMI_WFF_2026_1Q.xlsx,Company Detail,http://www.onsemi.com
onsemi - Roznov Expansion Phase 2 for SiC / EPI,,外延工厂,"onsemi 的 Roznov Expansion Phase 2 for SiC / EPI，位于 Roznov, Zlín, 捷克。",6396,晶圆厂/外延片,In production,Roznov,Zlín,捷克,Europe & Mideast,欧洲,1.maje 2230,http://www.onsemi.com,外延片,EPI,"SiC, EPI","SiC, EPI",,6,45000,25312.5,,,,2023,2021,2023,2023,/Users/simon/Documents/Simon-OB/本体论/base/半导体/SEMI_WFF_2026_1Q.xlsx,Company Detail,http://www.onsemi.com
onsemi - Hudson SiC Fab (was GTAT),,外延工厂,"onsemi 的 Hudson SiC Fab (was GTAT)，位于 Hudson, New Hampshire, 美国。",6397,晶圆厂/外延片,In production,Hudson,New Hampshire,美国,美洲,NA,5 Wentworth Dr,http://www.onsemi.com,外延片,EPI,SiC,SiC,,6,20000,11250,,,,2022,2021,2022,2022,/Users/simon/Documents/Simon-OB/本体论/base/半导体/SEMI_WFF_2026_1Q.xlsx,Company Detail,http://www.onsemi.com
onsemi - DeWitt fab,,外延工厂,"onsemi 的 DeWitt fab，位于 Syracuse, New York, 美国。",3820,晶圆厂，研发,In production,Syracuse,New York,美国,美洲,NA,85 Collamer Crossing Pkwy,http://www.onsemi.com,外延片,EPI,SiC possibly for Silicon Carbide (SiC) JFET technology and for the UnitedSiC business acquired from Qorvo in Dec 2024,SiC,,6,22000,12375,,,82500,2026,2025,2026,2026,/Users/simon/Documents/Simon-OB/本体论/base/半导体/SEMI_WFF_2026_1Q.xlsx,Company Detail,http://www.onsemi.com
onsemi - Roznov SiC Wafer & EPI 200mm,,外延工厂,"onsemi 的 Roznov SiC Wafer & EPI 200mm，位于 Roznov, Zlín, 捷克。",6602,晶圆厂/外延片,Constructing,Roznov,Zlín,捷克,Europe & Mideast,欧洲,1.maje 2230,http://www.onsemi.com,外延片,EPI,SiC Wafer and EPI,SiC and EPI,,8,45000,45000,,,,2027,2026,2027,2027,/Users/simon/Documents/Simon-OB/本体论/base/半导体/SEMI_WFF_2026_1Q.xlsx,Company Detail,http://www.onsemi.com
Opto Diode Corporation - Newbury Park fab,,外延工厂,"Opto Diode Corporation 的 Newbury Park fab，位于 Newbury Park, California, 美国。",3669,晶圆厂/外延片,In production,Newbury Park,California,美国,美洲,NA,750 Mitchell Road,http://optodiode.com/,光电器件/激光器及其他,Opto,"High power LEDs, IR LEDs, Silicon & GaAlAs photodiodes","Silicon, GaAlAs",1,6,10000,5625,,1000,50000,2005,2003,2005,2005,/Users/simon/Documents/Simon-OB/本体论/base/半导体/SEMI_WFF_2026_1Q.xlsx,Company Detail,http://optodiode.com/
Optoenergy - Sakura plant,,外延工厂,"Optoenergy 的 Sakura plant，位于 Sakura, Chiba, 日本。",3256,晶圆厂/外延片,In production,Sakura,Chiba,日本,日本,日本,1440 Mutsusaki,http://www.optoenergy.com/global/company/index.html,光电器件/激光器及其他,Opto,high power Laser Diode using EPI,Laser diodes,2,4,2000,500,,,,2005,2004,2005,2005,/Users/simon/Documents/Simon-OB/本体论/base/半导体/SEMI_WFF_2026_1Q.xlsx,Company Detail,http://www.optoenergy.com/global/company/index.html
OptoGaN - Optogan Oy,,外延工厂,"OptoGaN 的 Optogan Oy，位于 Espoo, Uusimaa, Finland。",3231,晶圆厂/外延片,In production,Espoo,Uusimaa,Finland,Europe & Mideast,欧洲,Tietotie 3,http://www.optogan.com/,光电器件/LED,Opto,LED,"III-V, Sapphire",2,2,100,6.25,,,,2004,,2004,2004,/Users/simon/Documents/Simon-OB/本体论/base/半导体/SEMI_WFF_2026_1Q.xlsx,Company Detail,http://www.optogan.com/
OptoGaN - Optogan GmbH,,外延工厂,"OptoGaN 的 Optogan GmbH，位于 Dortmund, Nordrhein-Westfalen, 德国。",3232,晶圆厂/外延片,In production,Dortmund,Nordrhein-Westfalen,德国,Europe & Mideast,欧洲,Konrad Adenauer Allee 11,http://www.optogan.com/,光电器件/LED,Opto,"EPI and LED manufacturing pilot, product and process development","EPI, Sapphire, III-V",2,4,500,125,,,,2006,2003,2006,2006,/Users/simon/Documents/Simon-OB/本体论/base/半导体/SEMI_WFF_2026_1Q.xlsx,Company Detail,http://www.optogan.com/
OptoGaN - Landshut,,外延工厂,"OptoGaN 的 Landshut，位于 Landshut, Bavaria, 德国。",3442,晶圆厂/外延片,In production,Landshut,Bavaria,德国,Europe & Mideast,欧洲,Jenaer Strasse 1,http://www.optogan.com/,光电器件/LED,Opto,"EPI, HB-LED","InGaN EPI, HB chips, Sapphire",2,4,2000,500,43000,,,2010,2009,2010,2010,/Users/simon/Documents/Simon-OB/本体论/base/半导体/SEMI_WFF_2026_1Q.xlsx,Company Detail,http://www.optogan.com/
Orient Opto - Shenzhen fab,,外延工厂,"Orient Opto 的 Shenzhen fab，位于 Shenzhen, Guangdong, 中国。",3421,晶圆厂/外延片,In production,Shenzhen,Guangdong,中国,中国,亚太,"Block 1, Hongtu Industrial Park, Hezhou, Xixiang Town, Baoan District",http://www.orient-opto.com/,光电器件/LED,Opto,LED,,2,2,10000,625,,,,2001,2000,2001,2001,/Users/simon/Documents/Simon-OB/本体论/base/半导体/SEMI_WFF_2026_1Q.xlsx,Company Detail,http://www.orient-opto.com/
Orient Opto - Jiangmen fab,,外延工厂,"Orient Opto 的 Jiangmen fab，位于 Jiangmen, Guangdong, 中国。",3422,晶圆厂/外延片,In production,Jiangmen,Guangdong,中国,中国,亚太,"No. 21, Jinhui Road, Jianghai District",http://www.orient-opto.com/,光电器件/LED,Opto,HB-LED (EPI and chip),"Sapphire, GaN",2,2,50000,3125,,,,2011,2010,2011,2011,/Users/simon/Documents/Simon-OB/本体论/base/半导体/SEMI_WFF_2026_1Q.xlsx,Company Detail,http://www.orient-opto.com/
Panjit International - Pynmax Fab (Fab 1 EPI line),,外延工厂,"Panjit International 的 Pynmax Fab (Fab 1 EPI line)，位于 Kaohsiung, Southern Taiwan, 中国台湾。",6629,晶圆厂/外延片,In production,Kaohsiung,Southern Taiwan,中国台湾,中国台湾,亚太,"No.17-2, Yonggong 1st Rd., Yong an Dist.,",www.panjit.com.tw,外延片,EPI,,,,6,60000,33750,,,,2002,,2002,2002,/Users/simon/Documents/Simon-OB/本体论/base/半导体/SEMI_WFF_2026_1Q.xlsx,Company Detail,file:///Users/simon/Documents/Simon-OB/%E6%9C%AC%E4%BD%93%E8%AE%BA/base/%E5%8D%8A%E5%AF%BC%E4%BD%93/output/semiconductor_ontology.json
Plessey (owned by Haylo Labs) - Plessey 6-inch line,,外延工厂,"Plessey (owned by Haylo Labs) 的 Plessey 6-inch line，位于 Plymouth, Devon, England。",211,晶圆厂/外延片,In production,Plymouth,Devon,England,Europe & Mideast,欧洲,"Tamerton Road, Roborough",https://www.haylo.com/haylo-labs,光电器件/LED,Opto,"advanced micro LEDs, GaN-on-Si HB LED, advanced photonics, MEMS/Sensors, Amplifier, Photodiode, PIN diode","GaN-on-Si, GaAs CMOS, BiCMOS, Bipolar, (Silicon)",0.5,6,6000,3375,15000,10,68648,1987,1985,1994,1994,/Users/simon/Documents/Simon-OB/本体论/base/半导体/SEMI_WFF_2026_1Q.xlsx,Company Detail,https://www.haylo.com/haylo-labs
Power Master Semiconductor - Cheongju Epi Line,,外延工厂,"Power Master Semiconductor 的 Cheongju Epi Line，位于 Cheongju, Chungcheongbuk, 韩国。",6617,晶圆厂,In production,Cheongju,Chungcheongbuk,韩国,韩国,亚太,"79-20, Gwahaksaneop 4-ro, Oksan-myeon, Heungdeok-gu,",https://www.powermastersemi.com/eng/,外延片,EPI,,Si,,8,3500,3500,,,,2019,2018,2019,2019,/Users/simon/Documents/Simon-OB/本体论/base/半导体/SEMI_WFF_2026_1Q.xlsx,Company Detail,https://www.powermastersemi.com/eng/
Powerchip Technology Corporation - LED fab,,外延工厂,"Powerchip Technology Corporation 的 LED fab，位于 Xuzhou, Jiangsu, 中国。",2115,晶圆厂/外延片,In production,Xuzhou,Jiangsu,中国,中国,亚太,"99, Xuhai Rd.",http://www.powerchip.com/,光电器件/LED,Opto,HB-LED,Sapphire,2,2,33000,2062.5,,,712610,2013,2010,2012,2013,/Users/simon/Documents/Simon-OB/本体论/base/半导体/SEMI_WFF_2026_1Q.xlsx,Company Detail,http://www.powerchip.com/
"Qingdao Jason Electric Co., Ltd. - QD Jason",,外延工厂,"Qingdao Jason Electric Co., Ltd. 的 QD Jason，位于 Qingdao, Shandong, 中国。",3380,晶圆厂/外延片,In production,Qingdao,Shandong,中国,中国,亚太,"2F, Building 5, 177, Zhuzho Rd.",http://www.qdjason.com/,光电器件/LED,Opto,"UV LED, III-V EPI",Sapphire,2,2,4000,250,,,,2010,2009,2010,2010,/Users/simon/Documents/Simon-OB/本体论/base/半导体/SEMI_WFF_2026_1Q.xlsx,Company Detail,http://www.qdjason.com/
Qinzhou Shenghe Electronic Technology - Kun Yan LED fab,,外延工厂,"Qinzhou Shenghe Electronic Technology 的 Kun Yan LED fab，位于 Qinzhou, Guangxi, 中国。",3631,晶圆厂/外延片,In production,Qinzhou,Guangxi,中国,中国,亚太,"Plant C1‑2, Down Park",http://www.shenghe-led.com/,光电器件/LED,Opto,LEDs,,2,2,100000,6250,,,,2015,2014,2015,2015,/Users/simon/Documents/Simon-OB/本体论/base/半导体/SEMI_WFF_2026_1Q.xlsx,Company Detail,http://www.shenghe-led.com/
Quantum Wafer Inc. - Foshan fab,,外延工厂,"Quantum Wafer Inc. 的 Foshan fab，位于 Foshan, Guangdong, 中国。",3477,晶圆厂/外延片,In production,Foshan,Guangdong,中国,中国,亚太,"No. 1, Building A, Pingzhou, Nanhai",http://www.quantumwafer.com/,光电器件/LED,Opto,"HB-LED, UV LED",GaN,2,2,20000,1250,,,22066,2012,2011,2012,2012,/Users/simon/Documents/Simon-OB/本体论/base/半导体/SEMI_WFF_2026_1Q.xlsx,Company Detail,http://www.quantumwafer.com/
RayVio - Hayward fab,,外延工厂,"RayVio 的 Hayward fab，位于 Hayward, California, 美国。",3828,晶圆厂/外延片,In production,Hayward,California,美国,美洲,NA,"3980 Trust Way,",http://www.rayvio.com/,光电器件/LED,Opto,Deep UV-LED,"MBE, AlGaN",2,2,2000,125,,,,2015,2015,2015,2015,/Users/simon/Documents/Simon-OB/本体论/base/半导体/SEMI_WFF_2026_1Q.xlsx,Company Detail,http://www.rayvio.com/
Resonac - Chichibu SiC EPI line,,外延工厂,"Resonac 的 Chichibu SiC EPI line，位于 Chichibu, Saitama, 日本。",6460,晶圆厂/外延片,In production,Chichibu,Saitama,日本,日本,日本,"1505, Oaza Shimo Kagemori",https://www.resonac.com/,外延片,EPI,SiC epi wafer,SiC,,6,50000,28125,,,,2022,,2021,2022,/Users/simon/Documents/Simon-OB/本体论/base/半导体/SEMI_WFF_2026_1Q.xlsx,Company Detail,https://www.resonac.com/
Resonac - Resonac Optelectronics Kagoshima (was Shoke Hioki fab using former Panasonic PSDOSC),,外延工厂,"Resonac 的 Resonac Optelectronics Kagoshima (was Shoke Hioki fab using former Panasonic PSDOSC)，位于 Hioki, Kagoshima, 日本。",5018,晶圆厂/外延片,In production,Hioki,Kagoshima,日本,日本,日本,"1786-6, Ijuincho Tokushige",https://www.resonac.com/,光电器件/LED,Opto,LEDs,,2,4,6000,1500,,,,2014,2014,,2014,/Users/simon/Documents/Simon-OB/本体论/base/半导体/SEMI_WFF_2026_1Q.xlsx,Company Detail,https://www.resonac.com/
Resonac - Chichibu plant (was Showa Denko),,外延工厂,"Resonac 的 Chichibu plant (was Showa Denko)，位于 Chichibu, Saitama, 日本。",3457,晶圆厂/外延片,In production,Chichibu,Saitama,日本,日本,日本,"1505, Oaza Shimo Kagemori",https://www.resonac.com/,光电器件/LED,Opto,"EPI, AlInGaP LED, SiC Epitaxial wafers, GaP, GaAs Infrared LED","SiC, III-V, GaP, GaAs, AlInGaP",2,6,13000,7312.5,,,,1986,,,,/Users/simon/Documents/Simon-OB/本体论/base/半导体/SEMI_WFF_2026_1Q.xlsx,Company Detail,https://www.resonac.com/
Samsung - Line 5 (LED was System LSI),,外延工厂,"Samsung 的 Line 5 (LED was System LSI)，位于 Giheung, Gyeonggi, 韩国。",858,晶圆厂/外延片,In production,Giheung,Gyeonggi,韩国,韩国,亚太,"San #24 Nongseo-Ri, Giheung-Eup, Youngin-City",www.samsung.com,光电器件/LED,Opto,LED,"CMOS, LED",1,4,60000,15000,,1,,1989,2015,,2015,/Users/simon/Documents/Simon-OB/本体论/base/半导体/SEMI_WFF_2026_1Q.xlsx,Company Detail,file:///Users/simon/Documents/Simon-OB/%E6%9C%AC%E4%BD%93%E8%AE%BA/base/%E5%8D%8A%E5%AF%BC%E4%BD%93/output/semiconductor_ontology.json
"Samsung - Line 4 (LED, was System LSI)",,外延工厂,"Samsung 的 Line 4 (LED, was System LSI)，位于 Giheung, Gyeonggi, 韩国。",859,晶圆厂/外延片,In production,Giheung,Gyeonggi,韩国,韩国,亚太,"San #24 Nongseo-Ri, Giheung-Eup, Youngin-City",www.samsung.com,光电器件/LED,Opto,LED,III-V,2,4,60000,15000,,1,,1990,,2010,2010,/Users/simon/Documents/Simon-OB/本体论/base/半导体/SEMI_WFF_2026_1Q.xlsx,Company Detail,file:///Users/simon/Documents/Simon-OB/%E6%9C%AC%E4%BD%93%E8%AE%BA/base/%E5%8D%8A%E5%AF%BC%E4%BD%93/output/semiconductor_ontology.json
Sanan Optoelectronics - Changsha SiC wafer/EPI Line,,外延工厂,"Sanan Optoelectronics 的 Changsha SiC wafer/EPI Line，位于 Changsha, Hunan, 中国。",6234,晶圆厂/外延片,In production,Changsha,Hunan,中国,中国,亚太,"2450, Yuelu W Ave.",http://www.sanan-e.com/,外延片,EPI,"SiC wafer, SiC epi wafer",SiC,,6,60000,33750,,,,2021,2020,2021,2021,/Users/simon/Documents/Simon-OB/本体论/base/半导体/SEMI_WFF_2026_1Q.xlsx,Company Detail,http://www.sanan-e.com/
Sanan Optoelectronics - Ezhou fab,,外延工厂,"Sanan Optoelectronics 的 Ezhou fab，位于 Ezhou, Hubei, 中国。",5124,晶圆厂/外延片,In production,Ezhou,Hubei,中国,中国,亚太,"n/aNo. 18, Gaoxin Fifth Road",http://www.sanan-e.com/,光电器件/LED,Opto,"Mini LED, Micro LED","GaN, GaAs",1,4,135000,33750,,,,2021,2020,2021,2021,/Users/simon/Documents/Simon-OB/本体论/base/半导体/SEMI_WFF_2026_1Q.xlsx,Company Detail,http://www.sanan-e.com/
Sanan Optoelectronics - Sanan SiC Wafer Fab (Phase 1+2),,外延工厂,"Sanan Optoelectronics 的 Sanan SiC Wafer Fab (Phase 1+2)，位于 Chongqing, Chongqing, 中国。",6502,晶圆厂/外延片,In production,Chongqing,Chongqing,中国,中国,亚太,Xiyong Microelectronics Industrial Park,http://www.sanan-e.com/,外延片,EPI,SiC wafer fab,SiC,,8,80000,80000,,,,2024,2023,2024,2024,/Users/simon/Documents/Simon-OB/本体论/base/半导体/SEMI_WFF_2026_1Q.xlsx,Company Detail,http://www.sanan-e.com/
Sanan Optoelectronics - New Xiamen fab (phase 1),,外延工厂,"Sanan Optoelectronics 的 New Xiamen fab (phase 1)，位于 Xiamen, Fujian, 中国。",3653,晶圆厂/外延片,In production,Xiamen,Fujian,中国,中国,亚太,"Min'an Avenue, Hongtang Town, Tong'an District",http://www.sanan-e.com/,光电器件/LED,Opto,HB-LEDs,,2,4,140000,35000,,100,,2015,2014,2015,2015,/Users/simon/Documents/Simon-OB/本体论/base/半导体/SEMI_WFF_2026_1Q.xlsx,Company Detail,http://www.sanan-e.com/
Sanan Optoelectronics - Xiamen fab,,外延工厂,"Sanan Optoelectronics 的 Xiamen fab，位于 Xiamen, Fujian, 中国。",3111,晶圆厂/外延片,In production,Xiamen,Fujian,中国,中国,亚太,"No.1721-1725, Luling Road",http://www.sanan-e.com/,光电器件/LED,Opto,HB-LED,Sapphire,2,4,30000,7500,,100,,2002,2013,,,/Users/simon/Documents/Simon-OB/本体论/base/半导体/SEMI_WFF_2026_1Q.xlsx,Company Detail,http://www.sanan-e.com/
Sanan Optoelectronics - Tianjin fab,,外延工厂,"Sanan Optoelectronics 的 Tianjin fab，位于 Tianjin, Tianjin, 中国。",3112,晶圆厂/外延片,In production,Tianjin,Tianjin,中国,中国,亚太,"20, Haitai South Rd.",http://www.sanan-e.com/,光电器件/LED,Opto,"HB-LED (GaAs LED, GaN)","Sapphire, GaN, GaAs",2,4,24000,6000,,,,2010,,,,/Users/simon/Documents/Simon-OB/本体论/base/半导体/SEMI_WFF_2026_1Q.xlsx,Company Detail,http://www.sanan-e.com/
Sanan Optoelectronics - Wuhu base (phase 1),,外延工厂,"Sanan Optoelectronics 的 Wuhu base (phase 1)，位于 Wuhu, Anhui, 中国。",3244,晶圆厂/外延片,In production,Wuhu,Anhui,中国,中国,亚太,"8, Liangshan Rd.",http://www.sanan-e.com/,光电器件/LED,Opto,HB-LED,"Sapphire, GaN",2,4,75000,18750,,,,2011,,,,/Users/simon/Documents/Simon-OB/本体论/base/半导体/SEMI_WFF_2026_1Q.xlsx,Company Detail,http://www.sanan-e.com/
Sanan Optoelectronics - New Xiamen fab (phase 2),,外延工厂,"Sanan Optoelectronics 的 New Xiamen fab (phase 2)，位于 Xiamen, Fujian, 中国。",4946,晶圆厂/外延片,In production,Xiamen,Fujian,中国,中国,亚太,"Min'an Avenue, Hongtang Town, Tong'an District",http://www.sanan-e.com/,光电器件/LED,Opto,LED,,2,4,100000,25000,,,,2017,2016,2017,2017,/Users/simon/Documents/Simon-OB/本体论/base/半导体/SEMI_WFF_2026_1Q.xlsx,Company Detail,http://www.sanan-e.com/
Sanan Optoelectronics - Quanzhou fab,,外延工厂,"Sanan Optoelectronics 的 Quanzhou fab，位于 Quanzhou, Fujian, 中国。",5017,晶圆厂/外延片,In production,Quanzhou,Fujian,中国,中国,亚太,"No. 2 Core Industry, Lianshan Industrial Area",http://www.sanan-e.com/,Discrete/Power,Discrete,"Power, Compound semicondcutor, GaAs devices, GaN LED","GaAs, GaN",1,6,50000,28125,,,,2020,2018,2020,2020,/Users/simon/Documents/Simon-OB/本体论/base/半导体/SEMI_WFF_2026_1Q.xlsx,Company Detail,http://www.sanan-e.com/
"Sanken Electric Co., Ltd. - Fukushima Sanken",,外延工厂,"Sanken Electric Co., Ltd. 的 Fukushima Sanken，位于 Nihonmatsu, Fukushima, 日本。",5024,晶圆厂/外延片,In production,Nihonmatsu,Fukushima,日本,日本,日本,"15 Miyado,",http://www.sanken-ele.co.jp/en/index.php,光电器件/LED,Opto,"LEDs, Opto devices",GaN,2,4,10000,2500,,,156000,1988,2014,2014,2014,/Users/simon/Documents/Simon-OB/本体论/base/半导体/SEMI_WFF_2026_1Q.xlsx,Company Detail,http://www.sanken-ele.co.jp/en/index.php
SCIOCS (Sumitomo Chemical) - Hitachi Works (HQ),,外延工厂,"SCIOCS (Sumitomo Chemical) 的 Hitachi Works (HQ)，位于 Hitachi, Ibaraki, 日本。",5041,晶圆厂/外延片,In production,Hitachi,Ibaraki,日本,日本,日本,"880, Isagozawa-cho,",,外延片,EPI,"GaN substrate, GaN epitaxial wafers, GaN Templates, AlN Templates, GaAs epitaxial wafers","GaN, GaAs, MOVPE, HVPE",,6,5000,2812.5,,,,1973,1972,1973,1973,/Users/simon/Documents/Simon-OB/本体论/base/半导体/SEMI_WFF_2026_1Q.xlsx,Company Detail,file:///Users/simon/Documents/Simon-OB/%E6%9C%AC%E4%BD%93%E8%AE%BA/base/%E5%8D%8A%E5%AF%BC%E4%BD%93/SEMI_WFF_2026_1Q.xlsx
SCIOCS (Sumitomo Chemical) - Chiba Works,,外延工厂,"SCIOCS (Sumitomo Chemical) 的 Chiba Works，位于 Sodegaura, Chiba, 日本。",5042,晶圆厂/外延片,In production,Sodegaura,Chiba,日本,日本,日本,"2-1, Kitasode,",,外延片,EPI,"GaN substrate, GaN epitaxial wafers, GaN Templates, AlN Templates, GaAs epitaxial wafers","GaN, GaAs, MOVPE",,6,5000,2812.5,,,,2000,1999,2000,2000,/Users/simon/Documents/Simon-OB/本体论/base/半导体/SEMI_WFF_2026_1Q.xlsx,Company Detail,file:///Users/simon/Documents/Simon-OB/%E6%9C%AC%E4%BD%93%E8%AE%BA/base/%E5%8D%8A%E5%AF%BC%E4%BD%93/SEMI_WFF_2026_1Q.xlsx
SemiLEDs - Chu-Nan Fab,,外延工厂,"SemiLEDs 的 Chu-Nan Fab，位于 Miaoli, Western Taiwan, 中国台湾。",2557,晶圆厂/外延片,In production,Miaoli,Western Taiwan,中国台湾,中国台湾,亚太,"No. 11, Ke Jung Rd., Chu-Nan",http://www.semileds.com/,光电器件/LED,Opto,"HB-LED, UV LED","GaAs, InGaAlP, III-V, Sapphire",2,4,12000,3000,,,,2007,,2010,2010,/Users/simon/Documents/Simon-OB/本体论/base/半导体/SEMI_WFF_2026_1Q.xlsx,Company Detail,http://www.semileds.com/
"Sensor Electronic Technology, Inc. - SETi 2",,外延工厂,"Sensor Electronic Technology, Inc. 的 SETi 2，位于 Columbia, South Carolina, 美国。",3764,晶圆厂/外延片,In production,Columbia,South Carolina,美国,美洲,NA,"110 Atlas Court,",http://www.s-et.com/index.html,光电器件/LED,Opto,UV LEDs,,2,2,10000,625,,,130000,2012,2011,2012,2012,/Users/simon/Documents/Simon-OB/本体论/base/半导体/SEMI_WFF_2026_1Q.xlsx,Company Detail,http://www.s-et.com/index.html
"Sensor Electronic Technology, Inc. - Nitek fab",,外延工厂,"Sensor Electronic Technology, Inc. 的 Nitek fab，位于 Columbia, South Carolina, 美国。",3838,晶圆厂/外延片,In production,Columbia,South Carolina,美国,美洲,NA,1000 Catawba Street Suite 150,http://www.s-et.com/index.html,光电器件/LED,Opto,UV LED,"AlGaN, III-Nitride",2,2,1000,62.5,,,,2007,2007,2007,2007,/Users/simon/Documents/Simon-OB/本体论/base/半导体/SEMI_WFF_2026_1Q.xlsx,Company Detail,http://www.s-et.com/index.html
Seoul Semiconductor (SSC) - Ansan 2nd plant,,外延工厂,"Seoul Semiconductor (SSC) 的 Ansan 2nd plant，位于 Ansan, Gyeonggi, 韩国。",3336,晶圆厂/外延片,In production,Ansan,Gyeonggi,韩国,韩国,亚太,"97-11, Sandan-ro 163beon-gil, Danwon-gu, Ansan-si,",http://www.seoulsemicon.com/,光电器件/LED,Opto,HB-LED,"Sapphire, InGaN",2,4,100000,25000,215280,,553679,2011,2010,2011,2011,/Users/simon/Documents/Simon-OB/本体论/base/半导体/SEMI_WFF_2026_1Q.xlsx,Company Detail,http://www.seoulsemicon.com/
Seoul Semiconductor (SSC) - Ansan Factory,,外延工厂,"Seoul Semiconductor (SSC) 的 Ansan Factory，位于 Ansan, Gyeonggi, 韩国。",3110,晶圆厂/外延片,In production,Ansan,Gyeonggi,韩国,韩国,亚太,"1B-36, 727-5, Wonsi-dong, Danwon-gu",http://www.seoulsemicon.com/,光电器件/LED,Opto,HB-LED,Sapphire,2,4,100000,25000,,,,2002,,2011,2011,/Users/simon/Documents/Simon-OB/本体论/base/半导体/SEMI_WFF_2026_1Q.xlsx,Company Detail,http://www.seoulsemicon.com/
Shaanxi Electronic Information Group (SEC) - Xian Walsin United Technology,,外延工厂,"Shaanxi Electronic Information Group (SEC) 的 Xian Walsin United Technology，位于 Xian, Shaanxi, 中国。",3239,晶圆厂/外延片,In production,Xian,Shaanxi,中国,中国,亚太,"No.72, Keji 2nd Road,",http://www.sxdzjt.com/,光电器件/LED,Opto,HB-LED,"GaN, Sapphire",2,2,60000,3750,,,76400,2011,2009,2011,2011,/Users/simon/Documents/Simon-OB/本体论/base/半导体/SEMI_WFF_2026_1Q.xlsx,Company Detail,http://www.sxdzjt.com/
Shaanxi New Light Source Technology - New Light Source Technology,,外延工厂,"Shaanxi New Light Source Technology 的 New Light Source Technology，位于 Xian, Shaanxi, 中国。",3662,晶圆厂/外延片,In production,Xian,Shaanxi,中国,中国,亚太,"125, Jinye Rd.",,光电器件/LED,Opto,Vertical-structure HB-LED,,2,2,10000,625,,,,2013,2013,2013,2013,/Users/simon/Documents/Simon-OB/本体论/base/半导体/SEMI_WFF_2026_1Q.xlsx,Company Detail,file:///Users/simon/Documents/Simon-OB/%E6%9C%AC%E4%BD%93%E8%AE%BA/base/%E5%8D%8A%E5%AF%BC%E4%BD%93/SEMI_WFF_2026_1Q.xlsx
Shandong Inspur Huaguang Optoelectronics - Fab 2,,外延工厂,"Shandong Inspur Huaguang Optoelectronics 的 Fab 2，位于 Weifang, Shandong, 中国。",3273,晶圆厂/外延片,In production,Weifang,Shandong,中国,中国,亚太,"No. 9, Golden Rd.",http://www.hggd.cn/,光电器件/LED,Opto,LED,Sapphire,2,2,60000,3750,195903,,376737,2010,2009,2010,2010,/Users/simon/Documents/Simon-OB/本体论/base/半导体/SEMI_WFF_2026_1Q.xlsx,Company Detail,http://www.hggd.cn/
Shandong Inspur Huaguang Optoelectronics - Fab 3,,外延工厂,"Shandong Inspur Huaguang Optoelectronics 的 Fab 3，位于 Jinan, Shandong, 中国。",3274,晶圆厂/外延片,In production,Jinan,Shandong,中国,中国,亚太,"No. 1835 Tianchen Road, Gaoxin (“High‑tech”) Zone",http://www.hggd.cn/,光电器件/LED,Opto,HB-LED,Sapphire,2,2,75000,4687.5,645835,,1614587,2012,2009,2012,2012,/Users/simon/Documents/Simon-OB/本体论/base/半导体/SEMI_WFF_2026_1Q.xlsx,Company Detail,http://www.hggd.cn/
Shandong Inspur Huaguang Optoelectronics - Fab 1,,外延工厂,"Shandong Inspur Huaguang Optoelectronics 的 Fab 1，位于 Jinan, Shandong, 中国。",3123,晶圆厂/外延片,In production,Jinan,Shandong,中国,中国,亚太,"No. 1835, Tian-chen St.",http://www.hggd.cn/,光电器件/LED,Opto,LED,Sapphire,4,2,6000,375,,,53820,2001,2000,2001,2001,/Users/simon/Documents/Simon-OB/本体论/base/半导体/SEMI_WFF_2026_1Q.xlsx,Company Detail,http://www.hggd.cn/
"Shanghai PN-Stone Optoelectronics Co.,Ltd. - LDX",,外延工厂,"Shanghai PN-Stone Optoelectronics Co.,Ltd. 的 LDX，位于 Shanghai, Shanghai, 中国。",3282,晶圆厂/外延片,In production,Shanghai,Shanghai,中国,中国,亚太,"128, Yun-ming Rd.",http://www.pn-stone.com/,光电器件/LED,Opto,HB-LED,Sapphire,2,2,40000,2500,,,119641,2011,2010,2011,2011,/Users/simon/Documents/Simon-OB/本体论/base/半导体/SEMI_WFF_2026_1Q.xlsx,Company Detail,http://www.pn-stone.com/
SiCrystal GmbH - Nürnberg Fab,,外延工厂,"SiCrystal GmbH 的 Nürnberg Fab，位于 Nürnberg, Bavaria, 德国。",6156,晶圆厂/外延片,In production,Nürnberg,Bavaria,德国,Europe & Mideast,欧洲,Thurn-und-Taxis-Straße 20,https://www.sicrystal.de/,外延片,EPI,SiC wafers,SiC,,6,12000,6750,,,,1997,,2018,,/Users/simon/Documents/Simon-OB/本体论/base/半导体/SEMI_WFF_2026_1Q.xlsx,Company Detail,https://www.sicrystal.de/
"Silan Microelectronics Co., Ltd. - Chengdu EPI fab",,外延工厂,"Silan Microelectronics Co., Ltd. 的 Chengdu EPI fab，位于 Chengdu, Sichuan, 中国。",3354,晶圆厂/外延片,In production,Chengdu,Sichuan,中国,中国,亚太,No. 9 Shixin Road,http://www.silan.com.cn/,Discrete/Power,Discrete,Epitaxy for power devices,,2,2,30000,1875,71042,,785765,2014,2010,2014,2014,/Users/simon/Documents/Simon-OB/本体论/base/半导体/SEMI_WFF_2026_1Q.xlsx,Company Detail,http://www.silan.com.cn/
Sino Nitride Semiconductor - Dongguan and HQ fab,,外延工厂,"Sino Nitride Semiconductor 的 Dongguan and HQ fab，位于 Dongguan, Guangdong, 中国。",6153,晶圆厂/外延片,In production,Dongguan,Guangdong,中国,中国,亚太,Science and Technology Industrial Park of Qishi Town,http://www.sinonitride.com/,外延片,EPI,"GaN substrate (2"", 4""), GaN/ Al2O3 Substrates (2"", 4"", 6"")","GaN, Sapphire",,6,1000,562.5,,,183000,2009,,,,/Users/simon/Documents/Simon-OB/本体论/base/半导体/SEMI_WFF_2026_1Q.xlsx,Company Detail,http://www.sinonitride.com/
Sino-Semiconductor - Taizhou fab,,外延工厂,"Sino-Semiconductor 的 Taizhou fab，位于 Taizhou, Jinagsu, 中国。",5039,晶圆厂/外延片,In production,Taizhou,Jinagsu,中国,中国,亚太,"Hitech Business Incubator Center, Jiangyan district",http://www.sinosemic.com/,光电器件/激光器及其他,Opto,"VCSEL (vertical-cavity surface-emitting laser) for optical communication and sensing, Laser","GaAs, InP",2,4,8000,2000,,,,2017,2016,2017,2017,/Users/simon/Documents/Simon-OB/本体论/base/半导体/SEMI_WFF_2026_1Q.xlsx,Company Detail,http://www.sinosemic.com/
SK Siltron - Gumi Plant 3 (Head Office),,外延工厂,"SK Siltron 的 Gumi Plant 3 (Head Office)，位于 Gumi, Gyeongsangbuk, 韩国。",6210,晶圆厂/外延片,In production,Gumi,Gyeongsangbuk,韩国,韩国,亚太,"132-11, 3gongdan 3-ro",https://www.sksiltron.com/,外延片,EPI,200mm and 300mm EPI Wafer used in non-memory chips such as Logic Devices and CMOS image sensors,EPI,,12,20000,45000,,,,2002,2001,2002,2002,/Users/simon/Documents/Simon-OB/本体论/base/半导体/SEMI_WFF_2026_1Q.xlsx,Company Detail,https://www.sksiltron.com/
SOITEC Silicon On Insulator Technologies - Bernin 4,,外延工厂,"SOITEC Silicon On Insulator Technologies 的 Bernin 4，位于 Bernin, Auvergne-Rhône-Alpes, 法国。",6381,晶圆厂/外延片,In production,Bernin,Auvergne-Rhône-Alpes,法国,Europe & Mideast,欧洲,Chemin des Franques,http://www.soitec.com,外延片,EPI,"SiC on 150mm, 200mm and SOI on 300mm wafers","SmartSiC, SiC and SOI",,12,42000,94500,21527,,,2024,2022,2023,2024,/Users/simon/Documents/Simon-OB/本体论/base/半导体/SEMI_WFF_2026_1Q.xlsx,Company Detail,http://www.soitec.com
SOITEC Silicon On Insulator Technologies - Pasir Ris Extension,,外延工厂,"SOITEC Silicon On Insulator Technologies 的 Pasir Ris Extension，位于 新加坡, 新加坡, 新加坡。",6382,晶圆厂/外延片,In production,新加坡,新加坡,新加坡,SE Asia,亚太,81 Pasir Ris Industrial Drive 1,http://www.soitec.com,外延片,EPI,"engineered substrates, including silicon-on-insulator (SOI) and strained SOI (sSOI) wafers: Application: FD-SOI, RF-SOI, other SOI products","SOI, strained Si, Smart Cut,GaNoX, GaN, InGaN, InP, (Silicon)",,12,83000,186750,59202,,484376,2025,2022,2025,2025,/Users/simon/Documents/Simon-OB/本体论/base/半导体/SEMI_WFF_2026_1Q.xlsx,Company Detail,http://www.soitec.com
SOITEC Silicon On Insulator Technologies - Bernin 3 - 200mm Pilot,,外延工厂,"SOITEC Silicon On Insulator Technologies 的 Bernin 3 - 200mm Pilot，位于 Bernin, Auvergne-Rhône-Alpes, 法国。",6249,晶圆厂/外延片，中试线,In production,Bernin,Auvergne-Rhône-Alpes,法国,Europe & Mideast,欧洲,Chemin des Franques,http://www.soitec.com,外延片,EPI,POI,"SOI, GaNoX, GaN, InGaN, InP, (Silicon)",,8,6000,6000,,,,2022,2021,2022,2022,/Users/simon/Documents/Simon-OB/本体论/base/半导体/SEMI_WFF_2026_1Q.xlsx,Company Detail,http://www.soitec.com
SOITEC Silicon On Insulator Technologies - Bernin 2,,外延工厂,"SOITEC Silicon On Insulator Technologies 的 Bernin 2，位于 Bernin, Auvergne-Rhône-Alpes, 法国。",2362,晶圆厂/外延片,In production,Bernin,Auvergne-Rhône-Alpes,法国,Europe & Mideast,欧洲,Chemin des Franques,http://www.soitec.com,外延片,EPI,"engineered substrates, including silicon-on-insulator (SOI) and strained SOI (sSOI)l; Application for: RF-SOI, FD-SOI, Imager-SOI, Photonics-SOI","SOI, strained Si, Smart Cut, GaNoX, GaN, InGaN, InP, (Silicon)",,12,62000,139500,,,,2003,,2016,,/Users/simon/Documents/Simon-OB/本体论/base/半导体/SEMI_WFF_2026_1Q.xlsx,Company Detail,http://www.soitec.com
SOITEC Silicon On Insulator Technologies - Bernin 1,,外延工厂,"SOITEC Silicon On Insulator Technologies 的 Bernin 1，位于 Bernin, Auvergne-Rhône-Alpes, 法国。",2361,晶圆厂/外延片,In production,Bernin,Auvergne-Rhône-Alpes,法国,Europe & Mideast,欧洲,Chemin des Franques,http://www.soitec.com,外延片,EPI,"engineered substrates, including silicon-on-insulator (SOI) and strained SOI (sSOI); application: RF-SOI, Power-SOI, Photonic-SOI","SOI, strained Si, Smart Cut, GaNoX, GaN, InGaN, InP, (Silicon)",,8,80000,80000,,,,2000,1998,2000,2000,/Users/simon/Documents/Simon-OB/本体论/base/半导体/SEMI_WFF_2026_1Q.xlsx,Company Detail,http://www.soitec.com
SOITEC Silicon On Insulator Technologies - Bernin 3 (was Memscap in 2006),,外延工厂,"SOITEC Silicon On Insulator Technologies 的 Bernin 3 (was Memscap in 2006)，位于 Bernin, Auvergne-Rhône-Alpes, 法国。",1865,晶圆厂/外延片，研发,in production,Bernin,Auvergne-Rhône-Alpes,法国,Europe & Mideast,欧洲,Chemin des Franques,http://www.soitec.com,外延片,EPI,"POI, 3D integration, smart stacking","SOI, GaNoX, GaN, InGaN, InP, (Silicon)",,6,52000,29250,,10,59000,2002,2001,2002,2002,/Users/simon/Documents/Simon-OB/本体论/base/半导体/SEMI_WFF_2026_1Q.xlsx,Company Detail,http://www.soitec.com
SOITEC Silicon On Insulator Technologies - Belgium - Hasselt fab (former EPIGaN),,外延工厂,"SOITEC Silicon On Insulator Technologies 的 Belgium - Hasselt fab (former EPIGaN)，位于 Hasselt, Limburg, 比利时。",3510,晶圆厂/外延片,In production,Hasselt,Limburg,比利时,Europe & Mideast,欧洲,Kempische steenweg 293 bus 23,http://www.soitec.com,外延片,EPI,"GaN-on-Silicon wafer EPI, 6-inch and 8-inch capabal;e assume most is 6-inch","GaN-on-Si, (Silicon)",2,6,5000,2812.5,,,,2012,2011,2012,2012,/Users/simon/Documents/Simon-OB/本体论/base/半导体/SEMI_WFF_2026_1Q.xlsx,Company Detail,http://www.soitec.com
SOITEC Silicon On Insulator Technologies - Pasir Ris (was Fab 3),,外延工厂,"SOITEC Silicon On Insulator Technologies 的 Pasir Ris (was Fab 3)，位于 新加坡, 新加坡, 新加坡。",2363,晶圆厂/外延片,In production,新加坡,新加坡,新加坡,SE Asia,亚太,81 Pasir Ris Industrial Drive 1,http://www.soitec.com,外延片,EPI,"engineered substrates, including silicon-on-insulator (SOI) and strained SOI (sSOI) wafers: Application: FD-SOI, RF-SOI, other SOI products","SOI, strained Si, Smart Cut,GaNoX, GaN, InGaN, InP, (Silicon)",,12,83000,186750,43056,,,2008,2017,2018,2019,/Users/simon/Documents/Simon-OB/本体论/base/半导体/SEMI_WFF_2026_1Q.xlsx,Company Detail,http://www.soitec.com
SOITEC Silicon On Insulator Technologies - Simgui (fab owned by Shanghai Simgui Technology Co),,外延工厂,"SOITEC Silicon On Insulator Technologies 的 Simgui (fab owned by Shanghai Simgui Technology Co)，位于 Shanghai, Shanghai, 中国。",4986,晶圆厂/外延片,In production,Shanghai,Shanghai,中国,中国,亚太,200 Xinlai Road Jiading District,http://www.soitec.com,外延片,EPI,"Soitec's Smart Cut technology; Application: RF-SOI, Power-SOI","SOI, strained Si, Smart Cut, GaNoX, GaN, InGaN, InP, (Silicon)",,8,37000,37000,,,,2001,1999,2001,2001,/Users/simon/Documents/Simon-OB/本体论/base/半导体/SEMI_WFF_2026_1Q.xlsx,Company Detail,http://www.soitec.com
Sony - Shiroishi Zao TEC,,外延工厂,"Sony 的 Shiroishi Zao TEC，位于 Shiroishi, Miyagi, 日本。",1339,晶圆厂/外延片,in production,Shiroishi,Miyagi,日本,日本,日本,3-53-2 Shiratori,http://www.sony.co.jp/semicon/,光电器件/LED,Opto,"LED (Front End); Blue-Violet laser diode, Laser diode Coupler, Red LED, Infrared LED. Front-end and Back-end, GaAs",GaAs,0.5,4,8000,2000,,,25834,1986,1984,1986,1986,/Users/simon/Documents/Simon-OB/本体论/base/半导体/SEMI_WFF_2026_1Q.xlsx,Company Detail,http://www.sony.co.jp/semicon/
Soraa Inc. - Fremont fab,,外延工厂,"Soraa Inc. 的 Fremont fab，位于 Fremont, California, 美国。",3393,晶圆厂/外延片,In production,Fremont,California,美国,美洲,NA,6500 Kaiser Drive,www.soraa.com,光电器件/LED,Opto,"Gallium Nitride chip-based laser diodes, LED, GaN-on-GaN LEDs","InGaN, Sapphire, GaN-on-GaN",2,2,3000,187.5,,,34260,2009,2008,2009,2009,/Users/simon/Documents/Simon-OB/本体论/base/半导体/SEMI_WFF_2026_1Q.xlsx,Company Detail,file:///Users/simon/Documents/Simon-OB/%E6%9C%AC%E4%BD%93%E8%AE%BA/base/%E5%8D%8A%E5%AF%BC%E4%BD%93/output/semiconductor_ontology.json
Stanley Electric - Tsuruoka Works,,外延工厂,"Stanley Electric 的 Tsuruoka Works，位于 Tsuruoka, Yamagata, 日本。",1027,晶圆厂/外延片,in production,Tsuruoka,Yamagata,日本,日本,日本,"271-6 Nihonkoku, aza-Daihouji,",http://www.stanley.co.jp/e/index.html,光电器件/LED,Opto,"AlGaAs LEDs, AlGaInP LEDs, UV LEDs","LPE, AlGaAs, AlGaInP, AlN",0.8,4,5000,1250,,,108600,1994,1993,1994,1994,/Users/simon/Documents/Simon-OB/本体论/base/半导体/SEMI_WFF_2026_1Q.xlsx,Company Detail,http://www.stanley.co.jp/e/index.html
STMicroelectronics - Fab 2: 200mm GaN EPI,,外延工厂,"STMicroelectronics 的 Fab 2: 200mm GaN EPI，位于 Tours, Centre-Val de Loire, 法国。",6674,晶圆厂/外延片,In production,Tours,Centre-Val de Loire,法国,Europe & Mideast,欧洲,"16, Rue Pierre et Marie Curie",http://www.st.com,外延片,EPI,GaN EPI,"GaN, EPI",,8,20000,20000,,,,2021,,2020,2021,/Users/simon/Documents/Simon-OB/本体论/base/半导体/SEMI_WFF_2026_1Q.xlsx,Company Detail,http://www.st.com
STMicroelectronics - SiC Substrate and EPI Fab 200mm Line,,外延工厂,"STMicroelectronics 的 SiC Substrate and EPI Fab 200mm Line，位于 Catania, Catania, 意大利。",6448,晶圆厂/外延片,In production,Catania,Catania,意大利,Europe & Mideast,欧洲,"Stradale Primosole, 50, P.O. Box 435",http://www.st.com,外延片,EPI,SiC wafer/EPI,"SiC, EPI",,8,65000,65000,,,,2025,,2025,2025,/Users/simon/Documents/Simon-OB/本体论/base/半导体/SEMI_WFF_2026_1Q.xlsx,Company Detail,http://www.st.com
STMicroelectronics - SiC Substrate and EPI Fab 150mm Line,,外延工厂,"STMicroelectronics 的 SiC Substrate and EPI Fab 150mm Line，位于 Catania, Catania, 意大利。",6283,晶圆厂/外延片,In production,Catania,Catania,意大利,Europe & Mideast,欧洲,"Stradale Primosole, 50, P.O. Box 435",http://www.st.com,外延片,EPI,SiC wafer/EPI,"SiC, EPI",,6,80000,45000,,,,2023,2021,2023,2023,/Users/simon/Documents/Simon-OB/本体论/base/半导体/SEMI_WFF_2026_1Q.xlsx,Company Detail,http://www.st.com
STMicroelectronics - SiC Fab (8-inch line),,外延工厂,"STMicroelectronics 的 SiC Fab (8-inch line)，位于 Norrköping, Östergötland, 瑞典。",6245,晶圆厂/外延片,In production,Norrköping,Östergötland,瑞典,Europe & Mideast,欧洲,Ramshällsvägen 15,http://www.st.com,外延片,EPI,Wide bandgap silicon carbide (SiC) wafers and EPI,"SiC, Epi",,8,8000,8000,,,22000,2021,2020,2021,2021,/Users/simon/Documents/Simon-OB/本体论/base/半导体/SEMI_WFF_2026_1Q.xlsx,Company Detail,http://www.st.com
STMicroelectronics - SiC Fab (6-inch line) was Norstel,,外延工厂,"STMicroelectronics 的 SiC Fab (6-inch line) was Norstel，位于 Norrköping, Östergötland, 瑞典。",2355,晶圆厂/外延片,Will be closed,Norrköping,Östergötland,瑞典,Europe & Mideast,欧洲,Ramshällsvägen 15,http://www.st.com,外延片,EPI,Wide bandgap silicon carbide (SiC) wafers and EPI,"SiC, EPI",,6,10000,5625,,,22000,2006,2005,2006,2006,/Users/simon/Documents/Simon-OB/本体论/base/半导体/SEMI_WFF_2026_1Q.xlsx,Company Detail,http://www.st.com
Sumitomo Chemical Advanced Technologies - Phoenix fab (Sumika Electronics Materials),,外延工厂,"Sumitomo Chemical Advanced Technologies 的 Phoenix fab (Sumika Electronics Materials)，位于 Phoenix, Arizona, 美国。",5043,晶圆厂/外延片,In production,Phoenix,Arizona,美国,美洲,NA,3832 E. Watkins St.,sumichem-at.com,外延片,EPI,"GaAs epitaxial wafers; 	VCSEL (vertical-cavity surface-emitting laser)s, LEDs (GaAs-based), Diodes (GaAs PIN, Schottky, Varactor, Gunn), InGaP HBT, pHEMT, InP-based material","GaAs, InGaP, Ge",,6,9000,5062.5,6000,,50000,1992,1990,1992,1992,/Users/simon/Documents/Simon-OB/本体论/base/半导体/SEMI_WFF_2026_1Q.xlsx,Company Detail,file:///Users/simon/Documents/Simon-OB/%E6%9C%AC%E4%BD%93%E8%AE%BA/base/%E5%8D%8A%E5%AF%BC%E4%BD%93/output/semiconductor_ontology.json
Sumitomo Electric Industries - Itami Works,,外延工厂,"Sumitomo Electric Industries 的 Itami Works，位于 Itami, Hyogo, 日本。",6702,晶圆厂/外延片，研发，中试线,In production,Itami,Hyogo,日本,日本,日本,1-1 Koyakita 1-chome,https://sumitomoelectric.com/,光电器件/激光器及其他,Opto,"optical communication lasers, photodiodes, RF devices","InP, GaAs",,4,6000,1500,,,,1976,1975,1976,1976,/Users/simon/Documents/Simon-OB/本体论/base/半导体/SEMI_WFF_2026_1Q.xlsx,Company Detail,https://sumitomoelectric.com/
Taiwan Semiconductor - Letzer Fab,,外延工厂,"Taiwan Semiconductor 的 Letzer Fab，位于 Yilan, Northern Taiwan, 中国台湾。",2552,晶圆厂/外延片,In production,Yilan,Northern Taiwan,中国台湾,中国台湾,亚太,"No. 31, Sec. 2, Ligong 1st Rd., Wujie Shiang",http://www.ts.com.tw/,Discrete/Power,Discrete,"Rectifiers, Analog IC and MOSFET","MOS, Super Junction",1,4,40000,10000,,,,2008,2007,2008,2008,/Users/simon/Documents/Simon-OB/本体论/base/半导体/SEMI_WFF_2026_1Q.xlsx,Company Detail,http://www.ts.com.tw/
TankeBlue Semiconductor - Bejing fab,,外延工厂,"TankeBlue Semiconductor 的 Bejing fab，位于 Beijing, Beijing, 中国。",5055,晶圆厂/外延片,In production,Beijing,Beijing,中国,中国,亚太,"66 Zhongguancun E Rd, WuDaoKou,",http://www.tankeblue.com/,外延片,EPI,"4H SiC epitaxial wafer (2"", 3"", 4"", 6"")",SiC,,4,6000,1500,,100,,2007,2006,2007,2007,/Users/simon/Documents/Simon-OB/本体论/base/半导体/SEMI_WFF_2026_1Q.xlsx,Company Detail,http://www.tankeblue.com/
Tekcore - Fab 1,,外延工厂,"Tekcore 的 Fab 1，位于 Nantou, Southern Taiwan, 中国台湾。",2891,晶圆厂/外延片,In production,Nantou,Southern Taiwan,中国台湾,中国台湾,亚太,"18, Ziqiang 3rd Rd",http://www.tekcore.com.tw/,光电器件/LED,Opto,"GaAs EPI, Four-element LED",Sapphire,2,3,8000,1125,,,9000,2001,2000,2001,2001,/Users/simon/Documents/Simon-OB/本体论/base/半导体/SEMI_WFF_2026_1Q.xlsx,Company Detail,http://www.tekcore.com.tw/
Tekcore - Fab 2,,外延工厂,"Tekcore 的 Fab 2，位于 Nantou, Southern Taiwan, 中国台湾。",2892,晶圆厂/外延片,In production,Nantou,Southern Taiwan,中国台湾,中国台湾,亚太,"20, Ziqiang 3rd Rd",http://www.tekcore.com.tw/,光电器件/LED,Opto,GaN HB-LED,"GaN, Sapphire",2,2,20000,1250,,,14000,2004,2003,2004,2004,/Users/simon/Documents/Simon-OB/本体论/base/半导体/SEMI_WFF_2026_1Q.xlsx,Company Detail,http://www.tekcore.com.tw/
Tekcore - Fab 3,,外延工厂,"Tekcore 的 Fab 3，位于 Nantou, Southern Taiwan, 中国台湾。",2893,晶圆厂/外延片,In production,Nantou,Southern Taiwan,中国台湾,中国台湾,亚太,"22, Ziqiang 3rd Rd",http://www.tekcore.com.tw/,光电器件/LED,Opto,"GaN, AlGaInP HB-LED","Sapphire, GaN, AlGaInP",1.5,2,64000,4000,,,102828,2007,2006,2007,2007,/Users/simon/Documents/Simon-OB/本体论/base/半导体/SEMI_WFF_2026_1Q.xlsx,Company Detail,http://www.tekcore.com.tw/
Tekcore - Fab 5,,外延工厂,"Tekcore 的 Fab 5，位于 Taichung, Central Taiwan, 中国台湾。",3396,晶圆厂/外延片,In production,Taichung,Central Taiwan,中国台湾,中国台湾,亚太,"5, Keya W. Rd",http://www.tekcore.com.tw/,光电器件/LED,Opto,GaN HB-LED,"Sapphire, GaN, AlGaInP",2,4,30000,7500,,1000,30139,2011,2010,2011,2011,/Users/simon/Documents/Simon-OB/本体论/base/半导体/SEMI_WFF_2026_1Q.xlsx,Company Detail,http://www.tekcore.com.tw/
"The Fox Group, Inc. - Montreal fab",,外延工厂,"The Fox Group, Inc. 的 Montreal fab，位于 Montreal, Quebec, 加拿大。",3286,晶圆厂/外延片,In production,Montreal,Quebec,加拿大,美洲,NA,"200 Voyageur Drive,",http://www.thefoxgroupinc.com,光电器件/LED,Opto,UV Led,"HPVE, Sapphire, SiC, AlN, GaN",2,2,10000,625,,,,2000,1999,2000,2000,/Users/simon/Documents/Simon-OB/本体论/base/半导体/SEMI_WFF_2026_1Q.xlsx,Company Detail,http://www.thefoxgroupinc.com
Times LED - n/a,,外延工厂,"Times LED 的 n/a，位于 Beijing, Beijing, 中国。",3301,晶圆厂/外延片,In production,Beijing,Beijing,中国,中国,亚太,"No. 1, Dize N Street",http://www.timesled.com/,光电器件/LED,Opto,LED,Sapphire,2,2,10000,625,,,,2008,2007,2008,2008,/Users/simon/Documents/Simon-OB/本体论/base/半导体/SEMI_WFF_2026_1Q.xlsx,Company Detail,http://www.timesled.com/
"TLC Precision Wafer Technology, Inc. - Fab 1",,外延工厂,"TLC Precision Wafer Technology, Inc. 的 Fab 1，位于 Minneapolis, Minnesota, 美国。",2287,晶圆厂/外延片,In production,Minneapolis,Minnesota,美国,美洲,NA,1411 West River Road North,www.tlcprecision.com,Discrete/Power,Discrete,"III-V materials (EPI), Millimeter-Wave Monolithic IC (MMIC), Photonics","III-V, EPI, MMIC",0.25,6,1000,562.5,3000,10,11000,1998,1997,1998,1998,/Users/simon/Documents/Simon-OB/本体论/base/半导体/SEMI_WFF_2026_1Q.xlsx,Company Detail,file:///Users/simon/Documents/Simon-OB/%E6%9C%AC%E4%BD%93%E8%AE%BA/base/%E5%8D%8A%E5%AF%BC%E4%BD%93/output/semiconductor_ontology.json
Tongfang Opto-electronics Co. Ltd - Nantong fab,,外延工厂,"Tongfang Opto-electronics Co. Ltd 的 Nantong fab，位于 Nantong, Jiangsu, 中国。",3275,晶圆厂/外延片,In production,Nantong,Jiangsu,中国,中国,亚太,"499, Dongfang Ave",http://www.tf-opto.com/,光电器件/LED,Opto,HB-LED,Sapphire,2,2,160000,10000,,,,2011,2010,2011,2011,/Users/simon/Documents/Simon-OB/本体论/base/半导体/SEMI_WFF_2026_1Q.xlsx,Company Detail,http://www.tf-opto.com/
Tonghui Electronics Corporation - Fab 1,,外延工厂,"Tonghui Electronics Corporation 的 Fab 1，位于 Luquan, Hebei, 中国。",3496,晶圆厂/外延片,In production,Luquan,Hebei,中国,中国,亚太,"No. 21, Changsheng St.",http://www.the-lighting.com/,光电器件/LED,Opto,LED (EPI and chip),Sapphire,2,2,57000,3562.5,,,,2009,2007,2009,2009,/Users/simon/Documents/Simon-OB/本体论/base/半导体/SEMI_WFF_2026_1Q.xlsx,Company Detail,http://www.the-lighting.com/
"Toyoda Gosei Co.,Ltd. - Heiwacho Plant",,外延工厂,"Toyoda Gosei Co.,Ltd. 的 Heiwacho Plant，位于 Inazawa-Heiwa-cho, Aichi, 日本。",3081,晶圆厂/外延片,In production,Inazawa-Heiwa-cho,Aichi,日本,日本,日本,"710 Origuchi, Shimomiyake",http://www.toyoda-gosei.com,光电器件/LED,Opto,"HB-LED, GaN power transistors, UV LEDs, glass-encapsulated LEDs","Sapphire, III-V: GaN",2,6,22500,12656.25,,,,1989,,,,/Users/simon/Documents/Simon-OB/本体论/base/半导体/SEMI_WFF_2026_1Q.xlsx,Company Detail,http://www.toyoda-gosei.com
TrueLight Corporation - Hsinchu fab,,外延工厂,"TrueLight Corporation 的 Hsinchu fab，位于 Hsinchu, Northern Taiwan, 中国台湾。",5098,晶圆厂/外延片,In production,Hsinchu,Northern Taiwan,中国台湾,中国台湾,亚太,"21, Prosperity RD. I,",http://www.truelight.com.tw/,光电器件/激光器及其他,Opto,"VSCEL (vertical-cavity surface emitting laser) Laser, Photodiode","GaAs, InGaAs",2,2,10000,625,,,,2018,2017,2018,2018,/Users/simon/Documents/Simon-OB/本体论/base/半导体/SEMI_WFF_2026_1Q.xlsx,Company Detail,http://www.truelight.com.tw/
Tyntek Corporation - Hsinchu Fab,,外延工厂,"Tyntek Corporation 的 Hsinchu Fab，位于 Hsinchu, Northern Taiwan, 中国台湾。",2995,晶圆厂/外延片,In production,Hsinchu,Northern Taiwan,中国台湾,中国台湾,亚太,"16 Industry E. RD.,IV",https://www.tyntek.com.tw/en/index.php,光电器件/LED,Opto,"AlGaInP LED, Infrared LED, Zener diode, Si chip, Foundry, photo diodes, photo transistor, power transistor",Sapphire,4,2,15000,937.5,,,,1989,1988,1989,1989,/Users/simon/Documents/Simon-OB/本体论/base/半导体/SEMI_WFF_2026_1Q.xlsx,Company Detail,https://www.tyntek.com.tw/en/index.php
TYSiC - Fab 1 6-Inch Line,,外延工厂,"TYSiC 的 Fab 1 6-Inch Line，位于 Dongguan, Guangdong, 中国。",5054,晶圆厂/外延片,In production,Dongguan,Guangdong,中国,中国,亚太,"5, Gongye North 1st Rd",http://www.sicty.com/,外延片,EPI,4H SiC epitaxial wafer for power devices,SiC,,6,30000,16875,,,,2013,2012,2013,2013,/Users/simon/Documents/Simon-OB/本体论/base/半导体/SEMI_WFF_2026_1Q.xlsx,Company Detail,http://www.sicty.com/
TYSiC - Fab 1 8-inch Line,,外延工厂,"TYSiC 的 Fab 1 8-inch Line，位于 Dongguan, Guangdong, 中国。",6641,晶圆厂/外延片,In production,Dongguan,Guangdong,中国,中国,亚太,"5, Gongye North 1st Rd",http://www.sicty.com/,外延片,EPI,,SiC,,8,5000,5000,,,,2024,,2024,2024,/Users/simon/Documents/Simon-OB/本体论/base/半导体/SEMI_WFF_2026_1Q.xlsx,Company Detail,http://www.sicty.com/
TYSiC - Fab 2,,外延工厂,"TYSiC 的 Fab 2，位于 Dongguan, Guangdong, 中国。",6642,晶圆厂/外延片,In production,Dongguan,Guangdong,中国,中国,亚太,No. 10 Nanyuan Road,http://www.sicty.com/,外延片,EPI,,SiC,,8,32000,32000,,,,2025,2023,2024,2025,/Users/simon/Documents/Simon-OB/本体论/base/半导体/SEMI_WFF_2026_1Q.xlsx,Company Detail,http://www.sicty.com/
Unikorn Semiconductor - N8,,外延工厂,"Unikorn Semiconductor 的 N8，位于 Hsinchu, Northern Taiwan, 中国台湾。",3500,晶圆厂/外延片,In production,Hsinchu,Northern Taiwan,中国台湾,中国台湾,亚太,"26, Li-hsin Rd",https://www.unikornsemi.com/,Foundry/EPI,EPI,"III-V compound foundry services (EPI, Front-end and Back-end), VCSEL (vertical-cavity surface-emitting laser), power device, BAW filter, RF PA, LED,PIN, APD","III-V, InGaN",2,6,10000,5625,,,,2009,,,,/Users/simon/Documents/Simon-OB/本体论/base/半导体/SEMI_WFF_2026_1Q.xlsx,Company Detail,https://www.unikornsemi.com/
Union Optronics Corporation - Yangmei fab,,外延工厂,"Union Optronics Corporation 的 Yangmei fab，位于 Taoyuan, Northern Taiwan, 中国台湾。",3529,晶圆厂/外延片,In production,Taoyuan,Northern Taiwan,中国台湾,中国台湾,亚太,"No.156, Gaoshih Rd., Yangmei City,",http://www.uocnet.com/,光电器件/激光器及其他,Opto,"Laser Diodes, LEDs","InGaAs, GaN",2,2,18000,1125,,,79137,1997,1996,1997,1997,/Users/simon/Documents/Simon-OB/本体论/base/半导体/SEMI_WFF_2026_1Q.xlsx,Company Detail,http://www.uocnet.com/
UTC Aerospace Systems - Goodrich Opto Princeton,,外延工厂,"UTC Aerospace Systems 的 Goodrich Opto Princeton，位于 Princeton, New Jersey, 美国。",2215,晶圆厂/外延片,In production,Princeton,New Jersey,美国,美洲,NA,330 Carter Road - Suite 100,http://utcaerospacesystems.com/,光电器件/激光器及其他,Opto,"InGaAs photodiode arrays and cameras for near infrared and shortwave infrared (SWIR) applications; InGaAs/InP semiconductor foundry services, MOCVD EPI.","III-V: InGaAs, InP",2,4,150,37.5,5000,100,40000,1992,1991,1992,1992,/Users/simon/Documents/Simon-OB/本体论/base/半导体/SEMI_WFF_2026_1Q.xlsx,Company Detail,http://utcaerospacesystems.com/
"UV Craftory Co., Ltd - Meijo University Lab",,外延工厂,"UV Craftory Co., Ltd 的 Meijo University Lab，位于 Nagoya, Aichi, 日本。",3621,晶圆厂/外延片,In production,Nagoya,Aichi,日本,日本,日本,"Building No.14, Meijo University, 1-501, Shiogamaguchi,",http://uvcr.jp/uvc/index.htm,光电器件/LED,Opto,UV LEDs,"AlGaN, AlN",2,2,2000,125,,,400,2008,2007,2008,2008,/Users/simon/Documents/Simon-OB/本体论/base/半导体/SEMI_WFF_2026_1Q.xlsx,Company Detail,http://uvcr.jp/uvc/index.htm
"Visual Photonics Epitaxy Co., Ltd. - Pingzhen fab 2",,外延工厂,"Visual Photonics Epitaxy Co., Ltd. 的 Pingzhen fab 2，位于 Taoyuan, Northern Taiwan, 中国台湾。",4994,晶圆厂/外延片,In production,Taoyuan,Northern Taiwan,中国台湾,中国台湾,亚太,"15, Kung Yeh 1st Rd. Pingzhen",http://www.vpec.com.tw/,外延片,EPI,"4"", 5"" and 6"" epiwafers, GaAs epiwafers, HBT epiwafers, HEMT epiwafers, InGaAs epiwafers, PIN Diode epiwafers, VSCEL epiwafers","HBT, HEMT, GaAs, InP, InGaAS, InGaP, AlGaAs",,6,16000,9000,,,,2014,2012,2014,2014,/Users/simon/Documents/Simon-OB/本体论/base/半导体/SEMI_WFF_2026_1Q.xlsx,Company Detail,http://www.vpec.com.tw/
"Visual Photonics Epitaxy Co., Ltd. - Pingzhen fab 1",,外延工厂,"Visual Photonics Epitaxy Co., Ltd. 的 Pingzhen fab 1，位于 Taoyuan, Northern Taiwan, 中国台湾。",3591,晶圆厂/外延片,In production,Taoyuan,Northern Taiwan,中国台湾,中国台湾,亚太,"No. 16, Kung Yeh 1st Rd. Pingzhen",http://www.vpec.com.tw/,外延片,EPI,"4"", 5"" and 6"" epiwafers, GaAs HBT Epi wafer, InP HBT Epi wafer, HEMT epi wafer, PIN diode epi wafer, LD epiwafer","HBT, HEMT, GaAs, InP, InGaAS, InGaP, AlGaAs",,6,30000,16875,,,,2000,1999,2000,2000,/Users/simon/Documents/Simon-OB/本体论/base/半导体/SEMI_WFF_2026_1Q.xlsx,Company Detail,http://www.vpec.com.tw/
Walsin Lihwa - Yang Mei Plant,,外延工厂,"Walsin Lihwa 的 Yang Mei Plant，位于 Taoyuan, Northern Taiwan, 中国台湾。",3238,晶圆厂/外延片,In production,Taoyuan,Northern Taiwan,中国台湾,中国台湾,亚太,"No. 566, Kao-Shan Li, Kaoshi Rd.,",http://www.walsin.com.tw/,光电器件/LED,Opto,LED,"Sapphire, GaN",2,2,5000,312.5,,,,2008,2007,2008,2008,/Users/simon/Documents/Simon-OB/本体论/base/半导体/SEMI_WFF_2026_1Q.xlsx,Company Detail,http://www.walsin.com.tw/
Wolfspeed - Mega Fab for SiC and EPI (Buildings 1/5/8),,外延工厂,"Wolfspeed 的 Mega Fab for SiC and EPI (Buildings 1/5/8)，位于 Durham, North Carolina, 美国。",5103,晶圆厂/外延片,In production,Durham,North Carolina,美国,美洲,NA,4600 Silicon Drive,https://www.wolfspeed.com/,外延片,EPI,SiC crystal growth and EPI:  SiC material fabs automotive qualified for 200mm,"SiC, EPI",,6,50000,28125,59000,,253000,2021,2019,2021,2021,/Users/simon/Documents/Simon-OB/本体论/base/半导体/SEMI_WFF_2026_1Q.xlsx,Company Detail,https://www.wolfspeed.com/
Wolfspeed - RTP Fab (150mm line),,外延工厂,"Wolfspeed 的 RTP Fab (150mm line)，位于 Durham, North Carolina, 美国。",3293,晶圆厂/外延片，研发,Closed,Durham,North Carolina,美国,美洲,NA,3028 E. Cornwallis Rd,https://www.wolfspeed.com/,Discrete/Power,Discrete,MFT and Schottky,III-V: SiC,0.25,6,2300,1293.75,18432,10,211686,2011,2010,2011,2011,/Users/simon/Documents/Simon-OB/本体论/base/半导体/SEMI_WFF_2026_1Q.xlsx,Company Detail,https://www.wolfspeed.com/
Wolfspeed - Fab 1 (Intrinsic),,外延工厂,"Wolfspeed 的 Fab 1 (Intrinsic)，位于 Dulles, Virginia, 美国。",2235,晶圆厂/外延片,In production,Dulles,Virginia,美国,美洲,NA,22660 Executive Drive,https://www.wolfspeed.com/,外延片,EPI,GaN-based HEMT EPI Products;  insulating and conductive SiC wafers for high-frequency and high-p SiC and GaN device applications,SiC; GaN-HEMT Epi,,4,2000,500,,10000,,2002,,2006,2006,/Users/simon/Documents/Simon-OB/本体论/base/半导体/SEMI_WFF_2026_1Q.xlsx,Company Detail,https://www.wolfspeed.com/
Wolfspeed - Mega Fab Phase 1 for SiC 200mm (John Palmour Manufacturing Center),,外延工厂,"Wolfspeed 的 Mega Fab Phase 1 for SiC 200mm (John Palmour Manufacturing Center)，位于 Siler City, North Carolina, 美国。",6446,晶圆厂/外延片，研发,In production,Siler City,North Carolina,美国,美洲,NA,1000 Carolina Core Pkwy,https://www.wolfspeed.com/,外延片,EPI,Mainly 200mm SiC wafers,"SiC, EPI",,8,100000,100000,,,,2025,2023,2024,2025,/Users/simon/Documents/Simon-OB/本体论/base/半导体/SEMI_WFF_2026_1Q.xlsx,Company Detail,https://www.wolfspeed.com/
Wolfspeed - Mega Fab Phase 2 for SiC 200mm (John Palmour Manufacturing Center),,外延工厂,"Wolfspeed 的 Mega Fab Phase 2 for SiC 200mm (John Palmour Manufacturing Center)，位于 Siler City, North Carolina, 美国。",6478,晶圆厂/外延片,Planned,Siler City,North Carolina,美国,美洲,NA,1000 Carolina Core Pkwy,https://www.wolfspeed.com/,外延片,EPI,Mainly 200mm SiC wafers,"SiC, EPI",,8,100000,100000,,,,2028,2027,2028,2028,/Users/simon/Documents/Simon-OB/本体论/base/半导体/SEMI_WFF_2026_1Q.xlsx,Company Detail,https://www.wolfspeed.com/
Wolfspeed - Mega Fab Phase 3 for SiC 200mm (John Palmour Manufacturing Center),,外延工厂,"Wolfspeed 的 Mega Fab Phase 3 for SiC 200mm (John Palmour Manufacturing Center)，位于 Siler City, North Carolina, 美国。",6480,晶圆厂/外延片,Planned,Siler City,North Carolina,美国,美洲,NA,1000 Carolina Core Pkwy,https://www.wolfspeed.com/,外延片,EPI,Mainly 200mm SiC wafers,"SiC, EPI",,8,100000,100000,,,,2030,2029,2030,2030,/Users/simon/Documents/Simon-OB/本体论/base/半导体/SEMI_WFF_2026_1Q.xlsx,Company Detail,https://www.wolfspeed.com/
Wolfspeed - Building 10 (SiC Materials Fab),,外延工厂,"Wolfspeed 的 Building 10 (SiC Materials Fab)，位于 Durham, North Carolina, 美国。",6593,晶圆厂/外延片,In production,Durham,North Carolina,美国,美洲,NA,4425 Silicon Dr,https://www.wolfspeed.com/,外延片,EPI,SiC wafer materials fab,"SiC, EPI",,8,40000,40000,,,,2023,2022,2023,2023,/Users/simon/Documents/Simon-OB/本体论/base/半导体/SEMI_WFF_2026_1Q.xlsx,Company Detail,https://www.wolfspeed.com/
Wuxi Bluestar Electronics Corporation - Fab 1,,外延工厂,"Wuxi Bluestar Electronics Corporation 的 Fab 1，位于 Wuxi, Jiangsu, 中国。",3428,晶圆厂/外延片,In production,Wuxi,Jiangsu,中国,中国,亚太,"888, Jianghai West Rd",http://www.wuxibs.com/,光电器件/LED,Opto,HB-LED,GaN,2,2,6000,375,,,,2007,2006,2007,2007,/Users/simon/Documents/Simon-OB/本体论/base/半导体/SEMI_WFF_2026_1Q.xlsx,Company Detail,http://www.wuxibs.com/
Wuxi Bluestar Electronics Corporation - JV Fab,,外延工厂,"Wuxi Bluestar Electronics Corporation 的 JV Fab，位于 Wuxi, Jiangsu, 中国。",3436,晶圆厂/外延片,In production,Wuxi,Jiangsu,中国,中国,亚太,Wuxi New District,http://www.wuxibs.com/,光电器件/LED,Opto,HB-LED,GaN,2,2,10000,625,,,,2011,2010,2011,2011,/Users/simon/Documents/Simon-OB/本体论/base/半导体/SEMI_WFF_2026_1Q.xlsx,Company Detail,http://www.wuxibs.com/
Xian University of Posts&Telecommunications - Compound R&D,,外延工厂,"Xian University of Posts&Telecommunications 的 Compound R&D，位于 Xian, Shaanxi, 中国。",6640,晶圆厂/外延片,In production,Xian,Shaanxi,中国,中国,亚太,"Office 318, Experimental Building 2, Xi'an University of Posts and Telecommunications, Weiguo Road",https://english.xupt.edu.cn/,研发,Other,,GaN,,8,250,250,,,,2022,2021,2022,2022,/Users/simon/Documents/Simon-OB/本体论/base/半导体/SEMI_WFF_2026_1Q.xlsx,Company Detail,https://english.xupt.edu.cn/
"Xian Zoomview Optoelectronics and Technology Co., Ltd. - n/a",,外延工厂,"Xian Zoomview Optoelectronics and Technology Co., Ltd. 的 n/a，位于 Xian, Shaanxi, 中国。",3261,晶圆厂/外延片,In production,Xian,Shaanxi,中国,中国,亚太,"No. 3, Electronic West Rd.",http://www.zoomview.com.cn/,光电器件/LED,Opto,LED,Sapphire,2,2,8000,500,19000,,38000,2008,2007,2008,2008,/Users/simon/Documents/Simon-OB/本体论/base/半导体/SEMI_WFF_2026_1Q.xlsx,Company Detail,http://www.zoomview.com.cn/
Yangzhou Yangjie Electronic Technology - Yixing line,,外延工厂,"Yangzhou Yangjie Electronic Technology 的 Yixing line，位于 Yixing, Jiangsu, 中国。",5065,晶圆厂/外延片，研发，中试线,In production,Yixing,Jiangsu,中国,中国,亚太,"No. 555, South Taihu Avenue",www.21yangjie.com,Discrete/Power,Discrete,"IGBT, MOSFET",,0.35,6,6000,3375,,,,2018,2018,2018,2018,/Users/simon/Documents/Simon-OB/本体论/base/半导体/SEMI_WFF_2026_1Q.xlsx,Company Detail,file:///Users/simon/Documents/Simon-OB/%E6%9C%AC%E4%BD%93%E8%AE%BA/base/%E5%8D%8A%E5%AF%BC%E4%BD%93/output/semiconductor_ontology.json
Yangzhou Zhongke Semiconductor Lighting Center Co. Ltd - Fab 1,,外延工厂,"Yangzhou Zhongke Semiconductor Lighting Center Co. Ltd 的 Fab 1，位于 Yangzhou, Jiangsu, 中国。",3420,晶圆厂/外延片,In production,Yangzhou,Jiangsu,中国,中国,亚太,"186, Linjiang Rd,",http://www.yzzkled.com/,光电器件/LED,Opto,HB-LED,Sapphire,2,2,100000,6250,,,344450,2011,2011,2011,2011,/Users/simon/Documents/Simon-OB/本体论/base/半导体/SEMI_WFF_2026_1Q.xlsx,Company Detail,http://www.yzzkled.com/
