sourceInstance,targetInstance,linkTypeName,sourceObjectType,targetObjectType,linkTypeCategory,source_url
3S Photonics - Nozay current wafer capacity (SEMI WFF),3S Photonics - Nozay,晶圆产能统计对象晶圆制造工厂,晶圆产能,晶圆制造工厂,统计对象,SEMI_WFF_2026_1Q.xlsx#Company Detail
ABB Semiconductor - Lenzburg 2 current wafer capacity (SEMI WFF),ABB Semiconductor - Lenzburg 2,晶圆产能统计对象晶圆制造工厂,晶圆产能,晶圆制造工厂,统计对象,SEMI_WFF_2026_1Q.xlsx#Company Detail
ABB Semiconductor - Lenzburg 1 current wafer capacity (SEMI WFF),ABB Semiconductor - Lenzburg 1,晶圆产能统计对象晶圆制造工厂,晶圆产能,晶圆制造工厂,统计对象,SEMI_WFF_2026_1Q.xlsx#Company Detail
ABB Semiconductor - Lenzburg 3 current wafer capacity (SEMI WFF),ABB Semiconductor - Lenzburg 3,晶圆产能统计对象晶圆制造工厂,晶圆产能,晶圆制造工厂,统计对象,SEMI_WFF_2026_1Q.xlsx#Company Detail
ABLIC Inc. - #A current wafer capacity (SEMI WFF),ABLIC Inc. - #A,晶圆产能统计对象晶圆制造工厂,晶圆产能,晶圆制造工厂,统计对象,SEMI_WFF_2026_1Q.xlsx#Company Detail
Acenpower - Acenpower 6-inch Line current wafer capacity (SEMI WFF),Acenpower - Acenpower 6-inch Line,晶圆产能统计对象晶圆制造工厂,晶圆产能,晶圆制造工厂,统计对象,SEMI_WFF_2026_1Q.xlsx#Company Detail
Acenpower - Acenpower 8-inch SiC Line current wafer capacity (SEMI WFF),Acenpower - Acenpower 8-inch SiC Line,晶圆产能统计对象晶圆制造工厂,晶圆产能,晶圆制造工厂,统计对象,SEMI_WFF_2026_1Q.xlsx#Company Detail
ACSMC - Fab 1 current wafer capacity (SEMI WFF),ACSMC - Fab 1,晶圆产能统计对象晶圆制造工厂,晶圆产能,晶圆制造工厂,统计对象,SEMI_WFF_2026_1Q.xlsx#Company Detail
Advanced Microelectronic Products Inc. (AMPI) - Fab 1 current wafer capacity (SEMI WFF),Advanced Microelectronic Products Inc. (AMPI) - Fab 1,晶圆产能统计对象晶圆制造工厂,晶圆产能,晶圆制造工厂,统计对象,SEMI_WFF_2026_1Q.xlsx#Company Detail
Agiltron - Woburn (shared with Sensera) current wafer capacity (SEMI WFF),Agiltron - Woburn (shared with Sensera),晶圆产能统计对象晶圆制造工厂,晶圆产能,晶圆制造工厂,统计对象,SEMI_WFF_2026_1Q.xlsx#Company Detail
"Akoustis - STC-MEMS (was SUNY Poly, Infotonics)  former XEROX fab current wafer capacity (SEMI WFF)","Akoustis - STC-MEMS (was SUNY Poly, Infotonics)  former XEROX fab",晶圆产能统计对象晶圆制造工厂,晶圆产能,晶圆制造工厂,统计对象,SEMI_WFF_2026_1Q.xlsx#Company Detail
Alphion Corporation - Princeton Junction current wafer capacity (SEMI WFF),Alphion Corporation - Princeton Junction,晶圆产能统计对象晶圆制造工厂,晶圆产能,晶圆制造工厂,统计对象,SEMI_WFF_2026_1Q.xlsx#Company Detail
"Alps Electric Co., Ltd. - Nagaoka Plant current wafer capacity (SEMI WFF)","Alps Electric Co., Ltd. - Nagaoka Plant",晶圆产能统计对象晶圆制造工厂,晶圆产能,晶圆制造工厂,统计对象,SEMI_WFF_2026_1Q.xlsx#Company Detail
Amphenol Advanced Sensors - Amphenol Advanced Sensors current wafer capacity (SEMI WFF),Amphenol Advanced Sensors - Amphenol Advanced Sensors,晶圆产能统计对象晶圆制造工厂,晶圆产能,晶圆制造工厂,统计对象,SEMI_WFF_2026_1Q.xlsx#Company Detail
ams-OSRAM - AMS 200 (was ams AG) current wafer capacity (SEMI WFF),ams-OSRAM - AMS 200 (was ams AG),晶圆产能统计对象晶圆制造工厂,晶圆产能,晶圆制造工厂,统计对象,SEMI_WFF_2026_1Q.xlsx#Company Detail
ams-OSRAM - JTC NanoSpace (was ams AG) current wafer capacity (SEMI WFF),ams-OSRAM - JTC NanoSpace (was ams AG),晶圆产能统计对象晶圆制造工厂,晶圆产能,晶圆制造工厂,统计对象,SEMI_WFF_2026_1Q.xlsx#Company Detail
Analog Devices Inc - Limerick New Next Gen Fab current wafer capacity (SEMI WFF),Analog Devices Inc - Limerick New Next Gen Fab,晶圆产能统计对象晶圆制造工厂,晶圆产能,晶圆制造工厂,统计对象,SEMI_WFF_2026_1Q.xlsx#Company Detail
Analog Devices Inc - Limerick current wafer capacity (SEMI WFF),Analog Devices Inc - Limerick,晶圆产能统计对象晶圆制造工厂,晶圆产能,晶圆制造工厂,统计对象,SEMI_WFF_2026_1Q.xlsx#Company Detail
Analog Devices Inc - Wilmington current wafer capacity (SEMI WFF),Analog Devices Inc - Wilmington,晶圆产能统计对象晶圆制造工厂,晶圆产能,晶圆制造工厂,统计对象,SEMI_WFF_2026_1Q.xlsx#Company Detail
Analog Devices Inc - Camas (was Linear Technologies) current wafer capacity (SEMI WFF),Analog Devices Inc - Camas (was Linear Technologies),晶圆产能统计对象晶圆制造工厂,晶圆产能,晶圆制造工厂,统计对象,SEMI_WFF_2026_1Q.xlsx#Company Detail
Analog Devices Inc - Beaverton-Portland (was Maxim) current wafer capacity (SEMI WFF),Analog Devices Inc - Beaverton-Portland (was Maxim),晶圆产能统计对象晶圆制造工厂,晶圆产能,晶圆制造工厂,统计对象,SEMI_WFF_2026_1Q.xlsx#Company Detail
Analog Foundries - CSEC current wafer capacity (SEMI WFF),Analog Foundries - CSEC,晶圆产能统计对象晶圆制造工厂,晶圆产能,晶圆制造工厂,统计对象,SEMI_WFF_2026_1Q.xlsx#Company Detail
Angstrem - Angstrem Plus (Fab 0) (basic) current wafer capacity (SEMI WFF),Angstrem - Angstrem Plus (Fab 0) (basic),晶圆产能统计对象晶圆制造工厂,晶圆产能,晶圆制造工厂,统计对象,SEMI_WFF_2026_1Q.xlsx#Company Detail
Angstrem - Fab 1 current wafer capacity (SEMI WFF),Angstrem - Fab 1,晶圆产能统计对象晶圆制造工厂,晶圆产能,晶圆制造工厂,统计对象,SEMI_WFF_2026_1Q.xlsx#Company Detail
"Anhui Anxin Electronic Technology Co., Ltd. - Fab 1 (GPP) current wafer capacity (SEMI WFF)","Anhui Anxin Electronic Technology Co., Ltd. - Fab 1 (GPP)",晶圆产能统计对象晶圆制造工厂,晶圆产能,晶圆制造工厂,统计对象,SEMI_WFF_2026_1Q.xlsx#Company Detail
"Anhui Anxin Electronic Technology Co., Ltd. - Fab 2 (5inch) current wafer capacity (SEMI WFF)","Anhui Anxin Electronic Technology Co., Ltd. - Fab 2 (5inch)",晶圆产能统计对象晶圆制造工厂,晶圆产能,晶圆制造工厂,统计对象,SEMI_WFF_2026_1Q.xlsx#Company Detail
"Anhui Anxin Electronic Technology Co., Ltd. - Fab 3 (6inch line) current wafer capacity (SEMI WFF)","Anhui Anxin Electronic Technology Co., Ltd. - Fab 3 (6inch line)",晶圆产能统计对象晶圆制造工厂,晶圆产能,晶圆制造工厂,统计对象,SEMI_WFF_2026_1Q.xlsx#Company Detail
Anhui RiChips - Hefei fab current wafer capacity (SEMI WFF),Anhui RiChips - Hefei fab,晶圆产能统计对象晶圆制造工厂,晶圆产能,晶圆制造工厂,统计对象,SEMI_WFF_2026_1Q.xlsx#Company Detail
Anhui YOFC Advanced Semiconductor (YASC) - Wuhan Fab current wafer capacity (SEMI WFF),Anhui YOFC Advanced Semiconductor (YASC) - Wuhan Fab,晶圆产能统计对象晶圆制造工厂,晶圆产能,晶圆制造工厂,统计对象,SEMI_WFF_2026_1Q.xlsx#Company Detail
Anhui YOFC Advanced Semiconductor (YASC) - Wuhu Fab current wafer capacity (SEMI WFF),Anhui YOFC Advanced Semiconductor (YASC) - Wuhu Fab,晶圆产能统计对象晶圆制造工厂,晶圆产能,晶圆制造工厂,统计对象,SEMI_WFF_2026_1Q.xlsx#Company Detail
AOS - Jireh Semiconductor current wafer capacity (SEMI WFF),AOS - Jireh Semiconductor,晶圆产能统计对象晶圆制造工厂,晶圆产能,晶圆制造工厂,统计对象,SEMI_WFF_2026_1Q.xlsx#Company Detail
AOS - Chongqing fab (phase 2) current wafer capacity (SEMI WFF),AOS - Chongqing fab (phase 2),晶圆产能统计对象晶圆制造工厂,晶圆产能,晶圆制造工厂,统计对象,SEMI_WFF_2026_1Q.xlsx#Company Detail
AOS - Chongqing fab (phase 1) current wafer capacity (SEMI WFF),AOS - Chongqing fab (phase 1),晶圆产能统计对象晶圆制造工厂,晶圆产能,晶圆制造工厂,统计对象,SEMI_WFF_2026_1Q.xlsx#Company Detail
Aosong Electronics (ASAIR) - Chongqing 200mm fab current wafer capacity (SEMI WFF),Aosong Electronics (ASAIR) - Chongqing 200mm fab,晶圆产能统计对象晶圆制造工厂,晶圆产能,晶圆制造工厂,统计对象,SEMI_WFF_2026_1Q.xlsx#Company Detail
Aosong Electronics (ASAIR) - MEMS fab (Phase 1 + 2) current wafer capacity (SEMI WFF),Aosong Electronics (ASAIR) - MEMS fab (Phase 1 + 2),晶圆产能统计对象晶圆制造工厂,晶圆产能,晶圆制造工厂,统计对象,SEMI_WFF_2026_1Q.xlsx#Company Detail
Asahi Kasei Microdevices (AKM) - Fab 1 current wafer capacity (SEMI WFF),Asahi Kasei Microdevices (AKM) - Fab 1,晶圆产能统计对象晶圆制造工厂,晶圆产能,晶圆制造工厂,统计对象,SEMI_WFF_2026_1Q.xlsx#Company Detail
"Asahi Kasei Microdevices (AKM) - Fab 2 (8"" line) current wafer capacity (SEMI WFF)","Asahi Kasei Microdevices (AKM) - Fab 2 (8"" line)",晶圆产能统计对象晶圆制造工厂,晶圆产能,晶圆制造工厂,统计对象,SEMI_WFF_2026_1Q.xlsx#Company Detail
Asahi Kasei Microdevices (AKM) - Fab 3 current wafer capacity (SEMI WFF),Asahi Kasei Microdevices (AKM) - Fab 3,晶圆产能统计对象晶圆制造工厂,晶圆产能,晶圆制造工厂,统计对象,SEMI_WFF_2026_1Q.xlsx#Company Detail
"Asahi Kasei Microdevices (AKM) - Fab 2 (6"" line) current wafer capacity (SEMI WFF)","Asahi Kasei Microdevices (AKM) - Fab 2 (6"" line)",晶圆产能统计对象晶圆制造工厂,晶圆产能,晶圆制造工厂,统计对象,SEMI_WFF_2026_1Q.xlsx#Company Detail
"Asia Pacific Microsystems, Inc.  (APM) - Fab 1 current wafer capacity (SEMI WFF)","Asia Pacific Microsystems, Inc.  (APM) - Fab 1",晶圆产能统计对象晶圆制造工厂,晶圆产能,晶圆制造工厂,统计对象,SEMI_WFF_2026_1Q.xlsx#Company Detail
Atomica (was IMT Innovative Micro Technology) - 6-inch line current wafer capacity (SEMI WFF),Atomica (was IMT Innovative Micro Technology) - 6-inch line,晶圆产能统计对象晶圆制造工厂,晶圆产能,晶圆制造工厂,统计对象,SEMI_WFF_2026_1Q.xlsx#Company Detail
Atomica (was IMT Innovative Micro Technology) - 8-inch line current wafer capacity (SEMI WFF),Atomica (was IMT Innovative Micro Technology) - 8-inch line,晶圆产能统计对象晶圆制造工厂,晶圆产能,晶圆制造工厂,统计对象,SEMI_WFF_2026_1Q.xlsx#Company Detail
AUK Corporation - A 2 current wafer capacity (SEMI WFF),AUK Corporation - A 2,晶圆产能统计对象晶圆制造工厂,晶圆产能,晶圆制造工厂,统计对象,SEMI_WFF_2026_1Q.xlsx#Company Detail
AUK Corporation - D1 and D2 Lines current wafer capacity (SEMI WFF),AUK Corporation - D1 and D2 Lines,晶圆产能统计对象晶圆制造工厂,晶圆产能,晶圆制造工厂,统计对象,SEMI_WFF_2026_1Q.xlsx#Company Detail
AUK Corporation - A 1 current wafer capacity (SEMI WFF),AUK Corporation - A 1,晶圆产能统计对象晶圆制造工厂,晶圆产能,晶圆制造工厂,统计对象,SEMI_WFF_2026_1Q.xlsx#Company Detail
Autopribor - Autopribor current wafer capacity (SEMI WFF),Autopribor - Autopribor,晶圆产能统计对象晶圆制造工厂,晶圆产能,晶圆制造工厂,统计对象,SEMI_WFF_2026_1Q.xlsx#Company Detail
AVIC Kaimai (Shanghai) - InSb Fab current wafer capacity (SEMI WFF),AVIC Kaimai (Shanghai) - InSb Fab,晶圆产能统计对象晶圆制造工厂,晶圆产能,晶圆制造工厂,统计对象,SEMI_WFF_2026_1Q.xlsx#Company Detail
AWSC (Advanced Wireless Semiconductor Co.) - Module 1 current wafer capacity (SEMI WFF),AWSC (Advanced Wireless Semiconductor Co.) - Module 1,晶圆产能统计对象晶圆制造工厂,晶圆产能,晶圆制造工厂,统计对象,SEMI_WFF_2026_1Q.xlsx#Company Detail
AWSC (Advanced Wireless Semiconductor Co.) - Module 2 current wafer capacity (SEMI WFF),AWSC (Advanced Wireless Semiconductor Co.) - Module 2,晶圆产能统计对象晶圆制造工厂,晶圆产能,晶圆制造工厂,统计对象,SEMI_WFF_2026_1Q.xlsx#Company Detail
BAE Systems - BAE Systems Imaging Solutions current wafer capacity (SEMI WFF),BAE Systems - BAE Systems Imaging Solutions,晶圆产能统计对象晶圆制造工厂,晶圆产能,晶圆制造工厂,统计对象,SEMI_WFF_2026_1Q.xlsx#Company Detail
BAE Systems - Advanced Microwave Products (AMP) Center current wafer capacity (SEMI WFF),BAE Systems - Advanced Microwave Products (AMP) Center,晶圆产能统计对象晶圆制造工厂,晶圆产能,晶圆制造工厂,统计对象,SEMI_WFF_2026_1Q.xlsx#Company Detail
Beijing MXTronics Corp. - Beijing fab current wafer capacity (SEMI WFF),Beijing MXTronics Corp. - Beijing fab,晶圆产能统计对象晶圆制造工厂,晶圆产能,晶圆制造工厂,统计对象,SEMI_WFF_2026_1Q.xlsx#Company Detail
Beijing Yandong (YDME) - Yandong 200mm Fab current wafer capacity (SEMI WFF),Beijing Yandong (YDME) - Yandong 200mm Fab,晶圆产能统计对象晶圆制造工厂,晶圆产能,晶圆制造工厂,统计对象,SEMI_WFF_2026_1Q.xlsx#Company Detail
Beijing Yandong (YDME) - 150mm fab current wafer capacity (SEMI WFF),Beijing Yandong (YDME) - 150mm fab,晶圆产能统计对象晶圆制造工厂,晶圆产能,晶圆制造工厂,统计对象,SEMI_WFF_2026_1Q.xlsx#Company Detail
Beijing Yandong (YDME) - new 300mm fab current wafer capacity (SEMI WFF),Beijing Yandong (YDME) - new 300mm fab,晶圆产能统计对象晶圆制造工厂,晶圆产能,晶圆制造工厂,统计对象,SEMI_WFF_2026_1Q.xlsx#Company Detail
Beijing Yandong (YDME) - 150mm SiC Line current wafer capacity (SEMI WFF),Beijing Yandong (YDME) - 150mm SiC Line,晶圆产能统计对象晶圆制造工厂,晶圆产能,晶圆制造工厂,统计对象,SEMI_WFF_2026_1Q.xlsx#Company Detail
Beijing Yandong (YDME) - Yandong 300mm Line current wafer capacity (SEMI WFF),Beijing Yandong (YDME) - Yandong 300mm Line,晶圆产能统计对象晶圆制造工厂,晶圆产能,晶圆制造工厂,统计对象,SEMI_WFF_2026_1Q.xlsx#Company Detail
BEL (Bharat Electronics Limited) - Bangalore current wafer capacity (SEMI WFF),BEL (Bharat Electronics Limited) - Bangalore,晶圆产能统计对象晶圆制造工厂,晶圆产能,晶圆制造工厂,统计对象,SEMI_WFF_2026_1Q.xlsx#Company Detail
"BelGaN (Belgium GaN) - Oudenaarde 6-inch (was OnSEMI, before that was AMI Fab 2) current wafer capacity (SEMI WFF)","BelGaN (Belgium GaN) - Oudenaarde 6-inch (was OnSEMI, before that was AMI Fab 2)",晶圆产能统计对象晶圆制造工厂,晶圆产能,晶圆制造工厂,统计对象,SEMI_WFF_2026_1Q.xlsx#Company Detail
"BelGaN (Belgium GaN) - Oudenaarde 8-inch (was OnSEMI, before that was AMI Fab 2) current wafer capacity (SEMI WFF)","BelGaN (Belgium GaN) - Oudenaarde 8-inch (was OnSEMI, before that was AMI Fab 2)",晶圆产能统计对象晶圆制造工厂,晶圆产能,晶圆制造工厂,统计对象,SEMI_WFF_2026_1Q.xlsx#Company Detail
Bi-CMOS Foundry - Bi-CMOS Foundry current wafer capacity (SEMI WFF),Bi-CMOS Foundry - Bi-CMOS Foundry,晶圆产能统计对象晶圆制造工厂,晶圆产能,晶圆制造工厂,统计对象,SEMI_WFF_2026_1Q.xlsx#Company Detail
Bosch - 300mm Fab 1 (P1+ P2) current wafer capacity (SEMI WFF),Bosch - 300mm Fab 1 (P1+ P2),晶圆产能统计对象晶圆制造工厂,晶圆产能,晶圆制造工厂,统计对象,SEMI_WFF_2026_1Q.xlsx#Company Detail
Bosch - 150mm Wafer Fab current wafer capacity (SEMI WFF),Bosch - 150mm Wafer Fab,晶圆产能统计对象晶圆制造工厂,晶圆产能,晶圆制造工厂,统计对象,SEMI_WFF_2026_1Q.xlsx#Company Detail
Bosch - MEMS fab current wafer capacity (SEMI WFF),Bosch - MEMS fab,晶圆产能统计对象晶圆制造工厂,晶圆产能,晶圆制造工厂,统计对象,SEMI_WFF_2026_1Q.xlsx#Company Detail
Bosch - Clayton current wafer capacity (SEMI WFF),Bosch - Clayton,晶圆产能统计对象晶圆制造工厂,晶圆产能,晶圆制造工厂,统计对象,SEMI_WFF_2026_1Q.xlsx#Company Detail
Bosch - 200mm Wafer fab current wafer capacity (SEMI WFF),Bosch - 200mm Wafer fab,晶圆产能统计对象晶圆制造工厂,晶圆产能,晶圆制造工厂,统计对象,SEMI_WFF_2026_1Q.xlsx#Company Detail
Bosch - Phase C of expansion plan: 150mm line current wafer capacity (SEMI WFF),Bosch - Phase C of expansion plan: 150mm line,晶圆产能统计对象晶圆制造工厂,晶圆产能,晶圆制造工厂,统计对象,SEMI_WFF_2026_1Q.xlsx#Company Detail
Bosch - Phase C of expansion plan: 200mm line current wafer capacity (SEMI WFF),Bosch - Phase C of expansion plan: 200mm line,晶圆产能统计对象晶圆制造工厂,晶圆产能,晶圆制造工厂,统计对象,SEMI_WFF_2026_1Q.xlsx#Company Detail
Bosch - 300mm Fab 1 Expansion current wafer capacity (SEMI WFF),Bosch - 300mm Fab 1 Expansion,晶圆产能统计对象晶圆制造工厂,晶圆产能,晶圆制造工厂,统计对象,SEMI_WFF_2026_1Q.xlsx#Company Detail
Bosch - M-Line + K-Line (merged March 2023) current wafer capacity (SEMI WFF),Bosch - M-Line + K-Line (merged March 2023),晶圆产能统计对象晶圆制造工厂,晶圆产能,晶圆制造工厂,统计对象,SEMI_WFF_2026_1Q.xlsx#Company Detail
Bosch - 150mm SiC Line current wafer capacity (SEMI WFF),Bosch - 150mm SiC Line,晶圆产能统计对象晶圆制造工厂,晶圆产能,晶圆制造工厂,统计对象,SEMI_WFF_2026_1Q.xlsx#Company Detail
Bourns Ltd. - Fab 1 current wafer capacity (SEMI WFF),Bourns Ltd. - Fab 1,晶圆产能统计对象晶圆制造工厂,晶圆产能,晶圆制造工厂,统计对象,SEMI_WFF_2026_1Q.xlsx#Company Detail
Broadcom (was Avago) - 8-inch Lines combined fabs (B2+B3+B4)  (was B2 8-inch FBAR line (was Silicon processing + GaAs line) current wafer capacity (SEMI WFF),Broadcom (was Avago) - 8-inch Lines combined fabs (B2+B3+B4)  (was B2 8-inch FBAR line (was Silicon processing + GaAs line),晶圆产能统计对象晶圆制造工厂,晶圆产能,晶圆制造工厂,统计对象,SEMI_WFF_2026_1Q.xlsx#Company Detail
Broadcom (was Avago) - Breinigsville (was CyOptics) current wafer capacity (SEMI WFF),Broadcom (was Avago) - Breinigsville (was CyOptics),晶圆产能统计对象晶圆制造工厂,晶圆产能,晶圆制造工厂,统计对象,SEMI_WFF_2026_1Q.xlsx#Company Detail
Broadcom (was Avago) - Avago Depot Road current wafer capacity (SEMI WFF),Broadcom (was Avago) - Avago Depot Road,晶圆产能统计对象晶圆制造工厂,晶圆产能,晶圆制造工厂,统计对象,SEMI_WFF_2026_1Q.xlsx#Company Detail
Broadcom (was Avago) - Avago Yishun current wafer capacity (SEMI WFF),Broadcom (was Avago) - Avago Yishun,晶圆产能统计对象晶圆制造工厂,晶圆产能,晶圆制造工厂,统计对象,SEMI_WFF_2026_1Q.xlsx#Company Detail
Bryansk Semiconductor - N/A current wafer capacity (SEMI WFF),Bryansk Semiconductor - N/A,晶圆产能统计对象晶圆制造工厂,晶圆产能,晶圆制造工厂,统计对象,SEMI_WFF_2026_1Q.xlsx#Company Detail
BYD Co. Ltd - Fab 1 current wafer capacity (SEMI WFF),BYD Co. Ltd - Fab 1,晶圆产能统计对象晶圆制造工厂,晶圆产能,晶圆制造工厂,统计对象,SEMI_WFF_2026_1Q.xlsx#Company Detail
BYD Co. Ltd - BYD Chengdu current wafer capacity (SEMI WFF),BYD Co. Ltd - BYD Chengdu,晶圆产能统计对象晶圆制造工厂,晶圆产能,晶圆制造工厂,统计对象,SEMI_WFF_2026_1Q.xlsx#Company Detail
BYD Co. Ltd - Jinan fab (was Jinan Energen) current wafer capacity (SEMI WFF),BYD Co. Ltd - Jinan fab (was Jinan Energen),晶圆产能统计对象晶圆制造工厂,晶圆产能,晶圆制造工厂,统计对象,SEMI_WFF_2026_1Q.xlsx#Company Detail
BYD Co. Ltd - Changsha fab (new line in existing fab) current wafer capacity (SEMI WFF),BYD Co. Ltd - Changsha fab (new line in existing fab),晶圆产能统计对象晶圆制造工厂,晶圆产能,晶圆制造工厂,统计对象,SEMI_WFF_2026_1Q.xlsx#Company Detail
Cactus Materials - Wafer Processing Fab current wafer capacity (SEMI WFF),Cactus Materials - Wafer Processing Fab,晶圆产能统计对象晶圆制造工厂,晶圆产能,晶圆制造工厂,统计对象,SEMI_WFF_2026_1Q.xlsx#Company Detail
Canon - Ayase Plant current wafer capacity (SEMI WFF),Canon - Ayase Plant,晶圆产能统计对象晶圆制造工厂,晶圆产能,晶圆制造工厂,统计对象,SEMI_WFF_2026_1Q.xlsx#Company Detail
Canon - Oita plant current wafer capacity (SEMI WFF),Canon - Oita plant,晶圆产能统计对象晶圆制造工厂,晶圆产能,晶圆制造工厂,统计对象,SEMI_WFF_2026_1Q.xlsx#Company Detail
CanSemi - Cansemi Phase 4 current wafer capacity (SEMI WFF),CanSemi - Cansemi Phase 4,晶圆产能统计对象晶圆制造工厂,晶圆产能,晶圆制造工厂,统计对象,SEMI_WFF_2026_1Q.xlsx#Company Detail
CanSemi - CanSemi Phase 3 current wafer capacity (SEMI WFF),CanSemi - CanSemi Phase 3,晶圆产能统计对象晶圆制造工厂,晶圆产能,晶圆制造工厂,统计对象,SEMI_WFF_2026_1Q.xlsx#Company Detail
CanSemi - CanSemi (Phase 1 + Phase 2) current wafer capacity (SEMI WFF),CanSemi - CanSemi (Phase 1 + Phase 2),晶圆产能统计对象晶圆制造工厂,晶圆产能,晶圆制造工厂,统计对象,SEMI_WFF_2026_1Q.xlsx#Company Detail
CDIL (Continental Devices India Ltd.) - N/A current wafer capacity (SEMI WFF),CDIL (Continental Devices India Ltd.) - N/A,晶圆产能统计对象晶圆制造工厂,晶圆产能,晶圆制造工厂,统计对象,SEMI_WFF_2026_1Q.xlsx#Company Detail
CEITEC (Centro de Excelencia em Tecnologia Eletronica Avancada) - Building 2 current wafer capacity (SEMI WFF),CEITEC (Centro de Excelencia em Tecnologia Eletronica Avancada) - Building 2,晶圆产能统计对象晶圆制造工厂,晶圆产能,晶圆制造工厂,统计对象,SEMI_WFF_2026_1Q.xlsx#Company Detail
Changzhou Chemsemi - Fab 2 (SAW Line) current wafer capacity (SEMI WFF),Changzhou Chemsemi - Fab 2 (SAW Line),晶圆产能统计对象晶圆制造工厂,晶圆产能,晶圆制造工厂,统计对象,SEMI_WFF_2026_1Q.xlsx#Company Detail
Changzhou Chemsemi - Fab 1 (VCSEL Line) current wafer capacity (SEMI WFF),Changzhou Chemsemi - Fab 1 (VCSEL Line),晶圆产能统计对象晶圆制造工厂,晶圆产能,晶圆制造工厂,统计对象,SEMI_WFF_2026_1Q.xlsx#Company Detail
Chengdu HiWafer Semiconductor - HiWafer fab current wafer capacity (SEMI WFF),Chengdu HiWafer Semiconductor - HiWafer fab,晶圆产能统计对象晶圆制造工厂,晶圆产能,晶圆制造工厂,统计对象,SEMI_WFF_2026_1Q.xlsx#Company Detail
"China Resources Huajing Microelectronics Co., Ltd. - Plant 5 (6"" line) current wafer capacity (SEMI WFF)","China Resources Huajing Microelectronics Co., Ltd. - Plant 5 (6"" line)",晶圆产能统计对象晶圆制造工厂,晶圆产能,晶圆制造工厂,统计对象,SEMI_WFF_2026_1Q.xlsx#Company Detail
"China Resources Huajing Microelectronics Co., Ltd. - Plant 2 (4"" line) current wafer capacity (SEMI WFF)","China Resources Huajing Microelectronics Co., Ltd. - Plant 2 (4"" line)",晶圆产能统计对象晶圆制造工厂,晶圆产能,晶圆制造工厂,统计对象,SEMI_WFF_2026_1Q.xlsx#Company Detail
"China Resources Huajing Microelectronics Co., Ltd. - Plant 5 (5"" line) current wafer capacity (SEMI WFF)","China Resources Huajing Microelectronics Co., Ltd. - Plant 5 (5"" line)",晶圆产能统计对象晶圆制造工厂,晶圆产能,晶圆制造工厂,统计对象,SEMI_WFF_2026_1Q.xlsx#Company Detail
Chongqing Xinlian Microelectronics (XLMEC) - XLMEC Fab 1 current wafer capacity (SEMI WFF),Chongqing Xinlian Microelectronics (XLMEC) - XLMEC Fab 1,晶圆产能统计对象晶圆制造工厂,晶圆产能,晶圆制造工厂,统计对象,SEMI_WFF_2026_1Q.xlsx#Company Detail
Chongqing Xinling Microelectronics - Chongqing Fab current wafer capacity (SEMI WFF),Chongqing Xinling Microelectronics - Chongqing Fab,晶圆产能统计对象晶圆制造工厂,晶圆产能,晶圆制造工厂,统计对象,SEMI_WFF_2026_1Q.xlsx#Company Detail
Chunghwa Leading Photonics Tech (CLPT) - Yangmei fab current wafer capacity (SEMI WFF),Chunghwa Leading Photonics Tech (CLPT) - Yangmei fab,晶圆产能统计对象晶圆制造工厂,晶圆产能,晶圆制造工厂,统计对象,SEMI_WFF_2026_1Q.xlsx#Company Detail
Clas-SiC Wafer Fab - Lochgelly fab current wafer capacity (SEMI WFF),Clas-SiC Wafer Fab - Lochgelly fab,晶圆产能统计对象晶圆制造工厂,晶圆产能,晶圆制造工厂,统计对象,SEMI_WFF_2026_1Q.xlsx#Company Detail
CNS Semiconductor - IC Waferfab current wafer capacity (SEMI WFF),CNS Semiconductor - IC Waferfab,晶圆产能统计对象晶圆制造工厂,晶圆产能,晶圆制造工厂,统计对象,SEMI_WFF_2026_1Q.xlsx#Company Detail
"Coherent (was II-VI Incorporated) - Fremont (was Finisar, was Genoa) current wafer capacity (SEMI WFF)","Coherent (was II-VI Incorporated) - Fremont (was Finisar, was Genoa)",晶圆产能统计对象晶圆制造工厂,晶圆产能,晶圆制造工厂,统计对象,SEMI_WFF_2026_1Q.xlsx#Company Detail
"Coherent (was II-VI Incorporated) - Sherman (was Finisar, was MEMC) current wafer capacity (SEMI WFF)","Coherent (was II-VI Incorporated) - Sherman (was Finisar, was MEMC)",晶圆产能统计对象晶圆制造工厂,晶圆产能,晶圆制造工厂,统计对象,SEMI_WFF_2026_1Q.xlsx#Company Detail
Coherent (was II-VI Incorporated) - Zurich current wafer capacity (SEMI WFF),Coherent (was II-VI Incorporated) - Zurich,晶圆产能统计对象晶圆制造工厂,晶圆产能,晶圆制造工厂,统计对象,SEMI_WFF_2026_1Q.xlsx#Company Detail
Coherent (was II-VI Incorporated) - Anadigics GaAs fab current wafer capacity (SEMI WFF),Coherent (was II-VI Incorporated) - Anadigics GaAs fab,晶圆产能统计对象晶圆制造工厂,晶圆产能,晶圆制造工厂,统计对象,SEMI_WFF_2026_1Q.xlsx#Company Detail
Coherent (was II-VI Incorporated) - Project Device Fab current wafer capacity (SEMI WFF),Coherent (was II-VI Incorporated) - Project Device Fab,晶圆产能统计对象晶圆制造工厂,晶圆产能,晶圆制造工厂,统计对象,SEMI_WFF_2026_1Q.xlsx#Company Detail
Colibrys Sa - N/A current wafer capacity (SEMI WFF),Colibrys Sa - N/A,晶圆产能统计对象晶圆制造工厂,晶圆产能,晶圆制造工厂,统计对象,SEMI_WFF_2026_1Q.xlsx#Company Detail
Compound Photonics - Madison fab current wafer capacity (SEMI WFF),Compound Photonics - Madison fab,晶圆产能统计对象晶圆制造工厂,晶圆产能,晶圆制造工厂,统计对象,SEMI_WFF_2026_1Q.xlsx#Company Detail
Compound Photonics - COM 1 current wafer capacity (SEMI WFF),Compound Photonics - COM 1,晶圆产能统计对象晶圆制造工厂,晶圆产能,晶圆制造工厂,统计对象,SEMI_WFF_2026_1Q.xlsx#Company Detail
CR Microelectronics - CR West 300mm fab current wafer capacity (SEMI WFF),CR Microelectronics - CR West 300mm fab,晶圆产能统计对象晶圆制造工厂,晶圆产能,晶圆制造工厂,统计对象,SEMI_WFF_2026_1Q.xlsx#Company Detail
CR Microelectronics - Fab 2 current wafer capacity (SEMI WFF),CR Microelectronics - Fab 2,晶圆产能统计对象晶圆制造工厂,晶圆产能,晶圆制造工厂,统计对象,SEMI_WFF_2026_1Q.xlsx#Company Detail
CR Microelectronics - Skysilicon (was ProMoS) current wafer capacity (SEMI WFF),CR Microelectronics - Skysilicon (was ProMoS),晶圆产能统计对象晶圆制造工厂,晶圆产能,晶圆制造工厂,统计对象,SEMI_WFF_2026_1Q.xlsx#Company Detail
CR Microelectronics - Fab 1 current wafer capacity (SEMI WFF),CR Microelectronics - Fab 1,晶圆产能统计对象晶圆制造工厂,晶圆产能,晶圆制造工厂,统计对象,SEMI_WFF_2026_1Q.xlsx#Company Detail
CR Microelectronics - Fab 5 P1 current wafer capacity (SEMI WFF),CR Microelectronics - Fab 5 P1,晶圆产能统计对象晶圆制造工厂,晶圆产能,晶圆制造工厂,统计对象,SEMI_WFF_2026_1Q.xlsx#Company Detail
CR Microelectronics - Runpeng 300mm Fab (Shenzhen) current wafer capacity (SEMI WFF),CR Microelectronics - Runpeng 300mm Fab (Shenzhen),晶圆产能统计对象晶圆制造工厂,晶圆产能,晶圆制造工厂,统计对象,SEMI_WFF_2026_1Q.xlsx#Company Detail
CR Microelectronics - Fab 5 P2 current wafer capacity (SEMI WFF),CR Microelectronics - Fab 5 P2,晶圆产能统计对象晶圆制造工厂,晶圆产能,晶圆制造工厂,统计对象,SEMI_WFF_2026_1Q.xlsx#Company Detail
CR Microelectronics - New 200mm line current wafer capacity (SEMI WFF),CR Microelectronics - New 200mm line,晶圆产能统计对象晶圆制造工厂,晶圆产能,晶圆制造工厂,统计对象,SEMI_WFF_2026_1Q.xlsx#Company Detail
Crocus Nano Electronics (CNE) - MRAM Fab current wafer capacity (SEMI WFF),Crocus Nano Electronics (CNE) - MRAM Fab,晶圆产能统计对象晶圆制造工厂,晶圆产能,晶圆制造工厂,统计对象,SEMI_WFF_2026_1Q.xlsx#Company Detail
CST Global - Hamilton fab (former Intense) current wafer capacity (SEMI WFF),CST Global - Hamilton fab (former Intense),晶圆产能统计对象晶圆制造工厂,晶圆产能,晶圆制造工厂,统计对象,SEMI_WFF_2026_1Q.xlsx#Company Detail
CXMT (ChangXin Memory Technologies) - CXMT Hefei Fab A1 current wafer capacity (SEMI WFF),CXMT (ChangXin Memory Technologies) - CXMT Hefei Fab A1,晶圆产能统计对象晶圆制造工厂,晶圆产能,晶圆制造工厂,统计对象,SEMI_WFF_2026_1Q.xlsx#Company Detail
CXMT (ChangXin Memory Technologies) - CXMT Hefei Fab A2 current wafer capacity (SEMI WFF),CXMT (ChangXin Memory Technologies) - CXMT Hefei Fab A2,晶圆产能统计对象晶圆制造工厂,晶圆产能,晶圆制造工厂,统计对象,SEMI_WFF_2026_1Q.xlsx#Company Detail
CXMT (ChangXin Memory Technologies) - CXMT Beijing Fab 1 current wafer capacity (SEMI WFF),CXMT (ChangXin Memory Technologies) - CXMT Beijing Fab 1,晶圆产能统计对象晶圆制造工厂,晶圆产能,晶圆制造工厂,统计对象,SEMI_WFF_2026_1Q.xlsx#Company Detail
CXMT (ChangXin Memory Technologies) - CXMT Beijing Fab 2 current wafer capacity (SEMI WFF),CXMT (ChangXin Memory Technologies) - CXMT Beijing Fab 2,晶圆产能统计对象晶圆制造工厂,晶圆产能,晶圆制造工厂,统计对象,SEMI_WFF_2026_1Q.xlsx#Company Detail
CXMT (ChangXin Memory Technologies) - CXMT Beijing Fab 3 current wafer capacity (SEMI WFF),CXMT (ChangXin Memory Technologies) - CXMT Beijing Fab 3,晶圆产能统计对象晶圆制造工厂,晶圆产能,晶圆制造工厂,统计对象,SEMI_WFF_2026_1Q.xlsx#Company Detail
CXMT (ChangXin Memory Technologies) - CXMT Shanghai Fab 1 current wafer capacity (SEMI WFF),CXMT (ChangXin Memory Technologies) - CXMT Shanghai Fab 1,晶圆产能统计对象晶圆制造工厂,晶圆产能,晶圆制造工厂,统计对象,SEMI_WFF_2026_1Q.xlsx#Company Detail
"Dai Nippon Printing Co., Ltd - MEMS fab current wafer capacity (SEMI WFF)","Dai Nippon Printing Co., Ltd - MEMS fab",晶圆产能统计对象晶圆制造工厂,晶圆产能,晶圆制造工厂,统计对象,SEMI_WFF_2026_1Q.xlsx#Company Detail
Dalian Universal Semiconductors - Zhuanghe fab current wafer capacity (SEMI WFF),Dalian Universal Semiconductors - Zhuanghe fab,晶圆产能统计对象晶圆制造工厂,晶圆产能,晶圆制造工厂,统计对象,SEMI_WFF_2026_1Q.xlsx#Company Detail
"Dandong An-Shun Microelectronics Co., Ltd - N/A current wafer capacity (SEMI WFF)","Dandong An-Shun Microelectronics Co., Ltd - N/A",晶圆产能统计对象晶圆制造工厂,晶圆产能,晶圆制造工厂,统计对象,SEMI_WFF_2026_1Q.xlsx#Company Detail
DB HiTek (was Dongbu Hi Tek) - Fab 2 current wafer capacity (SEMI WFF),DB HiTek (was Dongbu Hi Tek) - Fab 2,晶圆产能统计对象晶圆制造工厂,晶圆产能,晶圆制造工厂,统计对象,SEMI_WFF_2026_1Q.xlsx#Company Detail
DB HiTek (was Dongbu Hi Tek) - Fab 1 current wafer capacity (SEMI WFF),DB HiTek (was Dongbu Hi Tek) - Fab 1,晶圆产能统计对象晶圆制造工厂,晶圆产能,晶圆制造工厂,统计对象,SEMI_WFF_2026_1Q.xlsx#Company Detail
DB HiTek (was Dongbu Hi Tek) - Fab 2 SiC Line current wafer capacity (SEMI WFF),DB HiTek (was Dongbu Hi Tek) - Fab 2 SiC Line,晶圆产能统计对象晶圆制造工厂,晶圆产能,晶圆制造工厂,统计对象,SEMI_WFF_2026_1Q.xlsx#Company Detail
Defense Microelectronics Activity (DMEA) - ARMS (Bldg 620) current wafer capacity (SEMI WFF),Defense Microelectronics Activity (DMEA) - ARMS (Bldg 620),晶圆产能统计对象晶圆制造工厂,晶圆产能,晶圆制造工厂,统计对象,SEMI_WFF_2026_1Q.xlsx#Company Detail
DenseLight Semiconductors - Fab 1 current wafer capacity (SEMI WFF),DenseLight Semiconductors - Fab 1,晶圆产能统计对象晶圆制造工厂,晶圆产能,晶圆制造工厂,统计对象,SEMI_WFF_2026_1Q.xlsx#Company Detail
Denso Corporation - Kota (200mm) current wafer capacity (SEMI WFF),Denso Corporation - Kota (200mm),晶圆产能统计对象晶圆制造工厂,晶圆产能,晶圆制造工厂,统计对象,SEMI_WFF_2026_1Q.xlsx#Company Detail
Denso Corporation - Kota (#705 & #702) current wafer capacity (SEMI WFF),Denso Corporation - Kota (#705 & #702),晶圆产能统计对象晶圆制造工厂,晶圆产能,晶圆制造工厂,统计对象,SEMI_WFF_2026_1Q.xlsx#Company Detail
Denso Corporation - Building A (was Toyota Industries Corp) current wafer capacity (SEMI WFF),Denso Corporation - Building A (was Toyota Industries Corp),晶圆产能统计对象晶圆制造工厂,晶圆产能,晶圆制造工厂,统计对象,SEMI_WFF_2026_1Q.xlsx#Company Detail
Denso Corporation - Building B (was Toyota Industries Corp) current wafer capacity (SEMI WFF),Denso Corporation - Building B (was Toyota Industries Corp),晶圆产能统计对象晶圆制造工厂,晶圆产能,晶圆制造工厂,统计对象,SEMI_WFF_2026_1Q.xlsx#Company Detail
Denso Corporation - SiC R&D fab (was Toyota Industries Corp) current wafer capacity (SEMI WFF),Denso Corporation - SiC R&D fab (was Toyota Industries Corp),晶圆产能统计对象晶圆制造工厂,晶圆产能,晶圆制造工厂,统计对象,SEMI_WFF_2026_1Q.xlsx#Company Detail
"Denso Corporation - HQ 5"" fab current wafer capacity (SEMI WFF)","Denso Corporation - HQ 5"" fab",晶圆产能统计对象晶圆制造工厂,晶圆产能,晶圆制造工厂,统计对象,SEMI_WFF_2026_1Q.xlsx#Company Detail
Denso Corporation - Denso Iwate (was Fujitsu) current wafer capacity (SEMI WFF),Denso Corporation - Denso Iwate (was Fujitsu),晶圆产能统计对象晶圆制造工厂,晶圆产能,晶圆制造工厂,统计对象,SEMI_WFF_2026_1Q.xlsx#Company Detail
DiCon - Richmond HQ current wafer capacity (SEMI WFF),DiCon - Richmond HQ,晶圆产能统计对象晶圆制造工厂,晶圆产能,晶圆制造工厂,统计对象,SEMI_WFF_2026_1Q.xlsx#Company Detail
Diodes Inc. - Zizhu Fab 1 (8-inch line) current wafer capacity (SEMI WFF),Diodes Inc. - Zizhu Fab 1 (8-inch line),晶圆产能统计对象晶圆制造工厂,晶圆产能,晶圆制造工厂,统计对象,SEMI_WFF_2026_1Q.xlsx#Company Detail
Diodes Inc. - Keelung fab (was Lite-On) current wafer capacity (SEMI WFF),Diodes Inc. - Keelung fab (was Lite-On),晶圆产能统计对象晶圆制造工厂,晶圆产能,晶圆制造工厂,统计对象,SEMI_WFF_2026_1Q.xlsx#Company Detail
Diodes Inc. - Wuxi fab (was Lite-On) current wafer capacity (SEMI WFF),Diodes Inc. - Wuxi fab (was Lite-On),晶圆产能统计对象晶圆制造工厂,晶圆产能,晶圆制造工厂,统计对象,SEMI_WFF_2026_1Q.xlsx#Company Detail
Diodes Inc. - Shanghai fab (was Lite-On) current wafer capacity (SEMI WFF),Diodes Inc. - Shanghai fab (was Lite-On),晶圆产能统计对象晶圆制造工厂,晶圆产能,晶圆制造工厂,统计对象,SEMI_WFF_2026_1Q.xlsx#Company Detail
"Diodes Inc. - G Fab (8-inch line) (was TI, was National Semi_ current wafer capacity (SEMI WFF)","Diodes Inc. - G Fab (8-inch line) (was TI, was National Semi_",晶圆产能统计对象晶圆制造工厂,晶圆产能,晶圆制造工厂,统计对象,SEMI_WFF_2026_1Q.xlsx#Company Detail
"Diodes Inc. - G Fab (6-inch line) (was TI, was National Semi_ current wafer capacity (SEMI WFF)","Diodes Inc. - G Fab (6-inch line) (was TI, was National Semi_",晶圆产能统计对象晶圆制造工厂,晶圆产能,晶圆制造工厂,统计对象,SEMI_WFF_2026_1Q.xlsx#Company Detail
Diodes Inc. - Hsinchu fab (was Lite-On) current wafer capacity (SEMI WFF),Diodes Inc. - Hsinchu fab (was Lite-On),晶圆产能统计对象晶圆制造工厂,晶圆产能,晶圆制造工厂,统计对象,SEMI_WFF_2026_1Q.xlsx#Company Detail
Diodes Inc. - Fab 2 (former BCD) current wafer capacity (SEMI WFF),Diodes Inc. - Fab 2 (former BCD),晶圆产能统计对象晶圆制造工厂,晶圆产能,晶圆制造工厂,统计对象,SEMI_WFF_2026_1Q.xlsx#Company Detail
Diodes Inc. - Manchester Fab current wafer capacity (SEMI WFF),Diodes Inc. - Manchester Fab,晶圆产能统计对象晶圆制造工厂,晶圆产能,晶圆制造工厂,统计对象,SEMI_WFF_2026_1Q.xlsx#Company Detail
"Diodes Inc. - SPFAB (was OnSemi, was Fairchild) current wafer capacity (SEMI WFF)","Diodes Inc. - SPFAB (was OnSemi, was Fairchild)",晶圆产能统计对象晶圆制造工厂,晶圆产能,晶圆制造工厂,统计对象,SEMI_WFF_2026_1Q.xlsx#Company Detail
Diodes Inc. - Fab 1 (former BCD) current wafer capacity (SEMI WFF),Diodes Inc. - Fab 1 (former BCD),晶圆产能统计对象晶圆制造工厂,晶圆产能,晶圆制造工厂,统计对象,SEMI_WFF_2026_1Q.xlsx#Company Detail
Dionics-USA Inc. - Westbury current wafer capacity (SEMI WFF),Dionics-USA Inc. - Westbury,晶圆产能统计对象晶圆制造工厂,晶圆产能,晶圆制造工厂,统计对象,SEMI_WFF_2026_1Q.xlsx#Company Detail
Diotec Semiconductor AG - Heitersheim HQ current wafer capacity (SEMI WFF),Diotec Semiconductor AG - Heitersheim HQ,晶圆产能统计对象晶圆制造工厂,晶圆产能,晶圆制造工厂,统计对象,SEMI_WFF_2026_1Q.xlsx#Company Detail
Diotec Semiconductor AG - Semikron d.o.o Slovenia current wafer capacity (SEMI WFF),Diotec Semiconductor AG - Semikron d.o.o Slovenia,晶圆产能统计对象晶圆制造工厂,晶圆产能,晶圆制造工厂,统计对象,SEMI_WFF_2026_1Q.xlsx#Company Detail
DRIX - N/A current wafer capacity (SEMI WFF),DRIX - N/A,晶圆产能统计对象晶圆制造工厂,晶圆产能,晶圆制造工厂,统计对象,SEMI_WFF_2026_1Q.xlsx#Company Detail
Dynax Semiconductor Inc. - Fab 1 current wafer capacity (SEMI WFF),Dynax Semiconductor Inc. - Fab 1,晶圆产能统计对象晶圆制造工厂,晶圆产能,晶圆制造工厂,统计对象,SEMI_WFF_2026_1Q.xlsx#Company Detail
Dynex Semiconductor - Lincoln current wafer capacity (SEMI WFF),Dynex Semiconductor - Lincoln,晶圆产能统计对象晶圆制造工厂,晶圆产能,晶圆制造工厂,统计对象,SEMI_WFF_2026_1Q.xlsx#Company Detail
Electronics Industry Public Company (EIC) - EIC Semi current wafer capacity (SEMI WFF),Electronics Industry Public Company (EIC) - EIC Semi,晶圆产能统计对象晶圆制造工厂,晶圆产能,晶圆制造工厂,统计对象,SEMI_WFF_2026_1Q.xlsx#Company Detail
EM Microelectronic - Marin SA - Marin fab current wafer capacity (SEMI WFF),EM Microelectronic - Marin SA - Marin fab,晶圆产能统计对象晶圆制造工厂,晶圆产能,晶圆制造工厂,统计对象,SEMI_WFF_2026_1Q.xlsx#Company Detail
Emcore Corporation - InP Fab Alhambra current wafer capacity (SEMI WFF),Emcore Corporation - InP Fab Alhambra,晶圆产能统计对象晶圆制造工厂,晶圆产能,晶圆制造工厂,统计对象,SEMI_WFF_2026_1Q.xlsx#Company Detail
Enablence Technologies - Fremont fab current wafer capacity (SEMI WFF),Enablence Technologies - Fremont fab,晶圆产能统计对象晶圆制造工厂,晶圆产能,晶圆制造工厂,统计对象,SEMI_WFF_2026_1Q.xlsx#Company Detail
Endevco Corporation - MEMS current wafer capacity (SEMI WFF),Endevco Corporation - MEMS,晶圆产能统计对象晶圆制造工厂,晶圆产能,晶圆制造工厂,统计对象,SEMI_WFF_2026_1Q.xlsx#Company Detail
Ennostar Corporation - S3 current wafer capacity (SEMI WFF),Ennostar Corporation - S3,晶圆产能统计对象晶圆制造工厂,晶圆产能,晶圆制造工厂,统计对象,SEMI_WFF_2026_1Q.xlsx#Company Detail
Ennostar Corporation - N1 current wafer capacity (SEMI WFF),Ennostar Corporation - N1,晶圆产能统计对象晶圆制造工厂,晶圆产能,晶圆制造工厂,统计对象,SEMI_WFF_2026_1Q.xlsx#Company Detail
Ennostar Corporation - N7 current wafer capacity (SEMI WFF),Ennostar Corporation - N7,晶圆产能统计对象晶圆制造工厂,晶圆产能,晶圆制造工厂,统计对象,SEMI_WFF_2026_1Q.xlsx#Company Detail
Episil Technologies Inc. - Fab 6A current wafer capacity (SEMI WFF),Episil Technologies Inc. - Fab 6A,晶圆产能统计对象晶圆制造工厂,晶圆产能,晶圆制造工厂,统计对象,SEMI_WFF_2026_1Q.xlsx#Company Detail
Episil Technologies Inc. - DF1 current wafer capacity (SEMI WFF),Episil Technologies Inc. - DF1,晶圆产能统计对象晶圆制造工厂,晶圆产能,晶圆制造工厂,统计对象,SEMI_WFF_2026_1Q.xlsx#Company Detail
Episil Technologies Inc. - DF1 SiC line current wafer capacity (SEMI WFF),Episil Technologies Inc. - DF1 SiC line,晶圆产能统计对象晶圆制造工厂,晶圆产能,晶圆制造工厂,统计对象,SEMI_WFF_2026_1Q.xlsx#Company Detail
Episil Technologies Inc. - Fab 6B SiC Line current wafer capacity (SEMI WFF),Episil Technologies Inc. - Fab 6B SiC Line,晶圆产能统计对象晶圆制造工厂,晶圆产能,晶圆制造工厂,统计对象,SEMI_WFF_2026_1Q.xlsx#Company Detail
Episil Technologies Inc. - Fab 6B current wafer capacity (SEMI WFF),Episil Technologies Inc. - Fab 6B,晶圆产能统计对象晶圆制造工厂,晶圆产能,晶圆制造工厂,统计对象,SEMI_WFF_2026_1Q.xlsx#Company Detail
Everspin Technology - MRAM Fab current wafer capacity (SEMI WFF),Everspin Technology - MRAM Fab,晶圆产能统计对象晶圆制造工厂,晶圆产能,晶圆制造工厂,统计对象,SEMI_WFF_2026_1Q.xlsx#Company Detail
EYEQ Lab - Busan Fab 1 current wafer capacity (SEMI WFF),EYEQ Lab - Busan Fab 1,晶圆产能统计对象晶圆制造工厂,晶圆产能,晶圆制造工厂,统计对象,SEMI_WFF_2026_1Q.xlsx#Company Detail
First Sensor AG - Halbleiterwerk current wafer capacity (SEMI WFF),First Sensor AG - Halbleiterwerk,晶圆产能统计对象晶圆制造工厂,晶圆产能,晶圆制造工厂,统计对象,SEMI_WFF_2026_1Q.xlsx#Company Detail
FLCT Communication Technology - Fab 2 (Production Line) current wafer capacity (SEMI WFF),FLCT Communication Technology - Fab 2 (Production Line),晶圆产能统计对象晶圆制造工厂,晶圆产能,晶圆制造工厂,统计对象,SEMI_WFF_2026_1Q.xlsx#Company Detail
Founder IC (Founder Microelectronics International (FMIC)) - Fab 2 6-inch SiC current wafer capacity (SEMI WFF),Founder IC (Founder Microelectronics International (FMIC)) - Fab 2 6-inch SiC,晶圆产能统计对象晶圆制造工厂,晶圆产能,晶圆制造工厂,统计对象,SEMI_WFF_2026_1Q.xlsx#Company Detail
Founder IC (Founder Microelectronics International (FMIC)) - Fab 1 6-inch SiC current wafer capacity (SEMI WFF),Founder IC (Founder Microelectronics International (FMIC)) - Fab 1 6-inch SiC,晶圆产能统计对象晶圆制造工厂,晶圆产能,晶圆制造工厂,统计对象,SEMI_WFF_2026_1Q.xlsx#Company Detail
Founder IC (Founder Microelectronics International (FMIC)) - Fab 1 6-inch GaN current wafer capacity (SEMI WFF),Founder IC (Founder Microelectronics International (FMIC)) - Fab 1 6-inch GaN,晶圆产能统计对象晶圆制造工厂,晶圆产能,晶圆制造工厂,统计对象,SEMI_WFF_2026_1Q.xlsx#Company Detail
Founder IC (Founder Microelectronics International (FMIC)) - Fab 2 8-inch SiC current wafer capacity (SEMI WFF),Founder IC (Founder Microelectronics International (FMIC)) - Fab 2 8-inch SiC,晶圆产能统计对象晶圆制造工厂,晶圆产能,晶圆制造工厂,统计对象,SEMI_WFF_2026_1Q.xlsx#Company Detail
Foxconn / Hon Hai - Fab 1 (Foundry was Macronix) current wafer capacity (SEMI WFF),Foxconn / Hon Hai - Fab 1 (Foundry was Macronix),晶圆产能统计对象晶圆制造工厂,晶圆产能,晶圆制造工厂,统计对象,SEMI_WFF_2026_1Q.xlsx#Company Detail
Foxconn / Hon Hai - Fab 1 (SiC Power under Foxconn) current wafer capacity (SEMI WFF),Foxconn / Hon Hai - Fab 1 (SiC Power under Foxconn),晶圆产能统计对象晶圆制造工厂,晶圆产能,晶圆制造工厂,统计对象,SEMI_WFF_2026_1Q.xlsx#Company Detail
Fraunhofer Heinrich Hertz Institute - Fraunhofer HHI current wafer capacity (SEMI WFF),Fraunhofer Heinrich Hertz Institute - Fraunhofer HHI,晶圆产能统计对象晶圆制造工厂,晶圆产能,晶圆制造工厂,统计对象,SEMI_WFF_2026_1Q.xlsx#Company Detail
Fraunhofer Institute for Photonic Microsystems IPMS - MEMS MRR (Building 4) Fraunhofer current wafer capacity (SEMI WFF),Fraunhofer Institute for Photonic Microsystems IPMS - MEMS MRR (Building 4) Fraunhofer,晶圆产能统计对象晶圆制造工厂,晶圆产能,晶圆制造工厂,统计对象,SEMI_WFF_2026_1Q.xlsx#Company Detail
Fraunhofer Institute for Silicon Technology (ISIT) - ISIT Cleanroom 2: with X-FAB (MEMS technology) current wafer capacity (SEMI WFF),Fraunhofer Institute for Silicon Technology (ISIT) - ISIT Cleanroom 2: with X-FAB (MEMS technology),晶圆产能统计对象晶圆制造工厂,晶圆产能,晶圆制造工厂,统计对象,SEMI_WFF_2026_1Q.xlsx#Company Detail
Fraunhofer Institute for Silicon Technology (ISIT) - ISIT Cleanroom 1: with Vishay (power devices) current wafer capacity (SEMI WFF),Fraunhofer Institute for Silicon Technology (ISIT) - ISIT Cleanroom 1: with Vishay (power devices),晶圆产能统计对象晶圆制造工厂,晶圆产能,晶圆制造工厂,统计对象,SEMI_WFF_2026_1Q.xlsx#Company Detail
FT1 - Fab 1 current wafer capacity (SEMI WFF),FT1 - Fab 1,晶圆产能统计对象晶圆制造工厂,晶圆产能,晶圆制造工厂,统计对象,SEMI_WFF_2026_1Q.xlsx#Company Detail
Fuji Electric - Kulim current wafer capacity (SEMI WFF),Fuji Electric - Kulim,晶圆产能统计对象晶圆制造工厂,晶圆产能,晶圆制造工厂,统计对象,SEMI_WFF_2026_1Q.xlsx#Company Detail
Fuji Electric - Yamanashi Factory current wafer capacity (SEMI WFF),Fuji Electric - Yamanashi Factory,晶圆产能统计对象晶圆制造工厂,晶圆产能,晶圆制造工厂,统计对象,SEMI_WFF_2026_1Q.xlsx#Company Detail
Fuji Electric - Matsumoto SiC line current wafer capacity (SEMI WFF),Fuji Electric - Matsumoto SiC line,晶圆产能统计对象晶圆制造工厂,晶圆产能,晶圆制造工厂,统计对象,SEMI_WFF_2026_1Q.xlsx#Company Detail
Fuji Electric - Fab 5 (200mm) current wafer capacity (SEMI WFF),Fuji Electric - Fab 5 (200mm),晶圆产能统计对象晶圆制造工厂,晶圆产能,晶圆制造工厂,统计对象,SEMI_WFF_2026_1Q.xlsx#Company Detail
Fuji Electric - Fab 5 (150mm) current wafer capacity (SEMI WFF),Fuji Electric - Fab 5 (150mm),晶圆产能统计对象晶圆制造工厂,晶圆产能,晶圆制造工厂,统计对象,SEMI_WFF_2026_1Q.xlsx#Company Detail
Fuji Electric - Tsugaru 150mm line current wafer capacity (SEMI WFF),Fuji Electric - Tsugaru 150mm line,晶圆产能统计对象晶圆制造工厂,晶圆产能,晶圆制造工厂,统计对象,SEMI_WFF_2026_1Q.xlsx#Company Detail
Fuji Electric - Tsugaru SiC Line current wafer capacity (SEMI WFF),Fuji Electric - Tsugaru SiC Line,晶圆产能统计对象晶圆制造工厂,晶圆产能,晶圆制造工厂,统计对象,SEMI_WFF_2026_1Q.xlsx#Company Detail
Fuji Electric - Matsumoto 8inch SiC Line current wafer capacity (SEMI WFF),Fuji Electric - Matsumoto 8inch SiC Line,晶圆产能统计对象晶圆制造工厂,晶圆产能,晶圆制造工厂,统计对象,SEMI_WFF_2026_1Q.xlsx#Company Detail
Fuji Electric - Tsugaru 200mm line current wafer capacity (SEMI WFF),Fuji Electric - Tsugaru 200mm line,晶圆产能统计对象晶圆制造工厂,晶圆产能,晶圆制造工厂,统计对象,SEMI_WFF_2026_1Q.xlsx#Company Detail
Fuji Electric - Fab 3 + Fab 4 (are in same Bldg) current wafer capacity (SEMI WFF),Fuji Electric - Fab 3 + Fab 4 (are in same Bldg),晶圆产能统计对象晶圆制造工厂,晶圆产能,晶圆制造工厂,统计对象,SEMI_WFF_2026_1Q.xlsx#Company Detail
Fuji Electric - Tokyo MEMS fab current wafer capacity (SEMI WFF),Fuji Electric - Tokyo MEMS fab,晶圆产能统计对象晶圆制造工厂,晶圆产能,晶圆制造工厂,统计对象,SEMI_WFF_2026_1Q.xlsx#Company Detail
"Fujian Angstrem Semiconductor Co. Ltd. - 4"" line current wafer capacity (SEMI WFF)","Fujian Angstrem Semiconductor Co. Ltd. - 4"" line",晶圆产能统计对象晶圆制造工厂,晶圆产能,晶圆制造工厂,统计对象,SEMI_WFF_2026_1Q.xlsx#Company Detail
Fujian Jin Hua Semiconductor - Jinjiang DRAM (Phase 1) current wafer capacity (SEMI WFF),Fujian Jin Hua Semiconductor - Jinjiang DRAM (Phase 1),晶圆产能统计对象晶圆制造工厂,晶圆产能,晶圆制造工厂,统计对象,SEMI_WFF_2026_1Q.xlsx#Company Detail
"FujiFilm-Dimatix, Inc - Fab 1 current wafer capacity (SEMI WFF)","FujiFilm-Dimatix, Inc - Fab 1",晶圆产能统计对象晶圆制造工厂,晶圆产能,晶圆制造工厂,统计对象,SEMI_WFF_2026_1Q.xlsx#Company Detail
Fujitsu Semiconductor Limited - Aizu No.1 GaN Line current wafer capacity (SEMI WFF),Fujitsu Semiconductor Limited - Aizu No.1 GaN Line,晶圆产能统计对象晶圆制造工厂,晶圆产能,晶圆制造工厂,统计对象,SEMI_WFF_2026_1Q.xlsx#Company Detail
Fujitsu Semiconductor Limited - Aizu No.1 (was Bldg. No.1/No.2) current wafer capacity (SEMI WFF),Fujitsu Semiconductor Limited - Aizu No.1 (was Bldg. No.1/No.2),晶圆产能统计对象晶圆制造工厂,晶圆产能,晶圆制造工厂,统计对象,SEMI_WFF_2026_1Q.xlsx#Company Detail
"Galaxy - 4"" fab current wafer capacity (SEMI WFF)","Galaxy - 4"" fab",晶圆产能统计对象晶圆制造工厂,晶圆产能,晶圆制造工厂,统计对象,SEMI_WFF_2026_1Q.xlsx#Company Detail
"Galaxy - 3"" fab current wafer capacity (SEMI WFF)","Galaxy - 3"" fab",晶圆产能统计对象晶圆制造工厂,晶圆产能,晶圆制造工厂,统计对象,SEMI_WFF_2026_1Q.xlsx#Company Detail
"Galaxy - 6"" Fab current wafer capacity (SEMI WFF)","Galaxy - 6"" Fab",晶圆产能统计对象晶圆制造工厂,晶圆产能,晶圆制造工厂,统计对象,SEMI_WFF_2026_1Q.xlsx#Company Detail
GalaxyCore - CIS fab current wafer capacity (SEMI WFF),GalaxyCore - CIS fab,晶圆产能统计对象晶圆制造工厂,晶圆产能,晶圆制造工厂,统计对象,SEMI_WFF_2026_1Q.xlsx#Company Detail
"GCS (Global Communication Semiconductors, Inc.) - GCS current wafer capacity (SEMI WFF)","GCS (Global Communication Semiconductors, Inc.) - GCS",晶圆产能统计对象晶圆制造工厂,晶圆产能,晶圆制造工厂,统计对象,SEMI_WFF_2026_1Q.xlsx#Company Detail
GE - BHGE (Baker Hughes) - BHGE current wafer capacity (SEMI WFF),GE - BHGE (Baker Hughes) - BHGE,晶圆产能统计对象晶圆制造工厂,晶圆产能,晶圆制造工厂,统计对象,SEMI_WFF_2026_1Q.xlsx#Company Detail
GeneSiC Semiconductor Inc. - N/A current wafer capacity (SEMI WFF),GeneSiC Semiconductor Inc. - N/A,晶圆产能统计对象晶圆制造工厂,晶圆产能,晶圆制造工厂,统计对象,SEMI_WFF_2026_1Q.xlsx#Company Detail
"GF (Globalfoundries) - Giga+ Fab (Fab 2,3,5, was Fab 2) current wafer capacity (SEMI WFF)","GF (Globalfoundries) - Giga+ Fab (Fab 2,3,5, was Fab 2)",晶圆产能统计对象晶圆制造工厂,晶圆产能,晶圆制造工厂,统计对象,SEMI_WFF_2026_1Q.xlsx#Company Detail
"GF (Globalfoundries) - Fab 1, Annex current wafer capacity (SEMI WFF)","GF (Globalfoundries) - Fab 1, Annex",晶圆产能统计对象晶圆制造工厂,晶圆产能,晶圆制造工厂,统计对象,SEMI_WFF_2026_1Q.xlsx#Company Detail
GF (Globalfoundries) - Fab 8 phase 3 (TDC Technology Development Center) current wafer capacity (SEMI WFF),GF (Globalfoundries) - Fab 8 phase 3 (TDC Technology Development Center),晶圆产能统计对象晶圆制造工厂,晶圆产能,晶圆制造工厂,统计对象,SEMI_WFF_2026_1Q.xlsx#Company Detail
GF (Globalfoundries) - Fab 8.2 module 1 current wafer capacity (SEMI WFF),GF (Globalfoundries) - Fab 8.2 module 1,晶圆产能统计对象晶圆制造工厂,晶圆产能,晶圆制造工厂,统计对象,SEMI_WFF_2026_1Q.xlsx#Company Detail
GF (Globalfoundries) - Fab 7G (Fab 7 + Fab 6) current wafer capacity (SEMI WFF),GF (Globalfoundries) - Fab 7G (Fab 7 + Fab 6),晶圆产能统计对象晶圆制造工厂,晶圆产能,晶圆制造工厂,统计对象,SEMI_WFF_2026_1Q.xlsx#Company Detail
GF (Globalfoundries) - Fab 9 (was IBM B 973 & B 970) current wafer capacity (SEMI WFF),GF (Globalfoundries) - Fab 9 (was IBM B 973 & B 970),晶圆产能统计对象晶圆制造工厂,晶圆产能,晶圆制造工厂,统计对象,SEMI_WFF_2026_1Q.xlsx#Company Detail
GF (Globalfoundries) - Dresden Expansion Phase 1 (SPRINT) current wafer capacity (SEMI WFF),GF (Globalfoundries) - Dresden Expansion Phase 1 (SPRINT),晶圆产能统计对象晶圆制造工厂,晶圆产能,晶圆制造工厂,统计对象,SEMI_WFF_2026_1Q.xlsx#Company Detail
GF (Globalfoundries) - Fab 8 phase 1 (was called Fab 2) current wafer capacity (SEMI WFF),GF (Globalfoundries) - Fab 8 phase 1 (was called Fab 2),晶圆产能统计对象晶圆制造工厂,晶圆产能,晶圆制造工厂,统计对象,SEMI_WFF_2026_1Q.xlsx#Company Detail
GF (Globalfoundries) - Fab 1 Mod 1+2+3 (was mod 2 was Fab 30/38 started first in 1999) current wafer capacity (SEMI WFF),GF (Globalfoundries) - Fab 1 Mod 1+2+3 (was mod 2 was Fab 30/38 started first in 1999),晶圆产能统计对象晶圆制造工厂,晶圆产能,晶圆制造工厂,统计对象,SEMI_WFF_2026_1Q.xlsx#Company Detail
GF (Globalfoundries) - Fab 7H (New Fab Singapore) current wafer capacity (SEMI WFF),GF (Globalfoundries) - Fab 7H (New Fab Singapore),晶圆产能统计对象晶圆制造工厂,晶圆产能,晶圆制造工厂,统计对象,SEMI_WFF_2026_1Q.xlsx#Company Detail
GF (Globalfoundries) - Fab 8.2 module 2 current wafer capacity (SEMI WFF),GF (Globalfoundries) - Fab 8.2 module 2,晶圆产能统计对象晶圆制造工厂,晶圆产能,晶圆制造工厂,统计对象,SEMI_WFF_2026_1Q.xlsx#Company Detail
GF (Globalfoundries) - Dresden Expansion Phase 2 (SPRINT) current wafer capacity (SEMI WFF),GF (Globalfoundries) - Dresden Expansion Phase 2 (SPRINT),晶圆产能统计对象晶圆制造工厂,晶圆产能,晶圆制造工厂,统计对象,SEMI_WFF_2026_1Q.xlsx#Company Detail
Global Power Technology - Dongsheng fab current wafer capacity (SEMI WFF),Global Power Technology - Dongsheng fab,晶圆产能统计对象晶圆制造工厂,晶圆产能,晶圆制造工厂,统计对象,SEMI_WFF_2026_1Q.xlsx#Company Detail
Global Power Technology - Liuyang fab current wafer capacity (SEMI WFF),Global Power Technology - Liuyang fab,晶圆产能统计对象晶圆制造工厂,晶圆产能,晶圆制造工厂,统计对象,SEMI_WFF_2026_1Q.xlsx#Company Detail
Global Power Technology - Beijing 8inch line current wafer capacity (SEMI WFF),Global Power Technology - Beijing 8inch line,晶圆产能统计对象晶圆制造工厂,晶圆产能,晶圆制造工厂,统计对象,SEMI_WFF_2026_1Q.xlsx#Company Detail
GPD Optoelectronics Corp. - N/A current wafer capacity (SEMI WFF),GPD Optoelectronics Corp. - N/A,晶圆产能统计对象晶圆制造工厂,晶圆产能,晶圆制造工厂,统计对象,SEMI_WFF_2026_1Q.xlsx#Company Detail
Green InnoCore - Zibo 150mm fab current wafer capacity (SEMI WFF),Green InnoCore - Zibo 150mm fab,晶圆产能统计对象晶圆制造工厂,晶圆产能,晶圆制造工厂,统计对象,SEMI_WFF_2026_1Q.xlsx#Company Detail
Green InnoCore - New Hefei 150mm Fab current wafer capacity (SEMI WFF),Green InnoCore - New Hefei 150mm Fab,晶圆产能统计对象晶圆制造工厂,晶圆产能,晶圆制造工厂,统计对象,SEMI_WFF_2026_1Q.xlsx#Company Detail
GTA Semiconductor - Fab 2 current wafer capacity (SEMI WFF),GTA Semiconductor - Fab 2,晶圆产能统计对象晶圆制造工厂,晶圆产能,晶圆制造工厂,统计对象,SEMI_WFF_2026_1Q.xlsx#Company Detail
GTA Semiconductor - Fab 1 current wafer capacity (SEMI WFF),GTA Semiconductor - Fab 1,晶圆产能统计对象晶圆制造工厂,晶圆产能,晶圆制造工厂,统计对象,SEMI_WFF_2026_1Q.xlsx#Company Detail
GTA Semiconductor - Fab 3 current wafer capacity (SEMI WFF),GTA Semiconductor - Fab 3,晶圆产能统计对象晶圆制造工厂,晶圆产能,晶圆制造工厂,统计对象,SEMI_WFF_2026_1Q.xlsx#Company Detail
GTA Semiconductor - Fab 5 (200mm) current wafer capacity (SEMI WFF),GTA Semiconductor - Fab 5 (200mm),晶圆产能统计对象晶圆制造工厂,晶圆产能,晶圆制造工厂,统计对象,SEMI_WFF_2026_1Q.xlsx#Company Detail
GTA Semiconductor - Fab 7 current wafer capacity (SEMI WFF),GTA Semiconductor - Fab 7,晶圆产能统计对象晶圆制造工厂,晶圆产能,晶圆制造工厂,统计对象,SEMI_WFF_2026_1Q.xlsx#Company Detail
GTX Semiconductor - GTX Semiconductor (ICRD Phase3) current wafer capacity (SEMI WFF),GTX Semiconductor - GTX Semiconductor (ICRD Phase3),晶圆产能统计对象晶圆制造工厂,晶圆产能,晶圆制造工厂,统计对象,SEMI_WFF_2026_1Q.xlsx#Company Detail
GTX Semiconductor - GTX Semiconductor Phase 2 (ICRD Phase3) current wafer capacity (SEMI WFF),GTX Semiconductor - GTX Semiconductor Phase 2 (ICRD Phase3),晶圆产能统计对象晶圆制造工厂,晶圆产能,晶圆制造工厂,统计对象,SEMI_WFF_2026_1Q.xlsx#Company Detail
Guo Gao MEMS - MEMS line current wafer capacity (SEMI WFF),Guo Gao MEMS - MEMS line,晶圆产能统计对象晶圆制造工厂,晶圆产能,晶圆制造工厂,统计对象,SEMI_WFF_2026_1Q.xlsx#Company Detail
Hamamatsu Photonics - Hamamatsu Fab 5 current wafer capacity (SEMI WFF),Hamamatsu Photonics - Hamamatsu Fab 5,晶圆产能统计对象晶圆制造工厂,晶圆产能,晶圆制造工厂,统计对象,SEMI_WFF_2026_1Q.xlsx#Company Detail
Hamamatsu Photonics - Shingai Fab current wafer capacity (SEMI WFF),Hamamatsu Photonics - Shingai Fab,晶圆产能统计对象晶圆制造工厂,晶圆产能,晶圆制造工厂,统计对象,SEMI_WFF_2026_1Q.xlsx#Company Detail
Hamamatsu Photonics - 13th building (Ichino factory) current wafer capacity (SEMI WFF),Hamamatsu Photonics - 13th building (Ichino factory),晶圆产能统计对象晶圆制造工厂,晶圆产能,晶圆制造工厂,统计对象,SEMI_WFF_2026_1Q.xlsx#Company Detail
Hamamatsu Photonics - 12th building current wafer capacity (SEMI WFF),Hamamatsu Photonics - 12th building,晶圆产能统计对象晶圆制造工厂,晶圆产能,晶圆制造工厂,统计对象,SEMI_WFF_2026_1Q.xlsx#Company Detail
Hamamatsu Photonics - Main Factory current wafer capacity (SEMI WFF),Hamamatsu Photonics - Main Factory,晶圆产能统计对象晶圆制造工厂,晶圆产能,晶圆制造工厂,统计对象,SEMI_WFF_2026_1Q.xlsx#Company Detail
Hangzhou Fullsemi - Hangzhou Analog Fab Phase 1 current wafer capacity (SEMI WFF),Hangzhou Fullsemi - Hangzhou Analog Fab Phase 1,晶圆产能统计对象晶圆制造工厂,晶圆产能,晶圆制造工厂,统计对象,SEMI_WFF_2026_1Q.xlsx#Company Detail
Hangzhou Fullsemi - Hangzhou Analog Fab Phase 2 current wafer capacity (SEMI WFF),Hangzhou Fullsemi - Hangzhou Analog Fab Phase 2,晶圆产能统计对象晶圆制造工厂,晶圆产能,晶圆制造工厂,统计对象,SEMI_WFF_2026_1Q.xlsx#Company Detail
HangZhou HFC Semiconductor - Fab 1 current wafer capacity (SEMI WFF),HangZhou HFC Semiconductor - Fab 1,晶圆产能统计对象晶圆制造工厂,晶圆产能,晶圆制造工厂,统计对象,SEMI_WFF_2026_1Q.xlsx#Company Detail
Hangzhou Lion Microelectronics Co. Ltd - Fab 1 current wafer capacity (SEMI WFF),Hangzhou Lion Microelectronics Co. Ltd - Fab 1,晶圆产能统计对象晶圆制造工厂,晶圆产能,晶圆制造工厂,统计对象,SEMI_WFF_2026_1Q.xlsx#Company Detail
Hangzhou Lion Microelectronics Co. Ltd - GaAs line current wafer capacity (SEMI WFF),Hangzhou Lion Microelectronics Co. Ltd - GaAs line,晶圆产能统计对象晶圆制造工厂,晶圆产能,晶圆制造工厂,统计对象,SEMI_WFF_2026_1Q.xlsx#Company Detail
Hangzhou Qx-semi - Fab1 current wafer capacity (SEMI WFF),Hangzhou Qx-semi - Fab1,晶圆产能统计对象晶圆制造工厂,晶圆产能,晶圆制造工厂,统计对象,SEMI_WFF_2026_1Q.xlsx#Company Detail
"Hanking Electronics (Liaoning) Co., Ltd. - MEMS Fab Front End current wafer capacity (SEMI WFF)","Hanking Electronics (Liaoning) Co., Ltd. - MEMS Fab Front End",晶圆产能统计对象晶圆制造工厂,晶圆产能,晶圆制造工厂,统计对象,SEMI_WFF_2026_1Q.xlsx#Company Detail
"Headway Technologies, Inc. - Milpitas fab current wafer capacity (SEMI WFF)","Headway Technologies, Inc. - Milpitas fab",晶圆产能统计对象晶圆制造工厂,晶圆产能,晶圆制造工厂,统计对象,SEMI_WFF_2026_1Q.xlsx#Company Detail
"Henan Xinrui Electronics Technology Co., Ltd. - Fab 1 current wafer capacity (SEMI WFF)","Henan Xinrui Electronics Technology Co., Ltd. - Fab 1",晶圆产能统计对象晶圆制造工厂,晶圆产能,晶圆制造工厂,统计对象,SEMI_WFF_2026_1Q.xlsx#Company Detail
Hewlett-Packard Company - HP Inkjet Wafer Fab II 8-inch line current wafer capacity (SEMI WFF),Hewlett-Packard Company - HP Inkjet Wafer Fab II 8-inch line,晶圆产能统计对象晶圆制造工厂,晶圆产能,晶圆制造工厂,统计对象,SEMI_WFF_2026_1Q.xlsx#Company Detail
"Hewlett-Packard Company - Fab 30, Bldg 3 8-inch line (MEMS wafer Fab and Ink Lab) current wafer capacity (SEMI WFF)","Hewlett-Packard Company - Fab 30, Bldg 3 8-inch line (MEMS wafer Fab and Ink Lab)",晶圆产能统计对象晶圆制造工厂,晶圆产能,晶圆制造工厂,统计对象,SEMI_WFF_2026_1Q.xlsx#Company Detail
"Hewlett-Packard Company - B22, Bldg 2 8-inch line (wafer fab and 3D) current wafer capacity (SEMI WFF)","Hewlett-Packard Company - B22, Bldg 2 8-inch line (wafer fab and 3D)",晶圆产能统计对象晶圆制造工厂,晶圆产能,晶圆制造工厂,统计对象,SEMI_WFF_2026_1Q.xlsx#Company Detail
"Hexawave, Inc. - N/A current wafer capacity (SEMI WFF)","Hexawave, Inc. - N/A",晶圆产能统计对象晶圆制造工厂,晶圆产能,晶圆制造工厂,统计对象,SEMI_WFF_2026_1Q.xlsx#Company Detail
Hitachi Power Device - Rinkai Works (expansion Fab) current wafer capacity (SEMI WFF),Hitachi Power Device - Rinkai Works (expansion Fab),晶圆产能统计对象晶圆制造工厂,晶圆产能,晶圆制造工厂,统计对象,SEMI_WFF_2026_1Q.xlsx#Company Detail
Hitachi Power Device - Haramachi Dai-1 current wafer capacity (SEMI WFF),Hitachi Power Device - Haramachi Dai-1,晶圆产能统计对象晶圆制造工厂,晶圆产能,晶圆制造工厂,统计对象,SEMI_WFF_2026_1Q.xlsx#Company Detail
HKC - Qingdao HKC fab current wafer capacity (SEMI WFF),HKC - Qingdao HKC fab,晶圆产能统计对象晶圆制造工厂,晶圆产能,晶圆制造工厂,统计对象,SEMI_WFF_2026_1Q.xlsx#Company Detail
HL-Planartechnik GmbH - Fab 1 current wafer capacity (SEMI WFF),HL-Planartechnik GmbH - Fab 1,晶圆产能统计对象晶圆制造工厂,晶圆产能,晶圆制造工厂,统计对象,SEMI_WFF_2026_1Q.xlsx#Company Detail
Honeywell Incorporated - Solid State Electonic Center current wafer capacity (SEMI WFF),Honeywell Incorporated - Solid State Electonic Center,晶圆产能统计对象晶圆制造工厂,晶圆产能,晶圆制造工厂,统计对象,SEMI_WFF_2026_1Q.xlsx#Company Detail
Honeywell Incorporated - Fab 2 current wafer capacity (SEMI WFF),Honeywell Incorporated - Fab 2,晶圆产能统计对象晶圆制造工厂,晶圆产能,晶圆制造工厂,统计对象,SEMI_WFF_2026_1Q.xlsx#Company Detail
Honeywell Incorporated - 6-inch MEMS (was 4-inch) current wafer capacity (SEMI WFF),Honeywell Incorporated - 6-inch MEMS (was 4-inch),晶圆产能统计对象晶圆制造工厂,晶圆产能,晶圆制造工厂,统计对象,SEMI_WFF_2026_1Q.xlsx#Company Detail
Honeywell Incorporated - Richardson Sensor Fab current wafer capacity (SEMI WFF),Honeywell Incorporated - Richardson Sensor Fab,晶圆产能统计对象晶圆制造工厂,晶圆产能,晶圆制造工厂,统计对象,SEMI_WFF_2026_1Q.xlsx#Company Detail
HR-Micro - HR-Micro 150mm Fab current wafer capacity (SEMI WFF),HR-Micro - HR-Micro 150mm Fab,晶圆产能统计对象晶圆制造工厂,晶圆产能,晶圆制造工厂,统计对象,SEMI_WFF_2026_1Q.xlsx#Company Detail
Hua Hong Semiconductor - Fab 1 (was HHNEC) current wafer capacity (SEMI WFF),Hua Hong Semiconductor - Fab 1 (was HHNEC),晶圆产能统计对象晶圆制造工厂,晶圆产能,晶圆制造工厂,统计对象,SEMI_WFF_2026_1Q.xlsx#Company Detail
Hua Hong Semiconductor - Fab 9A (Wuxi 2nd Fab Phase 1) current wafer capacity (SEMI WFF),Hua Hong Semiconductor - Fab 9A (Wuxi 2nd Fab Phase 1),晶圆产能统计对象晶圆制造工厂,晶圆产能,晶圆制造工厂,统计对象,SEMI_WFF_2026_1Q.xlsx#Company Detail
Hua Hong Semiconductor - Fab 2 (was HHNEC) current wafer capacity (SEMI WFF),Hua Hong Semiconductor - Fab 2 (was HHNEC),晶圆产能统计对象晶圆制造工厂,晶圆产能,晶圆制造工厂,统计对象,SEMI_WFF_2026_1Q.xlsx#Company Detail
Hua Hong Semiconductor - Fab 9B (Wuxi 2nd Fab Phase 2) current wafer capacity (SEMI WFF),Hua Hong Semiconductor - Fab 9B (Wuxi 2nd Fab Phase 2),晶圆产能统计对象晶圆制造工厂,晶圆产能,晶圆制造工厂,统计对象,SEMI_WFF_2026_1Q.xlsx#Company Detail
Hua Hong Semiconductor - Fab 3 (was Grace) current wafer capacity (SEMI WFF),Hua Hong Semiconductor - Fab 3 (was Grace),晶圆产能统计对象晶圆制造工厂,晶圆产能,晶圆制造工厂,统计对象,SEMI_WFF_2026_1Q.xlsx#Company Detail
Hua Hong Semiconductor - Fab 7 (Wuxi 300mm) current wafer capacity (SEMI WFF),Hua Hong Semiconductor - Fab 7 (Wuxi 300mm),晶圆产能统计对象晶圆制造工厂,晶圆产能,晶圆制造工厂,统计对象,SEMI_WFF_2026_1Q.xlsx#Company Detail
Hua Li Microelectronics (HLMC) - Hua Hong Chengdu (HH Fab10) current wafer capacity (SEMI WFF),Hua Li Microelectronics (HLMC) - Hua Hong Chengdu (HH Fab10),晶圆产能统计对象晶圆制造工厂,晶圆产能,晶圆制造工厂,统计对象,SEMI_WFF_2026_1Q.xlsx#Company Detail
Hua Li Microelectronics (HLMC) - HLMC Fab 1 current wafer capacity (SEMI WFF),Hua Li Microelectronics (HLMC) - HLMC Fab 1,晶圆产能统计对象晶圆制造工厂,晶圆产能,晶圆制造工厂,统计对象,SEMI_WFF_2026_1Q.xlsx#Company Detail
Hua Li Microelectronics (HLMC) - HLMC Fab 2 current wafer capacity (SEMI WFF),Hua Li Microelectronics (HLMC) - HLMC Fab 2,晶圆产能统计对象晶圆制造工厂,晶圆产能,晶圆制造工厂,统计对象,SEMI_WFF_2026_1Q.xlsx#Company Detail
Hua Li Microelectronics (HLMC) - HLMC Fab 3 Phase 2 (HH Fab 8-2) current wafer capacity (SEMI WFF),Hua Li Microelectronics (HLMC) - HLMC Fab 3 Phase 2 (HH Fab 8-2),晶圆产能统计对象晶圆制造工厂,晶圆产能,晶圆制造工厂,统计对象,SEMI_WFF_2026_1Q.xlsx#Company Detail
Hua Li Microelectronics (HLMC) - Hua Hong Chengdu Phase 2 (HH Fab10) current wafer capacity (SEMI WFF),Hua Li Microelectronics (HLMC) - Hua Hong Chengdu Phase 2 (HH Fab10),晶圆产能统计对象晶圆制造工厂,晶圆产能,晶圆制造工厂,统计对象,SEMI_WFF_2026_1Q.xlsx#Company Detail
Hua Li Microelectronics (HLMC) - HLMC Fab 3 Phase 1  (HH Fab 8-1) current wafer capacity (SEMI WFF),Hua Li Microelectronics (HLMC) - HLMC Fab 3 Phase 1  (HH Fab 8-1),晶圆产能统计对象晶圆制造工厂,晶圆产能,晶圆制造工厂,统计对象,SEMI_WFF_2026_1Q.xlsx#Company Detail
"Huayue Microelectronics Co.,Ltd - Fab 1 current wafer capacity (SEMI WFF)","Huayue Microelectronics Co.,Ltd - Fab 1",晶圆产能统计对象晶圆制造工厂,晶圆产能,晶圆制造工厂,统计对象,SEMI_WFF_2026_1Q.xlsx#Company Detail
"Huayue Microelectronics Co.,Ltd - Fab 2 current wafer capacity (SEMI WFF)","Huayue Microelectronics Co.,Ltd - Fab 2",晶圆产能统计对象晶圆制造工厂,晶圆产能,晶圆制造工厂,统计对象,SEMI_WFF_2026_1Q.xlsx#Company Detail
"Huayue Microelectronics Co.,Ltd - Fab 3 current wafer capacity (SEMI WFF)","Huayue Microelectronics Co.,Ltd - Fab 3",晶圆产能统计对象晶圆制造工厂,晶圆产能,晶圆制造工厂,统计对象,SEMI_WFF_2026_1Q.xlsx#Company Detail
HY Electronic Limited - Yangzhou Fab 2 current wafer capacity (SEMI WFF),HY Electronic Limited - Yangzhou Fab 2,晶圆产能统计对象晶圆制造工厂,晶圆产能,晶圆制造工厂,统计对象,SEMI_WFF_2026_1Q.xlsx#Company Detail
Infineon - Kulim 2 current wafer capacity (SEMI WFF),Infineon - Kulim 2,晶圆产能统计对象晶圆制造工厂,晶圆产能,晶圆制造工厂,统计对象,SEMI_WFF_2026_1Q.xlsx#Company Detail
Infineon - Dresden - Module 3 (former SC300) (building 32) current wafer capacity (SEMI WFF),Infineon - Dresden - Module 3 (former SC300) (building 32),晶圆产能统计对象晶圆制造工厂,晶圆产能,晶圆制造工厂,统计对象,SEMI_WFF_2026_1Q.xlsx#Company Detail
Infineon - Villach 300mm new current wafer capacity (SEMI WFF),Infineon - Villach 300mm new,晶圆产能统计对象晶圆制造工厂,晶圆产能,晶圆制造工厂,统计对象,SEMI_WFF_2026_1Q.xlsx#Company Detail
Infineon - Regensburg-West current wafer capacity (SEMI WFF),Infineon - Regensburg-West,晶圆产能统计对象晶圆制造工厂,晶圆产能,晶圆制造工厂,统计对象,SEMI_WFF_2026_1Q.xlsx#Company Detail
Infineon - Dresden 200 - Module 1 (building 34) current wafer capacity (SEMI WFF),Infineon - Dresden 200 - Module 1 (building 34),晶圆产能统计对象晶圆制造工厂,晶圆产能,晶圆制造工厂,统计对象,SEMI_WFF_2026_1Q.xlsx#Company Detail
Infineon - Dresden 200 - Module 2 (building 36) current wafer capacity (SEMI WFF),Infineon - Dresden 200 - Module 2 (building 36),晶圆产能统计对象晶圆制造工厂,晶圆产能,晶圆制造工厂,统计对象,SEMI_WFF_2026_1Q.xlsx#Company Detail
Infineon - Kulim 1 current wafer capacity (SEMI WFF),Infineon - Kulim 1,晶圆产能统计对象晶圆制造工厂,晶圆产能,晶圆制造工厂,统计对象,SEMI_WFF_2026_1Q.xlsx#Company Detail
Infineon - Villach 150mm IGBT Lines current wafer capacity (SEMI WFF),Infineon - Villach 150mm IGBT Lines,晶圆产能统计对象晶圆制造工厂,晶圆产能,晶圆制造工厂,统计对象,SEMI_WFF_2026_1Q.xlsx#Company Detail
Infineon - Villach 200mm Line (Building 17) current wafer capacity (SEMI WFF),Infineon - Villach 200mm Line (Building 17),晶圆产能统计对象晶圆制造工厂,晶圆产能,晶圆制造工厂,统计对象,SEMI_WFF_2026_1Q.xlsx#Company Detail
Infineon - Kulim 3 Phase 2 current wafer capacity (SEMI WFF),Infineon - Kulim 3 Phase 2,晶圆产能统计对象晶圆制造工厂,晶圆产能,晶圆制造工厂,统计对象,SEMI_WFF_2026_1Q.xlsx#Company Detail
Infineon - Villach 150mm SiC and GaN lines (combined) current wafer capacity (SEMI WFF),Infineon - Villach 150mm SiC and GaN lines (combined),晶圆产能统计对象晶圆制造工厂,晶圆产能,晶圆制造工厂,统计对象,SEMI_WFF_2026_1Q.xlsx#Company Detail
Infineon - Kulim 3 Phase 1 (SiC Fab) current wafer capacity (SEMI WFF),Infineon - Kulim 3 Phase 1 (SiC Fab),晶圆产能统计对象晶圆制造工厂,晶圆产能,晶圆制造工厂,统计对象,SEMI_WFF_2026_1Q.xlsx#Company Detail
Infineon - Dresden - Module 4 (Smart Power Fab) current wafer capacity (SEMI WFF),Infineon - Dresden - Module 4 (Smart Power Fab),晶圆产能统计对象晶圆制造工厂,晶圆产能,晶圆制造工厂,统计对象,SEMI_WFF_2026_1Q.xlsx#Company Detail
InnoScience Inc. - Suzhou fab (Phase 1) current wafer capacity (SEMI WFF),InnoScience Inc. - Suzhou fab (Phase 1),晶圆产能统计对象晶圆制造工厂,晶圆产能,晶圆制造工厂,统计对象,SEMI_WFF_2026_1Q.xlsx#Company Detail
Institute for Photonics and Nanotechnologies (IFN) - IFN-CNR Rome current wafer capacity (SEMI WFF),Institute for Photonics and Nanotechnologies (IFN) - IFN-CNR Rome,晶圆产能统计对象晶圆制造工厂,晶圆产能,晶圆制造工厂,统计对象,SEMI_WFF_2026_1Q.xlsx#Company Detail
"Integral, Research and Production Corporation - Semiconductor Device Factory current wafer capacity (SEMI WFF)","Integral, Research and Production Corporation - Semiconductor Device Factory",晶圆产能统计对象晶圆制造工厂,晶圆产能,晶圆制造工厂,统计对象,SEMI_WFF_2026_1Q.xlsx#Company Detail
"Integral, Research and Production Corporation - Integrated Circuit (Transistor Plant) current wafer capacity (SEMI WFF)","Integral, Research and Production Corporation - Integrated Circuit (Transistor Plant)",晶圆产能统计对象晶圆制造工厂,晶圆产能,晶圆制造工厂,统计对象,SEMI_WFF_2026_1Q.xlsx#Company Detail
"Integral, Research and Production Corporation - Integrated Circuits current wafer capacity (SEMI WFF)","Integral, Research and Production Corporation - Integrated Circuits",晶圆产能统计对象晶圆制造工厂,晶圆产能,晶圆制造工厂,统计对象,SEMI_WFF_2026_1Q.xlsx#Company Detail
Intel - D1X Module 2 current wafer capacity (SEMI WFF),Intel - D1X Module 2,晶圆产能统计对象晶圆制造工厂,晶圆产能,晶圆制造工厂,统计对象,SEMI_WFF_2026_1Q.xlsx#Company Detail
Intel - D1X Module 1 current wafer capacity (SEMI WFF),Intel - D1X Module 1,晶圆产能统计对象晶圆制造工厂,晶圆产能,晶圆制造工厂,统计对象,SEMI_WFF_2026_1Q.xlsx#Company Detail
Intel - Fab 42 current wafer capacity (SEMI WFF),Intel - Fab 42,晶圆产能统计对象晶圆制造工厂,晶圆产能,晶圆制造工厂,统计对象,SEMI_WFF_2026_1Q.xlsx#Company Detail
Intel - D1X Module 3 current wafer capacity (SEMI WFF),Intel - D1X Module 3,晶圆产能统计对象晶圆制造工厂,晶圆产能,晶圆制造工厂,统计对象,SEMI_WFF_2026_1Q.xlsx#Company Detail
Intel - Fab 38 Phase 1 (new Fab Israel) current wafer capacity (SEMI WFF),Intel - Fab 38 Phase 1 (new Fab Israel),晶圆产能统计对象晶圆制造工厂,晶圆产能,晶圆制造工厂,统计对象,SEMI_WFF_2026_1Q.xlsx#Company Detail
Intel - Fab 34 (Module 1 + 2) Intel-Apollo JV current wafer capacity (SEMI WFF),Intel - Fab 34 (Module 1 + 2) Intel-Apollo JV,晶圆产能统计对象晶圆制造工厂,晶圆产能,晶圆制造工厂,统计对象,SEMI_WFF_2026_1Q.xlsx#Company Detail
"Intel - Fab 11X (includes expansion, was Fab 11E) current wafer capacity (SEMI WFF)","Intel - Fab 11X (includes expansion, was Fab 11E)",晶圆产能统计对象晶圆制造工厂,晶圆产能,晶圆制造工厂,统计对象,SEMI_WFF_2026_1Q.xlsx#Company Detail
Intel - Fab 24 (+ Fab 14 combined) current wafer capacity (SEMI WFF),Intel - Fab 24 (+ Fab 14 combined),晶圆产能统计对象晶圆制造工厂,晶圆产能,晶圆制造工厂,统计对象,SEMI_WFF_2026_1Q.xlsx#Company Detail
Intel - Fab 28 (+Fab 28A) current wafer capacity (SEMI WFF),Intel - Fab 28 (+Fab 28A),晶圆产能统计对象晶圆制造工厂,晶圆产能,晶圆制造工厂,统计对象,SEMI_WFF_2026_1Q.xlsx#Company Detail
Intel - Fab 29 - Mod 2 (Magdeburg) current wafer capacity (SEMI WFF),Intel - Fab 29 - Mod 2 (Magdeburg),晶圆产能统计对象晶圆制造工厂,晶圆产能,晶圆制造工厂,统计对象,SEMI_WFF_2026_1Q.xlsx#Company Detail
Intel - Fab 29 - Mod 1 (Magdeburg) current wafer capacity (SEMI WFF),Intel - Fab 29 - Mod 1 (Magdeburg),晶圆产能统计对象晶圆制造工厂,晶圆产能,晶圆制造工厂,统计对象,SEMI_WFF_2026_1Q.xlsx#Company Detail
Intel - D1C (+ D1C expansion Fab 20) current wafer capacity (SEMI WFF),Intel - D1C (+ D1C expansion Fab 20),晶圆产能统计对象晶圆制造工厂,晶圆产能,晶圆制造工厂,统计对象,SEMI_WFF_2026_1Q.xlsx#Company Detail
Intel - Fab 32 Megafab (Fab 32+Fab 22+Fab 12) current wafer capacity (SEMI WFF),Intel - Fab 32 Megafab (Fab 32+Fab 22+Fab 12),晶圆产能统计对象晶圆制造工厂,晶圆产能,晶圆制造工厂,统计对象,SEMI_WFF_2026_1Q.xlsx#Company Detail
Intel - D1D current wafer capacity (SEMI WFF),Intel - D1D,晶圆产能统计对象晶圆制造工厂,晶圆产能,晶圆制造工厂,统计对象,SEMI_WFF_2026_1Q.xlsx#Company Detail
Intel - D1X Module 4 current wafer capacity (SEMI WFF),Intel - D1X Module 4,晶圆产能统计对象晶圆制造工厂,晶圆产能,晶圆制造工厂,统计对象,SEMI_WFF_2026_1Q.xlsx#Company Detail
Intel - Fab 52 current wafer capacity (SEMI WFF),Intel - Fab 52,晶圆产能统计对象晶圆制造工厂,晶圆产能,晶圆制造工厂,统计对象,SEMI_WFF_2026_1Q.xlsx#Company Detail
Intel - Fab 62 current wafer capacity (SEMI WFF),Intel - Fab 62,晶圆产能统计对象晶圆制造工厂,晶圆产能,晶圆制造工厂,统计对象,SEMI_WFF_2026_1Q.xlsx#Company Detail
Intel - Fab 27 - Mod 2 (Ohio) current wafer capacity (SEMI WFF),Intel - Fab 27 - Mod 2 (Ohio),晶圆产能统计对象晶圆制造工厂,晶圆产能,晶圆制造工厂,统计对象,SEMI_WFF_2026_1Q.xlsx#Company Detail
Intel - Fab 38 Phase 2 current wafer capacity (SEMI WFF),Intel - Fab 38 Phase 2,晶圆产能统计对象晶圆制造工厂,晶圆产能,晶圆制造工厂,统计对象,SEMI_WFF_2026_1Q.xlsx#Company Detail
Intel - Fab 27 - Mod 1 (Ohio) current wafer capacity (SEMI WFF),Intel - Fab 27 - Mod 1 (Ohio),晶圆产能统计对象晶圆制造工厂,晶圆产能,晶圆制造工厂,统计对象,SEMI_WFF_2026_1Q.xlsx#Company Detail
Inventchip Technology - Yiwu Fab1 current wafer capacity (SEMI WFF),Inventchip Technology - Yiwu Fab1,晶圆产能统计对象晶圆制造工厂,晶圆产能,晶圆制造工厂,统计对象,SEMI_WFF_2026_1Q.xlsx#Company Detail
IPG - Wafer Fab (4-inch line) current wafer capacity (SEMI WFF),IPG - Wafer Fab (4-inch line),晶圆产能统计对象晶圆制造工厂,晶圆产能,晶圆制造工厂,统计对象,SEMI_WFF_2026_1Q.xlsx#Company Detail
ISS- Integrated Sensing Systems - Fab (2 cleanrooms) current wafer capacity (SEMI WFF),ISS- Integrated Sensing Systems - Fab (2 cleanrooms),晶圆产能统计对象晶圆制造工厂,晶圆产能,晶圆制造工厂,统计对象,SEMI_WFF_2026_1Q.xlsx#Company Detail
Istok - Istok current wafer capacity (SEMI WFF),Istok - Istok,晶圆产能统计对象晶圆制造工厂,晶圆产能,晶圆制造工厂,统计对象,SEMI_WFF_2026_1Q.xlsx#Company Detail
Istok - 6-inch (new) current wafer capacity (SEMI WFF),Istok - 6-inch (new),晶圆产能统计对象晶圆制造工厂,晶圆产能,晶圆制造工厂,统计对象,SEMI_WFF_2026_1Q.xlsx#Company Detail
IXYS Corporation - Fab 3 (MwT) current wafer capacity (SEMI WFF),IXYS Corporation - Fab 3 (MwT),晶圆产能统计对象晶圆制造工厂,晶圆产能,晶圆制造工厂,统计对象,SEMI_WFF_2026_1Q.xlsx#Company Detail
IXYS Corporation - Westcode current wafer capacity (SEMI WFF),IXYS Corporation - Westcode,晶圆产能统计对象晶圆制造工厂,晶圆产能,晶圆制造工厂,统计对象,SEMI_WFF_2026_1Q.xlsx#Company Detail
IXYS Corporation - Fab 1 current wafer capacity (SEMI WFF),IXYS Corporation - Fab 1,晶圆产能统计对象晶圆制造工厂,晶圆产能,晶圆制造工厂,统计对象,SEMI_WFF_2026_1Q.xlsx#Company Detail
IXYS Corporation - Fab 2 current wafer capacity (SEMI WFF),IXYS Corporation - Fab 2,晶圆产能统计对象晶圆制造工厂,晶圆产能,晶圆制造工厂,统计对象,SEMI_WFF_2026_1Q.xlsx#Company Detail
Japan Semiconductor - Oita C-Cubed 2 (110 Bldg) current wafer capacity (SEMI WFF),Japan Semiconductor - Oita C-Cubed 2 (110 Bldg),晶圆产能统计对象晶圆制造工厂,晶圆产能,晶圆制造工厂,统计对象,SEMI_WFF_2026_1Q.xlsx#Company Detail
Japan Semiconductor - Iwate Operations current wafer capacity (SEMI WFF),Japan Semiconductor - Iwate Operations,晶圆产能统计对象晶圆制造工厂,晶圆产能,晶圆制造工厂,统计对象,SEMI_WFF_2026_1Q.xlsx#Company Detail
Japan Semiconductor - Oita C-Cubed 4 + OTSS + Annex current wafer capacity (SEMI WFF),Japan Semiconductor - Oita C-Cubed 4 + OTSS + Annex,晶圆产能统计对象晶圆制造工厂,晶圆产能,晶圆制造工厂,统计对象,SEMI_WFF_2026_1Q.xlsx#Company Detail
Japan Semiconductor - Oita C-Cubed 3 (110 Bldg) current wafer capacity (SEMI WFF),Japan Semiconductor - Oita C-Cubed 3 (110 Bldg),晶圆产能统计对象晶圆制造工厂,晶圆产能,晶圆制造工厂,统计对象,SEMI_WFF_2026_1Q.xlsx#Company Detail
Japan Semiconductor Manufacturing Corporation (JSMC) - JSMC Fab 1 current wafer capacity (SEMI WFF),Japan Semiconductor Manufacturing Corporation (JSMC) - JSMC Fab 1,晶圆产能统计对象晶圆制造工厂,晶圆产能,晶圆制造工厂,统计对象,SEMI_WFF_2026_1Q.xlsx#Company Detail
JENOPTIK Diode Lab GmbH - Berlin-Adlershof current wafer capacity (SEMI WFF),JENOPTIK Diode Lab GmbH - Berlin-Adlershof,晶圆产能统计对象晶圆制造工厂,晶圆产能,晶圆制造工厂,统计对象,SEMI_WFF_2026_1Q.xlsx#Company Detail
"JENOPTIK Optical Systems, Inc - Fab 1 current wafer capacity (SEMI WFF)","JENOPTIK Optical Systems, Inc - Fab 1",晶圆产能统计对象晶圆制造工厂,晶圆产能,晶圆制造工厂,统计对象,SEMI_WFF_2026_1Q.xlsx#Company Detail
Jiangsu Advanced Memory Semiconductor Corp. - PCM fab current wafer capacity (SEMI WFF),Jiangsu Advanced Memory Semiconductor Corp. - PCM fab,晶圆产能统计对象晶圆制造工厂,晶圆产能,晶圆制造工厂,统计对象,SEMI_WFF_2026_1Q.xlsx#Company Detail
Jiangsu CAS-IGBT Technology - LFoundry S.r.l (was Micron Fab 9 MIT) current wafer capacity (SEMI WFF),Jiangsu CAS-IGBT Technology - LFoundry S.r.l (was Micron Fab 9 MIT),晶圆产能统计对象晶圆制造工厂,晶圆产能,晶圆制造工厂,统计对象,SEMI_WFF_2026_1Q.xlsx#Company Detail
"Jiangsu JieJie Microelectronics Co.,Ltd. - Fab 2 current wafer capacity (SEMI WFF)","Jiangsu JieJie Microelectronics Co.,Ltd. - Fab 2",晶圆产能统计对象晶圆制造工厂,晶圆产能,晶圆制造工厂,统计对象,SEMI_WFF_2026_1Q.xlsx#Company Detail
"Jiangsu JieJie Microelectronics Co.,Ltd. - Fab 1 current wafer capacity (SEMI WFF)","Jiangsu JieJie Microelectronics Co.,Ltd. - Fab 1",晶圆产能统计对象晶圆制造工厂,晶圆产能,晶圆制造工厂,统计对象,SEMI_WFF_2026_1Q.xlsx#Company Detail
"Jiangsu JieJie Microelectronics Co.,Ltd. - Nantong fab current wafer capacity (SEMI WFF)","Jiangsu JieJie Microelectronics Co.,Ltd. - Nantong fab",晶圆产能统计对象晶圆制造工厂,晶圆产能,晶圆制造工厂,统计对象,SEMI_WFF_2026_1Q.xlsx#Company Detail
"Jiangsu JieJie Microelectronics Co.,Ltd. - Nantong 150mm line current wafer capacity (SEMI WFF)","Jiangsu JieJie Microelectronics Co.,Ltd. - Nantong 150mm line",晶圆产能统计对象晶圆制造工厂,晶圆产能,晶圆制造工厂,统计对象,SEMI_WFF_2026_1Q.xlsx#Company Detail
"Jiangsu JieJie Microelectronics Co.,Ltd. - Nantong 200mm Fab current wafer capacity (SEMI WFF)","Jiangsu JieJie Microelectronics Co.,Ltd. - Nantong 200mm Fab",晶圆产能统计对象晶圆制造工厂,晶圆产能,晶圆制造工厂,统计对象,SEMI_WFF_2026_1Q.xlsx#Company Detail
Jiangsu Maxscend - Xinzhuo 12inch IPD Line current wafer capacity (SEMI WFF),Jiangsu Maxscend - Xinzhuo 12inch IPD Line,晶圆产能统计对象晶圆制造工厂,晶圆产能,晶圆制造工厂,统计对象,SEMI_WFF_2026_1Q.xlsx#Company Detail
Jiangsu Maxscend - Xinzhuo 6inch SAW line current wafer capacity (SEMI WFF),Jiangsu Maxscend - Xinzhuo 6inch SAW line,晶圆产能统计对象晶圆制造工厂,晶圆产能,晶圆制造工厂,统计对象,SEMI_WFF_2026_1Q.xlsx#Company Detail
"Jiangsu Yingrui Semiconductor Co., Ltd - Yingrui semi current wafer capacity (SEMI WFF)","Jiangsu Yingrui Semiconductor Co., Ltd - Yingrui semi",晶圆产能统计对象晶圆制造工厂,晶圆产能,晶圆制造工厂,统计对象,SEMI_WFF_2026_1Q.xlsx#Company Detail
Jiangxi Yuhongjin Material Technology (YHJ) - Fab 1 (Fuzhou) current wafer capacity (SEMI WFF),Jiangxi Yuhongjin Material Technology (YHJ) - Fab 1 (Fuzhou),晶圆产能统计对象晶圆制造工厂,晶圆产能,晶圆制造工厂,统计对象,SEMI_WFF_2026_1Q.xlsx#Company Detail
Jiangxi Yuhongjin Material Technology (YHJ) - Fab 2 (Jinghe) current wafer capacity (SEMI WFF),Jiangxi Yuhongjin Material Technology (YHJ) - Fab 2 (Jinghe),晶圆产能统计对象晶圆制造工厂,晶圆产能,晶圆制造工厂,统计对象,SEMI_WFF_2026_1Q.xlsx#Company Detail
"Jiangyin Xinshun Microelectronic Co., Ltd. - Fab 1 current wafer capacity (SEMI WFF)","Jiangyin Xinshun Microelectronic Co., Ltd. - Fab 1",晶圆产能统计对象晶圆制造工厂,晶圆产能,晶圆制造工厂,统计对象,SEMI_WFF_2026_1Q.xlsx#Company Detail
Jilin Magic Semiconductor - 4-inch Line (inside Jilin Sino-Microelectronics) current wafer capacity (SEMI WFF),Jilin Magic Semiconductor - 4-inch Line (inside Jilin Sino-Microelectronics),晶圆产能统计对象晶圆制造工厂,晶圆产能,晶圆制造工厂,统计对象,SEMI_WFF_2026_1Q.xlsx#Company Detail
Jilin Magic Semiconductor - 5-inch Line (inside Jilin Sino-Microelectronics) current wafer capacity (SEMI WFF),Jilin Magic Semiconductor - 5-inch Line (inside Jilin Sino-Microelectronics),晶圆产能统计对象晶圆制造工厂,晶圆产能,晶圆制造工厂,统计对象,SEMI_WFF_2026_1Q.xlsx#Company Detail
Jilin Sino-Microelectronics Co. Ltd. - 6-inch (built together with Philips JV) current wafer capacity (SEMI WFF),Jilin Sino-Microelectronics Co. Ltd. - 6-inch (built together with Philips JV),晶圆产能统计对象晶圆制造工厂,晶圆产能,晶圆制造工厂,统计对象,SEMI_WFF_2026_1Q.xlsx#Company Detail
Jilin Sino-Microelectronics Co. Ltd. - 3-inch current wafer capacity (SEMI WFF),Jilin Sino-Microelectronics Co. Ltd. - 3-inch,晶圆产能统计对象晶圆制造工厂,晶圆产能,晶圆制造工厂,统计对象,SEMI_WFF_2026_1Q.xlsx#Company Detail
Jilin Sino-Microelectronics Co. Ltd. - 4-inch current wafer capacity (SEMI WFF),Jilin Sino-Microelectronics Co. Ltd. - 4-inch,晶圆产能统计对象晶圆制造工厂,晶圆产能,晶圆制造工厂,统计对象,SEMI_WFF_2026_1Q.xlsx#Company Detail
Jilin Sino-Microelectronics Co. Ltd. - 8-inch current wafer capacity (SEMI WFF),Jilin Sino-Microelectronics Co. Ltd. - 8-inch,晶圆产能统计对象晶圆制造工厂,晶圆产能,晶圆制造工厂,统计对象,SEMI_WFF_2026_1Q.xlsx#Company Detail
"JS Foundry K.K - Niigata-N1 (was Onsemi, was SANYO) current wafer capacity (SEMI WFF)","JS Foundry K.K - Niigata-N1 (was Onsemi, was SANYO)",晶圆产能统计对象晶圆制造工厂,晶圆产能,晶圆制造工厂,统计对象,SEMI_WFF_2026_1Q.xlsx#Company Detail
"JS Foundry K.K - Niigata-N2 (was Onsemi, was SANYO) current wafer capacity (SEMI WFF)","JS Foundry K.K - Niigata-N2 (was Onsemi, was SANYO)",晶圆产能统计对象晶圆制造工厂,晶圆产能,晶圆制造工厂,统计对象,SEMI_WFF_2026_1Q.xlsx#Company Detail
JSC ALFA - N/A current wafer capacity (SEMI WFF),JSC ALFA - N/A,晶圆产能统计对象晶圆制造工厂,晶圆产能,晶圆制造工厂,统计对象,SEMI_WFF_2026_1Q.xlsx#Company Detail
JTC Corporation - SemiconSpace Phase 1 (unit 1+2) Wafer processing current wafer capacity (SEMI WFF),JTC Corporation - SemiconSpace Phase 1 (unit 1+2) Wafer processing,晶圆产能统计对象晶圆制造工厂,晶圆产能,晶圆制造工厂,统计对象,SEMI_WFF_2026_1Q.xlsx#Company Detail
"Kaiam - PLC Fab (was Gemfire, was Avanex, was Alcatel) current wafer capacity (SEMI WFF)","Kaiam - PLC Fab (was Gemfire, was Avanex, was Alcatel)",晶圆产能统计对象晶圆制造工厂,晶圆产能,晶圆制造工厂,统计对象,SEMI_WFF_2026_1Q.xlsx#Company Detail
"KEC Corporation - 4"" Line current wafer capacity (SEMI WFF)","KEC Corporation - 4"" Line",晶圆产能统计对象晶圆制造工厂,晶圆产能,晶圆制造工厂,统计对象,SEMI_WFF_2026_1Q.xlsx#Company Detail
"KEC Corporation - 5"" Line current wafer capacity (SEMI WFF)","KEC Corporation - 5"" Line",晶圆产能统计对象晶圆制造工厂,晶圆产能,晶圆制造工厂,统计对象,SEMI_WFF_2026_1Q.xlsx#Company Detail
KEC Corporation - MOS Fab current wafer capacity (SEMI WFF),KEC Corporation - MOS Fab,晶圆产能统计对象晶圆制造工厂,晶圆产能,晶圆制造工厂,统计对象,SEMI_WFF_2026_1Q.xlsx#Company Detail
KEC Corporation - KEC-C current wafer capacity (SEMI WFF),KEC Corporation - KEC-C,晶圆产能统计对象晶圆制造工厂,晶圆产能,晶圆制造工厂,统计对象,SEMI_WFF_2026_1Q.xlsx#Company Detail
Keysight Technologies - 3-inch current wafer capacity (SEMI WFF),Keysight Technologies - 3-inch,晶圆产能统计对象晶圆制造工厂,晶圆产能,晶圆制造工厂,统计对象,SEMI_WFF_2026_1Q.xlsx#Company Detail
Kioxia/WD (was Flash Alliance) - Fab 2 (Y2) (2 floors each 297K SF) current wafer capacity (SEMI WFF),Kioxia/WD (was Flash Alliance) - Fab 2 (Y2) (2 floors each 297K SF),晶圆产能统计对象晶圆制造工厂,晶圆产能,晶圆制造工厂,统计对象,SEMI_WFF_2026_1Q.xlsx#Company Detail
Kioxia/WD (was Flash Alliance) - Fab 7 Phase 1 current wafer capacity (SEMI WFF),Kioxia/WD (was Flash Alliance) - Fab 7 Phase 1,晶圆产能统计对象晶圆制造工厂,晶圆产能,晶圆制造工厂,统计对象,SEMI_WFF_2026_1Q.xlsx#Company Detail
Kioxia/WD (was Flash Alliance) - Fab 5 P1+P2 (3D NAND) current wafer capacity (SEMI WFF),Kioxia/WD (was Flash Alliance) - Fab 5 P1+P2 (3D NAND),晶圆产能统计对象晶圆制造工厂,晶圆产能,晶圆制造工厂,统计对象,SEMI_WFF_2026_1Q.xlsx#Company Detail
Kioxia/WD (was Flash Alliance) - Fab 3+Fab 4 (3D NAND) current wafer capacity (SEMI WFF),Kioxia/WD (was Flash Alliance) - Fab 3+Fab 4 (3D NAND),晶圆产能统计对象晶圆制造工厂,晶圆产能,晶圆制造工厂,统计对象,SEMI_WFF_2026_1Q.xlsx#Company Detail
Kioxia/WD (was Flash Alliance) - Fab 6 Phase 2 current wafer capacity (SEMI WFF),Kioxia/WD (was Flash Alliance) - Fab 6 Phase 2,晶圆产能统计对象晶圆制造工厂,晶圆产能,晶圆制造工厂,统计对象,SEMI_WFF_2026_1Q.xlsx#Company Detail
Kioxia/WD (was Flash Alliance) - Fab 6 Phase 1 current wafer capacity (SEMI WFF),Kioxia/WD (was Flash Alliance) - Fab 6 Phase 1,晶圆产能统计对象晶圆制造工厂,晶圆产能,晶圆制造工厂,统计对象,SEMI_WFF_2026_1Q.xlsx#Company Detail
Kioxia/WD (was Flash Alliance) - K1 (P1+P2) current wafer capacity (SEMI WFF),Kioxia/WD (was Flash Alliance) - K1 (P1+P2),晶圆产能统计对象晶圆制造工厂,晶圆产能,晶圆制造工厂,统计对象,SEMI_WFF_2026_1Q.xlsx#Company Detail
Kioxia/WD (was Flash Alliance) - Fab 3+Fab 4 (2D NAND) current wafer capacity (SEMI WFF),Kioxia/WD (was Flash Alliance) - Fab 3+Fab 4 (2D NAND),晶圆产能统计对象晶圆制造工厂,晶圆产能,晶圆制造工厂,统计对象,SEMI_WFF_2026_1Q.xlsx#Company Detail
Kioxia/WD (was Flash Alliance) - K2 (P1+P2) current wafer capacity (SEMI WFF),Kioxia/WD (was Flash Alliance) - K2 (P1+P2),晶圆产能统计对象晶圆制造工厂,晶圆产能,晶圆制造工厂,统计对象,SEMI_WFF_2026_1Q.xlsx#Company Detail
Kioxia/WD (was Flash Alliance) - Fab 7 Phase 2 current wafer capacity (SEMI WFF),Kioxia/WD (was Flash Alliance) - Fab 7 Phase 2,晶圆产能统计对象晶圆制造工厂,晶圆产能,晶圆制造工厂,统计对象,SEMI_WFF_2026_1Q.xlsx#Company Detail
Knowledge*on Inc. - Fab 1 current wafer capacity (SEMI WFF),Knowledge*on Inc. - Fab 1,晶圆产能统计对象晶圆制造工厂,晶圆产能,晶圆制造工厂,统计对象,SEMI_WFF_2026_1Q.xlsx#Company Detail
Knowledge*on Inc. - Fab 2 current wafer capacity (SEMI WFF),Knowledge*on Inc. - Fab 2,晶圆产能统计对象晶圆制造工厂,晶圆产能,晶圆制造工厂,统计对象,SEMI_WFF_2026_1Q.xlsx#Company Detail
Kodenshi Corp - Fab 3 current wafer capacity (SEMI WFF),Kodenshi Corp - Fab 3,晶圆产能统计对象晶圆制造工厂,晶圆产能,晶圆制造工厂,统计对象,SEMI_WFF_2026_1Q.xlsx#Company Detail
Kodenshi Corp - Fab 4 current wafer capacity (SEMI WFF),Kodenshi Corp - Fab 4,晶圆产能统计对象晶圆制造工厂,晶圆产能,晶圆制造工厂,统计对象,SEMI_WFF_2026_1Q.xlsx#Company Detail
Kodenshi Corp - Device Technology Center current wafer capacity (SEMI WFF),Kodenshi Corp - Device Technology Center,晶圆产能统计对象晶圆制造工厂,晶圆产能,晶圆制造工厂,统计对象,SEMI_WFF_2026_1Q.xlsx#Company Detail
Korea Advanced Nano Fab Center (KANC) - KANC current wafer capacity (SEMI WFF),Korea Advanced Nano Fab Center (KANC) - KANC,晶圆产能统计对象晶圆制造工厂,晶圆产能,晶圆制造工厂,统计对象,SEMI_WFF_2026_1Q.xlsx#Company Detail
Kulite Semiconductor - N/A current wafer capacity (SEMI WFF),Kulite Semiconductor - N/A,晶圆产能统计对象晶圆制造工厂,晶圆产能,晶圆制造工厂,统计对象,SEMI_WFF_2026_1Q.xlsx#Company Detail
Kyocera - Fab 1 (Hadano) current wafer capacity (SEMI WFF),Kyocera - Fab 1 (Hadano),晶圆产能统计对象晶圆制造工厂,晶圆产能,晶圆制造工厂,统计对象,SEMI_WFF_2026_1Q.xlsx#Company Detail
Kyocera - Fab 2 (Tsukuba) current wafer capacity (SEMI WFF),Kyocera - Fab 2 (Tsukuba),晶圆产能统计对象晶圆制造工厂,晶圆产能,晶圆制造工厂,统计对象,SEMI_WFF_2026_1Q.xlsx#Company Detail
Kyosemi Corporation - Eniwa R&D Center (Eniwa Jigyosho) current wafer capacity (SEMI WFF),Kyosemi Corporation - Eniwa R&D Center (Eniwa Jigyosho),晶圆产能统计对象晶圆制造工厂,晶圆产能,晶圆制造工厂,统计对象,SEMI_WFF_2026_1Q.xlsx#Company Detail
Kyushu Semiconductor KAW - Hiji Factory current wafer capacity (SEMI WFF),Kyushu Semiconductor KAW - Hiji Factory,晶圆产能统计对象晶圆制造工厂,晶圆产能,晶圆制造工厂,统计对象,SEMI_WFF_2026_1Q.xlsx#Company Detail
"LA Semiconductor - Pocatello (was onsemi, was AMI, Fab 10) current wafer capacity (SEMI WFF)","LA Semiconductor - Pocatello (was onsemi, was AMI, Fab 10)",晶圆产能统计对象晶圆制造工厂,晶圆产能,晶圆制造工厂,统计对象,SEMI_WFF_2026_1Q.xlsx#Company Detail
Lakeside Optoelectronics Technology - Yixing 12inch Line current wafer capacity (SEMI WFF),Lakeside Optoelectronics Technology - Yixing 12inch Line,晶圆产能统计对象晶圆制造工厂,晶圆产能,晶圆制造工厂,统计对象,SEMI_WFF_2026_1Q.xlsx#Company Detail
"LAPIS Semiconductor Co, Ltd - SiC Fab current wafer capacity (SEMI WFF)","LAPIS Semiconductor Co, Ltd - SiC Fab",晶圆产能统计对象晶圆制造工厂,晶圆产能,晶圆制造工厂,统计对象,SEMI_WFF_2026_1Q.xlsx#Company Detail
"LAPIS Semiconductor Co, Ltd - S-2 current wafer capacity (SEMI WFF)","LAPIS Semiconductor Co, Ltd - S-2",晶圆产能统计对象晶圆制造工厂,晶圆产能,晶圆制造工厂,统计对象,SEMI_WFF_2026_1Q.xlsx#Company Detail
"LAPIS Semiconductor Co, Ltd - M3 current wafer capacity (SEMI WFF)","LAPIS Semiconductor Co, Ltd - M3",晶圆产能统计对象晶圆制造工厂,晶圆产能,晶圆制造工厂,统计对象,SEMI_WFF_2026_1Q.xlsx#Company Detail
"LAPIS Semiconductor Co, Ltd - M2 current wafer capacity (SEMI WFF)","LAPIS Semiconductor Co, Ltd - M2",晶圆产能统计对象晶圆制造工厂,晶圆产能,晶圆制造工厂,统计对象,SEMI_WFF_2026_1Q.xlsx#Company Detail
"LAPIS Semiconductor Co, Ltd - M1 current wafer capacity (SEMI WFF)","LAPIS Semiconductor Co, Ltd - M1",晶圆产能统计对象晶圆制造工厂,晶圆产能,晶圆制造工厂,统计对象,SEMI_WFF_2026_1Q.xlsx#Company Detail
"LAPIS Semiconductor Co, Ltd - Miyazaki Fab 2 (8 inch SiC Line) current wafer capacity (SEMI WFF)","LAPIS Semiconductor Co, Ltd - Miyazaki Fab 2 (8 inch SiC Line)",晶圆产能统计对象晶圆制造工厂,晶圆产能,晶圆制造工厂,统计对象,SEMI_WFF_2026_1Q.xlsx#Company Detail
"LAPIS Semiconductor Co, Ltd - Miyazaki Fab 2 (6 inch SiC Line) current wafer capacity (SEMI WFF)","LAPIS Semiconductor Co, Ltd - Miyazaki Fab 2 (6 inch SiC Line)",晶圆产能统计对象晶圆制造工厂,晶圆产能,晶圆制造工厂,统计对象,SEMI_WFF_2026_1Q.xlsx#Company Detail
Lasertel Inc. - Fab 2 (Innovation Park) current wafer capacity (SEMI WFF),Lasertel Inc. - Fab 2 (Innovation Park),晶圆产能统计对象晶圆制造工厂,晶圆产能,晶圆制造工厂,统计对象,SEMI_WFF_2026_1Q.xlsx#Company Detail
Leister Process Technologies - Axetris Division - Axetris current wafer capacity (SEMI WFF),Leister Process Technologies - Axetris Division - Axetris,晶圆产能统计对象晶圆制造工厂,晶圆产能,晶圆制造工厂,统计对象,SEMI_WFF_2026_1Q.xlsx#Company Detail
Linear Integrated Systems - Fab 1 current wafer capacity (SEMI WFF),Linear Integrated Systems - Fab 1,晶圆产能统计对象晶圆制造工厂,晶圆产能,晶圆制造工厂,统计对象,SEMI_WFF_2026_1Q.xlsx#Company Detail
"Lishan Microelectronics - 4"" line current wafer capacity (SEMI WFF)","Lishan Microelectronics - 4"" line",晶圆产能统计对象晶圆制造工厂,晶圆产能,晶圆制造工厂,统计对象,SEMI_WFF_2026_1Q.xlsx#Company Detail
Littelfuse - Wuxi fab current wafer capacity (SEMI WFF),Littelfuse - Wuxi fab,晶圆产能统计对象晶圆制造工厂,晶圆产能,晶圆制造工厂,统计对象,SEMI_WFF_2026_1Q.xlsx#Company Detail
Littelfuse - Dortmund (will be Littelfuse on 12/31/24) current wafer capacity (SEMI WFF),Littelfuse - Dortmund (will be Littelfuse on 12/31/24),晶圆产能统计对象晶圆制造工厂,晶圆产能,晶圆制造工厂,统计对象,SEMI_WFF_2026_1Q.xlsx#Company Detail
Lumentum - San Donato Milanese current wafer capacity (SEMI WFF),Lumentum - San Donato Milanese,晶圆产能统计对象晶圆制造工厂,晶圆产能,晶圆制造工厂,统计对象,SEMI_WFF_2026_1Q.xlsx#Company Detail
LuxNet Corporation - Hejiang fab current wafer capacity (SEMI WFF),LuxNet Corporation - Hejiang fab,晶圆产能统计对象晶圆制造工厂,晶圆产能,晶圆制造工厂,统计对象,SEMI_WFF_2026_1Q.xlsx#Company Detail
Lynred (was ULIS) - Development and Production (Was Sofradir) current wafer capacity (SEMI WFF),Lynred (was ULIS) - Development and Production (Was Sofradir),晶圆产能统计对象晶圆制造工厂,晶圆产能,晶圆制造工厂,统计对象,SEMI_WFF_2026_1Q.xlsx#Company Detail
Lynred (was ULIS) - Fab 2  (was ULIS) current wafer capacity (SEMI WFF),Lynred (was ULIS) - Fab 2  (was ULIS),晶圆产能统计对象晶圆制造工厂,晶圆产能,晶圆制造工厂,统计对象,SEMI_WFF_2026_1Q.xlsx#Company Detail
Lynred (was ULIS) - Fab 1 (was ULIS) current wafer capacity (SEMI WFF),Lynred (was ULIS) - Fab 1 (was ULIS),晶圆产能统计对象晶圆制造工厂,晶圆产能,晶圆制造工厂,统计对象,SEMI_WFF_2026_1Q.xlsx#Company Detail
MACOM - RTP Fab (100mm line) current wafer capacity (SEMI WFF),MACOM - RTP Fab (100mm line),晶圆产能统计对象晶圆制造工厂,晶圆产能,晶圆制造工厂,统计对象,SEMI_WFF_2026_1Q.xlsx#Company Detail
"MACOM - Ann Arbor (was Luna, was Picometrix) current wafer capacity (SEMI WFF)","MACOM - Ann Arbor (was Luna, was Picometrix)",晶圆产能统计对象晶圆制造工厂,晶圆产能,晶圆制造工厂,统计对象,SEMI_WFF_2026_1Q.xlsx#Company Detail
MACOM - Walker Building current wafer capacity (SEMI WFF),MACOM - Walker Building,晶圆产能统计对象晶圆制造工厂,晶圆产能,晶圆制造工厂,统计对象,SEMI_WFF_2026_1Q.xlsx#Company Detail
"Macronix International Co., Ltd. (MXIC) - Fab 5 (2D NAND, former Promos Fab 2) current wafer capacity (SEMI WFF)","Macronix International Co., Ltd. (MXIC) - Fab 5 (2D NAND, former Promos Fab 2)",晶圆产能统计对象晶圆制造工厂,晶圆产能,晶圆制造工厂,统计对象,SEMI_WFF_2026_1Q.xlsx#Company Detail
"Macronix International Co., Ltd. (MXIC) - Fab 2 current wafer capacity (SEMI WFF)","Macronix International Co., Ltd. (MXIC) - Fab 2",晶圆产能统计对象晶圆制造工厂,晶圆产能,晶圆制造工厂,统计对象,SEMI_WFF_2026_1Q.xlsx#Company Detail
"Macronix International Co., Ltd. (MXIC) - Fab 5 (3D NAND) current wafer capacity (SEMI WFF)","Macronix International Co., Ltd. (MXIC) - Fab 5 (3D NAND)",晶圆产能统计对象晶圆制造工厂,晶圆产能,晶圆制造工厂,统计对象,SEMI_WFF_2026_1Q.xlsx#Company Detail
MagnaChip - F 3 current wafer capacity (SEMI WFF),MagnaChip - F 3,晶圆产能统计对象晶圆制造工厂,晶圆产能,晶圆制造工厂,统计对象,SEMI_WFF_2026_1Q.xlsx#Company Detail
Measurement Specialties (MEAS) - N/A current wafer capacity (SEMI WFF),Measurement Specialties (MEAS) - N/A,晶圆产能统计对象晶圆制造工厂,晶圆产能,晶圆制造工厂,统计对象,SEMI_WFF_2026_1Q.xlsx#Company Detail
Medtronic Microelectronics Center - Tempe current wafer capacity (SEMI WFF),Medtronic Microelectronics Center - Tempe,晶圆产能统计对象晶圆制造工厂,晶圆产能,晶圆制造工厂,统计对象,SEMI_WFF_2026_1Q.xlsx#Company Detail
Memscap S.A. - North Carolina current wafer capacity (SEMI WFF),Memscap S.A. - North Carolina,晶圆产能统计对象晶圆制造工厂,晶圆产能,晶圆制造工厂,统计对象,SEMI_WFF_2026_1Q.xlsx#Company Detail
MEMS-Foundry - MEMS-Foundry (division of HTE-Labs) current wafer capacity (SEMI WFF),MEMS-Foundry - MEMS-Foundry (division of HTE-Labs),晶圆产能统计对象晶圆制造工厂,晶圆产能,晶圆制造工厂,统计对象,SEMI_WFF_2026_1Q.xlsx#Company Detail
"Mfab Co. Ltd. - 6"" line current wafer capacity (SEMI WFF)","Mfab Co. Ltd. - 6"" line",晶圆产能统计对象晶圆制造工厂,晶圆产能,晶圆制造工厂,统计对象,SEMI_WFF_2026_1Q.xlsx#Company Detail
MHS Electronics - MHS current wafer capacity (SEMI WFF),MHS Electronics - MHS,晶圆产能统计对象晶圆制造工厂,晶圆产能,晶圆制造工厂,统计对象,SEMI_WFF_2026_1Q.xlsx#Company Detail
Microchip - Fab 5 (Colorado) (was Atmel in 2015) current wafer capacity (SEMI WFF),Microchip - Fab 5 (Colorado) (was Atmel in 2015),晶圆产能统计对象晶圆制造工厂,晶圆产能,晶圆制造工厂,统计对象,SEMI_WFF_2026_1Q.xlsx#Company Detail
"Microchip - Lawrence (was Microsemi until 2Q18, was NES) current wafer capacity (SEMI WFF)","Microchip - Lawrence (was Microsemi until 2Q18, was NES)",晶圆产能统计对象晶圆制造工厂,晶圆产能,晶圆制造工厂,统计对象,SEMI_WFF_2026_1Q.xlsx#Company Detail
Microchip - Fab 4 (Gresham) (was Fujitsu in 2002) current wafer capacity (SEMI WFF),Microchip - Fab 4 (Gresham) (was Fujitsu in 2002),晶圆产能统计对象晶圆制造工厂,晶圆产能,晶圆制造工厂,统计对象,SEMI_WFF_2026_1Q.xlsx#Company Detail
"Microchip - Fab 2 (Tempe) (was DEC, was GTE) current wafer capacity (SEMI WFF)","Microchip - Fab 2 (Tempe) (was DEC, was GTE)",晶圆产能统计对象晶圆制造工厂,晶圆产能,晶圆制造工厂,统计对象,SEMI_WFF_2026_1Q.xlsx#Company Detail
"Microchip - Beverly (was Microsemi until 2Q18, was Symmetricom) current wafer capacity (SEMI WFF)","Microchip - Beverly (was Microsemi until 2Q18, was Symmetricom)",晶圆产能统计对象晶圆制造工厂,晶圆产能,晶圆制造工厂,统计对象,SEMI_WFF_2026_1Q.xlsx#Company Detail
"Microchip - Garden Grove (was Microsemi until 2Q18, was Linfinity Microelectronics) current wafer capacity (SEMI WFF)","Microchip - Garden Grove (was Microsemi until 2Q18, was Linfinity Microelectronics)",晶圆产能统计对象晶圆制造工厂,晶圆产能,晶圆制造工厂,统计对象,SEMI_WFF_2026_1Q.xlsx#Company Detail
Microchip - Lowell (was Microsemi until 2Q18) current wafer capacity (SEMI WFF),Microchip - Lowell (was Microsemi until 2Q18),晶圆产能统计对象晶圆制造工厂,晶圆产能,晶圆制造工厂,统计对象,SEMI_WFF_2026_1Q.xlsx#Company Detail
Microchip - SiC Fab Expansion current wafer capacity (SEMI WFF),Microchip - SiC Fab Expansion,晶圆产能统计对象晶圆制造工厂,晶圆产能,晶圆制造工厂,统计对象,SEMI_WFF_2026_1Q.xlsx#Company Detail
microFAB - Bremen fab current wafer capacity (SEMI WFF),microFAB - Bremen fab,晶圆产能统计对象晶圆制造工厂,晶圆产能,晶圆制造工厂,统计对象,SEMI_WFF_2026_1Q.xlsx#Company Detail
Micron - Fab 6 (MTV DRAM) current wafer capacity (SEMI WFF),Micron - Fab 6 (MTV DRAM),晶圆产能统计对象晶圆制造工厂,晶圆产能,晶圆制造工厂,统计对象,SEMI_WFF_2026_1Q.xlsx#Company Detail
"Micron - Fab 4 (Bldg. 24 C,D,E) current wafer capacity (SEMI WFF)","Micron - Fab 4 (Bldg. 24 C,D,E)",晶圆产能统计对象晶圆制造工厂,晶圆产能,晶圆制造工厂,统计对象,SEMI_WFF_2026_1Q.xlsx#Company Detail
"Micron - Fab 6 (MTV Flash, former IMFT) current wafer capacity (SEMI WFF)","Micron - Fab 6 (MTV Flash, former IMFT)",晶圆产能统计对象晶圆制造工厂,晶圆产能,晶圆制造工厂,统计对象,SEMI_WFF_2026_1Q.xlsx#Company Detail
Micron - Fab 16 A1 (former R1) current wafer capacity (SEMI WFF),Micron - Fab 16 A1 (former R1),晶圆产能统计对象晶圆制造工厂,晶圆产能,晶圆制造工厂,统计对象,SEMI_WFF_2026_1Q.xlsx#Company Detail
Micron - Fab 11 (Inotera Fab 2) current wafer capacity (SEMI WFF),Micron - Fab 11 (Inotera Fab 2),晶圆产能统计对象晶圆制造工厂,晶圆产能,晶圆制造工厂,统计对象,SEMI_WFF_2026_1Q.xlsx#Company Detail
Micron - Fab 16 A3 (phase 1 + phase 2) current wafer capacity (SEMI WFF),Micron - Fab 16 A3 (phase 1 + phase 2),晶圆产能统计对象晶圆制造工厂,晶圆产能,晶圆制造工厂,统计对象,SEMI_WFF_2026_1Q.xlsx#Company Detail
Micron - Fab 11 (Inotera Fab 1) current wafer capacity (SEMI WFF),Micron - Fab 11 (Inotera Fab 1),晶圆产能统计对象晶圆制造工厂,晶圆产能,晶圆制造工厂,统计对象,SEMI_WFF_2026_1Q.xlsx#Company Detail
Micron - Fab 15 +B-Bldg+F-Bldg (was Elpida E300) current wafer capacity (SEMI WFF),Micron - Fab 15 +B-Bldg+F-Bldg (was Elpida E300),晶圆产能统计对象晶圆制造工厂,晶圆产能,晶圆制造工厂,统计对象,SEMI_WFF_2026_1Q.xlsx#Company Detail
"Micron - Fab 10W 3D-part (former Fab 7, Tech) current wafer capacity (SEMI WFF)","Micron - Fab 10W 3D-part (former Fab 7, Tech)",晶圆产能统计对象晶圆制造工厂,晶圆产能,晶圆制造工厂,统计对象,SEMI_WFF_2026_1Q.xlsx#Company Detail
Micron - Fab 10A (Phase 1 + 2) current wafer capacity (SEMI WFF),Micron - Fab 10A (Phase 1 + 2),晶圆产能统计对象晶圆制造工厂,晶圆产能,晶圆制造工厂,统计对象,SEMI_WFF_2026_1Q.xlsx#Company Detail
Micron - Expansion Fab current wafer capacity (SEMI WFF),Micron - Expansion Fab,晶圆产能统计对象晶圆制造工厂,晶圆产能,晶圆制造工厂,统计对象,SEMI_WFF_2026_1Q.xlsx#Company Detail
Micron - Fab P5 Phase 2 Tongluo (was P6 with PSMC) current wafer capacity (SEMI WFF),Micron - Fab P5 Phase 2 Tongluo (was P6 with PSMC),晶圆产能统计对象晶圆制造工厂,晶圆产能,晶圆制造工厂,统计对象,SEMI_WFF_2026_1Q.xlsx#Company Detail
Micron - Fab 10N - 3D portion current wafer capacity (SEMI WFF),Micron - Fab 10N - 3D portion,晶圆产能统计对象晶圆制造工厂,晶圆产能,晶圆制造工厂,统计对象,SEMI_WFF_2026_1Q.xlsx#Company Detail
Micron - Fab 11 (Inotera Fab 1a) current wafer capacity (SEMI WFF),Micron - Fab 11 (Inotera Fab 1a),晶圆产能统计对象晶圆制造工厂,晶圆产能,晶圆制造工厂,统计对象,SEMI_WFF_2026_1Q.xlsx#Company Detail
Micron - Fab 10X (Singapore) current wafer capacity (SEMI WFF),Micron - Fab 10X (Singapore),晶圆产能统计对象晶圆制造工厂,晶圆产能,晶圆制造工厂,统计对象,SEMI_WFF_2026_1Q.xlsx#Company Detail
Micron - Fab 16 A2 (former R2) current wafer capacity (SEMI WFF),Micron - Fab 16 A2 (former R2),晶圆产能统计对象晶圆制造工厂,晶圆产能,晶圆制造工厂,统计对象,SEMI_WFF_2026_1Q.xlsx#Company Detail
Micron - ID 1 (New Boise Fab 1) current wafer capacity (SEMI WFF),Micron - ID 1 (New Boise Fab 1),晶圆产能统计对象晶圆制造工厂,晶圆产能,晶圆制造工厂,统计对象,SEMI_WFF_2026_1Q.xlsx#Company Detail
Micron - Clay Fab 1 (Phase 1A) current wafer capacity (SEMI WFF),Micron - Clay Fab 1 (Phase 1A),晶圆产能统计对象晶圆制造工厂,晶圆产能,晶圆制造工厂,统计对象,SEMI_WFF_2026_1Q.xlsx#Company Detail
Micron - Fab 15 expansion F-Building current wafer capacity (SEMI WFF),Micron - Fab 15 expansion F-Building,晶圆产能统计对象晶圆制造工厂,晶圆产能,晶圆制造工厂,统计对象,SEMI_WFF_2026_1Q.xlsx#Company Detail
Micron - Clay Fab 2 (Phase 1B) current wafer capacity (SEMI WFF),Micron - Clay Fab 2 (Phase 1B),晶圆产能统计对象晶圆制造工厂,晶圆产能,晶圆制造工厂,统计对象,SEMI_WFF_2026_1Q.xlsx#Company Detail
Micron - Clay Fab 3 (Phase 2A) current wafer capacity (SEMI WFF),Micron - Clay Fab 3 (Phase 2A),晶圆产能统计对象晶圆制造工厂,晶圆产能,晶圆制造工厂,统计对象,SEMI_WFF_2026_1Q.xlsx#Company Detail
Micron - Clay Fab 4 (Phase 2B) current wafer capacity (SEMI WFF),Micron - Clay Fab 4 (Phase 2B),晶圆产能统计对象晶圆制造工厂,晶圆产能,晶圆制造工厂,统计对象,SEMI_WFF_2026_1Q.xlsx#Company Detail
Micron - Fab 10B (Phase 1 + 2) current wafer capacity (SEMI WFF),Micron - Fab 10B (Phase 1 + 2),晶圆产能统计对象晶圆制造工厂,晶圆产能,晶圆制造工厂,统计对象,SEMI_WFF_2026_1Q.xlsx#Company Detail
Micron - New DRAM/HBM Hybrid Fab current wafer capacity (SEMI WFF),Micron - New DRAM/HBM Hybrid Fab,晶圆产能统计对象晶圆制造工厂,晶圆产能,晶圆制造工厂,统计对象,SEMI_WFF_2026_1Q.xlsx#Company Detail
Micron - Fab P5 Phase 1 (Tongluo) was Powerchip PSMC current wafer capacity (SEMI WFF),Micron - Fab P5 Phase 1 (Tongluo) was Powerchip PSMC,晶圆产能统计对象晶圆制造工厂,晶圆产能,晶圆制造工厂,统计对象,SEMI_WFF_2026_1Q.xlsx#Company Detail
Micron - ID 2 (New Boise Fab 2) current wafer capacity (SEMI WFF),Micron - ID 2 (New Boise Fab 2),晶圆产能统计对象晶圆制造工厂,晶圆产能,晶圆制造工厂,统计对象,SEMI_WFF_2026_1Q.xlsx#Company Detail
Micropac Industries - N/A current wafer capacity (SEMI WFF),Micropac Industries - N/A,晶圆产能统计对象晶圆制造工厂,晶圆产能,晶圆制造工厂,统计对象,SEMI_WFF_2026_1Q.xlsx#Company Detail
Midwest MicroDevices (MMD) - MMD fab current wafer capacity (SEMI WFF),Midwest MicroDevices (MMD) - MMD fab,晶圆产能统计对象晶圆制造工厂,晶圆产能,晶圆制造工厂,统计对象,SEMI_WFF_2026_1Q.xlsx#Company Detail
Mikron (JSC Mikron) - 100mm (4-inch) current wafer capacity (SEMI WFF),Mikron (JSC Mikron) - 100mm (4-inch),晶圆产能统计对象晶圆制造工厂,晶圆产能,晶圆制造工厂,统计对象,SEMI_WFF_2026_1Q.xlsx#Company Detail
Mikron (JSC Mikron) - 150mm (6-inch Corona) current wafer capacity (SEMI WFF),Mikron (JSC Mikron) - 150mm (6-inch Corona),晶圆产能统计对象晶圆制造工厂,晶圆产能,晶圆制造工厂,统计对象,SEMI_WFF_2026_1Q.xlsx#Company Detail
Mikron (JSC Mikron) - 200mm current wafer capacity (SEMI WFF),Mikron (JSC Mikron) - 200mm,晶圆产能统计对象晶圆制造工厂,晶圆产能,晶圆制造工厂,统计对象,SEMI_WFF_2026_1Q.xlsx#Company Detail
MIMOS Semiconductor (MySem) - Fab 1 current wafer capacity (SEMI WFF),MIMOS Semiconductor (MySem) - Fab 1,晶圆产能统计对象晶圆制造工厂,晶圆产能,晶圆制造工厂,统计对象,SEMI_WFF_2026_1Q.xlsx#Company Detail
MIMOS Semiconductor (MySem) - Fab 2 current wafer capacity (SEMI WFF),MIMOS Semiconductor (MySem) - Fab 2,晶圆产能统计对象晶圆制造工厂,晶圆产能,晶圆制造工厂,统计对象,SEMI_WFF_2026_1Q.xlsx#Company Detail
Minebea Mitsumi - Chitose fab current wafer capacity (SEMI WFF),Minebea Mitsumi - Chitose fab,晶圆产能统计对象晶圆制造工厂,晶圆产能,晶圆制造工厂,统计对象,SEMI_WFF_2026_1Q.xlsx#Company Detail
Minebea Mitsumi - Yasu Fab (1st floor) was Omron current wafer capacity (SEMI WFF),Minebea Mitsumi - Yasu Fab (1st floor) was Omron,晶圆产能统计对象晶圆制造工厂,晶圆产能,晶圆制造工厂,统计对象,SEMI_WFF_2026_1Q.xlsx#Company Detail
Minebea Mitsumi - Yasu Fab (3rd floor) was Omron current wafer capacity (SEMI WFF),Minebea Mitsumi - Yasu Fab (3rd floor) was Omron,晶圆产能统计对象晶圆制造工厂,晶圆产能,晶圆制造工厂,统计对象,SEMI_WFF_2026_1Q.xlsx#Company Detail
Minebea Mitsumi - Yasu Fab (2nd floor) was Omron current wafer capacity (SEMI WFF),Minebea Mitsumi - Yasu Fab (2nd floor) was Omron,晶圆产能统计对象晶圆制造工厂,晶圆产能,晶圆制造工厂,统计对象,SEMI_WFF_2026_1Q.xlsx#Company Detail
Mitsubishi Electric - Kumamoto Factory-D Bldg (was Renesas) current wafer capacity (SEMI WFF),Mitsubishi Electric - Kumamoto Factory-D Bldg (was Renesas),晶圆产能统计对象晶圆制造工厂,晶圆产能,晶圆制造工厂,统计对象,SEMI_WFF_2026_1Q.xlsx#Company Detail
Mitsubishi Electric - High Frequency & Optical Device Works current wafer capacity (SEMI WFF),Mitsubishi Electric - High Frequency & Optical Device Works,晶圆产能统计对象晶圆制造工厂,晶圆产能,晶圆制造工厂,统计对象,SEMI_WFF_2026_1Q.xlsx#Company Detail
Mitsubishi Electric - Power Device Works current wafer capacity (SEMI WFF),Mitsubishi Electric - Power Device Works,晶圆产能统计对象晶圆制造工厂,晶圆产能,晶圆制造工厂,统计对象,SEMI_WFF_2026_1Q.xlsx#Company Detail
Mitsubishi Electric - Fukuyama Plant 2 (was Sharp) current wafer capacity (SEMI WFF),Mitsubishi Electric - Fukuyama Plant 2 (was Sharp),晶圆产能统计对象晶圆制造工厂,晶圆产能,晶圆制造工厂,统计对象,SEMI_WFF_2026_1Q.xlsx#Company Detail
Mitsubishi Electric - Fukuyama Plant 3 (was Sharp) current wafer capacity (SEMI WFF),Mitsubishi Electric - Fukuyama Plant 3 (was Sharp),晶圆产能统计对象晶圆制造工厂,晶圆产能,晶圆制造工厂,统计对象,SEMI_WFF_2026_1Q.xlsx#Company Detail
Mitsubishi Electric - New SiC Power Fab current wafer capacity (SEMI WFF),Mitsubishi Electric - New SiC Power Fab,晶圆产能统计对象晶圆制造工厂,晶圆产能,晶圆制造工厂,统计对象,SEMI_WFF_2026_1Q.xlsx#Company Detail
Mitsubishi Electric - Fukuyama 300mm Power pilot line current wafer capacity (SEMI WFF),Mitsubishi Electric - Fukuyama 300mm Power pilot line,晶圆产能统计对象晶圆制造工厂,晶圆产能,晶圆制造工厂,统计对象,SEMI_WFF_2026_1Q.xlsx#Company Detail
"Mitsubishi Electric - Kumamoto Factory (Bldg A,B,C) current wafer capacity (SEMI WFF)","Mitsubishi Electric - Kumamoto Factory (Bldg A,B,C)",晶圆产能统计对象晶圆制造工厂,晶圆产能,晶圆制造工厂,统计对象,SEMI_WFF_2026_1Q.xlsx#Company Detail
Mosel Vitelic - Fab 1 (6-inch line) current wafer capacity (SEMI WFF),Mosel Vitelic - Fab 1 (6-inch line),晶圆产能统计对象晶圆制造工厂,晶圆产能,晶圆制造工厂,统计对象,SEMI_WFF_2026_1Q.xlsx#Company Detail
MOSPEC Semiconductor Corp. - n/a current wafer capacity (SEMI WFF),MOSPEC Semiconductor Corp. - n/a,晶圆产能统计对象晶圆制造工厂,晶圆产能,晶圆制造工厂,统计对象,SEMI_WFF_2026_1Q.xlsx#Company Detail
"MT Microsystems - 6"" fab current wafer capacity (SEMI WFF)","MT Microsystems - 6"" fab",晶圆产能统计对象晶圆制造工厂,晶圆产能,晶圆制造工厂,统计对象,SEMI_WFF_2026_1Q.xlsx#Company Detail
"Murata Manufacturing Company, Ltd. - Murata Integrated Passive Solution (was IPDiA Fab 2 6-inch) current wafer capacity (SEMI WFF)","Murata Manufacturing Company, Ltd. - Murata Integrated Passive Solution (was IPDiA Fab 2 6-inch)",晶圆产能统计对象晶圆制造工厂,晶圆产能,晶圆制造工厂,统计对象,SEMI_WFF_2026_1Q.xlsx#Company Detail
"Murata Manufacturing Company, Ltd. - Sendai Fab current wafer capacity (SEMI WFF)","Murata Manufacturing Company, Ltd. - Sendai Fab",晶圆产能统计对象晶圆制造工厂,晶圆产能,晶圆制造工厂,统计对象,SEMI_WFF_2026_1Q.xlsx#Company Detail
"Murata Manufacturing Company, Ltd. - Kanazawa Fab 2 (Building E) current wafer capacity (SEMI WFF)","Murata Manufacturing Company, Ltd. - Kanazawa Fab 2 (Building E)",晶圆产能统计对象晶圆制造工厂,晶圆产能,晶圆制造工厂,统计对象,SEMI_WFF_2026_1Q.xlsx#Company Detail
"Murata Manufacturing Company, Ltd. - Vantaa Fab 3 current wafer capacity (SEMI WFF)","Murata Manufacturing Company, Ltd. - Vantaa Fab 3",晶圆产能统计对象晶圆制造工厂,晶圆产能,晶圆制造工厂,统计对象,SEMI_WFF_2026_1Q.xlsx#Company Detail
"Murata Manufacturing Company, Ltd. - Kanazawa Plant (A1 + combined) current wafer capacity (SEMI WFF)","Murata Manufacturing Company, Ltd. - Kanazawa Plant (A1 + combined)",晶圆产能统计对象晶圆制造工厂,晶圆产能,晶圆制造工厂,统计对象,SEMI_WFF_2026_1Q.xlsx#Company Detail
"Murata Manufacturing Company, Ltd. - Vantaa Fab 1 current wafer capacity (SEMI WFF)","Murata Manufacturing Company, Ltd. - Vantaa Fab 1",晶圆产能统计对象晶圆制造工厂,晶圆产能,晶圆制造工厂,统计对象,SEMI_WFF_2026_1Q.xlsx#Company Detail
"Murata Manufacturing Company, Ltd. - Vantaa Fab 2 current wafer capacity (SEMI WFF)","Murata Manufacturing Company, Ltd. - Vantaa Fab 2",晶圆产能统计对象晶圆制造工厂,晶圆产能,晶圆制造工厂,统计对象,SEMI_WFF_2026_1Q.xlsx#Company Detail
Nanjing Gaoxin Semiconductor Corporation (NSMC) - Fab 3 current wafer capacity (SEMI WFF),Nanjing Gaoxin Semiconductor Corporation (NSMC) - Fab 3,晶圆产能统计对象晶圆制造工厂,晶圆产能,晶圆制造工厂,统计对象,SEMI_WFF_2026_1Q.xlsx#Company Detail
Nanjing Gaoxin Semiconductor Corporation (NSMC) - Fab 2 (4th floor) current wafer capacity (SEMI WFF),Nanjing Gaoxin Semiconductor Corporation (NSMC) - Fab 2 (4th floor),晶圆产能统计对象晶圆制造工厂,晶圆产能,晶圆制造工厂,统计对象,SEMI_WFF_2026_1Q.xlsx#Company Detail
Nanjing Guozhao Optoelectronics Technology (GZOT) - Fab 1 current wafer capacity (SEMI WFF),Nanjing Guozhao Optoelectronics Technology (GZOT) - Fab 1,晶圆产能统计对象晶圆制造工厂,晶圆产能,晶圆制造工厂,统计对象,SEMI_WFF_2026_1Q.xlsx#Company Detail
Nanjing Guozhao Optoelectronics Technology (GZOT) - Zhaoyi 12inch line current wafer capacity (SEMI WFF),Nanjing Guozhao Optoelectronics Technology (GZOT) - Zhaoyi 12inch line,晶圆产能统计对象晶圆制造工厂,晶圆产能,晶圆制造工厂,统计对象,SEMI_WFF_2026_1Q.xlsx#Company Detail
"Nanostructures, Inc. - Fab 1 current wafer capacity (SEMI WFF)","Nanostructures, Inc. - Fab 1",晶圆产能统计对象晶圆制造工厂,晶圆产能,晶圆制造工厂,统计对象,SEMI_WFF_2026_1Q.xlsx#Company Detail
Nanox - Nanox current wafer capacity (SEMI WFF),Nanox - Nanox,晶圆产能统计对象晶圆制造工厂,晶圆产能,晶圆制造工厂,统计对象,SEMI_WFF_2026_1Q.xlsx#Company Detail
Nanya Technology - Fab 5 Phase 1 current wafer capacity (SEMI WFF),Nanya Technology - Fab 5 Phase 1,晶圆产能统计对象晶圆制造工厂,晶圆产能,晶圆制造工厂,统计对象,SEMI_WFF_2026_1Q.xlsx#Company Detail
Nanya Technology - Fab 5 Phase 2 current wafer capacity (SEMI WFF),Nanya Technology - Fab 5 Phase 2,晶圆产能统计对象晶圆制造工厂,晶圆产能,晶圆制造工厂,统计对象,SEMI_WFF_2026_1Q.xlsx#Company Detail
Nanya Technology - Fab 3A North current wafer capacity (SEMI WFF),Nanya Technology - Fab 3A North,晶圆产能统计对象晶圆制造工厂,晶圆产能,晶圆制造工厂,统计对象,SEMI_WFF_2026_1Q.xlsx#Company Detail
Nanya Technology - Fab 3A current wafer capacity (SEMI WFF),Nanya Technology - Fab 3A,晶圆产能统计对象晶圆制造工厂,晶圆产能,晶圆制造工厂,统计对象,SEMI_WFF_2026_1Q.xlsx#Company Detail
Nanya Technology - Fab 5 Phase 3 current wafer capacity (SEMI WFF),Nanya Technology - Fab 5 Phase 3,晶圆产能统计对象晶圆制造工厂,晶圆产能,晶圆制造工厂,统计对象,SEMI_WFF_2026_1Q.xlsx#Company Detail
NeoPhotonics Corporation - San Jose current wafer capacity (SEMI WFF),NeoPhotonics Corporation - San Jose,晶圆产能统计对象晶圆制造工厂,晶圆产能,晶圆制造工厂,统计对象,SEMI_WFF_2026_1Q.xlsx#Company Detail
New Japan Radio - GaAs current wafer capacity (SEMI WFF),New Japan Radio - GaAs,晶圆产能统计对象晶圆制造工厂,晶圆产能,晶圆制造工厂,统计对象,SEMI_WFF_2026_1Q.xlsx#Company Detail
New Japan Radio - Fab 3 current wafer capacity (SEMI WFF),New Japan Radio - Fab 3,晶圆产能统计对象晶圆制造工厂,晶圆产能,晶圆制造工厂,统计对象,SEMI_WFF_2026_1Q.xlsx#Company Detail
New Japan Radio - Fab 4 current wafer capacity (SEMI WFF),New Japan Radio - Fab 4,晶圆产能统计对象晶圆制造工厂,晶圆产能,晶圆制造工厂,统计对象,SEMI_WFF_2026_1Q.xlsx#Company Detail
New Japan Radio - NJR Fukuoka current wafer capacity (SEMI WFF),New Japan Radio - NJR Fukuoka,晶圆产能统计对象晶圆制造工厂,晶圆产能,晶圆制造工厂,统计对象,SEMI_WFF_2026_1Q.xlsx#Company Detail
Nexchip - N1 (A1+A2) current wafer capacity (SEMI WFF),Nexchip - N1 (A1+A2),晶圆产能统计对象晶圆制造工厂,晶圆产能,晶圆制造工厂,统计对象,SEMI_WFF_2026_1Q.xlsx#Company Detail
Nexchip - N1(A3+A4) current wafer capacity (SEMI WFF),Nexchip - N1(A3+A4),晶圆产能统计对象晶圆制造工厂,晶圆产能,晶圆制造工厂,统计对象,SEMI_WFF_2026_1Q.xlsx#Company Detail
NexGen Power Systems - Avogy current wafer capacity (SEMI WFF),NexGen Power Systems - Avogy,晶圆产能统计对象晶圆制造工厂,晶圆产能,晶圆制造工厂,统计对象,SEMI_WFF_2026_1Q.xlsx#Company Detail
NEXIC Technology - Jiangyin 6inch Fab current wafer capacity (SEMI WFF),NEXIC Technology - Jiangyin 6inch Fab,晶圆产能统计对象晶圆制造工厂,晶圆产能,晶圆制造工厂,统计对象,SEMI_WFF_2026_1Q.xlsx#Company Detail
Nexperia - Hamburg 8-inch current wafer capacity (SEMI WFF),Nexperia - Hamburg 8-inch,晶圆产能统计对象晶圆制造工厂,晶圆产能,晶圆制造工厂,统计对象,SEMI_WFF_2026_1Q.xlsx#Company Detail
Nexperia - Hamburg 8-inch GaN and SiC current wafer capacity (SEMI WFF),Nexperia - Hamburg 8-inch GaN and SiC,晶圆产能统计对象晶圆制造工厂,晶圆产能,晶圆制造工厂,统计对象,SEMI_WFF_2026_1Q.xlsx#Company Detail
Nexperia - Manchester 8-inch expansion (was Nexperia) current wafer capacity (SEMI WFF),Nexperia - Manchester 8-inch expansion (was Nexperia),晶圆产能统计对象晶圆制造工厂,晶圆产能,晶圆制造工厂,统计对象,SEMI_WFF_2026_1Q.xlsx#Company Detail
Nexperia - Manchester 6-inch (was Nexperia) current wafer capacity (SEMI WFF),Nexperia - Manchester 6-inch (was Nexperia),晶圆产能统计对象晶圆制造工厂,晶圆产能,晶圆制造工厂,统计对象,SEMI_WFF_2026_1Q.xlsx#Company Detail
Nexperia - Hamburg 6-inch current wafer capacity (SEMI WFF),Nexperia - Hamburg 6-inch,晶圆产能统计对象晶圆制造工厂,晶圆产能,晶圆制造工厂,统计对象,SEMI_WFF_2026_1Q.xlsx#Company Detail
Nichia Corporation - K6 (was LD fab HQ) current wafer capacity (SEMI WFF),Nichia Corporation - K6 (was LD fab HQ),晶圆产能统计对象晶圆制造工厂,晶圆产能,晶圆制造工厂,统计对象,SEMI_WFF_2026_1Q.xlsx#Company Detail
NIIIS - Research Institute of Measuring Systems - NIIIS current wafer capacity (SEMI WFF),NIIIS - Research Institute of Measuring Systems - NIIIS,晶圆产能统计对象晶圆制造工厂,晶圆产能,晶圆制造工厂,统计对象,SEMI_WFF_2026_1Q.xlsx#Company Detail
Ningbo Semiconductor International Corporation (NSI) - Ningbo N2 current wafer capacity (SEMI WFF),Ningbo Semiconductor International Corporation (NSI) - Ningbo N2,晶圆产能统计对象晶圆制造工厂,晶圆产能,晶圆制造工厂,统计对象,SEMI_WFF_2026_1Q.xlsx#Company Detail
Ningbo Semiconductor International Corporation (NSI) - Ningbo N1 current wafer capacity (SEMI WFF),Ningbo Semiconductor International Corporation (NSI) - Ningbo N1,晶圆产能统计对象晶圆制造工厂,晶圆产能,晶圆制造工厂,统计对象,SEMI_WFF_2026_1Q.xlsx#Company Detail
Ningbo Zhongxin Semi - Zhongxin current wafer capacity (SEMI WFF),Ningbo Zhongxin Semi - Zhongxin,晶圆产能统计对象晶圆制造工厂,晶圆产能,晶圆制造工厂,统计对象,SEMI_WFF_2026_1Q.xlsx#Company Detail
Nisshinbo - Yashiro Fab 1 (Ricoh Electro Device) current wafer capacity (SEMI WFF),Nisshinbo - Yashiro Fab 1 (Ricoh Electro Device),晶圆产能统计对象晶圆制造工厂,晶圆产能,晶圆制造工厂,统计对象,SEMI_WFF_2026_1Q.xlsx#Company Detail
Nisshinbo - Yashiro Fab 2 (Ricoh Electro Device) current wafer capacity (SEMI WFF),Nisshinbo - Yashiro Fab 2 (Ricoh Electro Device),晶圆产能统计对象晶圆制造工厂,晶圆产能,晶圆制造工厂,统计对象,SEMI_WFF_2026_1Q.xlsx#Company Detail
Nitronex Corporation - Durham Fab current wafer capacity (SEMI WFF),Nitronex Corporation - Durham Fab,晶圆产能统计对象晶圆制造工厂,晶圆产能,晶圆制造工厂,统计对象,SEMI_WFF_2026_1Q.xlsx#Company Detail
Northrop Grumman - D1 (Space Park) (Redondo Beach) current wafer capacity (SEMI WFF),Northrop Grumman - D1 (Space Park) (Redondo Beach),晶圆产能统计对象晶圆制造工厂,晶圆产能,晶圆制造工厂,统计对象,SEMI_WFF_2026_1Q.xlsx#Company Detail
Northrop Grumman - ATL Baltimore (1 to 6 inch lines) current wafer capacity (SEMI WFF),Northrop Grumman - ATL Baltimore (1 to 6 inch lines),晶圆产能统计对象晶圆制造工厂,晶圆产能,晶圆制造工厂,统计对象,SEMI_WFF_2026_1Q.xlsx#Company Detail
Northrop Grumman - ATL Baltimore (8 inch line) current wafer capacity (SEMI WFF),Northrop Grumman - ATL Baltimore (8 inch line),晶圆产能统计对象晶圆制造工厂,晶圆产能,晶圆制造工厂,统计对象,SEMI_WFF_2026_1Q.xlsx#Company Detail
Nuova Mistral S.P.A. - N/A current wafer capacity (SEMI WFF),Nuova Mistral S.P.A. - N/A,晶圆产能统计对象晶圆制造工厂,晶圆产能,晶圆制造工厂,统计对象,SEMI_WFF_2026_1Q.xlsx#Company Detail
Nuvoton Technology - Fab D (was Panasonic) current wafer capacity (SEMI WFF),Nuvoton Technology - Fab D (was Panasonic),晶圆产能统计对象晶圆制造工厂,晶圆产能,晶圆制造工厂,统计对象,SEMI_WFF_2026_1Q.xlsx#Company Detail
Nuvoton Technology - Nuvoton fab (was Winbond) current wafer capacity (SEMI WFF),Nuvoton Technology - Nuvoton fab (was Winbond),晶圆产能统计对象晶圆制造工厂,晶圆产能,晶圆制造工厂,统计对象,SEMI_WFF_2026_1Q.xlsx#Company Detail
Nuvotronics - Virginia Fab current wafer capacity (SEMI WFF),Nuvotronics - Virginia Fab,晶圆产能统计对象晶圆制造工厂,晶圆产能,晶圆制造工厂,统计对象,SEMI_WFF_2026_1Q.xlsx#Company Detail
NVE - Non Volatilie Electronic Corporation - Fab 1 current wafer capacity (SEMI WFF),NVE - Non Volatilie Electronic Corporation - Fab 1,晶圆产能统计对象晶圆制造工厂,晶圆产能,晶圆制造工厂,统计对象,SEMI_WFF_2026_1Q.xlsx#Company Detail
NXP - Expansion Dan Noble Center current wafer capacity (SEMI WFF),NXP - Expansion Dan Noble Center,晶圆产能统计对象晶圆制造工厂,晶圆产能,晶圆制造工厂,统计对象,SEMI_WFF_2026_1Q.xlsx#Company Detail
"NXP - ATMC (used also by Everspin) (was Freescale, Austin Technology & Manufacturing Center) current wafer capacity (SEMI WFF)","NXP - ATMC (used also by Everspin) (was Freescale, Austin Technology & Manufacturing Center)",晶圆产能统计对象晶圆制造工厂,晶圆产能,晶圆制造工厂,统计对象,SEMI_WFF_2026_1Q.xlsx#Company Detail
NXP - ICN8 current wafer capacity (SEMI WFF),NXP - ICN8,晶圆产能统计对象晶圆制造工厂,晶圆产能,晶圆制造工厂,统计对象,SEMI_WFF_2026_1Q.xlsx#Company Detail
"NXP - CHD (used also by Everspin, was Freescale) current wafer capacity (SEMI WFF)","NXP - CHD (used also by Everspin, was Freescale)",晶圆产能统计对象晶圆制造工厂,晶圆产能,晶圆制造工厂,统计对象,SEMI_WFF_2026_1Q.xlsx#Company Detail
NXP - ECHO (GaN & SiC Fab new expansion in Chandler) current wafer capacity (SEMI WFF),NXP - ECHO (GaN & SiC Fab new expansion in Chandler),晶圆产能统计对象晶圆制造工厂,晶圆产能,晶圆制造工厂,统计对象,SEMI_WFF_2026_1Q.xlsx#Company Detail
Odyssey - Ithaca current wafer capacity (SEMI WFF),Odyssey - Ithaca,晶圆产能统计对象晶圆制造工厂,晶圆产能,晶圆制造工厂,统计对象,SEMI_WFF_2026_1Q.xlsx#Company Detail
OEPIC Inc. - N/A current wafer capacity (SEMI WFF),OEPIC Inc. - N/A,晶圆产能统计对象晶圆制造工厂,晶圆产能,晶圆制造工厂,统计对象,SEMI_WFF_2026_1Q.xlsx#Company Detail
"Oita Device Technology Co., Ltd - ODT fab current wafer capacity (SEMI WFF)","Oita Device Technology Co., Ltd - ODT fab",晶圆产能统计对象晶圆制造工厂,晶圆产能,晶圆制造工厂,统计对象,SEMI_WFF_2026_1Q.xlsx#Company Detail
Olympus Corporation - Corporate R&D Center - Tatsuno plant current wafer capacity (SEMI WFF),Olympus Corporation - Corporate R&D Center - Tatsuno plant,晶圆产能统计对象晶圆制造工厂,晶圆产能,晶圆制造工厂,统计对象,SEMI_WFF_2026_1Q.xlsx#Company Detail
"OnChip Devices, Inc. - N/A current wafer capacity (SEMI WFF)","OnChip Devices, Inc. - N/A",晶圆产能统计对象晶圆制造工厂,晶圆产能,晶圆制造工厂,统计对象,SEMI_WFF_2026_1Q.xlsx#Company Detail
OnMicro Electronics (HunterSun) - Hangzhou MEMS fab current wafer capacity (SEMI WFF),OnMicro Electronics (HunterSun) - Hangzhou MEMS fab,晶圆产能统计对象晶圆制造工厂,晶圆产能,晶圆制造工厂,统计对象,SEMI_WFF_2026_1Q.xlsx#Company Detail
onsemi - Roznov SiC Device 200mm current wafer capacity (SEMI WFF),onsemi - Roznov SiC Device 200mm,晶圆产能统计对象晶圆制造工厂,晶圆产能,晶圆制造工厂,统计对象,SEMI_WFF_2026_1Q.xlsx#Company Detail
onsemi - Bucheon 200mm (was Fairchild) current wafer capacity (SEMI WFF),onsemi - Bucheon 200mm (was Fairchild),晶圆产能统计对象晶圆制造工厂,晶圆产能,晶圆制造工厂,统计对象,SEMI_WFF_2026_1Q.xlsx#Company Detail
onsemi - ISMF-Malaysia current wafer capacity (SEMI WFF),onsemi - ISMF-Malaysia,晶圆产能统计对象晶圆制造工厂,晶圆产能,晶圆制造工厂,统计对象,SEMI_WFF_2026_1Q.xlsx#Company Detail
onsemi - Roznov Device Fab current wafer capacity (SEMI WFF),onsemi - Roznov Device Fab,晶圆产能统计对象晶圆制造工厂,晶圆产能,晶圆制造工厂,统计对象,SEMI_WFF_2026_1Q.xlsx#Company Detail
"onsemi - Aizu fab (was Aizu Fujitsu) was FASL 1A, was JV1 current wafer capacity (SEMI WFF)","onsemi - Aizu fab (was Aizu Fujitsu) was FASL 1A, was JV1",晶圆产能统计对象晶圆制造工厂,晶圆产能,晶圆制造工厂,统计对象,SEMI_WFF_2026_1Q.xlsx#Company Detail
onsemi - Gresham current wafer capacity (SEMI WFF),onsemi - Gresham,晶圆产能统计对象晶圆制造工厂,晶圆产能,晶圆制造工厂,统计对象,SEMI_WFF_2026_1Q.xlsx#Company Detail
"onsemi - Fab 10 (was Glofo Fab 10, was IBM Bldg. 323 plus Annex) current wafer capacity (SEMI WFF)","onsemi - Fab 10 (was Glofo Fab 10, was IBM Bldg. 323 plus Annex)",晶圆产能统计对象晶圆制造工厂,晶圆产能,晶圆制造工厂,统计对象,SEMI_WFF_2026_1Q.xlsx#Company Detail
onsemi - Bucheon 150mm current wafer capacity (SEMI WFF),onsemi - Bucheon 150mm,晶圆产能统计对象晶圆制造工厂,晶圆产能,晶圆制造工厂,统计对象,SEMI_WFF_2026_1Q.xlsx#Company Detail
onsemi - Rochester (was Kodak) current wafer capacity (SEMI WFF),onsemi - Rochester (was Kodak),晶圆产能统计对象晶圆制造工厂,晶圆产能,晶圆制造工厂,统计对象,SEMI_WFF_2026_1Q.xlsx#Company Detail
onsemi - Pennsylvania (was Fairchild) current wafer capacity (SEMI WFF),onsemi - Pennsylvania (was Fairchild),晶圆产能统计对象晶圆制造工厂,晶圆产能,晶圆制造工厂,统计对象,SEMI_WFF_2026_1Q.xlsx#Company Detail
Optimal Perenni - Fab 2 current wafer capacity (SEMI WFF),Optimal Perenni - Fab 2,晶圆产能统计对象晶圆制造工厂,晶圆产能,晶圆制造工厂,统计对象,SEMI_WFF_2026_1Q.xlsx#Company Detail
Optimal Perenni - Fab 1 current wafer capacity (SEMI WFF),Optimal Perenni - Fab 1,晶圆产能统计对象晶圆制造工厂,晶圆产能,晶圆制造工厂,统计对象,SEMI_WFF_2026_1Q.xlsx#Company Detail
Origin Electric - Mamada current wafer capacity (SEMI WFF),Origin Electric - Mamada,晶圆产能统计对象晶圆制造工厂,晶圆产能,晶圆制造工厂,统计对象,SEMI_WFF_2026_1Q.xlsx#Company Detail
Panjit International - Pynmax Fab (Fab 1 Device line) current wafer capacity (SEMI WFF),Panjit International - Pynmax Fab (Fab 1 Device line),晶圆产能统计对象晶圆制造工厂,晶圆产能,晶圆制造工厂,统计对象,SEMI_WFF_2026_1Q.xlsx#Company Detail
Panjit International - Fab 2 current wafer capacity (SEMI WFF),Panjit International - Fab 2,晶圆产能统计对象晶圆制造工厂,晶圆产能,晶圆制造工厂,统计对象,SEMI_WFF_2026_1Q.xlsx#Company Detail
Panjit International - Pynmax Fab (Fab 3 8-inch line) current wafer capacity (SEMI WFF),Panjit International - Pynmax Fab (Fab 3 8-inch line),晶圆产能统计对象晶圆制造工厂,晶圆产能,晶圆制造工厂,统计对象,SEMI_WFF_2026_1Q.xlsx#Company Detail
Pengxinwei Semiconductor (PXW Semi) - PXW Semi Fab 1 current wafer capacity (SEMI WFF),Pengxinwei Semiconductor (PXW Semi) - PXW Semi Fab 1,晶圆产能统计对象晶圆制造工厂,晶圆产能,晶圆制造工厂,统计对象,SEMI_WFF_2026_1Q.xlsx#Company Detail
Pensun Technology (PST Semi) - PST Fab 1 current wafer capacity (SEMI WFF),Pensun Technology (PST Semi) - PST Fab 1,晶圆产能统计对象晶圆制造工厂,晶圆产能,晶圆制造工厂,统计对象,SEMI_WFF_2026_1Q.xlsx#Company Detail
Pensun Technology (PST Semi) - PST Fab 2 current wafer capacity (SEMI WFF),Pensun Technology (PST Semi) - PST Fab 2,晶圆产能统计对象晶圆制造工厂,晶圆产能,晶圆制造工厂,统计对象,SEMI_WFF_2026_1Q.xlsx#Company Detail
Perkin Elmer Optoelectronics - N/A current wafer capacity (SEMI WFF),Perkin Elmer Optoelectronics - N/A,晶圆产能统计对象晶圆制造工厂,晶圆产能,晶圆制造工厂,统计对象,SEMI_WFF_2026_1Q.xlsx#Company Detail
Phenitec Semicondcutor - Okayama Factroy 2 current wafer capacity (SEMI WFF),Phenitec Semicondcutor - Okayama Factroy 2,晶圆产能统计对象晶圆制造工厂,晶圆产能,晶圆制造工厂,统计对象,SEMI_WFF_2026_1Q.xlsx#Company Detail
"Phenitec Semicondcutor - 1st Factory (Bldg 3, 150mm) current wafer capacity (SEMI WFF)","Phenitec Semicondcutor - 1st Factory (Bldg 3, 150mm)",晶圆产能统计对象晶圆制造工厂,晶圆产能,晶圆制造工厂,统计对象,SEMI_WFF_2026_1Q.xlsx#Company Detail
Phenitec Semicondcutor - 1st Factory (125mm) current wafer capacity (SEMI WFF),Phenitec Semicondcutor - 1st Factory (125mm),晶圆产能统计对象晶圆制造工厂,晶圆产能,晶圆制造工厂,统计对象,SEMI_WFF_2026_1Q.xlsx#Company Detail
Phenitec Semicondcutor - Aira Fab (was Yamaha) current wafer capacity (SEMI WFF),Phenitec Semicondcutor - Aira Fab (was Yamaha),晶圆产能统计对象晶圆制造工厂,晶圆产能,晶圆制造工厂,统计对象,SEMI_WFF_2026_1Q.xlsx#Company Detail
Photonic Corporation - Photonic Fab current wafer capacity (SEMI WFF),Photonic Corporation - Photonic Fab,晶圆产能统计对象晶圆制造工厂,晶圆产能,晶圆制造工厂,统计对象,SEMI_WFF_2026_1Q.xlsx#Company Detail
Plessey (owned by Haylo Labs) - Plessey 8-inch line current wafer capacity (SEMI WFF),Plessey (owned by Haylo Labs) - Plessey 8-inch line,晶圆产能统计对象晶圆制造工厂,晶圆产能,晶圆制造工厂,统计对象,SEMI_WFF_2026_1Q.xlsx#Company Detail
"Polar Semiconductor, Inc (PSI) (Polarfab) - PolarFab 2 current wafer capacity (SEMI WFF)","Polar Semiconductor, Inc (PSI) (Polarfab) - PolarFab 2",晶圆产能统计对象晶圆制造工厂,晶圆产能,晶圆制造工厂,统计对象,SEMI_WFF_2026_1Q.xlsx#Company Detail
"Polar Semiconductor, Inc (PSI) (Polarfab) - PolarFab 3 (was Fab 2-N) current wafer capacity (SEMI WFF)","Polar Semiconductor, Inc (PSI) (Polarfab) - PolarFab 3 (was Fab 2-N)",晶圆产能统计对象晶圆制造工厂,晶圆产能,晶圆制造工厂,统计对象,SEMI_WFF_2026_1Q.xlsx#Company Detail
"Polar Semiconductor, Inc (PSI) (Polarfab) - PolarFab 1 (8-inch) current wafer capacity (SEMI WFF)","Polar Semiconductor, Inc (PSI) (Polarfab) - PolarFab 1 (8-inch)",晶圆产能统计对象晶圆制造工厂,晶圆产能,晶圆制造工厂,统计对象,SEMI_WFF_2026_1Q.xlsx#Company Detail
Poseico - Genova current wafer capacity (SEMI WFF),Poseico - Genova,晶圆产能统计对象晶圆制造工厂,晶圆产能,晶圆制造工厂,统计对象,SEMI_WFF_2026_1Q.xlsx#Company Detail
Power Master Semiconductor - Cheongju SiC 6inch Line current wafer capacity (SEMI WFF),Power Master Semiconductor - Cheongju SiC 6inch Line,晶圆产能统计对象晶圆制造工厂,晶圆产能,晶圆制造工厂,统计对象,SEMI_WFF_2026_1Q.xlsx#Company Detail
Power Master Semiconductor - Cheongju SiC 8inch Line current wafer capacity (SEMI WFF),Power Master Semiconductor - Cheongju SiC 8inch Line,晶圆产能统计对象晶圆制造工厂,晶圆产能,晶圆制造工厂,统计对象,SEMI_WFF_2026_1Q.xlsx#Company Detail
Powerchip Semiconductor Manufacturing Corp (PSMC) - Fab P1 current wafer capacity (SEMI WFF),Powerchip Semiconductor Manufacturing Corp (PSMC) - Fab P1,晶圆产能统计对象晶圆制造工厂,晶圆产能,晶圆制造工厂,统计对象,SEMI_WFF_2026_1Q.xlsx#Company Detail
Powerchip Semiconductor Manufacturing Corp (PSMC) - Fab P3 current wafer capacity (SEMI WFF),Powerchip Semiconductor Manufacturing Corp (PSMC) - Fab P3,晶圆产能统计对象晶圆制造工厂,晶圆产能,晶圆制造工厂,统计对象,SEMI_WFF_2026_1Q.xlsx#Company Detail
Powerchip Semiconductor Manufacturing Corp (PSMC) - Fab P2 current wafer capacity (SEMI WFF),Powerchip Semiconductor Manufacturing Corp (PSMC) - Fab P2,晶圆产能统计对象晶圆制造工厂,晶圆产能,晶圆制造工厂,统计对象,SEMI_WFF_2026_1Q.xlsx#Company Detail
Powerchip Semiconductor Manufacturing Corp (PSMC) - Fab 8A (was Maxchip) current wafer capacity (SEMI WFF),Powerchip Semiconductor Manufacturing Corp (PSMC) - Fab 8A (was Maxchip),晶圆产能统计对象晶圆制造工厂,晶圆产能,晶圆制造工厂,统计对象,SEMI_WFF_2026_1Q.xlsx#Company Detail
Powerchip Semiconductor Manufacturing Corp (PSMC) - Fab 8A-D (200mm line inside Episil Duxing fab) current wafer capacity (SEMI WFF),Powerchip Semiconductor Manufacturing Corp (PSMC) - Fab 8A-D (200mm line inside Episil Duxing fab),晶圆产能统计对象晶圆制造工厂,晶圆产能,晶圆制造工厂,统计对象,SEMI_WFF_2026_1Q.xlsx#Company Detail
Powerchip Semiconductor Manufacturing Corp (PSMC) - Fab 8B current wafer capacity (SEMI WFF),Powerchip Semiconductor Manufacturing Corp (PSMC) - Fab 8B,晶圆产能统计对象晶圆制造工厂,晶圆产能,晶圆制造工厂,统计对象,SEMI_WFF_2026_1Q.xlsx#Company Detail
Powerchip Semiconductor Manufacturing Corp (PSMC) - Fab P5 (Tongluo) current wafer capacity (SEMI WFF),Powerchip Semiconductor Manufacturing Corp (PSMC) - Fab P5 (Tongluo),晶圆产能统计对象晶圆制造工厂,晶圆产能,晶圆制造工厂,统计对象,SEMI_WFF_2026_1Q.xlsx#Company Detail
Powerex - Power Bipolar current wafer capacity (SEMI WFF),Powerex - Power Bipolar,晶圆产能统计对象晶圆制造工厂,晶圆产能,晶圆制造工厂,统计对象,SEMI_WFF_2026_1Q.xlsx#Company Detail
PREMA Semiconductor GmbH - Prema current wafer capacity (SEMI WFF),PREMA Semiconductor GmbH - Prema,晶圆产能统计对象晶圆制造工厂,晶圆产能,晶圆制造工厂,统计对象,SEMI_WFF_2026_1Q.xlsx#Company Detail
Pure Wafer - Campbell (was Noel Technologies) current wafer capacity (SEMI WFF),Pure Wafer - Campbell (was Noel Technologies),晶圆产能统计对象晶圆制造工厂,晶圆产能,晶圆制造工厂,统计对象,SEMI_WFF_2026_1Q.xlsx#Company Detail
"Qidong Jilai Electronics Co., Ltd. - Fab 1 current wafer capacity (SEMI WFF)","Qidong Jilai Electronics Co., Ltd. - Fab 1",晶圆产能统计对象晶圆制造工厂,晶圆产能,晶圆制造工厂,统计对象,SEMI_WFF_2026_1Q.xlsx#Company Detail
Qorvo Inc. - Farmers Branch (was Maxim) current wafer capacity (SEMI WFF),Qorvo Inc. - Farmers Branch (was Maxim),晶圆产能统计对象晶圆制造工厂,晶圆产能,晶圆制造工厂,统计对象,SEMI_WFF_2026_1Q.xlsx#Company Detail
Qorvo Inc. - Richardson 200mm BAW line current wafer capacity (SEMI WFF),Qorvo Inc. - Richardson 200mm BAW line,晶圆产能统计对象晶圆制造工厂,晶圆产能,晶圆制造工厂,统计对象,SEMI_WFF_2026_1Q.xlsx#Company Detail
Qorvo Inc. - Richardson 150mm & 100mm (was Triquint) current wafer capacity (SEMI WFF),Qorvo Inc. - Richardson 150mm & 100mm (was Triquint),晶圆产能统计对象晶圆制造工厂,晶圆产能,晶圆制造工厂,统计对象,SEMI_WFF_2026_1Q.xlsx#Company Detail
Qorvo Inc. - Apopka (was Triquint) current wafer capacity (SEMI WFF),Qorvo Inc. - Apopka (was Triquint),晶圆产能统计对象晶圆制造工厂,晶圆产能,晶圆制造工厂,统计对象,SEMI_WFF_2026_1Q.xlsx#Company Detail
Qorvo Inc. - Hilsboro (was Triquint) current wafer capacity (SEMI WFF),Qorvo Inc. - Hilsboro (was Triquint),晶圆产能统计对象晶圆制造工厂,晶圆产能,晶圆制造工厂,统计对象,SEMI_WFF_2026_1Q.xlsx#Company Detail
Qorvo Inc. - Greensboro (was Fab 2 RFMD) current wafer capacity (SEMI WFF),Qorvo Inc. - Greensboro (was Fab 2 RFMD),晶圆产能统计对象晶圆制造工厂,晶圆产能,晶圆制造工厂,统计对象,SEMI_WFF_2026_1Q.xlsx#Company Detail
Qualcomm RF360 - Munich Fab current wafer capacity (SEMI WFF),Qualcomm RF360 - Munich Fab,晶圆产能统计对象晶圆制造工厂,晶圆产能,晶圆制造工厂,统计对象,SEMI_WFF_2026_1Q.xlsx#Company Detail
Qualcomm RF360 - Singapore Fab current wafer capacity (SEMI WFF),Qualcomm RF360 - Singapore Fab,晶圆产能统计对象晶圆制造工厂,晶圆产能,晶圆制造工厂,统计对象,SEMI_WFF_2026_1Q.xlsx#Company Detail
Rapidus - IIM-1 (Fab 1: Innovative Integration for Manufacturing) current wafer capacity (SEMI WFF),Rapidus - IIM-1 (Fab 1: Innovative Integration for Manufacturing),晶圆产能统计对象晶圆制造工厂,晶圆产能,晶圆制造工厂,统计对象,SEMI_WFF_2026_1Q.xlsx#Company Detail
Rapidus - IIM-2 (Fab 2) current wafer capacity (SEMI WFF),Rapidus - IIM-2 (Fab 2),晶圆产能统计对象晶圆制造工厂,晶圆产能,晶圆制造工厂,统计对象,SEMI_WFF_2026_1Q.xlsx#Company Detail
RCL Semiconductors Ltd. - HQ Factory current wafer capacity (SEMI WFF),RCL Semiconductors Ltd. - HQ Factory,晶圆产能统计对象晶圆制造工厂,晶圆产能,晶圆制造工厂,统计对象,SEMI_WFF_2026_1Q.xlsx#Company Detail
RCL Semiconductors Ltd. - Shandong fab current wafer capacity (SEMI WFF),RCL Semiconductors Ltd. - Shandong fab,晶圆产能统计对象晶圆制造工厂,晶圆产能,晶圆制造工厂,统计对象,SEMI_WFF_2026_1Q.xlsx#Company Detail
Rectron Ltd. - No. 1 current wafer capacity (SEMI WFF),Rectron Ltd. - No. 1,晶圆产能统计对象晶圆制造工厂,晶圆产能,晶圆制造工厂,统计对象,SEMI_WFF_2026_1Q.xlsx#Company Detail
Redlen Technologies - CZT Fab current wafer capacity (SEMI WFF),Redlen Technologies - CZT Fab,晶圆产能统计对象晶圆制造工厂,晶圆产能,晶圆制造工厂,统计对象,SEMI_WFF_2026_1Q.xlsx#Company Detail
Renesas - Kawashiri (Line 8 + Line 9) current wafer capacity (SEMI WFF),Renesas - Kawashiri (Line 8 + Line 9),晶圆产能统计对象晶圆制造工厂,晶圆产能,晶圆制造工厂,统计对象,SEMI_WFF_2026_1Q.xlsx#Company Detail
Renesas - Saijo Factory current wafer capacity (SEMI WFF),Renesas - Saijo Factory,晶圆产能统计对象晶圆制造工厂,晶圆产能,晶圆制造工厂,统计对象,SEMI_WFF_2026_1Q.xlsx#Company Detail
Renesas - Takasaki Factory (6-inch) current wafer capacity (SEMI WFF),Renesas - Takasaki Factory (6-inch),晶圆产能统计对象晶圆制造工厂,晶圆产能,晶圆制造工厂,统计对象,SEMI_WFF_2026_1Q.xlsx#Company Detail
"Renesas - 6-inch ITAR line (was Intersil, was Fab 59) current wafer capacity (SEMI WFF)","Renesas - 6-inch ITAR line (was Intersil, was Fab 59)",晶圆产能统计对象晶圆制造工厂,晶圆产能,晶圆制造工厂,统计对象,SEMI_WFF_2026_1Q.xlsx#Company Detail
Renesas - Naka 200mm line (Bldg. N2) current wafer capacity (SEMI WFF),Renesas - Naka 200mm line (Bldg. N2),晶圆产能统计对象晶圆制造工厂,晶圆产能,晶圆制造工厂,统计对象,SEMI_WFF_2026_1Q.xlsx#Company Detail
Renesas - Naka 300mm line (Bldg. N3- 1F+2F) current wafer capacity (SEMI WFF),Renesas - Naka 300mm line (Bldg. N3- 1F+2F),晶圆产能统计对象晶圆制造工厂,晶圆产能,晶圆制造工厂,统计对象,SEMI_WFF_2026_1Q.xlsx#Company Detail
Renesas - New 300mm Fab (reopened closed 200mm and 150m line) current wafer capacity (SEMI WFF),Renesas - New 300mm Fab (reopened closed 200mm and 150m line),晶圆产能统计对象晶圆制造工厂,晶圆产能,晶圆制造工厂,统计对象,SEMI_WFF_2026_1Q.xlsx#Company Detail
Renesas - Takasaki SiC Line current wafer capacity (SEMI WFF),Renesas - Takasaki SiC Line,晶圆产能统计对象晶圆制造工厂,晶圆产能,晶圆制造工厂,统计对象,SEMI_WFF_2026_1Q.xlsx#Company Detail
Retina Implant AG - Retina Implant current wafer capacity (SEMI WFF),Retina Implant AG - Retina Implant,晶圆产能统计对象晶圆制造工厂,晶圆产能,晶圆制造工厂,统计对象,SEMI_WFF_2026_1Q.xlsx#Company Detail
Rogue Valley Microdevices - Fab 1 (wafer processing) current wafer capacity (SEMI WFF),Rogue Valley Microdevices - Fab 1 (wafer processing),晶圆产能统计对象晶圆制造工厂,晶圆产能,晶圆制造工厂,统计对象,SEMI_WFF_2026_1Q.xlsx#Company Detail
Rogue Valley Microdevices - Fab 2 (wafer processing) current wafer capacity (SEMI WFF),Rogue Valley Microdevices - Fab 2 (wafer processing),晶圆产能统计对象晶圆制造工厂,晶圆产能,晶圆制造工厂,统计对象,SEMI_WFF_2026_1Q.xlsx#Company Detail
Rohm - New Chikugo SiC 8-inch line current wafer capacity (SEMI WFF),Rohm - New Chikugo SiC 8-inch line,晶圆产能统计对象晶圆制造工厂,晶圆产能,晶圆制造工厂,统计对象,SEMI_WFF_2026_1Q.xlsx#Company Detail
Rohm - Chikugo SiC 6-inch line current wafer capacity (SEMI WFF),Rohm - Chikugo SiC 6-inch line,晶圆产能统计对象晶圆制造工厂,晶圆产能,晶圆制造工厂,统计对象,SEMI_WFF_2026_1Q.xlsx#Company Detail
Rohm - Rohm Shiga (was Renesas) current wafer capacity (SEMI WFF),Rohm - Rohm Shiga (was Renesas),晶圆产能统计对象晶圆制造工厂,晶圆产能,晶圆制造工厂,统计对象,SEMI_WFF_2026_1Q.xlsx#Company Detail
Rohm - Apollo Chikugo (SiC Line) current wafer capacity (SEMI WFF),Rohm - Apollo Chikugo (SiC Line),晶圆产能统计对象晶圆制造工厂,晶圆产能,晶圆制造工厂,统计对象,SEMI_WFF_2026_1Q.xlsx#Company Detail
Rohm - Hamamatsu (300mm Line) current wafer capacity (SEMI WFF),Rohm - Hamamatsu (300mm Line),晶圆产能统计对象晶圆制造工厂,晶圆产能,晶圆制造工厂,统计对象,SEMI_WFF_2026_1Q.xlsx#Company Detail
Rohm - Wako Device current wafer capacity (SEMI WFF),Rohm - Wako Device,晶圆产能统计对象晶圆制造工厂,晶圆产能,晶圆制造工厂,统计对象,SEMI_WFF_2026_1Q.xlsx#Company Detail
Rohm - Hamamatsu (200mm Line) current wafer capacity (SEMI WFF),Rohm - Hamamatsu (200mm Line),晶圆产能统计对象晶圆制造工厂,晶圆产能,晶圆制造工厂,统计对象,SEMI_WFF_2026_1Q.xlsx#Company Detail
Rohm - Apollo Chikugo (6-inch SiC line) current wafer capacity (SEMI WFF),Rohm - Apollo Chikugo (6-inch SiC line),晶圆产能统计对象晶圆制造工厂,晶圆产能,晶圆制造工厂,统计对象,SEMI_WFF_2026_1Q.xlsx#Company Detail
Rohm (Kionix Inc.) - Ithaca fab and HQ current wafer capacity (SEMI WFF),Rohm (Kionix Inc.) - Ithaca fab and HQ,晶圆产能统计对象晶圆制造工厂,晶圆产能,晶圆制造工厂,统计对象,SEMI_WFF_2026_1Q.xlsx#Company Detail
Rohm (Kionix Inc.) - Kyoto MEMS fab current wafer capacity (SEMI WFF),Rohm (Kionix Inc.) - Kyoto MEMS fab,晶圆产能统计对象晶圆制造工厂,晶圆产能,晶圆制造工厂,统计对象,SEMI_WFF_2026_1Q.xlsx#Company Detail
Rong Semi (former HIDM Tacoma) - Huaian 300mm fab (HIDM) current wafer capacity (SEMI WFF),Rong Semi (former HIDM Tacoma) - Huaian 300mm fab (HIDM),晶圆产能统计对象晶圆制造工厂,晶圆产能,晶圆制造工厂,统计对象,SEMI_WFF_2026_1Q.xlsx#Company Detail
Rong Semi (former HIDM Tacoma) - Ningbo New 300mm Fab current wafer capacity (SEMI WFF),Rong Semi (former HIDM Tacoma) - Ningbo New 300mm Fab,晶圆产能统计对象晶圆制造工厂,晶圆产能,晶圆制造工厂,统计对象,SEMI_WFF_2026_1Q.xlsx#Company Detail
RTX (former Raytheon Company) - Collins Aerospace - Cedar Rapids facility current wafer capacity (SEMI WFF),RTX (former Raytheon Company) - Collins Aerospace - Cedar Rapids facility,晶圆产能统计对象晶圆制造工厂,晶圆产能,晶圆制造工厂,统计对象,SEMI_WFF_2026_1Q.xlsx#Company Detail
RTX (former Raytheon Company) - Glenrothes facility current wafer capacity (SEMI WFF),RTX (former Raytheon Company) - Glenrothes facility,晶圆产能统计对象晶圆制造工厂,晶圆产能,晶圆制造工厂,统计对象,SEMI_WFF_2026_1Q.xlsx#Company Detail
RTX (former Raytheon Company) - RF Components (RRFC) current wafer capacity (SEMI WFF),RTX (former Raytheon Company) - RF Components (RRFC),晶圆产能统计对象晶圆制造工厂,晶圆产能,晶圆制造工厂,统计对象,SEMI_WFF_2026_1Q.xlsx#Company Detail
Ruttonsha International Rectifier - Fab 1 current wafer capacity (SEMI WFF),Ruttonsha International Rectifier - Fab 1,晶圆产能统计对象晶圆制造工厂,晶圆产能,晶圆制造工厂,统计对象,SEMI_WFF_2026_1Q.xlsx#Company Detail
Samsung - Line 6 current wafer capacity (SEMI WFF),Samsung - Line 6,晶圆产能统计对象晶圆制造工厂,晶圆产能,晶圆制造工厂,统计对象,SEMI_WFF_2026_1Q.xlsx#Company Detail
Samsung - Line 7 current wafer capacity (SEMI WFF),Samsung - Line 7,晶圆产能统计对象晶圆制造工厂,晶圆产能,晶圆制造工厂,统计对象,SEMI_WFF_2026_1Q.xlsx#Company Detail
Samsung - S4 CIS (part of Line 11) current wafer capacity (SEMI WFF),Samsung - S4 CIS (part of Line 11),晶圆产能统计对象晶圆制造工厂,晶圆产能,晶圆制造工厂,统计对象,SEMI_WFF_2026_1Q.xlsx#Company Detail
Samsung - P1 Phase 2 DRAM (8th floor) current wafer capacity (SEMI WFF),Samsung - P1 Phase 2 DRAM (8th floor),晶圆产能统计对象晶圆制造工厂,晶圆产能,晶圆制造工厂,统计对象,SEMI_WFF_2026_1Q.xlsx#Company Detail
Samsung - P2 Phase 1 (DRAM) current wafer capacity (SEMI WFF),Samsung - P2 Phase 1 (DRAM),晶圆产能统计对象晶圆制造工厂,晶圆产能,晶圆制造工厂,统计对象,SEMI_WFF_2026_1Q.xlsx#Company Detail
Samsung - P2 Phase 2 (3D NAND) current wafer capacity (SEMI WFF),Samsung - P2 Phase 2 (3D NAND),晶圆产能统计对象晶圆制造工厂,晶圆产能,晶圆制造工厂,统计对象,SEMI_WFF_2026_1Q.xlsx#Company Detail
Samsung - Line 16 (DRAM) current wafer capacity (SEMI WFF),Samsung - Line 16 (DRAM),晶圆产能统计对象晶圆制造工厂,晶圆产能,晶圆制造工厂,统计对象,SEMI_WFF_2026_1Q.xlsx#Company Detail
Samsung - SCS Line 2 (former Xian Module 2) current wafer capacity (SEMI WFF),Samsung - SCS Line 2 (former Xian Module 2),晶圆产能统计对象晶圆制造工厂,晶圆产能,晶圆制造工厂,统计对象,SEMI_WFF_2026_1Q.xlsx#Company Detail
Samsung - S3-3rd floor (part of Line 17) EUV current wafer capacity (SEMI WFF),Samsung - S3-3rd floor (part of Line 17) EUV,晶圆产能统计对象晶圆制造工厂,晶圆产能,晶圆制造工厂,统计对象,SEMI_WFF_2026_1Q.xlsx#Company Detail
Samsung - Line 5 (LED line) 8-inch current wafer capacity (SEMI WFF),Samsung - Line 5 (LED line) 8-inch,晶圆产能统计对象晶圆制造工厂,晶圆产能,晶圆制造工厂,统计对象,SEMI_WFF_2026_1Q.xlsx#Company Detail
Samsung - SCS Line 1 (former Xian Module 1) current wafer capacity (SEMI WFF),Samsung - SCS Line 1 (former Xian Module 1),晶圆产能统计对象晶圆制造工厂,晶圆产能,晶圆制造工厂,统计对象,SEMI_WFF_2026_1Q.xlsx#Company Detail
Samsung - S2 Logic Line (Main Fab) current wafer capacity (SEMI WFF),Samsung - S2 Logic Line (Main Fab),晶圆产能统计对象晶圆制造工厂,晶圆产能,晶圆制造工厂,统计对象,SEMI_WFF_2026_1Q.xlsx#Company Detail
Samsung - S7 (in P4) current wafer capacity (SEMI WFF),Samsung - S7 (in P4),晶圆产能统计对象晶圆制造工厂,晶圆产能,晶圆制造工厂,统计对象,SEMI_WFF_2026_1Q.xlsx#Company Detail
Samsung - Line 13 (CIS Line) current wafer capacity (SEMI WFF),Samsung - Line 13 (CIS Line),晶圆产能统计对象晶圆制造工厂,晶圆产能,晶圆制造工厂,统计对象,SEMI_WFF_2026_1Q.xlsx#Company Detail
Samsung - S1 (former S1-A Line includes S1-C former Line 14start 1Q16) current wafer capacity (SEMI WFF),Samsung - S1 (former S1-A Line includes S1-C former Line 14start 1Q16),晶圆产能统计对象晶圆制造工厂,晶圆产能,晶圆制造工厂,统计对象,SEMI_WFF_2026_1Q.xlsx#Company Detail
Samsung - Line 12 (2D NAND) + R&D current wafer capacity (SEMI WFF),Samsung - Line 12 (2D NAND) + R&D,晶圆产能统计对象晶圆制造工厂,晶圆产能,晶圆制造工厂,统计对象,SEMI_WFF_2026_1Q.xlsx#Company Detail
Samsung - Line 15-2F & Line 15-1F (8th floor) current wafer capacity (SEMI WFF),Samsung - Line 15-2F & Line 15-1F (8th floor),晶圆产能统计对象晶圆制造工厂,晶圆产能,晶圆制造工厂,统计对象,SEMI_WFF_2026_1Q.xlsx#Company Detail
"Samsung - Line 13 (DRAM, FEOL) current wafer capacity (SEMI WFF)","Samsung - Line 13 (DRAM, FEOL)",晶圆产能统计对象晶圆制造工厂,晶圆产能,晶圆制造工厂,统计对象,SEMI_WFF_2026_1Q.xlsx#Company Detail
Samsung - Line 17-DRAM (8th floor+3rd floor) current wafer capacity (SEMI WFF),Samsung - Line 17-DRAM (8th floor+3rd floor),晶圆产能统计对象晶圆制造工厂,晶圆产能,晶圆制造工厂,统计对象,SEMI_WFF_2026_1Q.xlsx#Company Detail
Samsung - P1 Phase 1 3D NAND (3rd floor) current wafer capacity (SEMI WFF),Samsung - P1 Phase 1 3D NAND (3rd floor),晶圆产能统计对象晶圆制造工厂,晶圆产能,晶圆制造工厂,统计对象,SEMI_WFF_2026_1Q.xlsx#Company Detail
Samsung - P1 Phase 2 3D NAND (8th floor) current wafer capacity (SEMI WFF),Samsung - P1 Phase 2 3D NAND (8th floor),晶圆产能统计对象晶圆制造工厂,晶圆产能,晶圆制造工厂,统计对象,SEMI_WFF_2026_1Q.xlsx#Company Detail
Samsung - S2 CIS Line (Main Fab) current wafer capacity (SEMI WFF),Samsung - S2 CIS Line (Main Fab),晶圆产能统计对象晶圆制造工厂,晶圆产能,晶圆制造工厂,统计对象,SEMI_WFF_2026_1Q.xlsx#Company Detail
Samsung - P3 Phase 1 Support (DRAM for P1 and P2) current wafer capacity (SEMI WFF),Samsung - P3 Phase 1 Support (DRAM for P1 and P2),晶圆产能统计对象晶圆制造工厂,晶圆产能,晶圆制造工厂,统计对象,SEMI_WFF_2026_1Q.xlsx#Company Detail
Samsung - Line 12 (3D NAND) current wafer capacity (SEMI WFF),Samsung - Line 12 (3D NAND),晶圆产能统计对象晶圆制造工厂,晶圆产能,晶圆制造工厂,统计对象,SEMI_WFF_2026_1Q.xlsx#Company Detail
Samsung - Taylor Phase 2 (was S6 Phase 2) current wafer capacity (SEMI WFF),Samsung - Taylor Phase 2 (was S6 Phase 2),晶圆产能统计对象晶圆制造工厂,晶圆产能,晶圆制造工厂,统计对象,SEMI_WFF_2026_1Q.xlsx#Company Detail
Samsung - P5 Phase 1 (3D NAND was DRAM) current wafer capacity (SEMI WFF),Samsung - P5 Phase 1 (3D NAND was DRAM),晶圆产能统计对象晶圆制造工厂,晶圆产能,晶圆制造工厂,统计对象,SEMI_WFF_2026_1Q.xlsx#Company Detail
Samsung - P5 Phase 2 (DRAM was 3D NAND) current wafer capacity (SEMI WFF),Samsung - P5 Phase 2 (DRAM was 3D NAND),晶圆产能统计对象晶圆制造工厂,晶圆产能,晶圆制造工厂,统计对象,SEMI_WFF_2026_1Q.xlsx#Company Detail
Samsung - S1 (CIS Line) (Line 9+Line14) current wafer capacity (SEMI WFF),Samsung - S1 (CIS Line) (Line 9+Line14),晶圆产能统计对象晶圆制造工厂,晶圆产能,晶圆制造工厂,统计对象,SEMI_WFF_2026_1Q.xlsx#Company Detail
Samsung - P3 Phase 1 Support (3D NAND for P1 and P2) current wafer capacity (SEMI WFF),Samsung - P3 Phase 1 Support (3D NAND for P1 and P2),晶圆产能统计对象晶圆制造工厂,晶圆产能,晶圆制造工厂,统计对象,SEMI_WFF_2026_1Q.xlsx#Company Detail
Samsung - P3 Phase 2 (DRAM) current wafer capacity (SEMI WFF),Samsung - P3 Phase 2 (DRAM),晶圆产能统计对象晶圆制造工厂,晶圆产能,晶圆制造工厂,统计对象,SEMI_WFF_2026_1Q.xlsx#Company Detail
Samsung - S5 (in P2 3rd floor) (was S5 Phase 1) current wafer capacity (SEMI WFF),Samsung - S5 (in P2 3rd floor) (was S5 Phase 1),晶圆产能统计对象晶圆制造工厂,晶圆产能,晶圆制造工厂,统计对象,SEMI_WFF_2026_1Q.xlsx#Company Detail
"Samsung - S6 (in P3, 8th floor) (was S5 Phase 2) current wafer capacity (SEMI WFF)","Samsung - S6 (in P3, 8th floor) (was S5 Phase 2)",晶圆产能统计对象晶圆制造工厂,晶圆产能,晶圆制造工厂,统计对象,SEMI_WFF_2026_1Q.xlsx#Company Detail
Samsung - V1-Logic 2nd floor (was EUV Fab) current wafer capacity (SEMI WFF),Samsung - V1-Logic 2nd floor (was EUV Fab),晶圆产能统计对象晶圆制造工厂,晶圆产能,晶圆制造工厂,统计对象,SEMI_WFF_2026_1Q.xlsx#Company Detail
Samsung - Line 8 (200mm) current wafer capacity (SEMI WFF),Samsung - Line 8 (200mm),晶圆产能统计对象晶圆制造工厂,晶圆产能,晶圆制造工厂,统计对象,SEMI_WFF_2026_1Q.xlsx#Company Detail
Samsung - Taylor Phase 1 (was S6 Phase 1) current wafer capacity (SEMI WFF),Samsung - Taylor Phase 1 (was S6 Phase 1),晶圆产能统计对象晶圆制造工厂,晶圆产能,晶圆制造工厂,统计对象,SEMI_WFF_2026_1Q.xlsx#Company Detail
Samsung - P4 Phase 2 Support (was planned for 3D NAND) current wafer capacity (SEMI WFF),Samsung - P4 Phase 2 Support (was planned for 3D NAND),晶圆产能统计对象晶圆制造工厂,晶圆产能,晶圆制造工厂,统计对象,SEMI_WFF_2026_1Q.xlsx#Company Detail
Samsung - P4 Phase 1 (DRAM) current wafer capacity (SEMI WFF),Samsung - P4 Phase 1 (DRAM),晶圆产能统计对象晶圆制造工厂,晶圆产能,晶圆制造工厂,统计对象,SEMI_WFF_2026_1Q.xlsx#Company Detail
Sanan Optoelectronics - Sanan IC Xiamen current wafer capacity (SEMI WFF),Sanan Optoelectronics - Sanan IC Xiamen,晶圆产能统计对象晶圆制造工厂,晶圆产能,晶圆制造工厂,统计对象,SEMI_WFF_2026_1Q.xlsx#Company Detail
Sanan Optoelectronics - Changsha SiC device fab current wafer capacity (SEMI WFF),Sanan Optoelectronics - Changsha SiC device fab,晶圆产能统计对象晶圆制造工厂,晶圆产能,晶圆制造工厂,统计对象,SEMI_WFF_2026_1Q.xlsx#Company Detail
Sanan Optoelectronics - Sanan-ST SiC Device JV (Phase 1+2) current wafer capacity (SEMI WFF),Sanan Optoelectronics - Sanan-ST SiC Device JV (Phase 1+2),晶圆产能统计对象晶圆制造工厂,晶圆产能,晶圆制造工厂,统计对象,SEMI_WFF_2026_1Q.xlsx#Company Detail
"Sanken Electric Co., Ltd. - Fab 2-Line 2 (1st floor) current wafer capacity (SEMI WFF)","Sanken Electric Co., Ltd. - Fab 2-Line 2 (1st floor)",晶圆产能统计对象晶圆制造工厂,晶圆产能,晶圆制造工厂,统计对象,SEMI_WFF_2026_1Q.xlsx#Company Detail
"Sanken Electric Co., Ltd. - Fab 1 current wafer capacity (SEMI WFF)","Sanken Electric Co., Ltd. - Fab 1",晶圆产能统计对象晶圆制造工厂,晶圆产能,晶圆制造工厂,统计对象,SEMI_WFF_2026_1Q.xlsx#Company Detail
"Sanken Electric Co., Ltd. - Fab 2-Line 1 current wafer capacity (SEMI WFF)","Sanken Electric Co., Ltd. - Fab 2-Line 1",晶圆产能统计对象晶圆制造工厂,晶圆产能,晶圆制造工厂,统计对象,SEMI_WFF_2026_1Q.xlsx#Company Detail
Sansha Electric Manufacturing Co. - Building A and B current wafer capacity (SEMI WFF),Sansha Electric Manufacturing Co. - Building A and B,晶圆产能统计对象晶圆制造工厂,晶圆产能,晶圆制造工厂,统计对象,SEMI_WFF_2026_1Q.xlsx#Company Detail
SCL (Semiconductor Laboratory) - MEMS Line current wafer capacity (SEMI WFF),SCL (Semiconductor Laboratory) - MEMS Line,晶圆产能统计对象晶圆制造工厂,晶圆产能,晶圆制造工厂,统计对象,SEMI_WFF_2026_1Q.xlsx#Company Detail
SCL (Semiconductor Laboratory) - Silicon Fab (CMOS) current wafer capacity (SEMI WFF),SCL (Semiconductor Laboratory) - Silicon Fab (CMOS),晶圆产能统计对象晶圆制造工厂,晶圆产能,晶圆制造工厂,统计对象,SEMI_WFF_2026_1Q.xlsx#Company Detail
SCL (Semiconductor Laboratory) - New 28nm Line current wafer capacity (SEMI WFF),SCL (Semiconductor Laboratory) - New 28nm Line,晶圆产能统计对象晶圆制造工厂,晶圆产能,晶圆制造工厂,统计对象,SEMI_WFF_2026_1Q.xlsx#Company Detail
Seagate - Springtown Plant Northern Ireland current wafer capacity (SEMI WFF),Seagate - Springtown Plant Northern Ireland,晶圆产能统计对象晶圆制造工厂,晶圆产能,晶圆制造工厂,统计对象,SEMI_WFF_2026_1Q.xlsx#Company Detail
Seagate - Bloomington Wafer Fab 2 current wafer capacity (SEMI WFF),Seagate - Bloomington Wafer Fab 2,晶圆产能统计对象晶圆制造工厂,晶圆产能,晶圆制造工厂,统计对象,SEMI_WFF_2026_1Q.xlsx#Company Detail
Seagate - Bloomington Wafer Fab 1 (RHO) current wafer capacity (SEMI WFF),Seagate - Bloomington Wafer Fab 1 (RHO),晶圆产能统计对象晶圆制造工厂,晶圆产能,晶圆制造工厂,统计对象,SEMI_WFF_2026_1Q.xlsx#Company Detail
SeeYa Technology - Hefei Fab 1 current wafer capacity (SEMI WFF),SeeYa Technology - Hefei Fab 1,晶圆产能统计对象晶圆制造工厂,晶圆产能,晶圆制造工厂,统计对象,SEMI_WFF_2026_1Q.xlsx#Company Detail
Seiko Epson Corporation - T-Wing (8-inch) current wafer capacity (SEMI WFF),Seiko Epson Corporation - T-Wing (8-inch),晶圆产能统计对象晶圆制造工厂,晶圆产能,晶圆制造工厂,统计对象,SEMI_WFF_2026_1Q.xlsx#Company Detail
Seiko Epson Corporation - Miyazaki plant (Epson Toyocom) current wafer capacity (SEMI WFF),Seiko Epson Corporation - Miyazaki plant (Epson Toyocom),晶圆产能统计对象晶圆制造工厂,晶圆产能,晶圆制造工厂,统计对象,SEMI_WFF_2026_1Q.xlsx#Company Detail
Seiko Epson Corporation - Ina plant current wafer capacity (SEMI WFF),Seiko Epson Corporation - Ina plant,晶圆产能统计对象晶圆制造工厂,晶圆产能,晶圆制造工厂,统计对象,SEMI_WFF_2026_1Q.xlsx#Company Detail
Seiko Epson Corporation - Suwa Minami 6-inch Line current wafer capacity (SEMI WFF),Seiko Epson Corporation - Suwa Minami 6-inch Line,晶圆产能统计对象晶圆制造工厂,晶圆产能,晶圆制造工厂,统计对象,SEMI_WFF_2026_1Q.xlsx#Company Detail
Seiko Epson Corporation - Hirooka Plant current wafer capacity (SEMI WFF),Seiko Epson Corporation - Hirooka Plant,晶圆产能统计对象晶圆制造工厂,晶圆产能,晶圆制造工厂,统计对象,SEMI_WFF_2026_1Q.xlsx#Company Detail
Seiko Epson Corporation - S-Wing (6-inch) current wafer capacity (SEMI WFF),Seiko Epson Corporation - S-Wing (6-inch),晶圆产能统计对象晶圆制造工厂,晶圆产能,晶圆制造工厂,统计对象,SEMI_WFF_2026_1Q.xlsx#Company Detail
Seiko NPC (formaly Nippon Precision Circuits) - Shiobara Technology Center current wafer capacity (SEMI WFF),Seiko NPC (formaly Nippon Precision Circuits) - Shiobara Technology Center,晶圆产能统计对象晶圆制造工厂,晶圆产能,晶圆制造工厂,统计对象,SEMI_WFF_2026_1Q.xlsx#Company Detail
Semefab Ltd. - Fab 1 (CMOS1) current wafer capacity (SEMI WFF),Semefab Ltd. - Fab 1 (CMOS1),晶圆产能统计对象晶圆制造工厂,晶圆产能,晶圆制造工厂,统计对象,SEMI_WFF_2026_1Q.xlsx#Company Detail
Semefab Ltd. - Fab 3 (CMOS3) current wafer capacity (SEMI WFF),Semefab Ltd. - Fab 3 (CMOS3),晶圆产能统计对象晶圆制造工厂,晶圆产能,晶圆制造工厂,统计对象,SEMI_WFF_2026_1Q.xlsx#Company Detail
Semefab Ltd. - Fab 2 (new MEMS 2) current wafer capacity (SEMI WFF),Semefab Ltd. - Fab 2 (new MEMS 2),晶圆产能统计对象晶圆制造工厂,晶圆产能,晶圆制造工厂,统计对象,SEMI_WFF_2026_1Q.xlsx#Company Detail
Semicoa Semiconductors - N/A current wafer capacity (SEMI WFF),Semicoa Semiconductors - N/A,晶圆产能统计对象晶圆制造工厂,晶圆产能,晶圆制造工厂,统计对象,SEMI_WFF_2026_1Q.xlsx#Company Detail
Semiconductor Integrated Display Technology (SIDTEK) - 12inch MicroOLED Line current wafer capacity (SEMI WFF),Semiconductor Integrated Display Technology (SIDTEK) - 12inch MicroOLED Line,晶圆产能统计对象晶圆制造工厂,晶圆产能,晶圆制造工厂,统计对象,SEMI_WFF_2026_1Q.xlsx#Company Detail
Semikron Elektronik GmbH & Co. KG - SEMIKRON Vrbove current wafer capacity (SEMI WFF),Semikron Elektronik GmbH & Co. KG - SEMIKRON Vrbove,晶圆产能统计对象晶圆制造工厂,晶圆产能,晶圆制造工厂,统计对象,SEMI_WFF_2026_1Q.xlsx#Company Detail
Semikron Elektronik GmbH & Co. KG - SEMICELL current wafer capacity (SEMI WFF),Semikron Elektronik GmbH & Co. KG - SEMICELL,晶圆产能统计对象晶圆制造工厂,晶圆产能,晶圆制造工厂,统计对象,SEMI_WFF_2026_1Q.xlsx#Company Detail
"SemiSouth Laboratories, Inc. - N/A current wafer capacity (SEMI WFF)","SemiSouth Laboratories, Inc. - N/A",晶圆产能统计对象晶圆制造工厂,晶圆产能,晶圆制造工厂,统计对象,SEMI_WFF_2026_1Q.xlsx#Company Detail
Sensera - Woburn (inside Agiltron fab) current wafer capacity (SEMI WFF),Sensera - Woburn (inside Agiltron fab),晶圆产能统计对象晶圆制造工厂,晶圆产能,晶圆制造工厂,统计对象,SEMI_WFF_2026_1Q.xlsx#Company Detail
SensFab Pte. Ltd. - Fab 1 current wafer capacity (SEMI WFF),SensFab Pte. Ltd. - Fab 1,晶圆产能统计对象晶圆制造工厂,晶圆产能,晶圆制造工厂,统计对象,SEMI_WFF_2026_1Q.xlsx#Company Detail
Sensitron Semiconductor - N/A current wafer capacity (SEMI WFF),Sensitron Semiconductor - N/A,晶圆产能统计对象晶圆制造工厂,晶圆产能,晶圆制造工厂,统计对象,SEMI_WFF_2026_1Q.xlsx#Company Detail
Sensonor - Horten current wafer capacity (SEMI WFF),Sensonor - Horten,晶圆产能统计对象晶圆制造工厂,晶圆产能,晶圆制造工厂,统计对象,SEMI_WFF_2026_1Q.xlsx#Company Detail
Sercalo - MEMS Facility current wafer capacity (SEMI WFF),Sercalo - MEMS Facility,晶圆产能统计对象晶圆制造工厂,晶圆产能,晶圆制造工厂,统计对象,SEMI_WFF_2026_1Q.xlsx#Company Detail
Shaanxi Electronic Core Industry Times Technology - Fab 1 current wafer capacity (SEMI WFF),Shaanxi Electronic Core Industry Times Technology - Fab 1,晶圆产能统计对象晶圆制造工厂,晶圆产能,晶圆制造工厂,统计对象,SEMI_WFF_2026_1Q.xlsx#Company Detail
Shanghai Advanced Micro Semiconductors - Fab 2 current wafer capacity (SEMI WFF),Shanghai Advanced Micro Semiconductors - Fab 2,晶圆产能统计对象晶圆制造工厂,晶圆产能,晶圆制造工厂,统计对象,SEMI_WFF_2026_1Q.xlsx#Company Detail
Sharp - Fukuyama Plant 4 current wafer capacity (SEMI WFF),Sharp - Fukuyama Plant 4,晶圆产能统计对象晶圆制造工厂,晶圆产能,晶圆制造工厂,统计对象,SEMI_WFF_2026_1Q.xlsx#Company Detail
Shenzhen MTC LED - Nanchang current wafer capacity (SEMI WFF),Shenzhen MTC LED - Nanchang,晶圆产能统计对象晶圆制造工厂,晶圆产能,晶圆制造工厂,统计对象,SEMI_WFF_2026_1Q.xlsx#Company Detail
Shenzhen Sitan Technology - Xiamen Phase 1 current wafer capacity (SEMI WFF),Shenzhen Sitan Technology - Xiamen Phase 1,晶圆产能统计对象晶圆制造工厂,晶圆产能,晶圆制造工厂,统计对象,SEMI_WFF_2026_1Q.xlsx#Company Detail
"Shindengen Electric Manufacturing Co., Ltd. - Asuka Building #2 (125mm) current wafer capacity (SEMI WFF)","Shindengen Electric Manufacturing Co., Ltd. - Asuka Building #2 (125mm)",晶圆产能统计对象晶圆制造工厂,晶圆产能,晶圆制造工厂,统计对象,SEMI_WFF_2026_1Q.xlsx#Company Detail
"Shindengen Electric Manufacturing Co., Ltd. - Higashine Bldg #1 current wafer capacity (SEMI WFF)","Shindengen Electric Manufacturing Co., Ltd. - Higashine Bldg #1",晶圆产能统计对象晶圆制造工厂,晶圆产能,晶圆制造工厂,统计对象,SEMI_WFF_2026_1Q.xlsx#Company Detail
"Shindengen Electric Manufacturing Co., Ltd. - Higashine Bldg #3-2 current wafer capacity (SEMI WFF)","Shindengen Electric Manufacturing Co., Ltd. - Higashine Bldg #3-2",晶圆产能统计对象晶圆制造工厂,晶圆产能,晶圆制造工厂,统计对象,SEMI_WFF_2026_1Q.xlsx#Company Detail
"Shindengen Electric Manufacturing Co., Ltd. - Higashine Bldg #3-1 current wafer capacity (SEMI WFF)","Shindengen Electric Manufacturing Co., Ltd. - Higashine Bldg #3-1",晶圆产能统计对象晶圆制造工厂,晶圆产能,晶圆制造工厂,统计对象,SEMI_WFF_2026_1Q.xlsx#Company Detail
"Shindengen Electric Manufacturing Co., Ltd. - Higashine Bldg #2 current wafer capacity (SEMI WFF)","Shindengen Electric Manufacturing Co., Ltd. - Higashine Bldg #2",晶圆产能统计对象晶圆制造工厂,晶圆产能,晶圆制造工厂,统计对象,SEMI_WFF_2026_1Q.xlsx#Company Detail
"Shindengen Electric Manufacturing Co., Ltd. - Asuka Building #1 (100mm) current wafer capacity (SEMI WFF)","Shindengen Electric Manufacturing Co., Ltd. - Asuka Building #1 (100mm)",晶圆产能统计对象晶圆制造工厂,晶圆产能,晶圆制造工厂,统计对象,SEMI_WFF_2026_1Q.xlsx#Company Detail
"Shindengen Electric Manufacturing Co., Ltd. - Higashine Bldg #4 current wafer capacity (SEMI WFF)","Shindengen Electric Manufacturing Co., Ltd. - Higashine Bldg #4",晶圆产能统计对象晶圆制造工厂,晶圆产能,晶圆制造工厂,统计对象,SEMI_WFF_2026_1Q.xlsx#Company Detail
"Shindengen Electric Manufacturing Co., Ltd. - Asuka Building #2 (100mm) current wafer capacity (SEMI WFF)","Shindengen Electric Manufacturing Co., Ltd. - Asuka Building #2 (100mm)",晶圆产能统计对象晶圆制造工厂,晶圆产能,晶圆制造工厂,统计对象,SEMI_WFF_2026_1Q.xlsx#Company Detail
Shougang - Front End Fab 1 current wafer capacity (SEMI WFF),Shougang - Front End Fab 1,晶圆产能统计对象晶圆制造工厂,晶圆产能,晶圆制造工厂,统计对象,SEMI_WFF_2026_1Q.xlsx#Company Detail
SI Semiconductors Co Ltd. - 5-inch current wafer capacity (SEMI WFF),SI Semiconductors Co Ltd. - 5-inch,晶圆产能统计对象晶圆制造工厂,晶圆产能,晶圆制造工厂,统计对象,SEMI_WFF_2026_1Q.xlsx#Company Detail
SI Semiconductors Co Ltd. - 4-inch current wafer capacity (SEMI WFF),SI Semiconductors Co Ltd. - 4-inch,晶圆产能统计对象晶圆制造工厂,晶圆产能,晶圆制造工厂,统计对象,SEMI_WFF_2026_1Q.xlsx#Company Detail
SiCamore Semi - Main Fab (cleanroom 2) SiC (was Microsemi) current wafer capacity (SEMI WFF),SiCamore Semi - Main Fab (cleanroom 2) SiC (was Microsemi),晶圆产能统计对象晶圆制造工厂,晶圆产能,晶圆制造工厂,统计对象,SEMI_WFF_2026_1Q.xlsx#Company Detail
SiCamore Semi - Gold Fab (cleanroom 3) Gold fab dedicated current wafer capacity (SEMI WFF),SiCamore Semi - Gold Fab (cleanroom 3) Gold fab dedicated,晶圆产能统计对象晶圆制造工厂,晶圆产能,晶圆制造工厂,统计对象,SEMI_WFF_2026_1Q.xlsx#Company Detail
SiCamore Semi - Main Fab (cleanroom 1) Silicon (was Microsemi) current wafer capacity (SEMI WFF),SiCamore Semi - Main Fab (cleanroom 1) Silicon (was Microsemi),晶圆产能统计对象晶圆制造工厂,晶圆产能,晶圆制造工厂,统计对象,SEMI_WFF_2026_1Q.xlsx#Company Detail
SiCamore Semi - Main Fab 6-inch line expansion current wafer capacity (SEMI WFF),SiCamore Semi - Main Fab 6-inch line expansion,晶圆产能统计对象晶圆制造工厂,晶圆产能,晶圆制造工厂,统计对象,SEMI_WFF_2026_1Q.xlsx#Company Detail
Sichuan General Microelectronics - Fab 1 (phase 1 of 2 or 3) current wafer capacity (SEMI WFF),Sichuan General Microelectronics - Fab 1 (phase 1 of 2 or 3),晶圆产能统计对象晶圆制造工厂,晶圆产能,晶圆制造工厂,统计对象,SEMI_WFF_2026_1Q.xlsx#Company Detail
"SiEn Integrated Circuits Co., Ltd. - Fab 1 (300mm line) current wafer capacity (SEMI WFF)","SiEn Integrated Circuits Co., Ltd. - Fab 1 (300mm line)",晶圆产能统计对象晶圆制造工厂,晶圆产能,晶圆制造工厂,统计对象,SEMI_WFF_2026_1Q.xlsx#Company Detail
"SiEn Integrated Circuits Co., Ltd. - Fab 3 current wafer capacity (SEMI WFF)","SiEn Integrated Circuits Co., Ltd. - Fab 3",晶圆产能统计对象晶圆制造工厂,晶圆产能,晶圆制造工厂,统计对象,SEMI_WFF_2026_1Q.xlsx#Company Detail
"SiEn Integrated Circuits Co., Ltd. - Fab 4 current wafer capacity (SEMI WFF)","SiEn Integrated Circuits Co., Ltd. - Fab 4",晶圆产能统计对象晶圆制造工厂,晶圆产能,晶圆制造工厂,统计对象,SEMI_WFF_2026_1Q.xlsx#Company Detail
"SiEn Integrated Circuits Co., Ltd. - Fab 1 (200mm) current wafer capacity (SEMI WFF)","SiEn Integrated Circuits Co., Ltd. - Fab 1 (200mm)",晶圆产能统计对象晶圆制造工厂,晶圆产能,晶圆制造工厂,统计对象,SEMI_WFF_2026_1Q.xlsx#Company Detail
"SiEn Integrated Circuits Co., Ltd. - Fab 2 current wafer capacity (SEMI WFF)","SiEn Integrated Circuits Co., Ltd. - Fab 2",晶圆产能统计对象晶圆制造工厂,晶圆产能,晶圆制造工厂,统计对象,SEMI_WFF_2026_1Q.xlsx#Company Detail
SIGM PLUS Co. - Fab 1 current wafer capacity (SEMI WFF),SIGM PLUS Co. - Fab 1,晶圆产能统计对象晶圆制造工厂,晶圆产能,晶圆制造工厂,统计对象,SEMI_WFF_2026_1Q.xlsx#Company Detail
"Silan Microelectronics Co., Ltd. - Fab 1 current wafer capacity (SEMI WFF)","Silan Microelectronics Co., Ltd. - Fab 1",晶圆产能统计对象晶圆制造工厂,晶圆产能,晶圆制造工厂,统计对象,SEMI_WFF_2026_1Q.xlsx#Company Detail
"Silan Microelectronics Co., Ltd. - Xiamen Compound fab (Phase 1) current wafer capacity (SEMI WFF)","Silan Microelectronics Co., Ltd. - Xiamen Compound fab (Phase 1)",晶圆产能统计对象晶圆制造工厂,晶圆产能,晶圆制造工厂,统计对象,SEMI_WFF_2026_1Q.xlsx#Company Detail
"Silan Microelectronics Co., Ltd. - Xiamen 300mm Fab 1 (2 phases) current wafer capacity (SEMI WFF)","Silan Microelectronics Co., Ltd. - Xiamen 300mm Fab 1 (2 phases)",晶圆产能统计对象晶圆制造工厂,晶圆产能,晶圆制造工厂,统计对象,SEMI_WFF_2026_1Q.xlsx#Company Detail
"Silan Microelectronics Co., Ltd. - 200mm line current wafer capacity (SEMI WFF)","Silan Microelectronics Co., Ltd. - 200mm line",晶圆产能统计对象晶圆制造工厂,晶圆产能,晶圆制造工厂,统计对象,SEMI_WFF_2026_1Q.xlsx#Company Detail
"Silan Microelectronics Co., Ltd. - Fab 2 current wafer capacity (SEMI WFF)","Silan Microelectronics Co., Ltd. - Fab 2",晶圆产能统计对象晶圆制造工厂,晶圆产能,晶圆制造工厂,统计对象,SEMI_WFF_2026_1Q.xlsx#Company Detail
"Silan Microelectronics Co., Ltd. - HangZhou new 300mm line current wafer capacity (SEMI WFF)","Silan Microelectronics Co., Ltd. - HangZhou new 300mm line",晶圆产能统计对象晶圆制造工厂,晶圆产能,晶圆制造工厂,统计对象,SEMI_WFF_2026_1Q.xlsx#Company Detail
"Silan Microelectronics Co., Ltd. - Xiamen Compound SiC Line (Phase 2) current wafer capacity (SEMI WFF)","Silan Microelectronics Co., Ltd. - Xiamen Compound SiC Line (Phase 2)",晶圆产能统计对象晶圆制造工厂,晶圆产能,晶圆制造工厂,统计对象,SEMI_WFF_2026_1Q.xlsx#Company Detail
"Silan Microelectronics Co., Ltd. - Xiamen 300mm Fab 2 current wafer capacity (SEMI WFF)","Silan Microelectronics Co., Ltd. - Xiamen 300mm Fab 2",晶圆产能统计对象晶圆制造工厂,晶圆产能,晶圆制造工厂,统计对象,SEMI_WFF_2026_1Q.xlsx#Company Detail
Silanna (was Sapphicon) - Fab 3 Compound R&D Facility current wafer capacity (SEMI WFF),Silanna (was Sapphicon) - Fab 3 Compound R&D Facility,晶圆产能统计对象晶圆制造工厂,晶圆产能,晶圆制造工厂,统计对象,SEMI_WFF_2026_1Q.xlsx#Company Detail
Silanna (was Sapphicon) - Fab 1 current wafer capacity (SEMI WFF),Silanna (was Sapphicon) - Fab 1,晶圆产能统计对象晶圆制造工厂,晶圆产能,晶圆制造工厂,统计对象,SEMI_WFF_2026_1Q.xlsx#Company Detail
Silanna (was Sapphicon) - Fab 2 (upgrade of Fab 1) current wafer capacity (SEMI WFF),Silanna (was Sapphicon) - Fab 2 (upgrade of Fab 1),晶圆产能统计对象晶圆制造工厂,晶圆产能,晶圆制造工厂,统计对象,SEMI_WFF_2026_1Q.xlsx#Company Detail
Silex Microsystems AB - Fab 3 (Beijing) current wafer capacity (SEMI WFF),Silex Microsystems AB - Fab 3 (Beijing),晶圆产能统计对象晶圆制造工厂,晶圆产能,晶圆制造工厂,统计对象,SEMI_WFF_2026_1Q.xlsx#Company Detail
"Silex Microsystems AB - Fab 1&2 (was Fab 2, Jarfalla 8-inch MEMS) current wafer capacity (SEMI WFF)","Silex Microsystems AB - Fab 1&2 (was Fab 2, Jarfalla 8-inch MEMS)",晶圆产能统计对象晶圆制造工厂,晶圆产能,晶圆制造工厂,统计对象,SEMI_WFF_2026_1Q.xlsx#Company Detail
SilTerra Malaysia Sdn. Bhd. - Fab 1 current wafer capacity (SEMI WFF),SilTerra Malaysia Sdn. Bhd. - Fab 1,晶圆产能统计对象晶圆制造工厂,晶圆产能,晶圆制造工厂,统计对象,SEMI_WFF_2026_1Q.xlsx#Company Detail
Sino-Semiconductor - Zhuhai Fab current wafer capacity (SEMI WFF),Sino-Semiconductor - Zhuhai Fab,晶圆产能统计对象晶圆制造工厂,晶圆产能,晶圆制造工厂,统计对象,SEMI_WFF_2026_1Q.xlsx#Company Detail
SINTEF - NiNaLab current wafer capacity (SEMI WFF),SINTEF - NiNaLab,晶圆产能统计对象晶圆制造工厂,晶圆产能,晶圆制造工厂,统计对象,SEMI_WFF_2026_1Q.xlsx#Company Detail
SITAR (Bangalore & Hyderabad) - GAETEC - GaAs Foundry current wafer capacity (SEMI WFF),SITAR (Bangalore & Hyderabad) - GAETEC - GaAs Foundry,晶圆产能统计对象晶圆制造工厂,晶圆产能,晶圆制造工厂,统计对象,SEMI_WFF_2026_1Q.xlsx#Company Detail
SITAR (Bangalore & Hyderabad) - STARC (MEMS was ASIC) current wafer capacity (SEMI WFF),SITAR (Bangalore & Hyderabad) - STARC (MEMS was ASIC),晶圆产能统计对象晶圆制造工厂,晶圆产能,晶圆制造工厂,统计对象,SEMI_WFF_2026_1Q.xlsx#Company Detail
SiTo Microelectronics Technology - Hefei current wafer capacity (SEMI WFF),SiTo Microelectronics Technology - Hefei,晶圆产能统计对象晶圆制造工厂,晶圆产能,晶圆制造工厂,统计对象,SEMI_WFF_2026_1Q.xlsx#Company Detail
SK Hynix - M11+M12 (3D NAND) CF current wafer capacity (SEMI WFF),SK Hynix - M11+M12 (3D NAND) CF,晶圆产能统计对象晶圆制造工厂,晶圆产能,晶圆制造工厂,统计对象,SEMI_WFF_2026_1Q.xlsx#Company Detail
SK Hynix - M14 Phase 2 (DRAM support) current wafer capacity (SEMI WFF),SK Hynix - M14 Phase 2 (DRAM support),晶圆产能统计对象晶圆制造工厂,晶圆产能,晶圆制造工厂,统计对象,SEMI_WFF_2026_1Q.xlsx#Company Detail
SK Hynix - Solidigm Fab 3 (New Fab) current wafer capacity (SEMI WFF),SK Hynix - Solidigm Fab 3 (New Fab),晶圆产能统计对象晶圆制造工厂,晶圆产能,晶圆制造工厂,统计对象,SEMI_WFF_2026_1Q.xlsx#Company Detail
SK Hynix - M15X (Phase 1 + 2) current wafer capacity (SEMI WFF),SK Hynix - M15X (Phase 1 + 2),晶圆产能统计对象晶圆制造工厂,晶圆产能,晶圆制造工厂,统计对象,SEMI_WFF_2026_1Q.xlsx#Company Detail
SK Hynix - Y1 DRAM was M17 (phase 2) current wafer capacity (SEMI WFF),SK Hynix - Y1 DRAM was M17 (phase 2),晶圆产能统计对象晶圆制造工厂,晶圆产能,晶圆制造工厂,统计对象,SEMI_WFF_2026_1Q.xlsx#Company Detail
SK Hynix - M14 Phase 2 (3D NAND) current wafer capacity (SEMI WFF),SK Hynix - M14 Phase 2 (3D NAND),晶圆产能统计对象晶圆制造工厂,晶圆产能,晶圆制造工厂,统计对象,SEMI_WFF_2026_1Q.xlsx#Company Detail
SK Hynix - Solidigm Fab 1 was Intel Fab 68 (Phase 1) current wafer capacity (SEMI WFF),SK Hynix - Solidigm Fab 1 was Intel Fab 68 (Phase 1),晶圆产能统计对象晶圆制造工厂,晶圆产能,晶圆制造工厂,统计对象,SEMI_WFF_2026_1Q.xlsx#Company Detail
SK Hynix - C2F (new Fab Wuxi originally C2 expansion) current wafer capacity (SEMI WFF),SK Hynix - C2F (new Fab Wuxi originally C2 expansion),晶圆产能统计对象晶圆制造工厂,晶圆产能,晶圆制造工厂,统计对象,SEMI_WFF_2026_1Q.xlsx#Company Detail
SK Hynix - M15 (phase 1) current wafer capacity (SEMI WFF),SK Hynix - M15 (phase 1),晶圆产能统计对象晶圆制造工厂,晶圆产能,晶圆制造工厂,统计对象,SEMI_WFF_2026_1Q.xlsx#Company Detail
SK Hynix - Solidigm Fab 2 was Intel Fab 88 (was called Fab 68 Phase 2) current wafer capacity (SEMI WFF),SK Hynix - Solidigm Fab 2 was Intel Fab 88 (was called Fab 68 Phase 2),晶圆产能统计对象晶圆制造工厂,晶圆产能,晶圆制造工厂,统计对象,SEMI_WFF_2026_1Q.xlsx#Company Detail
SK Hynix - M16 (phase 1) (first floor) current wafer capacity (SEMI WFF),SK Hynix - M16 (phase 1) (first floor),晶圆产能统计对象晶圆制造工厂,晶圆产能,晶圆制造工厂,统计对象,SEMI_WFF_2026_1Q.xlsx#Company Detail
SK Hynix - M16 (phase 2) current wafer capacity (SEMI WFF),SK Hynix - M16 (phase 2),晶圆产能统计对象晶圆制造工厂,晶圆产能,晶圆制造工厂,统计对象,SEMI_WFF_2026_1Q.xlsx#Company Detail
SK Hynix - Y1 3D NAND was M17 (phase 1) current wafer capacity (SEMI WFF),SK Hynix - Y1 3D NAND was M17 (phase 1),晶圆产能统计对象晶圆制造工厂,晶圆产能,晶圆制造工厂,统计对象,SEMI_WFF_2026_1Q.xlsx#Company Detail
SK Hynix - Y2 DRAM current wafer capacity (SEMI WFF),SK Hynix - Y2 DRAM,晶圆产能统计对象晶圆制造工厂,晶圆产能,晶圆制造工厂,统计对象,SEMI_WFF_2026_1Q.xlsx#Company Detail
SK Hynix - Y2 3D NAND current wafer capacity (SEMI WFF),SK Hynix - Y2 3D NAND,晶圆产能统计对象晶圆制造工厂,晶圆产能,晶圆制造工厂,统计对象,SEMI_WFF_2026_1Q.xlsx#Company Detail
SK Hynix - Y3 P1+P2 current wafer capacity (SEMI WFF),SK Hynix - Y3 P1+P2,晶圆产能统计对象晶圆制造工厂,晶圆产能,晶圆制造工厂,统计对象,SEMI_WFF_2026_1Q.xlsx#Company Detail
SK Hynix - Y4 P1+P2 current wafer capacity (SEMI WFF),SK Hynix - Y4 P1+P2,晶圆产能统计对象晶圆制造工厂,晶圆产能,晶圆制造工厂,统计对象,SEMI_WFF_2026_1Q.xlsx#Company Detail
SK Hynix - Hystars Semiconductors (was Wuxi JV fab for System IC) current wafer capacity (SEMI WFF),SK Hynix - Hystars Semiconductors (was Wuxi JV fab for System IC),晶圆产能统计对象晶圆制造工厂,晶圆产能,晶圆制造工厂,统计对象,SEMI_WFF_2026_1Q.xlsx#Company Detail
SK Hynix - M15 (phase 2) current wafer capacity (SEMI WFF),SK Hynix - M15 (phase 2),晶圆产能统计对象晶圆制造工厂,晶圆产能,晶圆制造工厂,统计对象,SEMI_WFF_2026_1Q.xlsx#Company Detail
SK Hynix - M14 Phase 1 (DRAM) current wafer capacity (SEMI WFF),SK Hynix - M14 Phase 1 (DRAM),晶圆产能统计对象晶圆制造工厂,晶圆产能,晶圆制造工厂,统计对象,SEMI_WFF_2026_1Q.xlsx#Company Detail
SK Hynix - M11+M12 (2D NAND) CF current wafer capacity (SEMI WFF),SK Hynix - M11+M12 (2D NAND) CF,晶圆产能统计对象晶圆制造工厂,晶圆产能,晶圆制造工厂,统计对象,SEMI_WFF_2026_1Q.xlsx#Company Detail
SK Hynix - C2 current wafer capacity (SEMI WFF),SK Hynix - C2,晶圆产能统计对象晶圆制造工厂,晶圆产能,晶圆制造工厂,统计对象,SEMI_WFF_2026_1Q.xlsx#Company Detail
SK Hynix - M10 (DRAM) + R3 (R&D) current wafer capacity (SEMI WFF),SK Hynix - M10 (DRAM) + R3 (R&D),晶圆产能统计对象晶圆制造工厂,晶圆产能,晶圆制造工厂,统计对象,SEMI_WFF_2026_1Q.xlsx#Company Detail
"SK keyfoundry (was Key Foundry) - F4 (and F5 combined) was SK Hynix, was Key Foundry, was Magnachip current wafer capacity (SEMI WFF)","SK keyfoundry (was Key Foundry) - F4 (and F5 combined) was SK Hynix, was Key Foundry, was Magnachip",晶圆产能统计对象晶圆制造工厂,晶圆产能,晶圆制造工厂,统计对象,SEMI_WFF_2026_1Q.xlsx#Company Detail
"Skorpios - Austin Fab (was Novati, was ATDF) current wafer capacity (SEMI WFF)","Skorpios - Austin Fab (was Novati, was ATDF)",晶圆产能统计对象晶圆制造工厂,晶圆产能,晶圆制造工厂,统计对象,SEMI_WFF_2026_1Q.xlsx#Company Detail
"Skywater - Minnesota Fab combined with expansion (was Cypress, was Fab 4) current wafer capacity (SEMI WFF)","Skywater - Minnesota Fab combined with expansion (was Cypress, was Fab 4)",晶圆产能统计对象晶圆制造工厂,晶圆产能,晶圆制造工厂,统计对象,SEMI_WFF_2026_1Q.xlsx#Company Detail
"Skywater - Fab 25 (was Cypress, was  Spansion, was Infineon) current wafer capacity (SEMI WFF)","Skywater - Fab 25 (was Cypress, was  Spansion, was Infineon)",晶圆产能统计对象晶圆制造工厂,晶圆产能,晶圆制造工厂,统计对象,SEMI_WFF_2026_1Q.xlsx#Company Detail
Skyworks Solutions Inc. - Kadoma fab 4-inch line current wafer capacity (SEMI WFF),Skyworks Solutions Inc. - Kadoma fab 4-inch line,晶圆产能统计对象晶圆制造工厂,晶圆产能,晶圆制造工厂,统计对象,SEMI_WFF_2026_1Q.xlsx#Company Detail
Skyworks Solutions Inc. - Osaka fab 6-inch line current wafer capacity (SEMI WFF),Skyworks Solutions Inc. - Osaka fab 6-inch line,晶圆产能统计对象晶圆制造工厂,晶圆产能,晶圆制造工厂,统计对象,SEMI_WFF_2026_1Q.xlsx#Company Detail
Skyworks Solutions Inc. - Osaka fab 8-inch line current wafer capacity (SEMI WFF),Skyworks Solutions Inc. - Osaka fab 8-inch line,晶圆产能统计对象晶圆制造工厂,晶圆产能,晶圆制造工厂,统计对象,SEMI_WFF_2026_1Q.xlsx#Company Detail
Skyworks Solutions Inc. - Newbury Park (GaAs) current wafer capacity (SEMI WFF),Skyworks Solutions Inc. - Newbury Park (GaAs),晶圆产能统计对象晶圆制造工厂,晶圆产能,晶圆制造工厂,统计对象,SEMI_WFF_2026_1Q.xlsx#Company Detail
Skyworks Solutions Inc. - Woburn fab phase 2 Expansion 6-inch current wafer capacity (SEMI WFF),Skyworks Solutions Inc. - Woburn fab phase 2 Expansion 6-inch,晶圆产能统计对象晶圆制造工厂,晶圆产能,晶圆制造工厂,统计对象,SEMI_WFF_2026_1Q.xlsx#Company Detail
Skyworks Solutions Inc. - Woburn fab 6-inch current wafer capacity (SEMI WFF),Skyworks Solutions Inc. - Woburn fab 6-inch,晶圆产能统计对象晶圆制造工厂,晶圆产能,晶圆制造工厂,统计对象,SEMI_WFF_2026_1Q.xlsx#Company Detail
SMIC - Fab 8 P2 (SN1) current wafer capacity (SEMI WFF),SMIC - Fab 8 P2 (SN1),晶圆产能统计对象晶圆制造工厂,晶圆产能,晶圆制造工厂,统计对象,SEMI_WFF_2026_1Q.xlsx#Company Detail
SMIC - Fab 7-2 (T2/T3) current wafer capacity (SEMI WFF),SMIC - Fab 7-2 (T2/T3),晶圆产能统计对象晶圆制造工厂,晶圆产能,晶圆制造工厂,统计对象,SEMI_WFF_2026_1Q.xlsx#Company Detail
SMIC - Fab 8 P3 (SN2) current wafer capacity (SEMI WFF),SMIC - Fab 8 P3 (SN2),晶圆产能统计对象晶圆制造工厂,晶圆产能,晶圆制造工厂,统计对象,SEMI_WFF_2026_1Q.xlsx#Company Detail
SMIC - Fab 2 P2-B (B3) current wafer capacity (SEMI WFF),SMIC - Fab 2 P2-B (B3),晶圆产能统计对象晶圆制造工厂,晶圆产能,晶圆制造工厂,统计对象,SEMI_WFF_2026_1Q.xlsx#Company Detail
SMIC - Fab 2 P2-A (B2) current wafer capacity (SEMI WFF),SMIC - Fab 2 P2-A (B2),晶圆产能统计对象晶圆制造工厂,晶圆产能,晶圆制造工厂,统计对象,SEMI_WFF_2026_1Q.xlsx#Company Detail
SMIC - Fab 2 P1-B (Fab 5) current wafer capacity (SEMI WFF),SMIC - Fab 2 P1-B (Fab 5),晶圆产能统计对象晶圆制造工厂,晶圆产能,晶圆制造工厂,统计对象,SEMI_WFF_2026_1Q.xlsx#Company Detail
SMIC - S1 MegaFab (Fab 1) current wafer capacity (SEMI WFF),SMIC - S1 MegaFab (Fab 1),晶圆产能统计对象晶圆制造工厂,晶圆产能,晶圆制造工厂,统计对象,SEMI_WFF_2026_1Q.xlsx#Company Detail
SMIC - Fab 7 current wafer capacity (SEMI WFF),SMIC - Fab 7,晶圆产能统计对象晶圆制造工厂,晶圆产能,晶圆制造工厂,统计对象,SEMI_WFF_2026_1Q.xlsx#Company Detail
SMIC - S1 MegaFab (Fab 2) current wafer capacity (SEMI WFF),SMIC - S1 MegaFab (Fab 2),晶圆产能统计对象晶圆制造工厂,晶圆产能,晶圆制造工厂,统计对象,SEMI_WFF_2026_1Q.xlsx#Company Detail
SMIC - Fab 2 P1-A (Fab 4) current wafer capacity (SEMI WFF),SMIC - Fab 2 P1-A (Fab 4),晶圆产能统计对象晶圆制造工厂,晶圆产能,晶圆制造工厂,统计对象,SEMI_WFF_2026_1Q.xlsx#Company Detail
SMIC - Fab 5 current wafer capacity (SEMI WFF),SMIC - Fab 5,晶圆产能统计对象晶圆制造工厂,晶圆产能,晶圆制造工厂,统计对象,SEMI_WFF_2026_1Q.xlsx#Company Detail
SMIC - Fab 3 Phase 1 (SMBC P1) current wafer capacity (SEMI WFF),SMIC - Fab 3 Phase 1 (SMBC P1),晶圆产能统计对象晶圆制造工厂,晶圆产能,晶圆制造工厂,统计对象,SEMI_WFF_2026_1Q.xlsx#Company Detail
SMIC - Fab 16 (was Fab 6) current wafer capacity (SEMI WFF),SMIC - Fab 16 (was Fab 6),晶圆产能统计对象晶圆制造工厂,晶圆产能,晶圆制造工厂,统计对象,SEMI_WFF_2026_1Q.xlsx#Company Detail
SMIC - Fab 9 Phase 1 (Lingang P1) current wafer capacity (SEMI WFF),SMIC - Fab 9 Phase 1 (Lingang P1),晶圆产能统计对象晶圆制造工厂,晶圆产能,晶圆制造工厂,统计对象,SEMI_WFF_2026_1Q.xlsx#Company Detail
SMIC - Fab 9 Phase 2 (Lingang P2) current wafer capacity (SEMI WFF),SMIC - Fab 9 Phase 2 (Lingang P2),晶圆产能统计对象晶圆制造工厂,晶圆产能,晶圆制造工厂,统计对象,SEMI_WFF_2026_1Q.xlsx#Company Detail
SMIC - Fab 10 Phase 1 (SMTC P1) current wafer capacity (SEMI WFF),SMIC - Fab 10 Phase 1 (SMTC P1),晶圆产能统计对象晶圆制造工厂,晶圆产能,晶圆制造工厂,统计对象,SEMI_WFF_2026_1Q.xlsx#Company Detail
SMIC - Fab 9 Phase 3 (Lingang P3) current wafer capacity (SEMI WFF),SMIC - Fab 9 Phase 3 (Lingang P3),晶圆产能统计对象晶圆制造工厂,晶圆产能,晶圆制造工厂,统计对象,SEMI_WFF_2026_1Q.xlsx#Company Detail
SMIC - Fab 9 Phase 4 (Lingang P4) current wafer capacity (SEMI WFF),SMIC - Fab 9 Phase 4 (Lingang P4),晶圆产能统计对象晶圆制造工厂,晶圆产能,晶圆制造工厂,统计对象,SEMI_WFF_2026_1Q.xlsx#Company Detail
SMIC - Fab 3 Phase 3 (SMBC P3) current wafer capacity (SEMI WFF),SMIC - Fab 3 Phase 3 (SMBC P3),晶圆产能统计对象晶圆制造工厂,晶圆产能,晶圆制造工厂,统计对象,SEMI_WFF_2026_1Q.xlsx#Company Detail
SMIC - Fab 3 Phase 4 (SMBC P4) current wafer capacity (SEMI WFF),SMIC - Fab 3 Phase 4 (SMBC P4),晶圆产能统计对象晶圆制造工厂,晶圆产能,晶圆制造工厂,统计对象,SEMI_WFF_2026_1Q.xlsx#Company Detail
SMIC - Fab 3 Phase 2 (SMBC P2) current wafer capacity (SEMI WFF),SMIC - Fab 3 Phase 2 (SMBC P2),晶圆产能统计对象晶圆制造工厂,晶圆产能,晶圆制造工厂,统计对象,SEMI_WFF_2026_1Q.xlsx#Company Detail
SMIC - Fab 10 Phase 2 (SMTC P2) current wafer capacity (SEMI WFF),SMIC - Fab 10 Phase 2 (SMTC P2),晶圆产能统计对象晶圆制造工厂,晶圆产能,晶圆制造工厂,统计对象,SEMI_WFF_2026_1Q.xlsx#Company Detail
"Solid State Devices, Inc. - N/A current wafer capacity (SEMI WFF)","Solid State Devices, Inc. - N/A",晶圆产能统计对象晶圆制造工厂,晶圆产能,晶圆制造工厂,统计对象,SEMI_WFF_2026_1Q.xlsx#Company Detail
Sony - Building #4 (GaAs Line) current wafer capacity (SEMI WFF),Sony - Building #4 (GaAs Line),晶圆产能统计对象晶圆制造工厂,晶圆产能,晶圆制造工厂,统计对象,SEMI_WFF_2026_1Q.xlsx#Company Detail
Sony - Building #3 current wafer capacity (SEMI WFF),Sony - Building #3,晶圆产能统计对象晶圆制造工厂,晶圆产能,晶圆制造工厂,统计对象,SEMI_WFF_2026_1Q.xlsx#Company Detail
Sony - Building #4 (MEMS Line) current wafer capacity (SEMI WFF),Sony - Building #4 (MEMS Line),晶圆产能统计对象晶圆制造工厂,晶圆产能,晶圆制造工厂,统计对象,SEMI_WFF_2026_1Q.xlsx#Company Detail
Sony - Kumamoto TEC 1 current wafer capacity (SEMI WFF),Sony - Kumamoto TEC 1,晶圆产能统计对象晶圆制造工厂,晶圆产能,晶圆制造工厂,统计对象,SEMI_WFF_2026_1Q.xlsx#Company Detail
Sony - Building #6-4F current wafer capacity (SEMI WFF),Sony - Building #6-4F,晶圆产能统计对象晶圆制造工厂,晶圆产能,晶圆制造工厂,统计对象,SEMI_WFF_2026_1Q.xlsx#Company Detail
Sony - Building #6-2F current wafer capacity (SEMI WFF),Sony - Building #6-2F,晶圆产能统计对象晶圆制造工厂,晶圆产能,晶圆制造工厂,统计对象,SEMI_WFF_2026_1Q.xlsx#Company Detail
Sony - Kumamoto TEC 2 current wafer capacity (SEMI WFF),Sony - Kumamoto TEC 2,晶圆产能统计对象晶圆制造工厂,晶圆产能,晶圆制造工厂,统计对象,SEMI_WFF_2026_1Q.xlsx#Company Detail
"Sony - Fab 3 (TEC 2 bldg., 1st floor)-former JV current wafer capacity (SEMI WFF)","Sony - Fab 3 (TEC 2 bldg., 1st floor)-former JV",晶圆产能统计对象晶圆制造工厂,晶圆产能,晶圆制造工厂,统计对象,SEMI_WFF_2026_1Q.xlsx#Company Detail
Sony - Building #7 current wafer capacity (SEMI WFF),Sony - Building #7,晶圆产能统计对象晶圆制造工厂,晶圆产能,晶圆制造工厂,统计对象,SEMI_WFF_2026_1Q.xlsx#Company Detail
Sony - Oita (was Toshiba) current wafer capacity (SEMI WFF),Sony - Oita (was Toshiba),晶圆产能统计对象晶圆制造工厂,晶圆产能,晶圆制造工厂,统计对象,SEMI_WFF_2026_1Q.xlsx#Company Detail
Sony - Yamagata TEC (was Renesas Tsuruoka) current wafer capacity (SEMI WFF),Sony - Yamagata TEC (was Renesas Tsuruoka),晶圆产能统计对象晶圆制造工厂,晶圆产能,晶圆制造工厂,统计对象,SEMI_WFF_2026_1Q.xlsx#Company Detail
"Sony - Fab 2 (TEC 2 bldg., 2nd floor) current wafer capacity (SEMI WFF)","Sony - Fab 2 (TEC 2 bldg., 2nd floor)",晶圆产能统计对象晶圆制造工厂,晶圆产能,晶圆制造工厂,统计对象,SEMI_WFF_2026_1Q.xlsx#Company Detail
Sony - Fab 4 (former NP3) current wafer capacity (SEMI WFF),Sony - Fab 4 (former NP3),晶圆产能统计对象晶圆制造工厂,晶圆产能,晶圆制造工厂,统计对象,SEMI_WFF_2026_1Q.xlsx#Company Detail
Sony - Fab 5 Phase 1 current wafer capacity (SEMI WFF),Sony - Fab 5 Phase 1,晶圆产能统计对象晶圆制造工厂,晶圆产能,晶圆制造工厂,统计对象,SEMI_WFF_2026_1Q.xlsx#Company Detail
Sony - Kumamoto Koshi New Fab current wafer capacity (SEMI WFF),Sony - Kumamoto Koshi New Fab,晶圆产能统计对象晶圆制造工厂,晶圆产能,晶圆制造工厂,统计对象,SEMI_WFF_2026_1Q.xlsx#Company Detail
Sony - Fab 5 Phase 2 current wafer capacity (SEMI WFF),Sony - Fab 5 Phase 2,晶圆产能统计对象晶圆制造工厂,晶圆产能,晶圆制造工厂,统计对象,SEMI_WFF_2026_1Q.xlsx#Company Detail
Sony - Fab 5 Phase 3 current wafer capacity (SEMI WFF),Sony - Fab 5 Phase 3,晶圆产能统计对象晶圆制造工厂,晶圆产能,晶圆制造工厂,统计对象,SEMI_WFF_2026_1Q.xlsx#Company Detail
SRI International - SRI - Menlo Park current wafer capacity (SEMI WFF),SRI International - SRI - Menlo Park,晶圆产能统计对象晶圆制造工厂,晶圆产能,晶圆制造工厂,统计对象,SEMI_WFF_2026_1Q.xlsx#Company Detail
SRI International - SRI - St Petersburg current wafer capacity (SEMI WFF),SRI International - SRI - St Petersburg,晶圆产能统计对象晶圆制造工厂,晶圆产能,晶圆制造工厂,统计对象,SEMI_WFF_2026_1Q.xlsx#Company Detail
SRISA (Russian Academy of Sciences) - N/A current wafer capacity (SEMI WFF),SRISA (Russian Academy of Sciences) - N/A,晶圆产能统计对象晶圆制造工厂,晶圆产能,晶圆制造工厂,统计对象,SEMI_WFF_2026_1Q.xlsx#Company Detail
Stark Semiconductor - Micro LED fab current wafer capacity (SEMI WFF),Stark Semiconductor - Micro LED fab,晶圆产能统计对象晶圆制造工厂,晶圆产能,晶圆制造工厂,统计对象,SEMI_WFF_2026_1Q.xlsx#Company Detail
STMicroelectronics - AG200 (R2-MEMS) current wafer capacity (SEMI WFF),STMicroelectronics - AG200 (R2-MEMS),晶圆产能统计对象晶圆制造工厂,晶圆产能,晶圆制造工厂,统计对象,SEMI_WFF_2026_1Q.xlsx#Company Detail
"STMicroelectronics - AG200 (AG8-MEMS), was Fab 1 current wafer capacity (SEMI WFF)","STMicroelectronics - AG200 (AG8-MEMS), was Fab 1",晶圆产能统计对象晶圆制造工厂,晶圆产能,晶圆制造工厂,统计对象,SEMI_WFF_2026_1Q.xlsx#Company Detail
STMicroelectronics - Fab 1 8-inch fab: SiC Line current wafer capacity (SEMI WFF),STMicroelectronics - Fab 1 8-inch fab: SiC Line,晶圆产能统计对象晶圆制造工厂,晶圆产能,晶圆制造工厂,统计对象,SEMI_WFF_2026_1Q.xlsx#Company Detail
STMicroelectronics - SGFAB-AMK (8-inch line conversion from 6-inch 2138)  was AMK 2E (8-inch line) current wafer capacity (SEMI WFF),STMicroelectronics - SGFAB-AMK (8-inch line conversion from 6-inch 2138)  was AMK 2E (8-inch line),晶圆产能统计对象晶圆制造工厂,晶圆产能,晶圆制造工厂,统计对象,SEMI_WFF_2026_1Q.xlsx#Company Detail
STMicroelectronics - SiC Device Fab (Phase 1+2) current wafer capacity (SEMI WFF),STMicroelectronics - SiC Device Fab (Phase 1+2),晶圆产能统计对象晶圆制造工厂,晶圆产能,晶圆制造工厂,统计对象,SEMI_WFF_2026_1Q.xlsx#Company Detail
STMicroelectronics - Crolles 2-ext. mod 2 current wafer capacity (SEMI WFF),STMicroelectronics - Crolles 2-ext. mod 2,晶圆产能统计对象晶圆制造工厂,晶圆产能,晶圆制造工厂,统计对象,SEMI_WFF_2026_1Q.xlsx#Company Detail
STMicroelectronics - SGFAB-AMK 6 (8-inch line conversion from 6-inch 1790) current wafer capacity (SEMI WFF),STMicroelectronics - SGFAB-AMK 6 (8-inch line conversion from 6-inch 1790),晶圆产能统计对象晶圆制造工厂,晶圆产能,晶圆制造工厂,统计对象,SEMI_WFF_2026_1Q.xlsx#Company Detail
STMicroelectronics - RST 8 current wafer capacity (SEMI WFF),STMicroelectronics - RST 8,晶圆产能统计对象晶圆制造工厂,晶圆产能,晶圆制造工厂,统计对象,SEMI_WFF_2026_1Q.xlsx#Company Detail
STMicroelectronics - Crolles 1 current wafer capacity (SEMI WFF),STMicroelectronics - Crolles 1,晶圆产能统计对象晶圆制造工厂,晶圆产能,晶圆制造工厂,统计对象,SEMI_WFF_2026_1Q.xlsx#Company Detail
"STMicroelectronics - AG200 (R2-Power), was Fab 14 with Micron current wafer capacity (SEMI WFF)","STMicroelectronics - AG200 (R2-Power), was Fab 14 with Micron",晶圆产能统计对象晶圆制造工厂,晶圆产能,晶圆制造工厂,统计对象,SEMI_WFF_2026_1Q.xlsx#Company Detail
STMicroelectronics - Crolles 2 current wafer capacity (SEMI WFF),STMicroelectronics - Crolles 2,晶圆产能统计对象晶圆制造工厂,晶圆产能,晶圆制造工厂,统计对象,SEMI_WFF_2026_1Q.xlsx#Company Detail
STMicroelectronics - Crolles 2-ext. mod 1 current wafer capacity (SEMI WFF),STMicroelectronics - Crolles 2-ext. mod 1,晶圆产能统计对象晶圆制造工厂,晶圆产能,晶圆制造工厂,统计对象,SEMI_WFF_2026_1Q.xlsx#Company Detail
STMicroelectronics - Fab 2 (M9) expansion current wafer capacity (SEMI WFF),STMicroelectronics - Fab 2 (M9) expansion,晶圆产能统计对象晶圆制造工厂,晶圆产能,晶圆制造工厂,统计对象,SEMI_WFF_2026_1Q.xlsx#Company Detail
STMicroelectronics - Crolles 2-ext. mod 3 (was Phase 0 of JV ST/GF) current wafer capacity (SEMI WFF),STMicroelectronics - Crolles 2-ext. mod 3 (was Phase 0 of JV ST/GF),晶圆产能统计对象晶圆制造工厂,晶圆产能,晶圆制造工厂,统计对象,SEMI_WFF_2026_1Q.xlsx#Company Detail
STMicroelectronics - Crolles 2-ext. mod 4 (was JV Phase 1-3) current wafer capacity (SEMI WFF),STMicroelectronics - Crolles 2-ext. mod 4 (was JV Phase 1-3),晶圆产能统计对象晶圆制造工厂,晶圆产能,晶圆制造工厂,统计对象,SEMI_WFF_2026_1Q.xlsx#Company Detail
STMicroelectronics - Crolles 2-ext. mod 5 current wafer capacity (SEMI WFF),STMicroelectronics - Crolles 2-ext. mod 5,晶圆产能统计对象晶圆制造工厂,晶圆产能,晶圆制造工厂,统计对象,SEMI_WFF_2026_1Q.xlsx#Company Detail
STMicroelectronics - Crolles 2-ext. mod 6 current wafer capacity (SEMI WFF),STMicroelectronics - Crolles 2-ext. mod 6,晶圆产能统计对象晶圆制造工厂,晶圆产能,晶圆制造工厂,统计对象,SEMI_WFF_2026_1Q.xlsx#Company Detail
"STMicroelectronics - AG200 (AG8-Logic), was Fab 1 current wafer capacity (SEMI WFF)","STMicroelectronics - AG200 (AG8-Logic), was Fab 1",晶圆产能统计对象晶圆制造工厂,晶圆产能,晶圆制造工厂,统计对象,SEMI_WFF_2026_1Q.xlsx#Company Detail
STMicroelectronics - AG300 (R3) ST and Tower JV  (phase 1 + phase 2) current wafer capacity (SEMI WFF),STMicroelectronics - AG300 (R3) ST and Tower JV  (phase 1 + phase 2),晶圆产能统计对象晶圆制造工厂,晶圆产能,晶圆制造工厂,统计对象,SEMI_WFF_2026_1Q.xlsx#Company Detail
STMicroelectronics - Fab 2 (M9) 8-inch line (was 6-inch called CT 6) current wafer capacity (SEMI WFF),STMicroelectronics - Fab 2 (M9) 8-inch line (was 6-inch called CT 6),晶圆产能统计对象晶圆制造工厂,晶圆产能,晶圆制造工厂,统计对象,SEMI_WFF_2026_1Q.xlsx#Company Detail
STMicroelectronics - Fab 1 (+ old name Fab 2 merged) current wafer capacity (SEMI WFF),STMicroelectronics - Fab 1 (+ old name Fab 2 merged),晶圆产能统计对象晶圆制造工厂,晶圆产能,晶圆制造工厂,统计对象,SEMI_WFF_2026_1Q.xlsx#Company Detail
STMicroelectronics - Fab 2 (M5+M5 extension) Catania  (was called CTM 8) current wafer capacity (SEMI WFF),STMicroelectronics - Fab 2 (M5+M5 extension) Catania  (was called CTM 8),晶圆产能统计对象晶圆制造工厂,晶圆产能,晶圆制造工厂,统计对象,SEMI_WFF_2026_1Q.xlsx#Company Detail
STMicroelectronics - SGFAB-AMK 6E (6-inch line) current wafer capacity (SEMI WFF),STMicroelectronics - SGFAB-AMK 6E (6-inch line),晶圆产能统计对象晶圆制造工厂,晶圆产能,晶圆制造工厂,统计对象,SEMI_WFF_2026_1Q.xlsx#Company Detail
"STMicroelectronics - SGFAB-AMJ 9 (former AMK 5, AMJ 9 cluster, former Fab 1) current wafer capacity (SEMI WFF)","STMicroelectronics - SGFAB-AMJ 9 (former AMK 5, AMJ 9 cluster, former Fab 1)",晶圆产能统计对象晶圆制造工厂,晶圆产能,晶圆制造工厂,统计对象,SEMI_WFF_2026_1Q.xlsx#Company Detail
STMicroelectronics - SGFAB-AMK 8 (was Numonyx/Micron Fab 13) current wafer capacity (SEMI WFF),STMicroelectronics - SGFAB-AMK 8 (was Numonyx/Micron Fab 13),晶圆产能统计对象晶圆制造工厂,晶圆产能,晶圆制造工厂,统计对象,SEMI_WFF_2026_1Q.xlsx#Company Detail
STMicroelectronics - Fab 1 6-inch fab: SiC Line current wafer capacity (SEMI WFF),STMicroelectronics - Fab 1 6-inch fab: SiC Line,晶圆产能统计对象晶圆制造工厂,晶圆产能,晶圆制造工厂,统计对象,SEMI_WFF_2026_1Q.xlsx#Company Detail
STMicroelectronics - SiC 6-inch line in Singapore current wafer capacity (SEMI WFF),STMicroelectronics - SiC 6-inch line in Singapore,晶圆产能统计对象晶圆制造工厂,晶圆产能,晶圆制造工厂,统计对象,SEMI_WFF_2026_1Q.xlsx#Company Detail
STMicroelectronics - Fab 1 6-inch fab: GaN Line current wafer capacity (SEMI WFF),STMicroelectronics - Fab 1 6-inch fab: GaN Line,晶圆产能统计对象晶圆制造工厂,晶圆产能,晶圆制造工厂,统计对象,SEMI_WFF_2026_1Q.xlsx#Company Detail
STMicroelectronics - Fab 2: 200mm GaN Device Pilot current wafer capacity (SEMI WFF),STMicroelectronics - Fab 2: 200mm GaN Device Pilot,晶圆产能统计对象晶圆制造工厂,晶圆产能,晶圆制造工厂,统计对象,SEMI_WFF_2026_1Q.xlsx#Company Detail
Sumitomo Electric Device Innovations Inc. - Fab 2 current wafer capacity (SEMI WFF),Sumitomo Electric Device Innovations Inc. - Fab 2,晶圆产能统计对象晶圆制造工厂,晶圆产能,晶圆制造工厂,统计对象,SEMI_WFF_2026_1Q.xlsx#Company Detail
Sumitomo Electric Device Innovations Inc. - Fab 1 current wafer capacity (SEMI WFF),Sumitomo Electric Device Innovations Inc. - Fab 1,晶圆产能统计对象晶圆制造工厂,晶圆产能,晶圆制造工厂,统计对象,SEMI_WFF_2026_1Q.xlsx#Company Detail
Suzhou Goodark Electronics - Fab 2 (4-inch line) current wafer capacity (SEMI WFF),Suzhou Goodark Electronics - Fab 2 (4-inch line),晶圆产能统计对象晶圆制造工厂,晶圆产能,晶圆制造工厂,统计对象,SEMI_WFF_2026_1Q.xlsx#Company Detail
Suzhou Goodark Electronics - Fab 1 (3-inch line) current wafer capacity (SEMI WFF),Suzhou Goodark Electronics - Fab 1 (3-inch line),晶圆产能统计对象晶圆制造工厂,晶圆产能,晶圆制造工厂,统计对象,SEMI_WFF_2026_1Q.xlsx#Company Detail
"Suzhou Tongguan Microelectronics Co., Ltd. - Zhangjiagang fab current wafer capacity (SEMI WFF)","Suzhou Tongguan Microelectronics Co., Ltd. - Zhangjiagang fab",晶圆产能统计对象晶圆制造工厂,晶圆产能,晶圆制造工厂,统计对象,SEMI_WFF_2026_1Q.xlsx#Company Detail
Swaysure Technology - SwaySure Fab 1 current wafer capacity (SEMI WFF),Swaysure Technology - SwaySure Fab 1,晶圆产能统计对象晶圆制造工厂,晶圆产能,晶圆制造工厂,统计对象,SEMI_WFF_2026_1Q.xlsx#Company Detail
Systems on Silicon Manufacturing Co. Pte. Ltd. (SSMC) - Annex 10 (JV with NXP) current wafer capacity (SEMI WFF),Systems on Silicon Manufacturing Co. Pte. Ltd. (SSMC) - Annex 10 (JV with NXP),晶圆产能统计对象晶圆制造工厂,晶圆产能,晶圆制造工厂,统计对象,SEMI_WFF_2026_1Q.xlsx#Company Detail
Systems on Silicon Manufacturing Co. Pte. Ltd. (SSMC) - SSMC (JV with NXP) current wafer capacity (SEMI WFF),Systems on Silicon Manufacturing Co. Pte. Ltd. (SSMC) - SSMC (JV with NXP),晶圆产能统计对象晶圆制造工厂,晶圆产能,晶圆制造工厂,统计对象,SEMI_WFF_2026_1Q.xlsx#Company Detail
Taiwan Semiconductor - Yilan fab current wafer capacity (SEMI WFF),Taiwan Semiconductor - Yilan fab,晶圆产能统计对象晶圆制造工厂,晶圆产能,晶圆制造工厂,统计对象,SEMI_WFF_2026_1Q.xlsx#Company Detail
Taiwan-Asia Semiconductor Corporation (TASC) - Fab 1 current wafer capacity (SEMI WFF),Taiwan-Asia Semiconductor Corporation (TASC) - Fab 1,晶圆产能统计对象晶圆制造工厂,晶圆产能,晶圆制造工厂,统计对象,SEMI_WFF_2026_1Q.xlsx#Company Detail
Taiwan-Asia Semiconductor Corporation (TASC) - Fab 2 current wafer capacity (SEMI WFF),Taiwan-Asia Semiconductor Corporation (TASC) - Fab 2,晶圆产能统计对象晶圆制造工厂,晶圆产能,晶圆制造工厂,统计对象,SEMI_WFF_2026_1Q.xlsx#Company Detail
Taiwan-Asia Semiconductor Corporation (TASC) - Fab 2 SiC Line (ProAsia) current wafer capacity (SEMI WFF),Taiwan-Asia Semiconductor Corporation (TASC) - Fab 2 SiC Line (ProAsia),晶圆产能统计对象晶圆制造工厂,晶圆产能,晶圆制造工厂,统计对象,SEMI_WFF_2026_1Q.xlsx#Company Detail
Taiwan-Asia Semiconductor Corporation (TASC) - Fab 2 GaN Line (Champ-Asia) current wafer capacity (SEMI WFF),Taiwan-Asia Semiconductor Corporation (TASC) - Fab 2 GaN Line (Champ-Asia),晶圆产能统计对象晶圆制造工厂,晶圆产能,晶圆制造工厂,统计对象,SEMI_WFF_2026_1Q.xlsx#Company Detail
Taiyo Yuden - Tokorozawa Plant current wafer capacity (SEMI WFF),Taiyo Yuden - Tokorozawa Plant,晶圆产能统计对象晶圆制造工厂,晶圆产能,晶圆制造工厂,统计对象,SEMI_WFF_2026_1Q.xlsx#Company Detail
Taiyo Yuden - Ome fab current wafer capacity (SEMI WFF),Taiyo Yuden - Ome fab,晶圆产能统计对象晶圆制造工厂,晶圆产能,晶圆制造工厂,统计对象,SEMI_WFF_2026_1Q.xlsx#Company Detail
Tallinn Electrical Engineering Factory Estel - N/A current wafer capacity (SEMI WFF),Tallinn Electrical Engineering Factory Estel - N/A,晶圆产能统计对象晶圆制造工厂,晶圆产能,晶圆制造工厂,统计对象,SEMI_WFF_2026_1Q.xlsx#Company Detail
Tata Electronics - Dholera fab (Phase 1 & 2) current wafer capacity (SEMI WFF),Tata Electronics - Dholera fab (Phase 1 & 2),晶圆产能统计对象晶圆制造工厂,晶圆产能,晶圆制造工厂,统计对象,SEMI_WFF_2026_1Q.xlsx#Company Detail
TDK Corporation - Asama Techno Factory current wafer capacity (SEMI WFF),TDK Corporation - Asama Techno Factory,晶圆产能统计对象晶圆制造工厂,晶圆产能,晶圆制造工厂,统计对象,SEMI_WFF_2026_1Q.xlsx#Company Detail
TDK Corporation - Freiburg fab (was Micronas) current wafer capacity (SEMI WFF),TDK Corporation - Freiburg fab (was Micronas),晶圆产能统计对象晶圆制造工厂,晶圆产能,晶圆制造工厂,统计对象,SEMI_WFF_2026_1Q.xlsx#Company Detail
TDK Corporation - TDK-Tronics Fab 1 (Crolles) current wafer capacity (SEMI WFF),TDK Corporation - TDK-Tronics Fab 1 (Crolles),晶圆产能统计对象晶圆制造工厂,晶圆产能,晶圆制造工厂,统计对象,SEMI_WFF_2026_1Q.xlsx#Company Detail
Teledyne DALSA - Edmonton fab (8-inch line) - was Micralyne current wafer capacity (SEMI WFF),Teledyne DALSA - Edmonton fab (8-inch line) - was Micralyne,晶圆产能统计对象晶圆制造工厂,晶圆产能,晶圆制造工厂,统计对象,SEMI_WFF_2026_1Q.xlsx#Company Detail
Teledyne DALSA - Fab 4 - 6-inch line current wafer capacity (SEMI WFF),Teledyne DALSA - Fab 4 - 6-inch line,晶圆产能统计对象晶圆制造工厂,晶圆产能,晶圆制造工厂,统计对象,SEMI_WFF_2026_1Q.xlsx#Company Detail
Teledyne DALSA - Fab 4 - 8-inch line current wafer capacity (SEMI WFF),Teledyne DALSA - Fab 4 - 8-inch line,晶圆产能统计对象晶圆制造工厂,晶圆产能,晶圆制造工厂,统计对象,SEMI_WFF_2026_1Q.xlsx#Company Detail
Teledyne DALSA - Fab 1 current wafer capacity (SEMI WFF),Teledyne DALSA - Fab 1,晶圆产能统计对象晶圆制造工厂,晶圆产能,晶圆制造工厂,统计对象,SEMI_WFF_2026_1Q.xlsx#Company Detail
Teledyne DALSA - Fab 3 current wafer capacity (SEMI WFF),Teledyne DALSA - Fab 3,晶圆产能统计对象晶圆制造工厂,晶圆产能,晶圆制造工厂,统计对象,SEMI_WFF_2026_1Q.xlsx#Company Detail
Teledyne DALSA - Fab 2 current wafer capacity (SEMI WFF),Teledyne DALSA - Fab 2,晶圆产能统计对象晶圆制造工厂,晶圆产能,晶圆制造工厂,统计对象,SEMI_WFF_2026_1Q.xlsx#Company Detail
Teledyne DALSA - Edmonton fab (6-inch line) - was Micralyne current wafer capacity (SEMI WFF),Teledyne DALSA - Edmonton fab (6-inch line) - was Micralyne,晶圆产能统计对象晶圆制造工厂,晶圆产能,晶圆制造工厂,统计对象,SEMI_WFF_2026_1Q.xlsx#Company Detail
TESTAS (Turkish Electronics Industry & Trade Corp.) - N/A current wafer capacity (SEMI WFF),TESTAS (Turkish Electronics Industry & Trade Corp.) - N/A,晶圆产能统计对象晶圆制造工厂,晶圆产能,晶圆制造工厂,统计对象,SEMI_WFF_2026_1Q.xlsx#Company Detail
Texas Instruments - MFab (was National) current wafer capacity (SEMI WFF),Texas Instruments - MFab (was National),晶圆产能统计对象晶圆制造工厂,晶圆产能,晶圆制造工厂,统计对象,SEMI_WFF_2026_1Q.xlsx#Company Detail
Texas Instruments - DFAB 200mm (South building) current wafer capacity (SEMI WFF),Texas Instruments - DFAB 200mm (South building),晶圆产能统计对象晶圆制造工厂,晶圆产能,晶圆制造工厂,统计对象,SEMI_WFF_2026_1Q.xlsx#Company Detail
Texas Instruments - DMOS 6 current wafer capacity (SEMI WFF),Texas Instruments - DMOS 6,晶圆产能统计对象晶圆制造工厂,晶圆产能,晶圆制造工厂,统计对象,SEMI_WFF_2026_1Q.xlsx#Company Detail
Texas Instruments - DMOS 5 current wafer capacity (SEMI WFF),Texas Instruments - DMOS 5,晶圆产能统计对象晶圆制造工厂,晶圆产能,晶圆制造工厂,统计对象,SEMI_WFF_2026_1Q.xlsx#Company Detail
Texas Instruments - Miho 8 (was Miho 6)+ Miho 5 current wafer capacity (SEMI WFF),Texas Instruments - Miho 8 (was Miho 6)+ Miho 5,晶圆产能统计对象晶圆制造工厂,晶圆产能,晶圆制造工厂,统计对象,SEMI_WFF_2026_1Q.xlsx#Company Detail
Texas Instruments - SFAB 1 current wafer capacity (SEMI WFF),Texas Instruments - SFAB 1,晶圆产能统计对象晶圆制造工厂,晶圆产能,晶圆制造工厂,统计对象,SEMI_WFF_2026_1Q.xlsx#Company Detail
"Texas Instruments - FFAB (8-inch line, inside former 6-inch) current wafer capacity (SEMI WFF)","Texas Instruments - FFAB (8-inch line, inside former 6-inch)",晶圆产能统计对象晶圆制造工厂,晶圆产能,晶圆制造工厂,统计对象,SEMI_WFF_2026_1Q.xlsx#Company Detail
Texas Instruments - RFab 2 current wafer capacity (SEMI WFF),Texas Instruments - RFab 2,晶圆产能统计对象晶圆制造工厂,晶圆产能,晶圆制造工厂,统计对象,SEMI_WFF_2026_1Q.xlsx#Company Detail
"Texas Instruments - LFab 1 (+ Bldg 60), was Fab 2 Micron (3D X Point, part (IMFT) current wafer capacity (SEMI WFF)","Texas Instruments - LFab 1 (+ Bldg 60), was Fab 2 Micron (3D X Point, part (IMFT)",晶圆产能统计对象晶圆制造工厂,晶圆产能,晶圆制造工厂,统计对象,SEMI_WFF_2026_1Q.xlsx#Company Detail
Texas Instruments - RFab 1 current wafer capacity (SEMI WFF),Texas Instruments - RFab 1,晶圆产能统计对象晶圆制造工厂,晶圆产能,晶圆制造工厂,统计对象,SEMI_WFF_2026_1Q.xlsx#Company Detail
Texas Instruments - JV3 current wafer capacity (SEMI WFF),Texas Instruments - JV3,晶圆产能统计对象晶圆制造工厂,晶圆产能,晶圆制造工厂,统计对象,SEMI_WFF_2026_1Q.xlsx#Company Detail
Texas Instruments - CFAB (was SMIC Fab 11A) current wafer capacity (SEMI WFF),Texas Instruments - CFAB (was SMIC Fab 11A),晶圆产能统计对象晶圆制造工厂,晶圆产能,晶圆制造工厂,统计对象,SEMI_WFF_2026_1Q.xlsx#Company Detail
Texas Instruments - DFAB 150mm (South building) current wafer capacity (SEMI WFF),Texas Instruments - DFAB 150mm (South building),晶圆产能统计对象晶圆制造工厂,晶圆产能,晶圆制造工厂,统计对象,SEMI_WFF_2026_1Q.xlsx#Company Detail
Texas Instruments - LFab 2 current wafer capacity (SEMI WFF),Texas Instruments - LFab 2,晶圆产能统计对象晶圆制造工厂,晶圆产能,晶圆制造工厂,统计对象,SEMI_WFF_2026_1Q.xlsx#Company Detail
Texas Instruments - SM 1 (was S FAB 2) current wafer capacity (SEMI WFF),Texas Instruments - SM 1 (was S FAB 2),晶圆产能统计对象晶圆制造工厂,晶圆产能,晶圆制造工厂,统计对象,SEMI_WFF_2026_1Q.xlsx#Company Detail
Texas Instruments - SM 2 (was S FAB 3) current wafer capacity (SEMI WFF),Texas Instruments - SM 2 (was S FAB 3),晶圆产能统计对象晶圆制造工厂,晶圆产能,晶圆制造工厂,统计对象,SEMI_WFF_2026_1Q.xlsx#Company Detail
Texas Instruments - SM 3 current wafer capacity (SEMI WFF),Texas Instruments - SM 3,晶圆产能统计对象晶圆制造工厂,晶圆产能,晶圆制造工厂,统计对象,SEMI_WFF_2026_1Q.xlsx#Company Detail
Texas Instruments - SM 4 current wafer capacity (SEMI WFF),Texas Instruments - SM 4,晶圆产能统计对象晶圆制造工厂,晶圆产能,晶圆制造工厂,统计对象,SEMI_WFF_2026_1Q.xlsx#Company Detail
Thai Microelectronics Center (TMEC) - Thai Microeclectronics Center (TMEC) current wafer capacity (SEMI WFF),Thai Microelectronics Center (TMEC) - Thai Microeclectronics Center (TMEC),晶圆产能统计对象晶圆制造工厂,晶圆产能,晶圆制造工厂,统计对象,SEMI_WFF_2026_1Q.xlsx#Company Detail
THAT Corporation - N/A current wafer capacity (SEMI WFF),THAT Corporation - N/A,晶圆产能统计对象晶圆制造工厂,晶圆产能,晶圆制造工厂,统计对象,SEMI_WFF_2026_1Q.xlsx#Company Detail
Thorlabs Inc - Thorlabs Quantum Electronics current wafer capacity (SEMI WFF),Thorlabs Inc - Thorlabs Quantum Electronics,晶圆产能统计对象晶圆制造工厂,晶圆产能,晶圆制造工厂,统计对象,SEMI_WFF_2026_1Q.xlsx#Company Detail
"Tianjin Zhonghuan Semiconductor CO.,LTD - N/A current wafer capacity (SEMI WFF)","Tianjin Zhonghuan Semiconductor CO.,LTD - N/A",晶圆产能统计对象晶圆制造工厂,晶圆产能,晶圆制造工厂,统计对象,SEMI_WFF_2026_1Q.xlsx#Company Detail
Toshiba (TDSC) - Kaga 150mm Power Fab 1 (KCR-1 + KCR-2) current wafer capacity (SEMI WFF),Toshiba (TDSC) - Kaga 150mm Power Fab 1 (KCR-1 + KCR-2),晶圆产能统计对象晶圆制造工厂,晶圆产能,晶圆制造工厂,统计对象,SEMI_WFF_2026_1Q.xlsx#Company Detail
Toshiba (TDSC) - Himeji facility (150mm line) current wafer capacity (SEMI WFF),Toshiba (TDSC) - Himeji facility (150mm line),晶圆产能统计对象晶圆制造工厂,晶圆产能,晶圆制造工厂,统计对象,SEMI_WFF_2026_1Q.xlsx#Company Detail
Toshiba (TDSC) - Kaga 200mm Power Line KCR-3 current wafer capacity (SEMI WFF),Toshiba (TDSC) - Kaga 200mm Power Line KCR-3,晶圆产能统计对象晶圆制造工厂,晶圆产能,晶圆制造工厂,统计对象,SEMI_WFF_2026_1Q.xlsx#Company Detail
Toshiba (TDSC) - Kaga 300mm Power Fab Second Line (Phase 1) current wafer capacity (SEMI WFF),Toshiba (TDSC) - Kaga 300mm Power Fab Second Line (Phase 1),晶圆产能统计对象晶圆制造工厂,晶圆产能,晶圆制造工厂,统计对象,SEMI_WFF_2026_1Q.xlsx#Company Detail
Toshiba (TDSC) - Kaga 300mm Power Fab Third Line (Phase 2) current wafer capacity (SEMI WFF),Toshiba (TDSC) - Kaga 300mm Power Fab Third Line (Phase 2),晶圆产能统计对象晶圆制造工厂,晶圆产能,晶圆制造工厂,统计对象,SEMI_WFF_2026_1Q.xlsx#Company Detail
Toshiba (TDSC) - Kaga 300mm Power Line First Line current wafer capacity (SEMI WFF),Toshiba (TDSC) - Kaga 300mm Power Line First Line,晶圆产能统计对象晶圆制造工厂,晶圆产能,晶圆制造工厂,统计对象,SEMI_WFF_2026_1Q.xlsx#Company Detail
"Tower Partners Semiconductor (TPSCo) - Tonami CD (was Intel, was Tower Partners TPSCo, was Fab 5 Tonami, was Building 1: A/B-Line) current wafer capacity (SEMI WFF)","Tower Partners Semiconductor (TPSCo) - Tonami CD (was Intel, was Tower Partners TPSCo, was Fab 5 Tonami, was Building 1: A/B-Line)",晶圆产能统计对象晶圆制造工厂,晶圆产能,晶圆制造工厂,统计对象,SEMI_WFF_2026_1Q.xlsx#Company Detail
"Tower Partners Semiconductor (TPSCo) - Uozo E (was Intel, was Tower Partners TPSCo, was Fab 7) current wafer capacity (SEMI WFF)","Tower Partners Semiconductor (TPSCo) - Uozo E (was Intel, was Tower Partners TPSCo, was Fab 7)",晶圆产能统计对象晶圆制造工厂,晶圆产能,晶圆制造工厂,统计对象,SEMI_WFF_2026_1Q.xlsx#Company Detail
"Tower Partners Semiconductor (TPSCo) - Arai E (was Intel, was Tower Partners TPSCo,, was Fab 6, was Fab E) current wafer capacity (SEMI WFF)","Tower Partners Semiconductor (TPSCo) - Arai E (was Intel, was Tower Partners TPSCo,, was Fab 6, was Fab E)",晶圆产能统计对象晶圆制造工厂,晶圆产能,晶圆制造工厂,统计对象,SEMI_WFF_2026_1Q.xlsx#Company Detail
"TowerJazz Semiconductors Ltd. - Fab 9 (was Intel, was Tower Jazz, was Maxim) current wafer capacity (SEMI WFF)","TowerJazz Semiconductors Ltd. - Fab 9 (was Intel, was Tower Jazz, was Maxim)",晶圆产能统计对象晶圆制造工厂,晶圆产能,晶圆制造工厂,统计对象,SEMI_WFF_2026_1Q.xlsx#Company Detail
"TowerJazz Semiconductors Ltd. - Fab 2 (was Intel, was Tower Jazz Migdal Haemek current wafer capacity (SEMI WFF)","TowerJazz Semiconductors Ltd. - Fab 2 (was Intel, was Tower Jazz Migdal Haemek",晶圆产能统计对象晶圆制造工厂,晶圆产能,晶圆制造工厂,统计对象,SEMI_WFF_2026_1Q.xlsx#Company Detail
"TowerJazz Semiconductors Ltd. - Fab 1 (was Intel, was Tower Jazz Migdal Haemek current wafer capacity (SEMI WFF)","TowerJazz Semiconductors Ltd. - Fab 1 (was Intel, was Tower Jazz Migdal Haemek",晶圆产能统计对象晶圆制造工厂,晶圆产能,晶圆制造工厂,统计对象,SEMI_WFF_2026_1Q.xlsx#Company Detail
"TowerJazz Semiconductors Ltd. - Fab 3 (was Intel, was Tower Jazz Newport Beach) current wafer capacity (SEMI WFF)","TowerJazz Semiconductors Ltd. - Fab 3 (was Intel, was Tower Jazz Newport Beach)",晶圆产能统计对象晶圆制造工厂,晶圆产能,晶圆制造工厂,统计对象,SEMI_WFF_2026_1Q.xlsx#Company Detail
Transcom Inc. - Fab 1 current wafer capacity (SEMI WFF),Transcom Inc. - Fab 1,晶圆产能统计对象晶圆制造工厂,晶圆产能,晶圆制造工厂,统计对象,SEMI_WFF_2026_1Q.xlsx#Company Detail
"Transphorm, Inc. - Goleta fab current wafer capacity (SEMI WFF)","Transphorm, Inc. - Goleta fab",晶圆产能统计对象晶圆制造工厂,晶圆产能,晶圆制造工厂,统计对象,SEMI_WFF_2026_1Q.xlsx#Company Detail
Transys Electronics - Birmingham fab current wafer capacity (SEMI WFF),Transys Electronics - Birmingham fab,晶圆产能统计对象晶圆制造工厂,晶圆产能,晶圆制造工厂,统计对象,SEMI_WFF_2026_1Q.xlsx#Company Detail
TRUMPF Photonics Inc. - TUSP current wafer capacity (SEMI WFF),TRUMPF Photonics Inc. - TUSP,晶圆产能统计对象晶圆制造工厂,晶圆产能,晶圆制造工厂,统计对象,SEMI_WFF_2026_1Q.xlsx#Company Detail
TSMC - Fab 14 Phase 6 current wafer capacity (SEMI WFF),TSMC - Fab 14 Phase 6,晶圆产能统计对象晶圆制造工厂,晶圆产能,晶圆制造工厂,统计对象,SEMI_WFF_2026_1Q.xlsx#Company Detail
TSMC - Fab 14 Phase 5 current wafer capacity (SEMI WFF),TSMC - Fab 14 Phase 5,晶圆产能统计对象晶圆制造工厂,晶圆产能,晶圆制造工厂,统计对象,SEMI_WFF_2026_1Q.xlsx#Company Detail
TSMC - Fab 15 Phase 4 current wafer capacity (SEMI WFF),TSMC - Fab 15 Phase 4,晶圆产能统计对象晶圆制造工厂,晶圆产能,晶圆制造工厂,统计对象,SEMI_WFF_2026_1Q.xlsx#Company Detail
TSMC - Fab 15 Phase 5 current wafer capacity (SEMI WFF),TSMC - Fab 15 Phase 5,晶圆产能统计对象晶圆制造工厂,晶圆产能,晶圆制造工厂,统计对象,SEMI_WFF_2026_1Q.xlsx#Company Detail
TSMC - Fab 14 Phase 7 current wafer capacity (SEMI WFF),TSMC - Fab 14 Phase 7,晶圆产能统计对象晶圆制造工厂,晶圆产能,晶圆制造工厂,统计对象,SEMI_WFF_2026_1Q.xlsx#Company Detail
TSMC - Fab 18 Phase 1 current wafer capacity (SEMI WFF),TSMC - Fab 18 Phase 1,晶圆产能统计对象晶圆制造工厂,晶圆产能,晶圆制造工厂,统计对象,SEMI_WFF_2026_1Q.xlsx#Company Detail
TSMC - Fab 15 Phase 7 current wafer capacity (SEMI WFF),TSMC - Fab 15 Phase 7,晶圆产能统计对象晶圆制造工厂,晶圆产能,晶圆制造工厂,统计对象,SEMI_WFF_2026_1Q.xlsx#Company Detail
TSMC - Fab 15 Phase 6 current wafer capacity (SEMI WFF),TSMC - Fab 15 Phase 6,晶圆产能统计对象晶圆制造工厂,晶圆产能,晶圆制造工厂,统计对象,SEMI_WFF_2026_1Q.xlsx#Company Detail
TSMC - Fab 6 Phase 2 current wafer capacity (SEMI WFF),TSMC - Fab 6 Phase 2,晶圆产能统计对象晶圆制造工厂,晶圆产能,晶圆制造工厂,统计对象,SEMI_WFF_2026_1Q.xlsx#Company Detail
TSMC - Fab 18 Phase 4 current wafer capacity (SEMI WFF),TSMC - Fab 18 Phase 4,晶圆产能统计对象晶圆制造工厂,晶圆产能,晶圆制造工厂,统计对象,SEMI_WFF_2026_1Q.xlsx#Company Detail
TSMC - Fab 18 Phase 5 current wafer capacity (SEMI WFF),TSMC - Fab 18 Phase 5,晶圆产能统计对象晶圆制造工厂,晶圆产能,晶圆制造工厂,统计对象,SEMI_WFF_2026_1Q.xlsx#Company Detail
TSMC - Fab 16 P1B (Nanjing) current wafer capacity (SEMI WFF),TSMC - Fab 16 P1B (Nanjing),晶圆产能统计对象晶圆制造工厂,晶圆产能,晶圆制造工厂,统计对象,SEMI_WFF_2026_1Q.xlsx#Company Detail
TSMC - Fab 16 P1A (Nanjing) current wafer capacity (SEMI WFF),TSMC - Fab 16 P1A (Nanjing),晶圆产能统计对象晶圆制造工厂,晶圆产能,晶圆制造工厂,统计对象,SEMI_WFF_2026_1Q.xlsx#Company Detail
TSMC - Fab 18 Phase 2 current wafer capacity (SEMI WFF),TSMC - Fab 18 Phase 2,晶圆产能统计对象晶圆制造工厂,晶圆产能,晶圆制造工厂,统计对象,SEMI_WFF_2026_1Q.xlsx#Company Detail
TSMC - Fab 18 Phase 3 current wafer capacity (SEMI WFF),TSMC - Fab 18 Phase 3,晶圆产能统计对象晶圆制造工厂,晶圆产能,晶圆制造工厂,统计对象,SEMI_WFF_2026_1Q.xlsx#Company Detail
TSMC - Fab 10 (Songjiang) current wafer capacity (SEMI WFF),TSMC - Fab 10 (Songjiang),晶圆产能统计对象晶圆制造工厂,晶圆产能,晶圆制造工厂,统计对象,SEMI_WFF_2026_1Q.xlsx#Company Detail
TSMC - Fab 14 Phase 3 current wafer capacity (SEMI WFF),TSMC - Fab 14 Phase 3,晶圆产能统计对象晶圆制造工厂,晶圆产能,晶圆制造工厂,统计对象,SEMI_WFF_2026_1Q.xlsx#Company Detail
TSMC - Fab 15 Phase 2 current wafer capacity (SEMI WFF),TSMC - Fab 15 Phase 2,晶圆产能统计对象晶圆制造工厂,晶圆产能,晶圆制造工厂,统计对象,SEMI_WFF_2026_1Q.xlsx#Company Detail
TSMC - Fab 15 Phase 3 current wafer capacity (SEMI WFF),TSMC - Fab 15 Phase 3,晶圆产能统计对象晶圆制造工厂,晶圆产能,晶圆制造工厂,统计对象,SEMI_WFF_2026_1Q.xlsx#Company Detail
TSMC - Fab 15 Phase 1 current wafer capacity (SEMI WFF),TSMC - Fab 15 Phase 1,晶圆产能统计对象晶圆制造工厂,晶圆产能,晶圆制造工厂,统计对象,SEMI_WFF_2026_1Q.xlsx#Company Detail
TSMC - Fab 12 Phase 7 (was Powerchip P4/P5) current wafer capacity (SEMI WFF),TSMC - Fab 12 Phase 7 (was Powerchip P4/P5),晶圆产能统计对象晶圆制造工厂,晶圆产能,晶圆制造工厂,统计对象,SEMI_WFF_2026_1Q.xlsx#Company Detail
TSMC - Fab 12 Phase 4 and 5 current wafer capacity (SEMI WFF),TSMC - Fab 12 Phase 4 and 5,晶圆产能统计对象晶圆制造工厂,晶圆产能,晶圆制造工厂,统计对象,SEMI_WFF_2026_1Q.xlsx#Company Detail
TSMC - Fab 14 Phase 4 current wafer capacity (SEMI WFF),TSMC - Fab 14 Phase 4,晶圆产能统计对象晶圆制造工厂,晶圆产能,晶圆制造工厂,统计对象,SEMI_WFF_2026_1Q.xlsx#Company Detail
TSMC - Fab 8 current wafer capacity (SEMI WFF),TSMC - Fab 8,晶圆产能统计对象晶圆制造工厂,晶圆产能,晶圆制造工厂,统计对象,SEMI_WFF_2026_1Q.xlsx#Company Detail
TSMC - Fab 12 Phase 1 and 2 current wafer capacity (SEMI WFF),TSMC - Fab 12 Phase 1 and 2,晶圆产能统计对象晶圆制造工厂,晶圆产能,晶圆制造工厂,统计对象,SEMI_WFF_2026_1Q.xlsx#Company Detail
TSMC - Fab 14 Phase 1&2 current wafer capacity (SEMI WFF),TSMC - Fab 14 Phase 1&2,晶圆产能统计对象晶圆制造工厂,晶圆产能,晶圆制造工厂,统计对象,SEMI_WFF_2026_1Q.xlsx#Company Detail
TSMC - Fab 6 Phase 1 current wafer capacity (SEMI WFF),TSMC - Fab 6 Phase 1,晶圆产能统计对象晶圆制造工厂,晶圆产能,晶圆制造工厂,统计对象,SEMI_WFF_2026_1Q.xlsx#Company Detail
TSMC - Fab 21 P2B (Arizona phase 2) current wafer capacity (SEMI WFF),TSMC - Fab 21 P2B (Arizona phase 2),晶圆产能统计对象晶圆制造工厂,晶圆产能,晶圆制造工厂,统计对象,SEMI_WFF_2026_1Q.xlsx#Company Detail
TSMC - Fab 21 P1B (Arizona Phase 1 3nm line) current wafer capacity (SEMI WFF),TSMC - Fab 21 P1B (Arizona Phase 1 3nm line),晶圆产能统计对象晶圆制造工厂,晶圆产能,晶圆制造工厂,统计对象,SEMI_WFF_2026_1Q.xlsx#Company Detail
TSMC - Fab 2 current wafer capacity (SEMI WFF),TSMC - Fab 2,晶圆产能统计对象晶圆制造工厂,晶圆产能,晶圆制造工厂,统计对象,SEMI_WFF_2026_1Q.xlsx#Company Detail
TSMC - Fab 3 current wafer capacity (SEMI WFF),TSMC - Fab 3,晶圆产能统计对象晶圆制造工厂,晶圆产能,晶圆制造工厂,统计对象,SEMI_WFF_2026_1Q.xlsx#Company Detail
TSMC - Fab 5 current wafer capacity (SEMI WFF),TSMC - Fab 5,晶圆产能统计对象晶圆制造工厂,晶圆产能,晶圆制造工厂,统计对象,SEMI_WFF_2026_1Q.xlsx#Company Detail
TSMC - Fab 11 (WaferTech) (used also by Everspin) current wafer capacity (SEMI WFF),TSMC - Fab 11 (WaferTech) (used also by Everspin),晶圆产能统计对象晶圆制造工厂,晶圆产能,晶圆制造工厂,统计对象,SEMI_WFF_2026_1Q.xlsx#Company Detail
TSMC - Fab 20 Phase 1 current wafer capacity (SEMI WFF),TSMC - Fab 20 Phase 1,晶圆产能统计对象晶圆制造工厂,晶圆产能,晶圆制造工厂,统计对象,SEMI_WFF_2026_1Q.xlsx#Company Detail
TSMC - Fab 20 Phase 2 current wafer capacity (SEMI WFF),TSMC - Fab 20 Phase 2,晶圆产能统计对象晶圆制造工厂,晶圆产能,晶圆制造工厂,统计对象,SEMI_WFF_2026_1Q.xlsx#Company Detail
TSMC - Fab 18 Phase 7 current wafer capacity (SEMI WFF),TSMC - Fab 18 Phase 7,晶圆产能统计对象晶圆制造工厂,晶圆产能,晶圆制造工厂,统计对象,SEMI_WFF_2026_1Q.xlsx#Company Detail
TSMC - Fab 18 Phase 8 current wafer capacity (SEMI WFF),TSMC - Fab 18 Phase 8,晶圆产能统计对象晶圆制造工厂,晶圆产能,晶圆制造工厂,统计对象,SEMI_WFF_2026_1Q.xlsx#Company Detail
TSMC - Fab 22 Phase 1 current wafer capacity (SEMI WFF),TSMC - Fab 22 Phase 1,晶圆产能统计对象晶圆制造工厂,晶圆产能,晶圆制造工厂,统计对象,SEMI_WFF_2026_1Q.xlsx#Company Detail
TSMC - Fab 22 Phase 2 current wafer capacity (SEMI WFF),TSMC - Fab 22 Phase 2,晶圆产能统计对象晶圆制造工厂,晶圆产能,晶圆制造工厂,统计对象,SEMI_WFF_2026_1Q.xlsx#Company Detail
TSMC - Fab 23 Phase 1 (JASM P1) current wafer capacity (SEMI WFF),TSMC - Fab 23 Phase 1 (JASM P1),晶圆产能统计对象晶圆制造工厂,晶圆产能,晶圆制造工厂,统计对象,SEMI_WFF_2026_1Q.xlsx#Company Detail
TSMC - Fab 24 - ESMC Phase 1 (22/28nm) current wafer capacity (SEMI WFF),TSMC - Fab 24 - ESMC Phase 1 (22/28nm),晶圆产能统计对象晶圆制造工厂,晶圆产能,晶圆制造工厂,统计对象,SEMI_WFF_2026_1Q.xlsx#Company Detail
TSMC - Fab 14 Phase 8 current wafer capacity (SEMI WFF),TSMC - Fab 14 Phase 8,晶圆产能统计对象晶圆制造工厂,晶圆产能,晶圆制造工厂,统计对象,SEMI_WFF_2026_1Q.xlsx#Company Detail
TSMC - Fab 21 Phase 2 (Arizona) current wafer capacity (SEMI WFF),TSMC - Fab 21 Phase 2 (Arizona),晶圆产能统计对象晶圆制造工厂,晶圆产能,晶圆制造工厂,统计对象,SEMI_WFF_2026_1Q.xlsx#Company Detail
TSMC - Fab 21 Phase 1 (P1A+P1B) current wafer capacity (SEMI WFF),TSMC - Fab 21 Phase 1 (P1A+P1B),晶圆产能统计对象晶圆制造工厂,晶圆产能,晶圆制造工厂,统计对象,SEMI_WFF_2026_1Q.xlsx#Company Detail
TSMC - Fab 18 Phase 6 current wafer capacity (SEMI WFF),TSMC - Fab 18 Phase 6,晶圆产能统计对象晶圆制造工厂,晶圆产能,晶圆制造工厂,统计对象,SEMI_WFF_2026_1Q.xlsx#Company Detail
TSMC - Fab 25 Phase 1 current wafer capacity (SEMI WFF),TSMC - Fab 25 Phase 1,晶圆产能统计对象晶圆制造工厂,晶圆产能,晶圆制造工厂,统计对象,SEMI_WFF_2026_1Q.xlsx#Company Detail
TSMC - Fab 25 Phase 2 current wafer capacity (SEMI WFF),TSMC - Fab 25 Phase 2,晶圆产能统计对象晶圆制造工厂,晶圆产能,晶圆制造工厂,统计对象,SEMI_WFF_2026_1Q.xlsx#Company Detail
TSMC - Fab 21 Phase 3 (Arizona) current wafer capacity (SEMI WFF),TSMC - Fab 21 Phase 3 (Arizona),晶圆产能统计对象晶圆制造工厂,晶圆产能,晶圆制造工厂,统计对象,SEMI_WFF_2026_1Q.xlsx#Company Detail
TSMC - Fab 23 Phase 3 current wafer capacity (SEMI WFF),TSMC - Fab 23 Phase 3,晶圆产能统计对象晶圆制造工厂,晶圆产能,晶圆制造工厂,统计对象,SEMI_WFF_2026_1Q.xlsx#Company Detail
TSMC - Fab 20 Phase 3 current wafer capacity (SEMI WFF),TSMC - Fab 20 Phase 3,晶圆产能统计对象晶圆制造工厂,晶圆产能,晶圆制造工厂,统计对象,SEMI_WFF_2026_1Q.xlsx#Company Detail
TSMC - Fab 20 Phase 4 current wafer capacity (SEMI WFF),TSMC - Fab 20 Phase 4,晶圆产能统计对象晶圆制造工厂,晶圆产能,晶圆制造工厂,统计对象,SEMI_WFF_2026_1Q.xlsx#Company Detail
TSMC - Fab 18 Phase 9 current wafer capacity (SEMI WFF),TSMC - Fab 18 Phase 9,晶圆产能统计对象晶圆制造工厂,晶圆产能,晶圆制造工厂,统计对象,SEMI_WFF_2026_1Q.xlsx#Company Detail
TSMC - Fab 23 Phase 2 (JASM P2) current wafer capacity (SEMI WFF),TSMC - Fab 23 Phase 2 (JASM P2),晶圆产能统计对象晶圆制造工厂,晶圆产能,晶圆制造工厂,统计对象,SEMI_WFF_2026_1Q.xlsx#Company Detail
TSMC - Fab 22 Phase 3 current wafer capacity (SEMI WFF),TSMC - Fab 22 Phase 3,晶圆产能统计对象晶圆制造工厂,晶圆产能,晶圆制造工厂,统计对象,SEMI_WFF_2026_1Q.xlsx#Company Detail
TSMC - Fab 22 Phase 4 current wafer capacity (SEMI WFF),TSMC - Fab 22 Phase 4,晶圆产能统计对象晶圆制造工厂,晶圆产能,晶圆制造工厂,统计对象,SEMI_WFF_2026_1Q.xlsx#Company Detail
TSMC - Fab 24 - ESMC Phase 1 (12/16nm) current wafer capacity (SEMI WFF),TSMC - Fab 24 - ESMC Phase 1 (12/16nm),晶圆产能统计对象晶圆制造工厂,晶圆产能,晶圆制造工厂,统计对象,SEMI_WFF_2026_1Q.xlsx#Company Detail
TSMC - Fab 21 Phase 6 (Arizona) current wafer capacity (SEMI WFF),TSMC - Fab 21 Phase 6 (Arizona),晶圆产能统计对象晶圆制造工厂,晶圆产能,晶圆制造工厂,统计对象,SEMI_WFF_2026_1Q.xlsx#Company Detail
TSMC - Fab 25 Phase 3 current wafer capacity (SEMI WFF),TSMC - Fab 25 Phase 3,晶圆产能统计对象晶圆制造工厂,晶圆产能,晶圆制造工厂,统计对象,SEMI_WFF_2026_1Q.xlsx#Company Detail
TSMC - Fab 25 Phase 4 current wafer capacity (SEMI WFF),TSMC - Fab 25 Phase 4,晶圆产能统计对象晶圆制造工厂,晶圆产能,晶圆制造工厂,统计对象,SEMI_WFF_2026_1Q.xlsx#Company Detail
TSMC - Fab 21 Phase 4 (Arizona) current wafer capacity (SEMI WFF),TSMC - Fab 21 Phase 4 (Arizona),晶圆产能统计对象晶圆制造工厂,晶圆产能,晶圆制造工厂,统计对象,SEMI_WFF_2026_1Q.xlsx#Company Detail
TSMC - Fab 22 Phase 5 current wafer capacity (SEMI WFF),TSMC - Fab 22 Phase 5,晶圆产能统计对象晶圆制造工厂,晶圆产能,晶圆制造工厂,统计对象,SEMI_WFF_2026_1Q.xlsx#Company Detail
TSMC - Fab 21 Phase 5 (Arizona) current wafer capacity (SEMI WFF),TSMC - Fab 21 Phase 5 (Arizona),晶圆产能统计对象晶圆制造工厂,晶圆产能,晶圆制造工厂,统计对象,SEMI_WFF_2026_1Q.xlsx#Company Detail
Tyntek Corporation - Kejung Plant (new Chunan fab) current wafer capacity (SEMI WFF),Tyntek Corporation - Kejung Plant (new Chunan fab),晶圆产能统计对象晶圆制造工厂,晶圆产能,晶圆制造工厂,统计对象,SEMI_WFF_2026_1Q.xlsx#Company Detail
Tyntek Corporation - Renai Plant current wafer capacity (SEMI WFF),Tyntek Corporation - Renai Plant,晶圆产能统计对象晶圆制造工厂,晶圆产能,晶圆制造工厂,统计对象,SEMI_WFF_2026_1Q.xlsx#Company Detail
UMC - Fab 12M B2 (was Fujitsu Mie Fab) current wafer capacity (SEMI WFF),UMC - Fab 12M B2 (was Fujitsu Mie Fab),晶圆产能统计对象晶圆制造工厂,晶圆产能,晶圆制造工厂,统计对象,SEMI_WFF_2026_1Q.xlsx#Company Detail
UMC - Fab 6A GaN Line (Wavetek) current wafer capacity (SEMI WFF),UMC - Fab 6A GaN Line (Wavetek),晶圆产能统计对象晶圆制造工厂,晶圆产能,晶圆制造工厂,统计对象,SEMI_WFF_2026_1Q.xlsx#Company Detail
UMC - UMC new Japan 300mm Fab current wafer capacity (SEMI WFF),UMC - UMC new Japan 300mm Fab,晶圆产能统计对象晶圆制造工厂,晶圆产能,晶圆制造工厂,统计对象,SEMI_WFF_2026_1Q.xlsx#Company Detail
UMC - Fab 12i P3 current wafer capacity (SEMI WFF),UMC - Fab 12i P3,晶圆产能统计对象晶圆制造工厂,晶圆产能,晶圆制造工厂,统计对象,SEMI_WFF_2026_1Q.xlsx#Company Detail
UMC - Fab 12A P6 current wafer capacity (SEMI WFF),UMC - Fab 12A P6,晶圆产能统计对象晶圆制造工厂,晶圆产能,晶圆制造工厂,统计对象,SEMI_WFF_2026_1Q.xlsx#Company Detail
UMC - Fab 12X current wafer capacity (SEMI WFF),UMC - Fab 12X,晶圆产能统计对象晶圆制造工厂,晶圆产能,晶圆制造工厂,统计对象,SEMI_WFF_2026_1Q.xlsx#Company Detail
UMC - Fab 12A P5 current wafer capacity (SEMI WFF),UMC - Fab 12A P5,晶圆产能统计对象晶圆制造工厂,晶圆产能,晶圆制造工厂,统计对象,SEMI_WFF_2026_1Q.xlsx#Company Detail
UMC - Fab 8N (former HeJian) current wafer capacity (SEMI WFF),UMC - Fab 8N (former HeJian),晶圆产能统计对象晶圆制造工厂,晶圆产能,晶圆制造工厂,统计对象,SEMI_WFF_2026_1Q.xlsx#Company Detail
UMC - Fab 12M B1 (was Fujitsu Mie Fab) current wafer capacity (SEMI WFF),UMC - Fab 12M B1 (was Fujitsu Mie Fab),晶圆产能统计对象晶圆制造工厂,晶圆产能,晶圆制造工厂,统计对象,SEMI_WFF_2026_1Q.xlsx#Company Detail
UMC - Fab 8F current wafer capacity (SEMI WFF),UMC - Fab 8F,晶圆产能统计对象晶圆制造工厂,晶圆产能,晶圆制造工厂,统计对象,SEMI_WFF_2026_1Q.xlsx#Company Detail
UMC - Fab 8E current wafer capacity (SEMI WFF),UMC - Fab 8E,晶圆产能统计对象晶圆制造工厂,晶圆产能,晶圆制造工厂,统计对象,SEMI_WFF_2026_1Q.xlsx#Company Detail
UMC - Fab 12A P1/P2 current wafer capacity (SEMI WFF),UMC - Fab 12A P1/P2,晶圆产能统计对象晶圆制造工厂,晶圆产能,晶圆制造工厂,统计对象,SEMI_WFF_2026_1Q.xlsx#Company Detail
UMC - Fab 8S current wafer capacity (SEMI WFF),UMC - Fab 8S,晶圆产能统计对象晶圆制造工厂,晶圆产能,晶圆制造工厂,统计对象,SEMI_WFF_2026_1Q.xlsx#Company Detail
UMC - Fab 8D current wafer capacity (SEMI WFF),UMC - Fab 8D,晶圆产能统计对象晶圆制造工厂,晶圆产能,晶圆制造工厂,统计对象,SEMI_WFF_2026_1Q.xlsx#Company Detail
UMC - Fab 8A current wafer capacity (SEMI WFF),UMC - Fab 8A,晶圆产能统计对象晶圆制造工厂,晶圆产能,晶圆制造工厂,统计对象,SEMI_WFF_2026_1Q.xlsx#Company Detail
UMC - Fab 8C current wafer capacity (SEMI WFF),UMC - Fab 8C,晶圆产能统计对象晶圆制造工厂,晶圆产能,晶圆制造工厂,统计对象,SEMI_WFF_2026_1Q.xlsx#Company Detail
UMC - Fab 12A P3/P4 current wafer capacity (SEMI WFF),UMC - Fab 12A P3/P4,晶圆产能统计对象晶圆制造工厂,晶圆产能,晶圆制造工厂,统计对象,SEMI_WFF_2026_1Q.xlsx#Company Detail
UMC - Fab 6A (Wavetek) current wafer capacity (SEMI WFF),UMC - Fab 6A (Wavetek),晶圆产能统计对象晶圆制造工厂,晶圆产能,晶圆制造工厂,统计对象,SEMI_WFF_2026_1Q.xlsx#Company Detail
UMC - Fab 12i current wafer capacity (SEMI WFF),UMC - Fab 12i,晶圆产能统计对象晶圆制造工厂,晶圆产能,晶圆制造工厂,统计对象,SEMI_WFF_2026_1Q.xlsx#Company Detail
UniCompound Semiconductor Corporation - GaAs fab current wafer capacity (SEMI WFF),UniCompound Semiconductor Corporation - GaAs fab,晶圆产能统计对象晶圆制造工厂,晶圆产能,晶圆制造工厂,统计对象,SEMI_WFF_2026_1Q.xlsx#Company Detail
Unisonic Technologies - Jaysun Fab1 current wafer capacity (SEMI WFF),Unisonic Technologies - Jaysun Fab1,晶圆产能统计对象晶圆制造工厂,晶圆产能,晶圆制造工厂,统计对象,SEMI_WFF_2026_1Q.xlsx#Company Detail
Unisonic Technologies - Fushun Fab 2 current wafer capacity (SEMI WFF),Unisonic Technologies - Fushun Fab 2,晶圆产能统计对象晶圆制造工厂,晶圆产能,晶圆制造工厂,统计对象,SEMI_WFF_2026_1Q.xlsx#Company Detail
Unisonic Technologies - Fushun Fab 1 current wafer capacity (SEMI WFF),Unisonic Technologies - Fushun Fab 1,晶圆产能统计对象晶圆制造工厂,晶圆产能,晶圆制造工厂,统计对象,SEMI_WFF_2026_1Q.xlsx#Company Detail
Unisonic Technologies - Fushun Gaoxin Fab1 current wafer capacity (SEMI WFF),Unisonic Technologies - Fushun Gaoxin Fab1,晶圆产能统计对象晶圆制造工厂,晶圆产能,晶圆制造工厂,统计对象,SEMI_WFF_2026_1Q.xlsx#Company Detail
United Monolithic Semiconductors (UMS) - UMS current wafer capacity (SEMI WFF),United Monolithic Semiconductors (UMS) - UMS,晶圆产能统计对象晶圆制造工厂,晶圆产能,晶圆制造工厂,统计对象,SEMI_WFF_2026_1Q.xlsx#Company Detail
"United Nova Technology (UNT, was SMEC, was SMIC Shaoxing) - Fab 1 (UNT Phase 1) current wafer capacity (SEMI WFF)","United Nova Technology (UNT, was SMEC, was SMIC Shaoxing) - Fab 1 (UNT Phase 1)",晶圆产能统计对象晶圆制造工厂,晶圆产能,晶圆制造工厂,统计对象,SEMI_WFF_2026_1Q.xlsx#Company Detail
"United Nova Technology (UNT, was SMEC, was SMIC Shaoxing) - Fab 2 300mm MP Line (UNT Phase 3) current wafer capacity (SEMI WFF)","United Nova Technology (UNT, was SMEC, was SMIC Shaoxing) - Fab 2 300mm MP Line (UNT Phase 3)",晶圆产能统计对象晶圆制造工厂,晶圆产能,晶圆制造工厂,统计对象,SEMI_WFF_2026_1Q.xlsx#Company Detail
"United Nova Technology (UNT, was SMEC, was SMIC Shaoxing) - Fab 2 300mm Pilot Line (UNT Phase 2) current wafer capacity (SEMI WFF)","United Nova Technology (UNT, was SMEC, was SMIC Shaoxing) - Fab 2 300mm Pilot Line (UNT Phase 2)",晶圆产能统计对象晶圆制造工厂,晶圆产能,晶圆制造工厂,统计对象,SEMI_WFF_2026_1Q.xlsx#Company Detail
"United Nova Technology (UNT, was SMEC, was SMIC Shaoxing) - Fab 2 200mm Line (UNT Phase 2) current wafer capacity (SEMI WFF)","United Nova Technology (UNT, was SMEC, was SMIC Shaoxing) - Fab 2 200mm Line (UNT Phase 2)",晶圆产能统计对象晶圆制造工厂,晶圆产能,晶圆制造工厂,统计对象,SEMI_WFF_2026_1Q.xlsx#Company Detail
"United Nova Technology (UNT, was SMEC, was SMIC Shaoxing) - Fab 2 150mm Compound Line current wafer capacity (SEMI WFF)","United Nova Technology (UNT, was SMEC, was SMIC Shaoxing) - Fab 2 150mm Compound Line",晶圆产能统计对象晶圆制造工厂,晶圆产能,晶圆制造工厂,统计对象,SEMI_WFF_2026_1Q.xlsx#Company Detail
Universal Semiconductor Inc (USI) - N/A current wafer capacity (SEMI WFF),Universal Semiconductor Inc (USI) - N/A,晶圆产能统计对象晶圆制造工厂,晶圆产能,晶圆制造工厂,统计对象,SEMI_WFF_2026_1Q.xlsx#Company Detail
University - NPK Technological Center - NPK Technological Center current wafer capacity (SEMI WFF),University - NPK Technological Center - NPK Technological Center,晶圆产能统计对象晶圆制造工厂,晶圆产能,晶圆制造工厂,统计对象,SEMI_WFF_2026_1Q.xlsx#Company Detail
University of Central Florida - Fab 54 current wafer capacity (SEMI WFF),University of Central Florida - Fab 54,晶圆产能统计对象晶圆制造工厂,晶圆产能,晶圆制造工厂,统计对象,SEMI_WFF_2026_1Q.xlsx#Company Detail
UTC Aerospace Systems - Goodrich Aerospace current wafer capacity (SEMI WFF),UTC Aerospace Systems - Goodrich Aerospace,晶圆产能统计对象晶圆制造工厂,晶圆产能,晶圆制造工厂,统计对象,SEMI_WFF_2026_1Q.xlsx#Company Detail
Vanguard International Semiconductor (VIS) - Fab 3 (was Sumpro) current wafer capacity (SEMI WFF),Vanguard International Semiconductor (VIS) - Fab 3 (was Sumpro),晶圆产能统计对象晶圆制造工厂,晶圆产能,晶圆制造工厂,统计对象,SEMI_WFF_2026_1Q.xlsx#Company Detail
Vanguard International Semiconductor (VIS) - Fab VS1 (was GF Fab 3E) current wafer capacity (SEMI WFF),Vanguard International Semiconductor (VIS) - Fab VS1 (was GF Fab 3E),晶圆产能统计对象晶圆制造工厂,晶圆产能,晶圆制造工厂,统计对象,SEMI_WFF_2026_1Q.xlsx#Company Detail
Vanguard International Semiconductor (VIS) - VSMC (VIS & NXP JV) current wafer capacity (SEMI WFF),Vanguard International Semiconductor (VIS) - VSMC (VIS & NXP JV),晶圆产能统计对象晶圆制造工厂,晶圆产能,晶圆制造工厂,统计对象,SEMI_WFF_2026_1Q.xlsx#Company Detail
Vanguard International Semiconductor (VIS) - Fab 1 current wafer capacity (SEMI WFF),Vanguard International Semiconductor (VIS) - Fab 1,晶圆产能统计对象晶圆制造工厂,晶圆产能,晶圆制造工厂,统计对象,SEMI_WFF_2026_1Q.xlsx#Company Detail
Vanguard International Semiconductor (VIS) - Fab 2 current wafer capacity (SEMI WFF),Vanguard International Semiconductor (VIS) - Fab 2,晶圆产能统计对象晶圆制造工厂,晶圆产能,晶圆制造工厂,统计对象,SEMI_WFF_2026_1Q.xlsx#Company Detail
Vanguard International Semiconductor (VIS) - Fab 5 current wafer capacity (SEMI WFF),Vanguard International Semiconductor (VIS) - Fab 5,晶圆产能统计对象晶圆制造工厂,晶圆产能,晶圆制造工厂,统计对象,SEMI_WFF_2026_1Q.xlsx#Company Detail
Vanguard International Semiconductor (VIS) - Fab 2 SiC Line current wafer capacity (SEMI WFF),Vanguard International Semiconductor (VIS) - Fab 2 SiC Line,晶圆产能统计对象晶圆制造工厂,晶圆产能,晶圆制造工厂,统计对象,SEMI_WFF_2026_1Q.xlsx#Company Detail
Vedanta - Dholera Wafer Fab current wafer capacity (SEMI WFF),Vedanta - Dholera Wafer Fab,晶圆产能统计对象晶圆制造工厂,晶圆产能,晶圆制造工厂,统计对象,SEMI_WFF_2026_1Q.xlsx#Company Detail
"Vishay Intertechnology - 300mm MOSFET Fab (phase 1,2 ,3) current wafer capacity (SEMI WFF)","Vishay Intertechnology - 300mm MOSFET Fab (phase 1,2 ,3)",晶圆产能统计对象晶圆制造工厂,晶圆产能,晶圆制造工厂,统计对象,SEMI_WFF_2026_1Q.xlsx#Company Detail
"Vishay Intertechnology - Newport (was Nexperia, Wingtech, was Nexperia, was Newport Wafer Fab, was Infineon, was IRF) current wafer capacity (SEMI WFF)","Vishay Intertechnology - Newport (was Nexperia, Wingtech, was Nexperia, was Newport Wafer Fab, was Infineon, was IRF)",晶圆产能统计对象晶圆制造工厂,晶圆产能,晶圆制造工厂,统计对象,SEMI_WFF_2026_1Q.xlsx#Company Detail
Vishay Intertechnology - US Fab 3 (Vishay) current wafer capacity (SEMI WFF),Vishay Intertechnology - US Fab 3 (Vishay),晶圆产能统计对象晶圆制造工厂,晶圆产能,晶圆制造工厂,统计对象,SEMI_WFF_2026_1Q.xlsx#Company Detail
Vishay Intertechnology - US Fab 2 (Vishay) current wafer capacity (SEMI WFF),Vishay Intertechnology - US Fab 2 (Vishay),晶圆产能统计对象晶圆制造工厂,晶圆产能,晶圆制造工厂,统计对象,SEMI_WFF_2026_1Q.xlsx#Company Detail
Vishay Intertechnology - Austria (Vishay) current wafer capacity (SEMI WFF),Vishay Intertechnology - Austria (Vishay),晶圆产能统计对象晶圆制造工厂,晶圆产能,晶圆制造工厂,统计对象,SEMI_WFF_2026_1Q.xlsx#Company Detail
Vishay Intertechnology - Italy Fab 8 (Vishay) current wafer capacity (SEMI WFF),Vishay Intertechnology - Italy Fab 8 (Vishay),晶圆产能统计对象晶圆制造工厂,晶圆产能,晶圆制造工厂,统计对象,SEMI_WFF_2026_1Q.xlsx#Company Detail
Vishay Intertechnology - Taiwan (Vishay) current wafer capacity (SEMI WFF),Vishay Intertechnology - Taiwan (Vishay),晶圆产能统计对象晶圆制造工厂,晶圆产能,晶圆制造工厂,统计对象,SEMI_WFF_2026_1Q.xlsx#Company Detail
Vishay Intertechnology - Israel (Vishay) current wafer capacity (SEMI WFF),Vishay Intertechnology - Israel (Vishay),晶圆产能统计对象晶圆制造工厂,晶圆产能,晶圆制造工厂,统计对象,SEMI_WFF_2026_1Q.xlsx#Company Detail
VZPP Mikron (former Electronica) - N/A current wafer capacity (SEMI WFF),VZPP Mikron (former Electronica) - N/A,晶圆产能统计对象晶圆制造工厂,晶圆产能,晶圆制造工厂,统计对象,SEMI_WFF_2026_1Q.xlsx#Company Detail
WeEn Semiconductors - Jilin 5-inch fab (was NXP) current wafer capacity (SEMI WFF),WeEn Semiconductors - Jilin 5-inch fab (was NXP),晶圆产能统计对象晶圆制造工厂,晶圆产能,晶圆制造工厂,统计对象,SEMI_WFF_2026_1Q.xlsx#Company Detail
Western Digital - Fremont current wafer capacity (SEMI WFF),Western Digital - Fremont,晶圆产能统计对象晶圆制造工厂,晶圆产能,晶圆制造工厂,统计对象,SEMI_WFF_2026_1Q.xlsx#Company Detail
Western Digital - San Jose current wafer capacity (SEMI WFF),Western Digital - San Jose,晶圆产能统计对象晶圆制造工厂,晶圆产能,晶圆制造工厂,统计对象,SEMI_WFF_2026_1Q.xlsx#Company Detail
Win Semiconductor Corp. - Fab C current wafer capacity (SEMI WFF),Win Semiconductor Corp. - Fab C,晶圆产能统计对象晶圆制造工厂,晶圆产能,晶圆制造工厂,统计对象,SEMI_WFF_2026_1Q.xlsx#Company Detail
Win Semiconductor Corp. - Fab B current wafer capacity (SEMI WFF),Win Semiconductor Corp. - Fab B,晶圆产能统计对象晶圆制造工厂,晶圆产能,晶圆制造工厂,统计对象,SEMI_WFF_2026_1Q.xlsx#Company Detail
Win Semiconductor Corp. - Fab A current wafer capacity (SEMI WFF),Win Semiconductor Corp. - Fab A,晶圆产能统计对象晶圆制造工厂,晶圆产能,晶圆制造工厂,统计对象,SEMI_WFF_2026_1Q.xlsx#Company Detail
Winbond Electronic Corporation - Fab 6 (Module 1) current wafer capacity (SEMI WFF),Winbond Electronic Corporation - Fab 6 (Module 1),晶圆产能统计对象晶圆制造工厂,晶圆产能,晶圆制造工厂,统计对象,SEMI_WFF_2026_1Q.xlsx#Company Detail
Winbond Electronic Corporation - Fab 6 (Module 2) current wafer capacity (SEMI WFF),Winbond Electronic Corporation - Fab 6 (Module 2),晶圆产能统计对象晶圆制造工厂,晶圆产能,晶圆制造工厂,统计对象,SEMI_WFF_2026_1Q.xlsx#Company Detail
Winbond Electronic Corporation - Fab C current wafer capacity (SEMI WFF),Winbond Electronic Corporation - Fab C,晶圆产能统计对象晶圆制造工厂,晶圆产能,晶圆制造工厂,统计对象,SEMI_WFF_2026_1Q.xlsx#Company Detail
Winbond Electronic Corporation - Lujhu fab (Phase 1) current wafer capacity (SEMI WFF),Winbond Electronic Corporation - Lujhu fab (Phase 1),晶圆产能统计对象晶圆制造工厂,晶圆产能,晶圆制造工厂,统计对象,SEMI_WFF_2026_1Q.xlsx#Company Detail
Winbond Electronic Corporation - Lujhu fab (Phase 2) current wafer capacity (SEMI WFF),Winbond Electronic Corporation - Lujhu fab (Phase 2),晶圆产能统计对象晶圆制造工厂,晶圆产能,晶圆制造工厂,统计对象,SEMI_WFF_2026_1Q.xlsx#Company Detail
Winbond Electronic Corporation - Lujhu fab (Phase 3) current wafer capacity (SEMI WFF),Winbond Electronic Corporation - Lujhu fab (Phase 3),晶圆产能统计对象晶圆制造工厂,晶圆产能,晶圆制造工厂,统计对象,SEMI_WFF_2026_1Q.xlsx#Company Detail
Wingtech - Shanghai fab current wafer capacity (SEMI WFF),Wingtech - Shanghai fab,晶圆产能统计对象晶圆制造工厂,晶圆产能,晶圆制造工厂,统计对象,SEMI_WFF_2026_1Q.xlsx#Company Detail
Wisol - Osan fab current wafer capacity (SEMI WFF),Wisol - Osan fab,晶圆产能统计对象晶圆制造工厂,晶圆产能,晶圆制造工厂,统计对象,SEMI_WFF_2026_1Q.xlsx#Company Detail
Wolfspeed - Huizhou fab current wafer capacity (SEMI WFF),Wolfspeed - Huizhou fab,晶圆产能统计对象晶圆制造工厂,晶圆产能,晶圆制造工厂,统计对象,SEMI_WFF_2026_1Q.xlsx#Company Detail
"Wolfspeed - MVF Fab (was Mohawk Valley Fab, was SiC Fab or Utica Fab) current wafer capacity (SEMI WFF)","Wolfspeed - MVF Fab (was Mohawk Valley Fab, was SiC Fab or Utica Fab)",晶圆产能统计对象晶圆制造工厂,晶圆产能,晶圆制造工厂,统计对象,SEMI_WFF_2026_1Q.xlsx#Company Detail
Wolfspeed - Device Manufacturing current wafer capacity (SEMI WFF),Wolfspeed - Device Manufacturing,晶圆产能统计对象晶圆制造工厂,晶圆产能,晶圆制造工厂,统计对象,SEMI_WFF_2026_1Q.xlsx#Company Detail
Wuhan Chuxing Technology - Fab 2 current wafer capacity (SEMI WFF),Wuhan Chuxing Technology - Fab 2,晶圆产能统计对象晶圆制造工厂,晶圆产能,晶圆制造工厂,统计对象,SEMI_WFF_2026_1Q.xlsx#Company Detail
Wuhan Chuxing Technology - Fab 1 current wafer capacity (SEMI WFF),Wuhan Chuxing Technology - Fab 1,晶圆产能统计对象晶圆制造工厂,晶圆产能,晶圆制造工厂,统计对象,SEMI_WFF_2026_1Q.xlsx#Company Detail
Xaar - Huntingdon fab current wafer capacity (SEMI WFF),Xaar - Huntingdon fab,晶圆产能统计对象晶圆制造工厂,晶圆产能,晶圆制造工厂,统计对象,SEMI_WFF_2026_1Q.xlsx#Company Detail
X-FAB Silicon Foundries - Lubbock (includes SiC line) current wafer capacity (SEMI WFF),X-FAB Silicon Foundries - Lubbock (includes SiC line),晶圆产能统计对象晶圆制造工厂,晶圆产能,晶圆制造工厂,统计对象,SEMI_WFF_2026_1Q.xlsx#Company Detail
X-FAB Silicon Foundries - Dresden 200mm (includes GaN) current wafer capacity (SEMI WFF),X-FAB Silicon Foundries - Dresden 200mm (includes GaN),晶圆产能统计对象晶圆制造工厂,晶圆产能,晶圆制造工厂,统计对象,SEMI_WFF_2026_1Q.xlsx#Company Detail
X-FAB Silicon Foundries - Erfurt MEMS 8-inch (Fab 2) current wafer capacity (SEMI WFF),X-FAB Silicon Foundries - Erfurt MEMS 8-inch (Fab 2),晶圆产能统计对象晶圆制造工厂,晶圆产能,晶圆制造工厂,统计对象,SEMI_WFF_2026_1Q.xlsx#Company Detail
X-FAB Silicon Foundries - Corbeil-Essonnes (was Altis Building 3-2) current wafer capacity (SEMI WFF),X-FAB Silicon Foundries - Corbeil-Essonnes (was Altis Building 3-2),晶圆产能统计对象晶圆制造工厂,晶圆产能,晶圆制造工厂,统计对象,SEMI_WFF_2026_1Q.xlsx#Company Detail
"X-FAB Silicon Foundries - Kuching, Sarawak (was 1st Silicon) current wafer capacity (SEMI WFF)","X-FAB Silicon Foundries - Kuching, Sarawak (was 1st Silicon)",晶圆产能统计对象晶圆制造工厂,晶圆产能,晶圆制造工厂,统计对象,SEMI_WFF_2026_1Q.xlsx#Company Detail
X-FAB Silicon Foundries - Erfurt MEMS 6-inch (Fab 2) (was Thesys) current wafer capacity (SEMI WFF),X-FAB Silicon Foundries - Erfurt MEMS 6-inch (Fab 2) (was Thesys),晶圆产能统计对象晶圆制造工厂,晶圆产能,晶圆制造工厂,统计对象,SEMI_WFF_2026_1Q.xlsx#Company Detail
X-FAB Silicon Foundries - Erfurt CMOS 6-inch (Fab 1) current wafer capacity (SEMI WFF),X-FAB Silicon Foundries - Erfurt CMOS 6-inch (Fab 1),晶圆产能统计对象晶圆制造工厂,晶圆产能,晶圆制造工厂,统计对象,SEMI_WFF_2026_1Q.xlsx#Company Detail
X-FAB Silicon Foundries - Erfurt MEMS (Fab4Micro) current wafer capacity (SEMI WFF),X-FAB Silicon Foundries - Erfurt MEMS (Fab4Micro),晶圆产能统计对象晶圆制造工厂,晶圆产能,晶圆制造工厂,统计对象,SEMI_WFF_2026_1Q.xlsx#Company Detail
"Xian Weiguang Science & Technology Co., Ltd - Factory 877 current wafer capacity (SEMI WFF)","Xian Weiguang Science & Technology Co., Ltd - Factory 877",晶圆产能统计对象晶圆制造工厂,晶圆产能,晶圆制造工厂,统计对象,SEMI_WFF_2026_1Q.xlsx#Company Detail
"Xian Weiguang Science & Technology Co., Ltd - 6"" line current wafer capacity (SEMI WFF)","Xian Weiguang Science & Technology Co., Ltd - 6"" line",晶圆产能统计对象晶圆制造工厂,晶圆产能,晶圆制造工厂,统计对象,SEMI_WFF_2026_1Q.xlsx#Company Detail
Xiver - MiPlaza current wafer capacity (SEMI WFF),Xiver - MiPlaza,晶圆产能统计对象晶圆制造工厂,晶圆产能,晶圆制造工厂,统计对象,SEMI_WFF_2026_1Q.xlsx#Company Detail
"Xiyue Electronics Technology Co., Ltd. (XETC) - Fab 1 current wafer capacity (SEMI WFF)","Xiyue Electronics Technology Co., Ltd. (XETC) - Fab 1",晶圆产能统计对象晶圆制造工厂,晶圆产能,晶圆制造工厂,统计对象,SEMI_WFF_2026_1Q.xlsx#Company Detail
XMC - Fab 12a current wafer capacity (SEMI WFF),XMC - Fab 12a,晶圆产能统计对象晶圆制造工厂,晶圆产能,晶圆制造工厂,统计对象,SEMI_WFF_2026_1Q.xlsx#Company Detail
XMC - Fab 12b current wafer capacity (SEMI WFF),XMC - Fab 12b,晶圆产能统计对象晶圆制造工厂,晶圆产能,晶圆制造工厂,统计对象,SEMI_WFF_2026_1Q.xlsx#Company Detail
XMC - Fab 12C current wafer capacity (SEMI WFF),XMC - Fab 12C,晶圆产能统计对象晶圆制造工厂,晶圆产能,晶圆制造工厂,统计对象,SEMI_WFF_2026_1Q.xlsx#Company Detail
"Yangzhou Genesis Microelectronics Co., Ltd - 6"" line current wafer capacity (SEMI WFF)","Yangzhou Genesis Microelectronics Co., Ltd - 6"" line",晶圆产能统计对象晶圆制造工厂,晶圆产能,晶圆制造工厂,统计对象,SEMI_WFF_2026_1Q.xlsx#Company Detail
"Yangzhou Genesis Microelectronics Co., Ltd - 5"" line current wafer capacity (SEMI WFF)","Yangzhou Genesis Microelectronics Co., Ltd - 5"" line",晶圆产能统计对象晶圆制造工厂,晶圆产能,晶圆制造工厂,统计对象,SEMI_WFF_2026_1Q.xlsx#Company Detail
"Yangzhou Genesis Microelectronics Co., Ltd - 4"" line current wafer capacity (SEMI WFF)","Yangzhou Genesis Microelectronics Co., Ltd - 4"" line",晶圆产能统计对象晶圆制造工厂,晶圆产能,晶圆制造工厂,统计对象,SEMI_WFF_2026_1Q.xlsx#Company Detail
"Yangzhou Genesis Semiconductor Fabricate Co. Ltd - 4"" line current wafer capacity (SEMI WFF)","Yangzhou Genesis Semiconductor Fabricate Co. Ltd - 4"" line",晶圆产能统计对象晶圆制造工厂,晶圆产能,晶圆制造工厂,统计对象,SEMI_WFF_2026_1Q.xlsx#Company Detail
"Yangzhou Genesis Semiconductor Fabricate Co. Ltd - 6"" line current wafer capacity (SEMI WFF)","Yangzhou Genesis Semiconductor Fabricate Co. Ltd - 6"" line",晶圆产能统计对象晶圆制造工厂,晶圆产能,晶圆制造工厂,统计对象,SEMI_WFF_2026_1Q.xlsx#Company Detail
"Yangzhou Yangjie Electronic Technology - 6"" line current wafer capacity (SEMI WFF)","Yangzhou Yangjie Electronic Technology - 6"" line",晶圆产能统计对象晶圆制造工厂,晶圆产能,晶圆制造工厂,统计对象,SEMI_WFF_2026_1Q.xlsx#Company Detail
"Yangzhou Yangjie Electronic Technology - 5"" lines current wafer capacity (SEMI WFF)","Yangzhou Yangjie Electronic Technology - 5"" lines",晶圆产能统计对象晶圆制造工厂,晶圆产能,晶圆制造工厂,统计对象,SEMI_WFF_2026_1Q.xlsx#Company Detail
Yangzhou Yangjie Electronic Technology - Runau Line current wafer capacity (SEMI WFF),Yangzhou Yangjie Electronic Technology - Runau Line,晶圆产能统计对象晶圆制造工厂,晶圆产能,晶圆制造工厂,统计对象,SEMI_WFF_2026_1Q.xlsx#Company Detail
Yangzhou Yangjie Electronic Technology - Jiechuwei current wafer capacity (SEMI WFF),Yangzhou Yangjie Electronic Technology - Jiechuwei,晶圆产能统计对象晶圆制造工厂,晶圆产能,晶圆制造工厂,统计对象,SEMI_WFF_2026_1Q.xlsx#Company Detail
Yangzhou Yangjie Electronic Technology - Jiechuwei 6inch SiC line current wafer capacity (SEMI WFF),Yangzhou Yangjie Electronic Technology - Jiechuwei 6inch SiC line,晶圆产能统计对象晶圆制造工厂,晶圆产能,晶圆制造工厂,统计对象,SEMI_WFF_2026_1Q.xlsx#Company Detail
Yea Shin Technology - Taoyuan fab current wafer capacity (SEMI WFF),Yea Shin Technology - Taoyuan fab,晶圆产能统计对象晶圆制造工厂,晶圆产能,晶圆制造工厂,统计对象,SEMI_WFF_2026_1Q.xlsx#Company Detail
YES PowerTechnix (YEST) - Research/Manufacturing Center 4-inch line current wafer capacity (SEMI WFF),YES PowerTechnix (YEST) - Research/Manufacturing Center 4-inch line,晶圆产能统计对象晶圆制造工厂,晶圆产能,晶圆制造工厂,统计对象,SEMI_WFF_2026_1Q.xlsx#Company Detail
"YMTC (Yangtze Memory Technology Co., Ltd.) - Fab C current wafer capacity (SEMI WFF)","YMTC (Yangtze Memory Technology Co., Ltd.) - Fab C",晶圆产能统计对象晶圆制造工厂,晶圆产能,晶圆制造工厂,统计对象,SEMI_WFF_2026_1Q.xlsx#Company Detail
"YMTC (Yangtze Memory Technology Co., Ltd.) - Fab A current wafer capacity (SEMI WFF)","YMTC (Yangtze Memory Technology Co., Ltd.) - Fab A",晶圆产能统计对象晶圆制造工厂,晶圆产能,晶圆制造工厂,统计对象,SEMI_WFF_2026_1Q.xlsx#Company Detail
"YMTC (Yangtze Memory Technology Co., Ltd.) - Fab B (Phase 1 & 2) current wafer capacity (SEMI WFF)","YMTC (Yangtze Memory Technology Co., Ltd.) - Fab B (Phase 1 & 2)",晶圆产能统计对象晶圆制造工厂,晶圆产能,晶圆制造工厂,统计对象,SEMI_WFF_2026_1Q.xlsx#Company Detail
Yokogawa Electric - YMF Komagane plant current wafer capacity (SEMI WFF),Yokogawa Electric - YMF Komagane plant,晶圆产能统计对象晶圆制造工厂,晶圆产能,晶圆制造工厂,统计对象,SEMI_WFF_2026_1Q.xlsx#Company Detail
Zensemi - Zensemi Fab1 current wafer capacity (SEMI WFF),Zensemi - Zensemi Fab1,晶圆产能统计对象晶圆制造工厂,晶圆产能,晶圆制造工厂,统计对象,SEMI_WFF_2026_1Q.xlsx#Company Detail
Zhejiang Starshine Semiconductor - Fab 1 current wafer capacity (SEMI WFF),Zhejiang Starshine Semiconductor - Fab 1,晶圆产能统计对象晶圆制造工厂,晶圆产能,晶圆制造工厂,统计对象,SEMI_WFF_2026_1Q.xlsx#Company Detail
Zhejiang Wangrong Semiconductor - Fab 1 current wafer capacity (SEMI WFF),Zhejiang Wangrong Semiconductor - Fab 1,晶圆产能统计对象晶圆制造工厂,晶圆产能,晶圆制造工厂,统计对象,SEMI_WFF_2026_1Q.xlsx#Company Detail
Zhuhai Hauxin Microeletronics - HXM Fab1 current wafer capacity (SEMI WFF),Zhuhai Hauxin Microeletronics - HXM Fab1,晶圆产能统计对象晶圆制造工厂,晶圆产能,晶圆制造工厂,统计对象,SEMI_WFF_2026_1Q.xlsx#Company Detail
Zhuzhou CRRC Times Electric - Yixing new 200mm fab current wafer capacity (SEMI WFF),Zhuzhou CRRC Times Electric - Yixing new 200mm fab,晶圆产能统计对象晶圆制造工厂,晶圆产能,晶圆制造工厂,统计对象,SEMI_WFF_2026_1Q.xlsx#Company Detail
Zhuzhou CRRC Times Electric - Zhuzhou new 200mm line current wafer capacity (SEMI WFF),Zhuzhou CRRC Times Electric - Zhuzhou new 200mm line,晶圆产能统计对象晶圆制造工厂,晶圆产能,晶圆制造工厂,统计对象,SEMI_WFF_2026_1Q.xlsx#Company Detail
Zhuzhou CRRC Times Electric - 8-inch line current wafer capacity (SEMI WFF),Zhuzhou CRRC Times Electric - 8-inch line,晶圆产能统计对象晶圆制造工厂,晶圆产能,晶圆制造工厂,统计对象,SEMI_WFF_2026_1Q.xlsx#Company Detail
Zhuzhou CRRC Times Electric - 6-inch (Line 3) current wafer capacity (SEMI WFF),Zhuzhou CRRC Times Electric - 6-inch (Line 3),晶圆产能统计对象晶圆制造工厂,晶圆产能,晶圆制造工厂,统计对象,SEMI_WFF_2026_1Q.xlsx#Company Detail
