nameCn,nameEn,objectTypeName,description,property.record_id,property.facility_type,property.status,property.city,property.state_province,property.country,property.country_region,property.region,property.address,property.website,property.product_type,property.product_type_2,property.products,property.technology_and_materials,property.current_geometry,property.current_wafer_size,property.current_full_capacity,property.capacity_200mm_equivalent,property.cleanroom_sq_ft,property.cleanroom_class,property.facility_size,property.start_year,property.construction_year,property.first_silicon_year,property.production_year,property.data_source,property.source_sheet,source_url
3S Photonics - Nozay,,晶圆制造工厂,"3S Photonics 的 Nozay，位于 Nozay, Île-de-France, 法国。",2160,晶圆厂，研发,In production,Nozay,Île-de-France,法国,Europe & Mideast,欧洲,Route De Villejust,http://www.3sphotonics.com/,光电器件/激光器及其他,光电器件,"Foundry, InP and GaAs wafers, opto lasers, detectors, pump modules, optical interfaces and amplifiers.","InP, GaAs and LiNBO3 lasers",1.5,3,5000,703.125,,,,1994,1993,1994,1994,/Users/simon/Documents/Simon-OB/本体论/base/半导体/SEMI_WFF_2026_1Q.xlsx,Company Detail,http://www.3sphotonics.com/
ABB Semiconductor - Lenzburg 2,,晶圆制造工厂,"ABB Semiconductor 的 Lenzburg 2，位于 Lenzburg, Aargau, 瑞士。",1573,晶圆厂,in production,Lenzburg,Aargau,瑞士,Europe & Mideast,欧洲,3 Fabrikstrasse,http://www.abb.com/semiconductors,Discrete/Power,分立器件,Power IGBTS,Bipolar MOS SIC,1,6,23000,12937.5,86111,10,300000,1998,1997,1998,1998,/Users/simon/Documents/Simon-OB/本体论/base/半导体/SEMI_WFF_2026_1Q.xlsx,Company Detail,http://www.abb.com/semiconductors
ABB Semiconductor - Lenzburg 1,,晶圆制造工厂,"ABB Semiconductor 的 Lenzburg 1，位于 Lenzburg, Aargau, 瑞士。",1572,晶圆厂,in production,Lenzburg,Aargau,瑞士,Europe & Mideast,欧洲,3 Fabrikstrasse,http://www.abb.com/semiconductors,Discrete/Thyristor,分立器件,"Power, Thyristors Diodes IGBTS",Bipolar MOS SIC,3,5,12000,4687.5,40364,100,300000,1975,1973,1975,1975,/Users/simon/Documents/Simon-OB/本体论/base/半导体/SEMI_WFF_2026_1Q.xlsx,Company Detail,http://www.abb.com/semiconductors
ABB Semiconductor - Lenzburg 3,,晶圆制造工厂,"ABB Semiconductor 的 Lenzburg 3，位于 Lenzburg, Aargau, 瑞士。",3517,晶圆厂,In production,Lenzburg,Aargau,瑞士,Europe & Mideast,欧洲,Fabrikstrasse 3,http://www.abb.com/semiconductors,Discrete/Power,分立器件,"Power, IGBT, Thyristor, IGCT, GTOs (Gate Turn-off Thyristors), Silicon Surge Voltage Suppressors","MOS, BIMOS",1,6,45000,25312.5,27000,100,,2010,2008,2010,2010,/Users/simon/Documents/Simon-OB/本体论/base/半导体/SEMI_WFF_2026_1Q.xlsx,Company Detail,http://www.abb.com/semiconductors
ABLIC Inc. - #A,,晶圆制造工厂,"ABLIC Inc. 的 #A，位于 Matsudo, Chiba, 日本。",898,晶圆厂,in production,Matsudo,Chiba,日本,日本,日本,563 Takatsuka Shinden,https://www.ablic.com/,Analog&Mixed Signal&Power,模拟,"Power management ICs, EEPROM, Timer ICs, Sensors, Analog ICs, Automotive ICs",CMOS,0.35,6,20000,11250,,,,1979,,2007,2007,/Users/simon/Documents/Simon-OB/本体论/base/半导体/SEMI_WFF_2026_1Q.xlsx,Company Detail,https://www.ablic.com/
Acenpower - Acenpower 6-inch Line,,晶圆制造工厂,"Acenpower 的 Acenpower 6-inch Line，位于 Guanzhou, Guandong, 中国。",6493,晶圆厂,In production,Guanzhou,Guandong,中国,中国,亚太,"No. 18 Zhengxiang Road, Wanqingsha Town, Nansha District",https://www.ascenpower.com/index.php/intro/,代工/功率,分立器件,SiC MosFET,SiC,0.5,6,20000,11250,,,,2023,2021,2023,2023,/Users/simon/Documents/Simon-OB/本体论/base/半导体/SEMI_WFF_2026_1Q.xlsx,Company Detail,https://www.ascenpower.com/index.php/intro/
Acenpower - Acenpower 8-inch SiC Line,,晶圆制造工厂,"Acenpower 的 Acenpower 8-inch SiC Line，位于 Guanzhou, Guandong, 中国。",6494,晶圆厂,In production,Guanzhou,Guandong,中国,中国,亚太,"No. 18 Zhengxiang Road, Wanqingsha Town, Nansha District",https://www.ascenpower.com/index.php/intro/,代工/功率,分立器件,,SiC,0.5,8,20000,20000,,,,2025,2024,2025,2025,/Users/simon/Documents/Simon-OB/本体论/base/半导体/SEMI_WFF_2026_1Q.xlsx,Company Detail,https://www.ascenpower.com/index.php/intro/
ACSMC - Fab 1,,晶圆制造工厂,"ACSMC 的 Fab 1，位于 Zhuhai, Guangdong, 中国。",2062,晶圆厂,In production,Zhuhai,Guangdong,中国,中国,亚太,"Jian Ye 5th Road, No. 2  Nanker Building",www.nanker.com,Logic/Other,逻辑与微器件,"Consumer IC, Power MOSFET",CMOS,0.5,6,15000,8437.5,,,,2001,1999,2001,2001,/Users/simon/Documents/Simon-OB/本体论/base/半导体/SEMI_WFF_2026_1Q.xlsx,Company Detail,file:///Users/simon/Documents/Simon-OB/%E6%9C%AC%E4%BD%93%E8%AE%BA/base/%E5%8D%8A%E5%AF%BC%E4%BD%93/output/semiconductor_ontology.json
Advanced Microelectronic Products Inc. (AMPI) - Fab 1,,晶圆制造工厂,"Advanced Microelectronic Products Inc. (AMPI) 的 Fab 1，位于 Hsinchu, Northern Taiwan, 中国台湾。",25,晶圆厂,in production,Hsinchu,Northern Taiwan,中国台湾,中国台湾,亚太,"18 R&D Road 2, Science Based Industrial  Park",http://www.AMPI.com.tw,代工/功率,分立器件,"Digital Driver Power IC LCD Drivers, Power MOSFET, Rectifier",CMOS Bipolar,0.5,6,54000,30375,,10,,1988,1986,1988,1988,/Users/simon/Documents/Simon-OB/本体论/base/半导体/SEMI_WFF_2026_1Q.xlsx,Company Detail,http://www.AMPI.com.tw
Agiltron - Woburn (shared with Sensera),,晶圆制造工厂,"Agiltron 的 Woburn (shared with Sensera)，位于 Woburn, Massachusetts, 美国。",5077,晶圆厂，研发,In production,Woburn,Massachusetts,美国,美洲,NA,15 President Way,,MEMS/Opto,MEMS,"Optical MEMS, MEMS switches",MEMS,1,6,700,393.75,5000,,,2010,2010,2011,2011,/Users/simon/Documents/Simon-OB/本体论/base/半导体/SEMI_WFF_2026_1Q.xlsx,Company Detail,file:///Users/simon/Documents/Simon-OB/%E6%9C%AC%E4%BD%93%E8%AE%BA/base/%E5%8D%8A%E5%AF%BC%E4%BD%93/SEMI_WFF_2026_1Q.xlsx
"Akoustis - STC-MEMS (was SUNY Poly, Infotonics)  former XEROX fab",,晶圆制造工厂,"Akoustis 的 STC-MEMS (was SUNY Poly, Infotonics)  former XEROX fab，位于 Canandaigua, New York, 美国。",3401,晶圆厂，中试线，研发,In production,Canandaigua,New York,美国,美洲,NA,5450 Campus Drive,http://www.akoustis.com/,代工/MEMS,MEMS,"Si-based MEMS, MEMS foundry; single-crystal BAW: high-band RF filters ; Opto electronics, Quartz (SiO2)https://www.digitimes.com/news/a20210128PD208.html","MEMS, RF Filters, Si, SOI, Quartz, glass, metal, Polyimides",0.5,6,6000,3375,26000,100,120000,2004,2003,2004,2004,/Users/simon/Documents/Simon-OB/本体论/base/半导体/SEMI_WFF_2026_1Q.xlsx,Company Detail,http://www.akoustis.com/
Alphion Corporation - Princeton Junction,,晶圆制造工厂,"Alphion Corporation 的 Princeton Junction，位于 Princeton, New Jersey, 美国。",2196,晶圆厂，研发,In production,Princeton,New Jersey,美国,美洲,NA,196 Princeton Hightstown Road,http://www.alphion.com,光电器件/激光器及其他,光电器件,"integrated photonic components for signal regeneration, conditioning, wavelength management, and monitoring.",GaAs;,1,4,1000,250,,1000,,2001,2000,2001,2001,/Users/simon/Documents/Simon-OB/本体论/base/半导体/SEMI_WFF_2026_1Q.xlsx,Company Detail,http://www.alphion.com
"Alps Electric Co., Ltd. - Nagaoka Plant",,晶圆制造工厂,"Alps Electric Co., Ltd. 的 Nagaoka Plant，位于 Nagaoka, Niigata, 日本。",3486,晶圆厂,In production,Nagaoka,Niigata,日本,日本,日本,"1-3-5, Higashitakami",http://www.alps.com/,MEMS,MEMS,"MEMS: pressure sensor, Magnetic Sensor, Geomagnetic Sensor; Digital compass,",MEMS,1,6,30000,16875,,,,1998,2006,2006,2006,/Users/simon/Documents/Simon-OB/本体论/base/半导体/SEMI_WFF_2026_1Q.xlsx,Company Detail,http://www.alps.com/
Amphenol Advanced Sensors - Amphenol Advanced Sensors,,晶圆制造工厂,"Amphenol Advanced Sensors 的 Amphenol Advanced Sensors，位于 Fremont, California, 美国。",486,晶圆厂,in production,Fremont,California,美国,美洲,NA,1055 Mission Court,https://www.amphenol-sensors.com/en/,MEMS,MEMS,MEMS: Si-based pressure sensors,MEMS,3,4,2400,600,,10,,2000,1998,1999,2000,/Users/simon/Documents/Simon-OB/本体论/base/半导体/SEMI_WFF_2026_1Q.xlsx,Company Detail,https://www.amphenol-sensors.com/en/
ams-OSRAM - AMS 200 (was ams AG),,晶圆制造工厂,"ams-OSRAM 的 AMS 200 (was ams AG)，位于 Premstaetten, Graz, 奥地利。",1684,晶圆厂,in production,Premstaetten,Graz,奥地利,Europe & Mideast,欧洲,Tobelbader Strasse 30,https://ams-osram.com/,Analog&Mixed Signal&Power,模拟,"Foundry; ASIC, analog IC, power management, sensors & sensor interfaces, portable audio and car access.","CMOS; HV-CMOS, BiCMOS; SiGe",0.18,8,15000,15000,39826,,161459,2002,2013,2013,2013,/Users/simon/Documents/Simon-OB/本体论/base/半导体/SEMI_WFF_2026_1Q.xlsx,Company Detail,https://ams-osram.com/
ams-OSRAM - JTC NanoSpace (was ams AG),,晶圆制造工厂,"ams-OSRAM 的 JTC NanoSpace (was ams AG)，位于 新加坡, 新加坡, 新加坡。",4974,晶圆厂，研发,In production,新加坡,新加坡,新加坡,SE Asia,亚太,10 Tampines Industrial Cres,https://ams-osram.com/,光电器件/激光器及其他,光电器件,R&D and production of VCSEL (Vertical Cavity Surface-Emitting Lasers) and micro-optic sensors for state-of-the-art mobile applications,VCSEL (Vertical Cavity Surface-Emitting Lasers) and micro-optic sensors,3,6,5000,2812.5,48115,,,2019,2017,2018,2019,/Users/simon/Documents/Simon-OB/本体论/base/半导体/SEMI_WFF_2026_1Q.xlsx,Company Detail,https://ams-osram.com/
Analog Devices Inc - Limerick New Next Gen Fab,,晶圆制造工厂,"Analog Devices Inc 的 Limerick New Next Gen Fab，位于 Limerick, Munster, 爱尔兰。",6459,晶圆厂，研发,In production,Limerick,Munster,爱尔兰,Europe & Mideast,欧洲,"Bay F1, Raheen Business Park",http://www.analog.com,Analog&Mixed Signal&Power,模拟,"R&D and manufacturing to accelerate the digital transformation of Industrial, Automotive, Healthcare, and other sectors",,0.18,8,20000,20000,45000,,,2025,2024,2025,2025,/Users/simon/Documents/Simon-OB/本体论/base/半导体/SEMI_WFF_2026_1Q.xlsx,Company Detail,http://www.analog.com
Analog Devices Inc - Limerick,,晶圆制造工厂,"Analog Devices Inc 的 Limerick，位于 Limerick, Munster, 爱尔兰。",27,晶圆厂，研发,in production,Limerick,Munster,爱尔兰,Europe & Mideast,欧洲,"Bay F-1, Raheen Business Park",http://www.analog.com,Analog&Mixed Signal,模拟,"AD/DA converter, mixed signal ICs, RF ICs.",CMOS BiCMOS,0.18,8,42000,42000,,1,646000,1977,,2007,2007,/Users/simon/Documents/Simon-OB/本体论/base/半导体/SEMI_WFF_2026_1Q.xlsx,Company Detail,http://www.analog.com
Analog Devices Inc - Wilmington,,晶圆制造工厂,"Analog Devices Inc 的 Wilmington，位于 Wilmington, Massachusetts, 美国。",1259,晶圆厂,in production,Wilmington,Massachusetts,美国,美洲,NA,804 Woburn Street,http://www.analog.com,Analog&Mixed Signal,模拟,"proprietary analog, mixed-signal, and MEMS manufacturing process technologies","Bipolar, MEMS",1,6,30000,16875,30000,100,586200,1967,1995,1996,1996,/Users/simon/Documents/Simon-OB/本体论/base/半导体/SEMI_WFF_2026_1Q.xlsx,Company Detail,http://www.analog.com
Analog Devices Inc - Camas (was Linear Technologies),,晶圆制造工厂,"Analog Devices Inc 的 Camas (was Linear Technologies)，位于 Camas, Washington, 美国。",471,晶圆厂，研发,in production,Camas,Washington,美国,美洲,NA,4200 NW Pacific Rim Blvd,http://www.analog.com,Analog/Linear,模拟,"Linear, Analog/mixed signal, Discretes","CMOS, Bipolar",0.35,6,30000,16875,50000,10,105000,1997,1995,1996,1997,/Users/simon/Documents/Simon-OB/本体论/base/半导体/SEMI_WFF_2026_1Q.xlsx,Company Detail,http://www.analog.com
Analog Devices Inc - Beaverton-Portland (was Maxim),,晶圆制造工厂,"Analog Devices Inc 的 Beaverton-Portland (was Maxim)，位于 Beaverton, Oregon, 美国。",523,晶圆厂，中试线,in production,Beaverton,Oregon,美国,美洲,NA,14320 Southwest Jenkins (Tektronix campus),http://www.analog.com,Analog&Mixed Signal,模拟,"analog, mixed-signal using 6- and 8-inch wafers","BCD (bipolar/CMOS/DMOS), BiCMOS, and Bipolar (SOI and SiGe).",0.18,8,44000,44000,118000,10,432000,1987,2004,2005,2005,/Users/simon/Documents/Simon-OB/本体论/base/半导体/SEMI_WFF_2026_1Q.xlsx,Company Detail,http://www.analog.com
Analog Foundries - CSEC,,晶圆制造工厂,"Analog Foundries 的 CSEC，位于 Chongqing, Chongqing, 中国。",3899,晶圆厂,In production,Chongqing,Chongqing,中国,中国,亚太,"98, Xiyuan 2nd Rd.",http://www.analogfoundries.com/,代工/功率,分立器件,"Foundry: Analog, Power device,","Bipolar, CMOS, DMOS, BiCMOS, BCD",0.35,6,30000,16875,,,,2012,2010,2011,2012,/Users/simon/Documents/Simon-OB/本体论/base/半导体/SEMI_WFF_2026_1Q.xlsx,Company Detail,http://www.analogfoundries.com/
Angstrem - Angstrem Plus (Fab 0) (basic),,晶圆制造工厂,"Angstrem 的 Angstrem Plus (Fab 0) (basic)，位于 Zelenograd, Moscow, 俄罗斯。",33,晶圆厂,in production,Zelenograd,Moscow,俄罗斯,Europe & Mideast,欧洲,"Ploshchad' Shokina, 2, стр. 3",http://www.angstrem.ru/english/,Foundry/IDM/Analog&Mixed Signal&Power,模拟,"Foundry; Analog, RD, Power management, high voltage devices","CMOS, BiCMOS, MOS",0.25,6,20000,11250,6500,100,860000,1965,2010,2011,2011,/Users/simon/Documents/Simon-OB/本体论/base/半导体/SEMI_WFF_2026_1Q.xlsx,Company Detail,http://www.angstrem.ru/english/
Angstrem - Fab 1,,晶圆制造工厂,"Angstrem 的 Fab 1，位于 Zelenograd, Moscow, 俄罗斯。",32,晶圆厂,in production,Zelenograd,Moscow,俄罗斯,Europe & Mideast,欧洲,"Ploshchad' Shokina, 2, стр. 3",http://www.angstrem.ru/english/,Foundry/IDM/Analog&Mixed Signal&Power,模拟,"Foundry; Logic, Mixed Signal, embedded Flash, High Voltage","CMOS, BiCMOS",0.8,6,12000,6750,6500,1,860000,1996,1995,1996,1996,/Users/simon/Documents/Simon-OB/本体论/base/半导体/SEMI_WFF_2026_1Q.xlsx,Company Detail,http://www.angstrem.ru/english/
"Anhui Anxin Electronic Technology Co., Ltd. - Fab 1 (GPP)",,晶圆制造工厂,"Anhui Anxin Electronic Technology Co., Ltd. 的 Fab 1 (GPP)，位于 Chizhou, Anhui, 中国。",5010,晶圆厂,In production,Chizhou,Anhui,中国,中国,亚太,Economic and Technological Developmetn Zone,http://www.anhuianxin.com/,Discrete/Power,分立器件,"GPP (Glass Passivation Process) Rectifier diode, Fast recovery diodes",GPP (Glass Passivation Process),1,4,300000,75000,64584,,269100,2013,2012,2013,2013,/Users/simon/Documents/Simon-OB/本体论/base/半导体/SEMI_WFF_2026_1Q.xlsx,Company Detail,http://www.anhuianxin.com/
"Anhui Anxin Electronic Technology Co., Ltd. - Fab 2 (5inch)",,晶圆制造工厂,"Anhui Anxin Electronic Technology Co., Ltd. 的 Fab 2 (5inch)，位于 Chizhou, Anhui, 中国。",6609,晶圆厂,In production,Chizhou,Anhui,中国,中国,亚太,Economic and Technological Developmetn Zone,http://www.anhuianxin.com/,Discrete/Power,分立器件,,,1,5,300000,117187.5,,,,2024,2023,2024,2024,/Users/simon/Documents/Simon-OB/本体论/base/半导体/SEMI_WFF_2026_1Q.xlsx,Company Detail,http://www.anhuianxin.com/
"Anhui Anxin Electronic Technology Co., Ltd. - Fab 3 (6inch line)",,晶圆制造工厂,"Anhui Anxin Electronic Technology Co., Ltd. 的 Fab 3 (6inch line)，位于 Chizhou, Anhui, 中国。",6610,晶圆厂,In production,Chizhou,Anhui,中国,中国,亚太,Economic and Technological Developmetn Zone,http://www.anhuianxin.com/,Discrete/Power,分立器件,,,1,6,50000,28125,,,,2026,2024,2025,2026,/Users/simon/Documents/Simon-OB/本体论/base/半导体/SEMI_WFF_2026_1Q.xlsx,Company Detail,http://www.anhuianxin.com/
Anhui RiChips - Hefei fab,,晶圆制造工厂,"Anhui RiChips 的 Hefei fab，位于 Hefei, Anhui, 中国。",4957,晶圆厂,In production,Hefei,Anhui,中国,中国,亚太,"503, Xiangpu Rd.",http://www.richips.com.cn/,Discrete/Power,分立器件,"TSV, TSS, Thyristor, Zener",,1,5,40000,15625,,,258330,2017,2015,2017,2017,/Users/simon/Documents/Simon-OB/本体论/base/半导体/SEMI_WFF_2026_1Q.xlsx,Company Detail,http://www.richips.com.cn/
Anhui YOFC Advanced Semiconductor (YASC) - Wuhan Fab,,晶圆制造工厂,"Anhui YOFC Advanced Semiconductor (YASC) 的 Wuhan Fab，位于 Wuhan, Hubei, 中国。",6645,晶圆厂,In production,Wuhan,Hubei,中国,中国,亚太,8. Gaoxin 7 Road. E,https://www.yascsemi.com/en/,Discrete/Power,Discrete,SiC devices,SiC,0.35,6,30000,16875,,,,2025,2023,2025,2025,/Users/simon/Documents/Simon-OB/本体论/base/半导体/SEMI_WFF_2026_1Q.xlsx,Company Detail,https://www.yascsemi.com/en/
Anhui YOFC Advanced Semiconductor (YASC) - Wuhu Fab,,晶圆制造工厂,"Anhui YOFC Advanced Semiconductor (YASC) 的 Wuhu Fab，位于 Wuhu, Anhui, 中国。",6646,晶圆厂，中试线，研发,In production,Wuhu,Anhui,中国,中国,亚太,No. 82. Limin East Road,https://www.yascsemi.com/en/,Discrete/Power,Discrete,,SiC,0.35,6,5000,2812.5,,,,2023,2021,2023,2023,/Users/simon/Documents/Simon-OB/本体论/base/半导体/SEMI_WFF_2026_1Q.xlsx,Company Detail,https://www.yascsemi.com/en/
AOS - Jireh Semiconductor,,晶圆制造工厂,"AOS 的 Jireh Semiconductor，位于 Hillsboro, Oregon, 美国。",370,晶圆厂，研发,in production-may be for sale,Hillsboro,Oregon,美国,美洲,NA,3131 Ne Brookwood Pkwy,http://www.aosmd.com/,Discrete/Power,Discrete,"Power ICs, TVS, MOSFETs, IGBTs",CMOS,0.18,8,24000,24000,48000,1,245000,1996,,,,/Users/simon/Documents/Simon-OB/本体论/base/半导体/SEMI_WFF_2026_1Q.xlsx,Company Detail,http://www.aosmd.com/
AOS - Chongqing fab (phase 2),,晶圆制造工厂,"AOS 的 Chongqing fab (phase 2)，位于 Chongqing, Chongqing, 中国。",5064,晶圆厂,Planned,Chongqing,Chongqing,中国,中国,亚太,Liang Jiang New Area,http://www.aosmd.com/,Discrete/Power,Discrete,"Power semiconductors, Power ICs, TVS, MOSFETs, IGBTs",,0.09,12,30000,67500,,,,2027,2026,2027,2027,/Users/simon/Documents/Simon-OB/本体论/base/半导体/SEMI_WFF_2026_1Q.xlsx,Company Detail,http://www.aosmd.com/
AOS - Chongqing fab (phase 1),,晶圆制造工厂,"AOS 的 Chongqing fab (phase 1)，位于 Chongqing, Chongqing, 中国。",3896,晶圆厂,In production,Chongqing,Chongqing,中国,中国,亚太,Liang Jiang New Area,http://www.aosmd.com/,Discrete/Power,Discrete,"Power semiconductors, Power ICs, TVS, MOSFETs, IGBTs",HV,0.09,12,20000,45000,,,,2019,2017,2019,2019,/Users/simon/Documents/Simon-OB/本体论/base/半导体/SEMI_WFF_2026_1Q.xlsx,Company Detail,http://www.aosmd.com/
Aosong Electronics (ASAIR) - Chongqing 200mm fab,,晶圆制造工厂,"Aosong Electronics (ASAIR) 的 Chongqing 200mm fab，位于 Chongqing, Chongqing, 中国。",6225,晶圆厂,In production,Chongqing,Chongqing,中国,中国,亚太,"No. 5-72, Yunhan Avenue",http://www.aosong.com/,MEMS,MEMS,"MEMS sensor, Gas sensor, Flow sensor, MEMS foundry, temperature and humidity, differential pressure, wind speed and other sensor chips",,0.35,8,30000,30000,,,,2025,2023,2024,2025,/Users/simon/Documents/Simon-OB/本体论/base/半导体/SEMI_WFF_2026_1Q.xlsx,Company Detail,http://www.aosong.com/
Aosong Electronics (ASAIR) - MEMS fab (Phase 1 + 2),,晶圆制造工厂,"Aosong Electronics (ASAIR) 的 MEMS fab (Phase 1 + 2)，位于 Guangzhou, Guangdong, 中国。",6179,晶圆厂,In production,Guangzhou,Guangdong,中国,中国,亚太,"17 Yunjun Rd., Huangpu District,",http://www.aosong.com/,MEMS,MEMS,"MEMS sensor, Gas sensor, Flow sensor, MEMS foundry, temperature and humidity, differential pressure, wind speed and other sensor chips",,0.5,6,40000,22500,26910,,,2020,2019,2020,2020,/Users/simon/Documents/Simon-OB/本体论/base/半导体/SEMI_WFF_2026_1Q.xlsx,Company Detail,http://www.aosong.com/
Asahi Kasei Microdevices (AKM) - Fab 1,,晶圆制造工厂,"Asahi Kasei Microdevices (AKM) 的 Fab 1，位于 Nobeoka, Miyazaki, 日本。",37,晶圆厂,in production,Nobeoka,Miyazaki,日本,日本,日本,"1-15, Nakashima-cho",http://www.akm.com/,MEMS,MEMS,"MEMS Sensors like Hall Sensors (magnetic sensors): Hall Effect Ics; Linear Hall ICs (fixed magnetic sensitivity); Hall Elements (GaAs, InAs, InSb); Infrared Sensors; Magnetic Sensors; Rotary Postion Sensors; Electronic compass using (3-axis using Hall technology)",Hall Sensor,2,4,35000,8750,47700,1,,1980,1979,1980,1980,/Users/simon/Documents/Simon-OB/本体论/base/半导体/SEMI_WFF_2026_1Q.xlsx,Company Detail,http://www.akm.com/
"Asahi Kasei Microdevices (AKM) - Fab 2 (8"" line)",,晶圆制造工厂,"Asahi Kasei Microdevices (AKM) 的 Fab 2 (8"" line)，位于 Nobeoka, Miyazaki, 日本。",2894,晶圆厂,In production,Nobeoka,Miyazaki,日本,日本,日本,"5-4960, Nakagawara-Cho",http://www.akm.com/,Analog&Mixed Signal&Power,Analog,"Logic, Driver Ics, Power management Ics, Mixed signal, Amplifiers, Memory",CMOS; GaAs; InAs; SOI,0.18,8,23000,23000,,1,,2004,2003,2004,2004,/Users/simon/Documents/Simon-OB/本体论/base/半导体/SEMI_WFF_2026_1Q.xlsx,Company Detail,http://www.akm.com/
Asahi Kasei Microdevices (AKM) - Fab 3,,晶圆制造工厂,"Asahi Kasei Microdevices (AKM) 的 Fab 3，位于 Fuji, Shizuoka, 日本。",3635,晶圆厂,In production,Fuji,Shizuoka,日本,日本,日本,"2-1 Samejima,",http://www.akm.com/,MEMS,MEMS,"MEMS Sensors like Hall sensors and compund semiconductors (GaAs, InAs, InSb); Hall Elements (GaAs, InAs, InSb)","Hall sensors, CMOS, GaAs, InAs, InSb, SOI",0.8,6,8000,4500,,,,2006,2005,2006,2006,/Users/simon/Documents/Simon-OB/本体论/base/半导体/SEMI_WFF_2026_1Q.xlsx,Company Detail,http://www.akm.com/
"Asahi Kasei Microdevices (AKM) - Fab 2 (6"" line)",,晶圆制造工厂,"Asahi Kasei Microdevices (AKM) 的 Fab 2 (6"" line)，位于 Nobeoka, Miyazaki, 日本。",3656,晶圆厂,On hold,Nobeoka,Miyazaki,日本,日本,日本,"5-4960, Nakagawara-Cho",http://www.akm.com/,Analog&Mixed Signal&Power,Analog,"Amplifiers, Driver Ics, Power management Ics, Converters","CMOS,GaAs; InAs; SOI",0.18,6,18000,10125,,,,1998,1997,1998,1998,/Users/simon/Documents/Simon-OB/本体论/base/半导体/SEMI_WFF_2026_1Q.xlsx,Company Detail,http://www.akm.com/
"Asia Pacific Microsystems, Inc.  (APM) - Fab 1",,晶圆制造工厂,"Asia Pacific Microsystems, Inc.  (APM) 的 Fab 1，位于 Hsinchu, Northern Taiwan, 中国台湾。",1203,晶圆厂,In production,Hsinchu,Northern Taiwan,中国台湾,中国台湾,亚太,"No. 2 R&D Road 5, Hsinchu Science Industrial Park",http://www.apmsinc.com,代工/MEMS,MEMS,"MEMS: Optical sensor, Inkjet chip, pressure sensor.","CMOS, MEMS",0.5,6,12000,6750,27000,10,177605,1988,1987,1988,1988,/Users/simon/Documents/Simon-OB/本体论/base/半导体/SEMI_WFF_2026_1Q.xlsx,Company Detail,http://www.apmsinc.com
Atomica (was IMT Innovative Micro Technology) - 6-inch line,,晶圆制造工厂,"Atomica (was IMT Innovative Micro Technology) 的 6-inch line，位于 Santa Barbara, California, 美国。",1903,晶圆厂，研发,in production,Santa Barbara,California,美国,美洲,NA,75 Robin Hill Road,https://atomica.com/,代工/MEMS,MEMS,"Foundry; Optical MEMS (micro mirrors) and Photonics (lasers), Microfluidics, RF MEMS, offering also TSV, WLP;  biochips, IMUs, biosensors, MOEMS, accelerometers, gyroscopes","SOI, MEMS",0.35,6,4000,2250,20000,100,130000,2000,1999,2000,2000,/Users/simon/Documents/Simon-OB/本体论/base/半导体/SEMI_WFF_2026_1Q.xlsx,Company Detail,https://atomica.com/
Atomica (was IMT Innovative Micro Technology) - 8-inch line,,晶圆制造工厂,"Atomica (was IMT Innovative Micro Technology) 的 8-inch line，位于 Santa Barbara, California, 美国。",5027,晶圆厂，中试线,In production,Santa Barbara,California,美国,美洲,NA,75 Robin Hill Road,https://atomica.com/,代工/MEMS,MEMS,"Foundry (pure play foundry); Optical MEMS (micro mirrors) and Photonics (lasers), Microfluidics, RF MEMS, offering also TSV, WLP;  biochips, IMUs, biosensors, MOEMS, accelerometers, gyroscopes","MEMS, SOI",0.35,8,2000,2000,10000,10,,2018,2018,2018,2018,/Users/simon/Documents/Simon-OB/本体论/base/半导体/SEMI_WFF_2026_1Q.xlsx,Company Detail,https://atomica.com/
AUK Corporation - A 2,,晶圆制造工厂,"AUK Corporation 的 A 2，位于 Iksan, Jeollabuk, 韩国。",2136,晶圆厂,In production,Iksan,Jeollabuk,韩国,韩国,亚太,802-12 Shinhung-Dong,https://www.auk.co.kr/,Discrete/Power,Discrete,"Discrete/Power, Analog IC, RF, LED, Opitcal Sensors, LDM Modules","MOS, BiPolar, III-V: SiGe, GaN, SiC",1,6,20000,11250,,,,2000,1999,2000,2000,/Users/simon/Documents/Simon-OB/本体论/base/半导体/SEMI_WFF_2026_1Q.xlsx,Company Detail,https://www.auk.co.kr/
AUK Corporation - D1 and D2 Lines,,晶圆制造工厂,"AUK Corporation 的 D1 and D2 Lines，位于 Dalian, Liaoning, 中国。",2137,晶圆厂,In production-merged,Dalian,Liaoning,中国,中国,亚太,"Tieshan West Road No41, Shiligang",https://www.auk.co.kr/,MEMS/Opto,MEMS,"RF, Opto Sensors","CMOS, BiPolar, III-V: SiGe, GaN, SiC",1,5,20000,7812.5,,,,2004,2003,2004,2004,/Users/simon/Documents/Simon-OB/本体论/base/半导体/SEMI_WFF_2026_1Q.xlsx,Company Detail,https://www.auk.co.kr/
AUK Corporation - A 1,,晶圆制造工厂,"AUK Corporation 的 A 1，位于 Iksan, Jeollabuk, 韩国。",2134,晶圆厂,In production,Iksan,Jeollabuk,韩国,韩国,亚太,802-12 Shinhung-Dong,https://www.auk.co.kr/,Discrete/Power,Discrete,"Discrete/Power, Analog IC, RF, LED, Opitcal Sensors, LDM Modules","CMOS, BiPolar, III-V: SiGe, GaN, SiC",1,5,30000,11718.75,,,,1997,1998,1999,1999,/Users/simon/Documents/Simon-OB/本体论/base/半导体/SEMI_WFF_2026_1Q.xlsx,Company Detail,https://www.auk.co.kr/
Autopribor - Autopribor,,晶圆制造工厂,"Autopribor 的 Autopribor，位于 Vladimir, Vladimir Oblast, 俄罗斯。",2436,晶圆厂，中试线,In production,Vladimir,Vladimir Oblast,俄罗斯,Europe & Mideast,欧洲,"Bol'shaya Nizhegorodskaya Ulitsa, 94",www.avtopribor.ru,MEMS,MEMS,MEMS sensors for automobile industry,MEMS,1,4,4000,1000,,1000,,1982,1980,1982,1982,/Users/simon/Documents/Simon-OB/本体论/base/半导体/SEMI_WFF_2026_1Q.xlsx,Company Detail,file:///Users/simon/Documents/Simon-OB/%E6%9C%AC%E4%BD%93%E8%AE%BA/base/%E5%8D%8A%E5%AF%BC%E4%BD%93/output/semiconductor_ontology.json
AVIC Kaimai (Shanghai) - InSb Fab,,晶圆制造工厂,"AVIC Kaimai (Shanghai) 的 InSb Fab，位于 Shanghai, Shanghai, 中国。",6601,晶圆厂,In production,Shanghai,Shanghai,中国,中国,亚太,"No. 22, Ma Wu Highway",,光电器件/激光器及其他,Opto,,InSb,0.35,4,5000,1250,,,,2025,2023,2024,2025,/Users/simon/Documents/Simon-OB/本体论/base/半导体/SEMI_WFF_2026_1Q.xlsx,Company Detail,file:///Users/simon/Documents/Simon-OB/%E6%9C%AC%E4%BD%93%E8%AE%BA/base/%E5%8D%8A%E5%AF%BC%E4%BD%93/SEMI_WFF_2026_1Q.xlsx
AWSC (Advanced Wireless Semiconductor Co.) - Module 1,,晶圆制造工厂,"AWSC (Advanced Wireless Semiconductor Co.) 的 Module 1，位于 Tainan, Southern Taiwan, 中国台湾。",1788,晶圆厂,In production-merged,Tainan,Southern Taiwan,中国台湾,中国台湾,亚太,"No. 6, Da-Li 1st Rd",http://www.AWSC.com.tw,Foundry/Opto,Opto,GaAs HBT and pHEMT Foundry Service,"GaAs/InGaP HBT, GaAs pHEMT, InP",0.5,6,13000,7312.5,15500,100,57000,1999,,2011,2011,/Users/simon/Documents/Simon-OB/本体论/base/半导体/SEMI_WFF_2026_1Q.xlsx,Company Detail,http://www.AWSC.com.tw
AWSC (Advanced Wireless Semiconductor Co.) - Module 2,,晶圆制造工厂,"AWSC (Advanced Wireless Semiconductor Co.) 的 Module 2，位于 Tainan, Southern Taiwan, 中国台湾。",5070,晶圆厂,In production,Tainan,Southern Taiwan,中国台湾,中国台湾,亚太,"No. 6, Da-Li 1st Rd",http://www.AWSC.com.tw,Foundry/Opto,Opto,"VCSEL (vertical-cavity surface emitting laser), RF wireless power amplifier, GaAs, HBT, InGaP","GaAs, HBT, InGaP",0.15,6,27000,15187.5,,,,2020,2018,2020,2020,/Users/simon/Documents/Simon-OB/本体论/base/半导体/SEMI_WFF_2026_1Q.xlsx,Company Detail,http://www.AWSC.com.tw
BAE Systems - BAE Systems Imaging Solutions,,晶圆制造工厂,"BAE Systems 的 BAE Systems Imaging Solutions，位于 Milpitas, California, 美国。",3555,晶圆厂，中试线，研发,In production,Milpitas,California,美国,美洲,NA,1801 McCarthy Blvd.,http://www.baesystems.com/,Analog/Other,Analog,"CCD image sensors, CMOS image sensors",,1,4,3000,750,,,,1975,1974,1975,1975,/Users/simon/Documents/Simon-OB/本体论/base/半导体/SEMI_WFF_2026_1Q.xlsx,Company Detail,http://www.baesystems.com/
BAE Systems - Advanced Microwave Products (AMP) Center,,晶圆制造工厂,"BAE Systems 的 Advanced Microwave Products (AMP) Center，位于 Nashua, New Hampshire, 美国。",864,晶圆厂，中试线，研发,In production-merged,Nashua,New Hampshire,美国,美洲,NA,65 Spit Brook Road,http://www.baesystems.com/,代工/模拟与混合信号与功率,Analog,"MMIC foundry, GaAs PHEMT, GaN (4-inch)","GaAs, GaN",0.15,6,2500,1406.25,7000,100,70000,1985,1983,1994,1994,/Users/simon/Documents/Simon-OB/本体论/base/半导体/SEMI_WFF_2026_1Q.xlsx,Company Detail,http://www.baesystems.com/
Beijing MXTronics Corp. - Beijing fab,,晶圆制造工厂,"Beijing MXTronics Corp. 的 Beijing fab，位于 Beijing, Beijing, 中国。",3790,晶圆厂,In production,Beijing,Beijing,中国,中国,亚太,"2, Siyingmen N. Rd. Fengtai",http://www.mxtronics.com/,Analog&Mixed Signal&Power,Analog,"GPS chip, Hall effect sensors, A/D converter, USB card reader IC, MCU, MEMS",,0.5,4,5000,1250,,,,2006,2006,2006,2006,/Users/simon/Documents/Simon-OB/本体论/base/半导体/SEMI_WFF_2026_1Q.xlsx,Company Detail,http://www.mxtronics.com/
Beijing Yandong (YDME) - Yandong 200mm Fab,,晶圆制造工厂,"Beijing Yandong (YDME) 的 Yandong 200mm Fab，位于 Beijing, Beijing, 中国。",3873,晶圆厂,In production,Beijing,Beijing,中国,中国,亚太,"B15, Yizhuang",http://www.ydme.com/,Foundry/IDM/Analog&Mixed Signal&Power,Analog,"Display driver IC, Power management IC, MOSFET, MEMS, Sensor","BCD, MEMS, Sensor",0.11,8,50000,50000,,,1238926,2020,2017,2020,2020,/Users/simon/Documents/Simon-OB/本体论/base/半导体/SEMI_WFF_2026_1Q.xlsx,Company Detail,http://www.ydme.com/
Beijing Yandong (YDME) - 150mm fab,,晶圆制造工厂,"Beijing Yandong (YDME) 的 150mm fab，位于 Beijing, Beijing, 中国。",3281,晶圆厂,In production,Beijing,Beijing,中国,中国,亚太,"No. 2, Wanhon West Street, Chaoyang District",http://www.ydme.com/,Analog&Mixed Signal&Power,Analog,"Voltage regulator, Converter, Power amplifier, Hall-effect switch, Power management IC, Zener diode, Schottky diode, TVS diode","BCD, CMOS",1,6,65000,36562.5,27000,10,,1988,,2006,2006,/Users/simon/Documents/Simon-OB/本体论/base/半导体/SEMI_WFF_2026_1Q.xlsx,Company Detail,http://www.ydme.com/
Beijing Yandong (YDME) - new 300mm fab,,晶圆制造工厂,"Beijing Yandong (YDME) 的 new 300mm fab，位于 Beijing, Beijing, 中国。",6625,晶圆厂,Constructing,Beijing,Beijing,中国,中国,亚太,Intersection of Jingsheng South Fourth Street and Huanyu East Third Road,http://www.ydme.com/,Foundry/Analog&Mixed Signal,Analog,,,0.028,12,50000,112500,,,,2027,2024,2026,2027,/Users/simon/Documents/Simon-OB/本体论/base/半导体/SEMI_WFF_2026_1Q.xlsx,Company Detail,http://www.ydme.com/
Beijing Yandong (YDME) - 150mm SiC Line,,晶圆制造工厂,"Beijing Yandong (YDME) 的 150mm SiC Line，位于 Beijing, Beijing, 中国。",6626,晶圆厂,In production,Beijing,Beijing,中国,中国,亚太,"No. 2, Wanhon West Street, Chaoyang District",http://www.ydme.com/,Discrete/Power,Discrete,,,0.35,6,2000,1125,,,,2023,,2022,2023,/Users/simon/Documents/Simon-OB/本体论/base/半导体/SEMI_WFF_2026_1Q.xlsx,Company Detail,http://www.ydme.com/
Beijing Yandong (YDME) - Yandong 300mm Line,,晶圆制造工厂,"Beijing Yandong (YDME) 的 Yandong 300mm Line，位于 Beijing, Beijing, 中国。",6370,晶圆厂,In production,Beijing,Beijing,中国,中国,亚太,"B15, Yizhuang",http://www.ydme.com/,Foundry/IDM/Analog&Mixed Signal&Power,Analog,"PMIC, MOSFET,  DDIC, Silicon Photonic","BCD, HV, Al",0.065,12,40000,90000,,,,2023,2023,2023,2023,/Users/simon/Documents/Simon-OB/本体论/base/半导体/SEMI_WFF_2026_1Q.xlsx,Company Detail,http://www.ydme.com/
BEL (Bharat Electronics Limited) - Bangalore,,晶圆制造工厂,"BEL (Bharat Electronics Limited) 的 Bangalore，位于 Bengaluru, Karnataka, 印度。",73,晶圆厂,in production,Bengaluru,Karnataka,印度,SE Asia,亚太,"Bangalore Complex, Jalahall",www.bel-india.com,Discrete/Other,Discrete,"Military applications: Small Signal Devices, Power Devices, Integrated Circuits, Solid State Detectors, Hybrid Microcircuits, Super Components.",CMOS,2,4,2000,500,2722,100,,1971,1970,,,/Users/simon/Documents/Simon-OB/本体论/base/半导体/SEMI_WFF_2026_1Q.xlsx,Company Detail,file:///Users/simon/Documents/Simon-OB/%E6%9C%AC%E4%BD%93%E8%AE%BA/base/%E5%8D%8A%E5%AF%BC%E4%BD%93/output/semiconductor_ontology.json
"BelGaN (Belgium GaN) - Oudenaarde 6-inch (was OnSEMI, before that was AMI Fab 2)",,晶圆制造工厂,"BelGaN (Belgium GaN) 的 Oudenaarde 6-inch (was OnSEMI, before that was AMI Fab 2)，位于 Oudenaarde, East Flanders, 比利时。",558,晶圆厂,In production,Oudenaarde,East Flanders,比利时,Europe & Mideast,欧洲,Westerring 15,www.belgan.com,代工/模拟与混合信号与功率,Analog,"Foundry for GaN (start Feb 2022),  Low, Medium, and High Voltage Analog CMOS and BCD; GaN process","CMOS, Analog, BCD, SiGe, GaN",0.35,6,19000,10687.5,46284,1,483170,1996,,,,/Users/simon/Documents/Simon-OB/本体论/base/半导体/SEMI_WFF_2026_1Q.xlsx,Company Detail,file:///Users/simon/Documents/Simon-OB/%E6%9C%AC%E4%BD%93%E8%AE%BA/base/%E5%8D%8A%E5%AF%BC%E4%BD%93/output/semiconductor_ontology.json
"BelGaN (Belgium GaN) - Oudenaarde 8-inch (was OnSEMI, before that was AMI Fab 2)",,晶圆制造工厂,"BelGaN (Belgium GaN) 的 Oudenaarde 8-inch (was OnSEMI, before that was AMI Fab 2)，位于 Oudenaarde, East Flanders, 比利时。",6281,晶圆厂,In production,Oudenaarde,East Flanders,比利时,Europe & Mideast,欧洲,Westerring 15,www.belgan.com,代工/模拟与混合信号与功率,Analog,"Foundry for GaN (start Feb 2022),  Low, Medium, and High Voltage Analog CMOS and BCD; GaN process",GaN,0.35,8,5000,5000,17222,1,,2024,2024,2024,2024,/Users/simon/Documents/Simon-OB/本体论/base/半导体/SEMI_WFF_2026_1Q.xlsx,Company Detail,file:///Users/simon/Documents/Simon-OB/%E6%9C%AC%E4%BD%93%E8%AE%BA/base/%E5%8D%8A%E5%AF%BC%E4%BD%93/output/semiconductor_ontology.json
Bi-CMOS Foundry - Bi-CMOS Foundry,,晶圆制造工厂,"Bi-CMOS Foundry 的 Bi-CMOS Foundry，位于 Santa Clara, California, 美国。",2474,晶圆厂,In production,Santa Clara,California,美国,美洲,NA,2929 South Fair Lane,www.bicmosfoundry.com,Discrete/Other,Discrete,"Bipolar, Integrated Passives, CMOS, MEMS",BiCMOS,0.8,5,1000,390.625,,,,1988,1987,1988,1988,/Users/simon/Documents/Simon-OB/本体论/base/半导体/SEMI_WFF_2026_1Q.xlsx,Company Detail,file:///Users/simon/Documents/Simon-OB/%E6%9C%AC%E4%BD%93%E8%AE%BA/base/%E5%8D%8A%E5%AF%BC%E4%BD%93/output/semiconductor_ontology.json
Bosch - 300mm Fab 1 (P1+ P2),,晶圆制造工厂,"Bosch 的 300mm Fab 1 (P1+ P2)，位于 Dresden, Saxony, 德国。",4952,晶圆厂,In production,Dresden,Saxony,德国,Europe & Mideast,欧洲,Knappsdorfer Straße 12,http://www.bosch-semiconductors.de/en/ubk_semiconductors/homepage/homepage_1.html,Analog&Mixed Signal&Power,Analog,"Analog/Mixed Signal, Application Specific IC,  Auto IC Smart Power, for IoT,  Logic IC, memories, connected mobility and automotive","BCD, power MOS, Cu, advanced CMOS, HVCMOS, Inertial sensors",0.065,12,28000,63000,107000,,161000,2021,2018,2021,2021,/Users/simon/Documents/Simon-OB/本体论/base/半导体/SEMI_WFF_2026_1Q.xlsx,Company Detail,http://www.bosch-semiconductors.de/en/ubk_semiconductors/homepage/homepage_1.html
Bosch - 150mm Wafer Fab,,晶圆制造工厂,"Bosch 的 150mm Wafer Fab，位于 Reutlingen, Baden-Württemberg, 德国。",1258,晶圆厂,in production,Reutlingen,Baden-Württemberg,德国,Europe & Mideast,欧洲,Tuebinger Strasse 123,http://www.bosch-semiconductors.de/en/ubk_semiconductors/homepage/homepage_1.html,Analog&Mixed Signal&Power,Analog,"Mixed signal ASICs, Auto IC Smart Power;  some MEMS (pressure sensor), some MEMS foundry service","CMOS, BCDs, Bipolar, PSC bipolar, MOS MEMS",0.4,6,45000,25312.5,44132,1,,1996,1994,1996,1996,/Users/simon/Documents/Simon-OB/本体论/base/半导体/SEMI_WFF_2026_1Q.xlsx,Company Detail,http://www.bosch-semiconductors.de/en/ubk_semiconductors/homepage/homepage_1.html
Bosch - MEMS fab,,晶圆制造工厂,"Bosch 的 MEMS fab，位于 Reutlingen, Baden-Württemberg, 德国。",836,晶圆厂,in production,Reutlingen,Baden-Württemberg,德国,Europe & Mideast,欧洲,Tuebinger Strasse 123,http://www.bosch-semiconductors.de/en/ubk_semiconductors/homepage/homepage_1.html,MEMS,MEMS,"MEMS: for special MEMS process (DRIE, KOH, etc), some MEMS foundry service",MEMS,1,8,15000,15000,43056,,,1988,2010,,,/Users/simon/Documents/Simon-OB/本体论/base/半导体/SEMI_WFF_2026_1Q.xlsx,Company Detail,http://www.bosch-semiconductors.de/en/ubk_semiconductors/homepage/homepage_1.html
Bosch - Clayton,,晶圆制造工厂,"Bosch 的 Clayton，位于 Clayton, Victoria, 澳大利亚。",2441,晶圆厂,In production,Clayton,Victoria,澳大利亚,SE Asia,亚太,1555 Centre Road,http://www.bosch-semiconductors.de/en/ubk_semiconductors/homepage/homepage_1.html,Discrete/Power,Discrete,"Diodes, Rectifiers Diodes",Bipolar,1,5,42000,16406.25,3600,1000,,2000,1999,2000,2000,/Users/simon/Documents/Simon-OB/本体论/base/半导体/SEMI_WFF_2026_1Q.xlsx,Company Detail,http://www.bosch-semiconductors.de/en/ubk_semiconductors/homepage/homepage_1.html
Bosch - 200mm Wafer fab,,晶圆制造工厂,"Bosch 的 200mm Wafer fab，位于 Reutlingen, Baden-Württemberg, 德国。",2323,晶圆厂,In production,Reutlingen,Baden-Württemberg,德国,Europe & Mideast,欧洲,Tuebinger Strasse 123,http://www.bosch-semiconductors.de/en/ubk_semiconductors/homepage/homepage_1.html,Analog&Mixed Signal&Power,Analog,"Mixed signal Application Specific IC, Auto IC Smart Power;  some MEMS (pressure sensor), some MEMS foundry service; SiC","BCD4, 4s, 6s, 6sCu, advanced CMOS, HVCMOS, MEMS, Inertial sensors, SiC",0.18,8,45000,45000,60278,1,440764,2010,2007,2010,2010,/Users/simon/Documents/Simon-OB/本体论/base/半导体/SEMI_WFF_2026_1Q.xlsx,Company Detail,http://www.bosch-semiconductors.de/en/ubk_semiconductors/homepage/homepage_1.html
Bosch - Phase C of expansion plan: 150mm line,,晶圆制造工厂,"Bosch 的 Phase C of expansion plan: 150mm line，位于 Reutlingen, Baden-Württemberg, 德国。",6284,晶圆厂,1st silicon,Reutlingen,Baden-Württemberg,德国,Europe & Mideast,欧洲,Tuebinger Strasse 123,http://www.bosch-semiconductors.de/en/ubk_semiconductors/homepage/homepage_1.html,Analog&Mixed Signal&Power,Analog,"SiC, Power, MEMS and Sensors, SiC",SiC,0.4,6,25000,14062.5,32292,,,2026,,2026,2026,/Users/simon/Documents/Simon-OB/本体论/base/半导体/SEMI_WFF_2026_1Q.xlsx,Company Detail,http://www.bosch-semiconductors.de/en/ubk_semiconductors/homepage/homepage_1.html
Bosch - Phase C of expansion plan: 200mm line,,晶圆制造工厂,"Bosch 的 Phase C of expansion plan: 200mm line，位于 Reutlingen, Baden-Württemberg, 德国。",6447,晶圆厂,Equipping,Reutlingen,Baden-Württemberg,德国,Europe & Mideast,欧洲,Tuebinger Strasse 123,http://www.bosch-semiconductors.de/en/ubk_semiconductors/homepage/homepage_1.html,Analog&Mixed Signal&Power,Analog,"SiC, Power, MEMS and Sensors, SiC",SiC,0.4,8,20000,20000,,,,2026,2022,2026,2026,/Users/simon/Documents/Simon-OB/本体论/base/半导体/SEMI_WFF_2026_1Q.xlsx,Company Detail,http://www.bosch-semiconductors.de/en/ubk_semiconductors/homepage/homepage_1.html
Bosch - 300mm Fab 1 Expansion,,晶圆制造工厂,"Bosch 的 300mm Fab 1 Expansion，位于 Dresden, Saxony, 德国。",6383,晶圆厂,In production,Dresden,Saxony,德国,Europe & Mideast,欧洲,Knappsdorfer Straße 12,http://www.bosch-semiconductors.de/en/ubk_semiconductors/homepage/homepage_1.html,Analog&Mixed Signal&Power,Analog,"Analog/Mixed Signal ASICs,  Auto IC Smart Power, for IoT,  Logic IC, memories, connected mobility and automotive","BCD, power MOS, Cu, advanced CMOS, HVCMOS, Inertial sensors",0.065,12,10000,22500,32292,,,2025,2023,2025,2025,/Users/simon/Documents/Simon-OB/本体论/base/半导体/SEMI_WFF_2026_1Q.xlsx,Company Detail,http://www.bosch-semiconductors.de/en/ubk_semiconductors/homepage/homepage_1.html
Bosch - M-Line + K-Line (merged March 2023),,晶圆制造工厂,"Bosch 的 M-Line + K-Line (merged March 2023)，位于 Roseville, California, 美国。",695,晶圆厂,In production-merged,Roseville,California,美国,美洲,NA,7501 Foothills Blvd.,http://www.bosch-semiconductors.de/en/ubk_semiconductors/homepage/homepage_1.html,代工/模拟与混合信号与功率,Analog,"Using SiC Bosch technology on 200mm, dedicated  foundry with focus on power management; analog/mixed-signal, deep-submicron, high-voltage BCDMOS","SiC Bosch technology, CMOS, HV, BCDMOS, DMOS, Al Si Cu, (Silicon)",0.4,8,65000,65000,110000,3,676000,1992,2024,2026,2026,/Users/simon/Documents/Simon-OB/本体论/base/半导体/SEMI_WFF_2026_1Q.xlsx,Company Detail,http://www.bosch-semiconductors.de/en/ubk_semiconductors/homepage/homepage_1.html
Bosch - 150mm SiC Line,,晶圆制造工厂,"Bosch 的 150mm SiC Line，位于 Reutlingen, Baden-Württemberg, 德国。",6142,晶圆厂,In production,Reutlingen,Baden-Württemberg,德国,Europe & Mideast,欧洲,Tuebinger Strasse 123,http://www.bosch-semiconductors.de/en/ubk_semiconductors/homepage/homepage_1.html,Analog&Mixed Signal&Power,Analog,"SiC devices, Power",SiC,0.4,6,22000,12375,,,,2020,2019,2020,2020,/Users/simon/Documents/Simon-OB/本体论/base/半导体/SEMI_WFF_2026_1Q.xlsx,Company Detail,http://www.bosch-semiconductors.de/en/ubk_semiconductors/homepage/homepage_1.html
Bourns Ltd. - Fab 1,,晶圆制造工厂,"Bourns Ltd. 的 Fab 1，位于 Bedford, Bedfordshire, England。",1901,晶圆厂,in production,Bedford,Bedfordshire,England,Europe & Mideast,欧洲,Manton Lane,http://www.bourns.com,Discrete/Power,Discrete,Power Transistors and Thyristors,Bipolar,10,5,16000,6250,16146,,,1970,,2007,2007,/Users/simon/Documents/Simon-OB/本体论/base/半导体/SEMI_WFF_2026_1Q.xlsx,Company Detail,http://www.bourns.com
Broadcom (was Avago) - 8-inch Lines combined fabs (B2+B3+B4)  (was B2 8-inch FBAR line (was Silicon processing + GaAs line),,晶圆制造工厂,"Broadcom (was Avago) 的 8-inch Lines combined fabs (B2+B3+B4)  (was B2 8-inch FBAR line (was Silicon processing + GaAs line)，位于 Fort Collins, Colorado, 美国。",250,晶圆厂,In production-merged,Fort Collins,Colorado,美国,美洲,NA,3404 East Harmony Road,www.broadcom.com/,MEMS/RF,MEMS,"general RF transistors and diodes, RF Filters (FBAR)/MEMS, power amplifier (E-pHEMT),","BiPolar, MEMS, FBAR filters, III-V",0.27,8,45000,45000,185000,100,,2017,,,,/Users/simon/Documents/Simon-OB/本体论/base/半导体/SEMI_WFF_2026_1Q.xlsx,Company Detail,file:///Users/simon/Documents/Simon-OB/%E6%9C%AC%E4%BD%93%E8%AE%BA/base/%E5%8D%8A%E5%AF%BC%E4%BD%93/output/semiconductor_ontology.json
Broadcom (was Avago) - Breinigsville (was CyOptics),,晶圆制造工厂,"Broadcom (was Avago) 的 Breinigsville (was CyOptics)，位于 Breinigsville, Pennsylvania, 美国。",2182,晶圆厂，研发,In production,Breinigsville,Pennsylvania,美国,美洲,NA,9999 Hamilton Boulevard,www.broadcom.com/,光电器件/激光器及其他,Opto,InP optical products: Indium Phosphide lasers and detectors for broadband communication systems,InP,1.3,3,2500,351.5625,,,850000,1988,1988,1989,1989,/Users/simon/Documents/Simon-OB/本体论/base/半导体/SEMI_WFF_2026_1Q.xlsx,Company Detail,file:///Users/simon/Documents/Simon-OB/%E6%9C%AC%E4%BD%93%E8%AE%BA/base/%E5%8D%8A%E5%AF%BC%E4%BD%93/output/semiconductor_ontology.json
Broadcom (was Avago) - Avago Depot Road,,晶圆制造工厂,"Broadcom (was Avago) 的 Avago Depot Road，位于 新加坡, 新加坡, 新加坡。",261,晶圆厂,In production,新加坡,新加坡,新加坡,SE Asia,亚太,1150 Depot Road #04-00 Hewlett Packard,www.broadcom.com/,光电器件/激光器及其他,Opto,"Analog III-V microwave devices and VCSELs (vertical-cavity surface-emitting laser); fiber optic laser devices, Transceivers","VCSEL, III-V: GaAs",10,3,8000,1125,,1000,52000,1991,1989,1991,1991,/Users/simon/Documents/Simon-OB/本体论/base/半导体/SEMI_WFF_2026_1Q.xlsx,Company Detail,file:///Users/simon/Documents/Simon-OB/%E6%9C%AC%E4%BD%93%E8%AE%BA/base/%E5%8D%8A%E5%AF%BC%E4%BD%93/output/semiconductor_ontology.json
Broadcom (was Avago) - Avago Yishun,,晶圆制造工厂,"Broadcom (was Avago) 的 Avago Yishun，位于 新加坡, 新加坡, 新加坡。",262,晶圆厂,in production,新加坡,新加坡,新加坡,SE Asia,亚太,"1, Yishun Avenue 7",www.broadcom.com/,光电器件/激光器及其他,Opto,"Analog III-V microwave devices and VCSELs (vertical-cavity surface-emitting laser); fiber optic laser devices, Transceivers","VCSEL, III-V: GaAs",10,3,15000,2109.375,50000,1000,234000,1983,1981,1983,1983,/Users/simon/Documents/Simon-OB/本体论/base/半导体/SEMI_WFF_2026_1Q.xlsx,Company Detail,file:///Users/simon/Documents/Simon-OB/%E6%9C%AC%E4%BD%93%E8%AE%BA/base/%E5%8D%8A%E5%AF%BC%E4%BD%93/output/semiconductor_ontology.json
Bryansk Semiconductor - N/A,,晶圆制造工厂,"Bryansk Semiconductor 的 N/A，位于 Bryansk, Bryansk Oblast, 俄罗斯。",1476,晶圆厂,in production,Bryansk,Bryansk Oblast,俄罗斯,Europe & Mideast,欧洲,"Ulitsa Vokzal'naya, 136",,Discrete/Other,Discrete,Discretes,Bipolar,3,4,3000,750,,,,1962,1961,1962,1962,/Users/simon/Documents/Simon-OB/本体论/base/半导体/SEMI_WFF_2026_1Q.xlsx,Company Detail,file:///Users/simon/Documents/Simon-OB/%E6%9C%AC%E4%BD%93%E8%AE%BA/base/%E5%8D%8A%E5%AF%BC%E4%BD%93/SEMI_WFF_2026_1Q.xlsx
BYD Co. Ltd - Fab 1,,晶圆制造工厂,"BYD Co. Ltd 的 Fab 1，位于 Ningbo, Zhejiang, 中国。",1926,晶圆厂,In production,Ningbo,Zhejiang,中国,中国,亚太,"No 155, Lu Shan Xi Lu, South Area, NingBo Free Trade Zone",www.byd.com.cn,Discrete/Power,Discrete,"Power, MOSFET, IGBT, Battery protector, FRD, MOSFET","CMOS, SOC, SiGe, SiC",0.5,6,50000,28125,46285,1,,2005,2002,2004,2005,/Users/simon/Documents/Simon-OB/本体论/base/半导体/SEMI_WFF_2026_1Q.xlsx,Company Detail,file:///Users/simon/Documents/Simon-OB/%E6%9C%AC%E4%BD%93%E8%AE%BA/base/%E5%8D%8A%E5%AF%BC%E4%BD%93/output/semiconductor_ontology.json
BYD Co. Ltd - BYD Chengdu,,晶圆制造工厂,"BYD Co. Ltd 的 BYD Chengdu，位于 Chengdu, Sichuan, 中国。",3915,晶圆厂,In production,Chengdu,Sichuan,中国,中国,亚太,"168, Zongbaoheng Road",www.byd.com.cn,Discrete/Power,Discrete,Power semiconductor,,0.09,12,60000,135000,,,,2024,2019,2024,2024,/Users/simon/Documents/Simon-OB/本体论/base/半导体/SEMI_WFF_2026_1Q.xlsx,Company Detail,file:///Users/simon/Documents/Simon-OB/%E6%9C%AC%E4%BD%93%E8%AE%BA/base/%E5%8D%8A%E5%AF%BC%E4%BD%93/output/semiconductor_ontology.json
BYD Co. Ltd - Jinan fab (was Jinan Energen),,晶圆制造工厂,"BYD Co. Ltd 的 Jinan fab (was Jinan Energen)，位于 Jinan, Shandong, 中国。",5100,晶圆厂,In production,Jinan,Shandong,中国,中国,亚太,"No. 2018 Tianji Road, Linkong Economic Zone",www.byd.com.cn,Discrete/Power,Discrete,"Power MOSFET, IGBT, MOS, SJ MOSFET",,0.15,8,30000,30000,,,,2021,2019,2020,2021,/Users/simon/Documents/Simon-OB/本体论/base/半导体/SEMI_WFF_2026_1Q.xlsx,Company Detail,file:///Users/simon/Documents/Simon-OB/%E6%9C%AC%E4%BD%93%E8%AE%BA/base/%E5%8D%8A%E5%AF%BC%E4%BD%93/output/semiconductor_ontology.json
BYD Co. Ltd - Changsha fab (new line in existing fab),,晶圆制造工厂,"BYD Co. Ltd 的 Changsha fab (new line in existing fab)，位于 Changsha, Hubei, 中国。",6157,晶圆厂,In production,Changsha,Hubei,中国,中国,亚太,No. 29 Ying Xia Rd,www.byd.com.cn,Discrete/Power,Discrete,IGBT devices,IGBT,0.35,8,20000,20000,,,,2022,2020,2022,2022,/Users/simon/Documents/Simon-OB/本体论/base/半导体/SEMI_WFF_2026_1Q.xlsx,Company Detail,file:///Users/simon/Documents/Simon-OB/%E6%9C%AC%E4%BD%93%E8%AE%BA/base/%E5%8D%8A%E5%AF%BC%E4%BD%93/output/semiconductor_ontology.json
Cactus Materials - Wafer Processing Fab,,晶圆制造工厂,"Cactus Materials 的 Wafer Processing Fab，位于 Tempe, Arizona, 美国。",1263,晶圆厂，研发,in production,Tempe,Arizona,美国,美洲,NA,2507 W Geneva Dr,https://cactusmaterials.com/,Discrete/Power,Discrete,"Zener wafer/chip, TVS ESD wafer/chip, switching wafer/chip","GaAs, SiC",0.35,6,12000,6750,,100,20000,1994,2022,2023,2024,/Users/simon/Documents/Simon-OB/本体论/base/半导体/SEMI_WFF_2026_1Q.xlsx,Company Detail,https://cactusmaterials.com/
Canon - Ayase Plant,,晶圆制造工厂,"Canon 的 Ayase Plant，位于 Ayase, Kanagawa, 日本。",2822,晶圆厂，中试线,In production,Ayase,Kanagawa,日本,日本,日本,2596 Yoshioka,http://www.canon.com,Opto/Image Sensors,Opto,"CMOS image sensor, CCD",CMOS,0.18,8,12000,12000,,,,1999,1998,1999,1999,/Users/simon/Documents/Simon-OB/本体论/base/半导体/SEMI_WFF_2026_1Q.xlsx,Company Detail,http://www.canon.com
Canon - Oita plant,,晶圆制造工厂,"Canon 的 Oita plant，位于 Oita, Oita, 日本。",3253,晶圆厂,In production,Oita,Oita,日本,日本,日本,"993-1, Nyu",http://www.canon.com,Opto/Image Sensors,Opto,CMOS image sensors,,0.25,8,11000,11000,,,,2006,2005,2006,2006,/Users/simon/Documents/Simon-OB/本体论/base/半导体/SEMI_WFF_2026_1Q.xlsx,Company Detail,http://www.canon.com
CanSemi - Cansemi Phase 4,,晶圆制造工厂,"CanSemi 的 Cansemi Phase 4，位于 Guangzhou, Guangdong, 中国。",6510,晶圆厂,Constructing,Guangzhou,Guangdong,中国,中国,亚太,"No. 28, Fenghuang 5th Road",www.cansemitech.com,代工/模拟与混合信号与功率,Analog,,,0.04,12,40000,90000,,,,2028,2026,2027,2028,/Users/simon/Documents/Simon-OB/本体论/base/半导体/SEMI_WFF_2026_1Q.xlsx,Company Detail,file:///Users/simon/Documents/Simon-OB/%E6%9C%AC%E4%BD%93%E8%AE%BA/base/%E5%8D%8A%E5%AF%BC%E4%BD%93/output/semiconductor_ontology.json
CanSemi - CanSemi Phase 3,,晶圆制造工厂,"CanSemi 的 CanSemi Phase 3，位于 Guangzhou, Guangdong, 中国。",6364,晶圆厂,In production,Guangzhou,Guangdong,中国,中国,亚太,"No. 28, Fenghuang 5th Road",www.cansemitech.com,代工/模拟与混合信号与功率,Analog,"Mixed Signal & Power Devices, Foundry","Al, Cu",0.09,12,46000,103500,,,,2024,2022,2024,2024,/Users/simon/Documents/Simon-OB/本体论/base/半导体/SEMI_WFF_2026_1Q.xlsx,Company Detail,file:///Users/simon/Documents/Simon-OB/%E6%9C%AC%E4%BD%93%E8%AE%BA/base/%E5%8D%8A%E5%AF%BC%E4%BD%93/output/semiconductor_ontology.json
CanSemi - CanSemi (Phase 1 + Phase 2),,晶圆制造工厂,"CanSemi 的 CanSemi (Phase 1 + Phase 2)，位于 Guangzhou, Guangdong, 中国。",4990,晶圆厂,In production,Guangzhou,Guangdong,中国,中国,亚太,"No. 28, Fenghuang 5th Road",www.cansemitech.com,代工/模拟与混合信号与功率,Analog,"Virtual IDM, MPU, PMIC, MCU, Analog IC",,0.055,12,45000,101250,,,,2019,2018,2019,2019,/Users/simon/Documents/Simon-OB/本体论/base/半导体/SEMI_WFF_2026_1Q.xlsx,Company Detail,file:///Users/simon/Documents/Simon-OB/%E6%9C%AC%E4%BD%93%E8%AE%BA/base/%E5%8D%8A%E5%AF%BC%E4%BD%93/output/semiconductor_ontology.json
CDIL (Continental Devices India Ltd.) - N/A,,晶圆制造工厂,"CDIL (Continental Devices India Ltd.) 的 N/A，位于 New Delhi, Delhi, 印度。",108,晶圆厂,in production,New Delhi,Delhi,印度,SE Asia,亚太,"C-120, Naraina Industrial Area",http://www.cdil.com,Discrete/Power,Discrete,"Power, semiconductor chips and devices include Diffused Wafers, Transistors, Diodes, Rectifiers, Thy-ristors, TVSs and Regulators with specialities in Metal Can and custom designed packages",Bipolar,4,4,1000,250,,1000,172224,1988,1986,1988,1988,/Users/simon/Documents/Simon-OB/本体论/base/半导体/SEMI_WFF_2026_1Q.xlsx,Company Detail,http://www.cdil.com
CEITEC (Centro de Excelencia em Tecnologia Eletronica Avancada) - Building 2,,晶圆制造工厂,"CEITEC (Centro de Excelencia em Tecnologia Eletronica Avancada) 的 Building 2，位于 Porto Alegre, Rio Grande Do Sul, 巴西。",1879,晶圆厂，中试线，研发,In production,Porto Alegre,Rio Grande Do Sul,巴西,美洲,其他地区,Estrada João de Oliveira Remião nº. 777,www.ceitec-sa.com,Analog&Mixed Signal,Analog,"RFIDs, Analog/Mixed Signal for Wireless and Digitial Mulitmedia. XC06 technology licensed from X-Fab.  Plan 2025 to 2027: SiC power devices","CMOS, BiPOLAR, SiC",0.6,6,1000,562.5,13993,100,21528,2015,2005,2013,2015,/Users/simon/Documents/Simon-OB/本体论/base/半导体/SEMI_WFF_2026_1Q.xlsx,Company Detail,file:///Users/simon/Documents/Simon-OB/%E6%9C%AC%E4%BD%93%E8%AE%BA/base/%E5%8D%8A%E5%AF%BC%E4%BD%93/output/semiconductor_ontology.json
Changzhou Chemsemi - Fab 2 (SAW Line),,晶圆制造工厂,"Changzhou Chemsemi 的 Fab 2 (SAW Line)，位于 Changzhou, Jiangsu, 中国。",6542,晶圆厂,In production,Changzhou,Jiangsu,中国,中国,亚太,518 Yancheng South Road,http://www.chemsemi.com/,Foundry/Other,Other,,GaAs,0.25,6,20000,11250,,,,2023,2022,2023,2023,/Users/simon/Documents/Simon-OB/本体论/base/半导体/SEMI_WFF_2026_1Q.xlsx,Company Detail,http://www.chemsemi.com/
Changzhou Chemsemi - Fab 1 (VCSEL Line),,晶圆制造工厂,"Changzhou Chemsemi 的 Fab 1 (VCSEL Line)，位于 Changzhou, Jiangsu, 中国。",6541,晶圆厂,In production,Changzhou,Jiangsu,中国,中国,亚太,518 Yancheng South Road,http://www.chemsemi.com/,Foundry/Other,Other,,GaAs,0.25,6,2000,1125,,,12000,2022,2020,2021,2022,/Users/simon/Documents/Simon-OB/本体论/base/半导体/SEMI_WFF_2026_1Q.xlsx,Company Detail,http://www.chemsemi.com/
Chengdu HiWafer Semiconductor - HiWafer fab,,晶圆制造工厂,"Chengdu HiWafer Semiconductor 的 HiWafer fab，位于 Chengdu, Sichuan, 中国。",3847,晶圆厂,In production,Chengdu,Sichuan,中国,中国,亚太,Shuanghua Rd. 3rd Section,,代工/模拟与混合信号与功率,Analog,"Foundry: GaAs, GaN devices","pHEMT, HEMT, GaAS, GaN",0.5,6,6000,3375,,,,2016,2015,2016,2016,/Users/simon/Documents/Simon-OB/本体论/base/半导体/SEMI_WFF_2026_1Q.xlsx,Company Detail,file:///Users/simon/Documents/Simon-OB/%E6%9C%AC%E4%BD%93%E8%AE%BA/base/%E5%8D%8A%E5%AF%BC%E4%BD%93/SEMI_WFF_2026_1Q.xlsx
"China Resources Huajing Microelectronics Co., Ltd. - Plant 5 (6"" line)",,晶圆制造工厂,"China Resources Huajing Microelectronics Co., Ltd. 的 Plant 5 (6"" line)，位于 Wuxi, Jiangsu, 中国。",3038,晶圆厂,In production,Wuxi,Jiangsu,中国,中国,亚太,"14 Liangxi Road,",http://www.crhj.com.cn/,Discrete/Power,Discrete,"Discrete, Bipolar, and MOS-type wafer production line",Bipolar,0.35,6,30000,16875,,,,2008,2007,2008,2008,/Users/simon/Documents/Simon-OB/本体论/base/半导体/SEMI_WFF_2026_1Q.xlsx,Company Detail,http://www.crhj.com.cn/
"China Resources Huajing Microelectronics Co., Ltd. - Plant 2 (4"" line)",,晶圆制造工厂,"China Resources Huajing Microelectronics Co., Ltd. 的 Plant 2 (4"" line)，位于 Wuxi, Jiangsu, 中国。",101,晶圆厂,in production,Wuxi,Jiangsu,中国,中国,亚太,"14 Liangxi Road, Dawanji, P.O. Box 105",http://www.crhj.com.cn/,Discrete/Power,Discrete,"Power transistors, Bipolar transistors","CMOS, Bipolar",2,4,80000,20000,,10,,1993,1991,1993,1993,/Users/simon/Documents/Simon-OB/本体论/base/半导体/SEMI_WFF_2026_1Q.xlsx,Company Detail,http://www.crhj.com.cn/
"China Resources Huajing Microelectronics Co., Ltd. - Plant 5 (5"" line)",,晶圆制造工厂,"China Resources Huajing Microelectronics Co., Ltd. 的 Plant 5 (5"" line)，位于 Wuxi, Jiangsu, 中国。",318,晶圆厂,in production,Wuxi,Jiangsu,中国,中国,亚太,"14 Liangxi Road, Dawanji, P.O. Box 105",http://www.crhj.com.cn/,Discrete/Power,Discrete,"Bipolar IC, EPI","CMOS, Bipolar, EPI",0.8,5,60000,23437.5,,100,,1995,1993,1995,1995,/Users/simon/Documents/Simon-OB/本体论/base/半导体/SEMI_WFF_2026_1Q.xlsx,Company Detail,http://www.crhj.com.cn/
Chongqing Xinlian Microelectronics (XLMEC) - XLMEC Fab 1,,晶圆制造工厂,"Chongqing Xinlian Microelectronics (XLMEC) 的 XLMEC Fab 1，位于 Chongqing, Chongqing, 中国。",6515,晶圆厂,In production,Chongqing,Chongqing,中国,中国,亚太,"601-A153 SOHO Building, 28-2 Xiyong Avenue, Xiyong Street",,Foundry/Logic,Logic&Micro,,,0.028,12,20000,45000,182986,,818509,2026,2023,2025,2026,/Users/simon/Documents/Simon-OB/本体论/base/半导体/SEMI_WFF_2026_1Q.xlsx,Company Detail,file:///Users/simon/Documents/Simon-OB/%E6%9C%AC%E4%BD%93%E8%AE%BA/base/%E5%8D%8A%E5%AF%BC%E4%BD%93/SEMI_WFF_2026_1Q.xlsx
Chongqing Xinling Microelectronics - Chongqing Fab,,晶圆制造工厂,"Chongqing Xinling Microelectronics 的 Chongqing Fab，位于 Chongqing, Chongqing, 中国。",6643,晶圆厂,In production,Chongqing,Chongqing,中国,中国,亚太,intersection of Juye Avenue and Panlong Road,https://xinling-semi.com/,Discrete/Power,Discrete,,IGBT,0.35,6,100000,56250,,,,2025,2023,2025,2025,/Users/simon/Documents/Simon-OB/本体论/base/半导体/SEMI_WFF_2026_1Q.xlsx,Company Detail,https://xinling-semi.com/
Chunghwa Leading Photonics Tech (CLPT) - Yangmei fab,,晶圆制造工厂,"Chunghwa Leading Photonics Tech (CLPT) 的 Yangmei fab，位于 Taoyuan, Northern Taiwan, 中国台湾。",3917,晶圆厂,In production,Taoyuan,Northern Taiwan,中国台湾,中国台湾,亚太,"No.99, Dianyan Rd., Yangmei",http://en.clpt.com.tw/,光电器件/激光器及其他,Opto,"InGaAs photodiodes, Focal Plane Array","InP, InGaAs",2,2,2000,125,,,,2014,2013,2014,2014,/Users/simon/Documents/Simon-OB/本体论/base/半导体/SEMI_WFF_2026_1Q.xlsx,Company Detail,http://en.clpt.com.tw/
Clas-SiC Wafer Fab - Lochgelly fab,,晶圆制造工厂,"Clas-SiC Wafer Fab 的 Lochgelly fab，位于 Lochgelly, Scotland。",6503,晶圆厂,In production,Lochgelly,,Scotland,Europe & Mideast,欧洲,"10-12 Avenue Industrial Estate, Lochgelly,",https://clas-sic.com/,代工/功率,Discrete,"SiC MOSFET, SiC diodes devices",SiC,1,6,2000,1125,,,,2018,2017,2018,2018,/Users/simon/Documents/Simon-OB/本体论/base/半导体/SEMI_WFF_2026_1Q.xlsx,Company Detail,https://clas-sic.com/
CNS Semiconductor - IC Waferfab,,晶圆制造工厂,"CNS Semiconductor 的 IC Waferfab，位于 Ho Chi Minh, Ho Chi Minh, 越南。",3569,晶圆厂,On hold,Ho Chi Minh,Ho Chi Minh,越南,SE Asia,亚太,"District 9, Saigon High Tech Park (SHTP)",www.cns.com.vn,Analog&Mixed Signal&Power,Analog,"Electronic chips used in smart cards, GSM modules, ID cards; RFID chips, Power Ics, foundry service","CMOS, Bipolar",0.18,8,30000,30000,,,,2030,2017,,,/Users/simon/Documents/Simon-OB/本体论/base/半导体/SEMI_WFF_2026_1Q.xlsx,Company Detail,file:///Users/simon/Documents/Simon-OB/%E6%9C%AC%E4%BD%93%E8%AE%BA/base/%E5%8D%8A%E5%AF%BC%E4%BD%93/output/semiconductor_ontology.json
"Coherent (was II-VI Incorporated) - Fremont (was Finisar, was Genoa)",,晶圆制造工厂,"Coherent (was II-VI Incorporated) 的 Fremont (was Finisar, was Genoa)，位于 Fremont, California, 美国。",4992,晶圆厂，研发,In production,Fremont,California,美国,美洲,NA,41762 Christy Street,http://www.ii-vi.com/,光电器件/激光器及其他,Opto,"EPI, VCSEL (Vertical-cavity surface-emitting laser) for longer wavelength lasers (FP and DFB lasers)","VCSEL (lasers), III-V, InP, GaAs",2,4,17000,4250,,,121000,1999,1998,1999,1999,/Users/simon/Documents/Simon-OB/本体论/base/半导体/SEMI_WFF_2026_1Q.xlsx,Company Detail,http://www.ii-vi.com/
"Coherent (was II-VI Incorporated) - Sherman (was Finisar, was MEMC)",,晶圆制造工厂,"Coherent (was II-VI Incorporated) 的 Sherman (was Finisar, was MEMC)，位于 Sherman, Texas, 美国。",4993,晶圆厂,In production,Sherman,Texas,美国,美洲,NA,6800 US-75,http://www.ii-vi.com/,光电器件/激光器及其他,Opto,"Optical products: Lasers,  Photodetectors, GaAs VCSELs, InP lasers","VCSEL (lasers), EPI, III-V; InP, GaAs",2,6,25000,14062.5,175028,1,251431,2018,2017,2018,2018,/Users/simon/Documents/Simon-OB/本体论/base/半导体/SEMI_WFF_2026_1Q.xlsx,Company Detail,http://www.ii-vi.com/
Coherent (was II-VI Incorporated) - Zurich,,晶圆制造工厂,"Coherent (was II-VI Incorporated) 的 Zurich，位于 Zurich, Zürich, 瑞士。",1656,晶圆厂,in production,Zurich,Zürich,瑞士,Europe & Mideast,欧洲,Binzstrasse 17,http://www.ii-vi.com/,光电器件/激光器及其他,Opto,"High-p laser chips; GaAs modules; InP material systems, GaAs",GaAs,1,3,8000,1125,34000,100,60000,1998,1996,1997,1998,/Users/simon/Documents/Simon-OB/本体论/base/半导体/SEMI_WFF_2026_1Q.xlsx,Company Detail,http://www.ii-vi.com/
Coherent (was II-VI Incorporated) - Anadigics GaAs fab,,晶圆制造工厂,"Coherent (was II-VI Incorporated) 的 Anadigics GaAs fab，位于 Warren, New Jersey, 美国。",1433,晶圆厂,In production,Warren,New Jersey,美国,美洲,NA,141 Mount Bethel Road,http://www.ii-vi.com/,Discrete/Power,Discrete,"Power, RF-Microwave MESFET PHEMT HBT, VCSELs, GaAs InGaP, Al GaAs","GaAs InGaP, Al GaAs",0.35,6,7700,4331.25,12000,10,166000,1999,1997,1999,1999,/Users/simon/Documents/Simon-OB/本体论/base/半导体/SEMI_WFF_2026_1Q.xlsx,Company Detail,http://www.ii-vi.com/
Coherent (was II-VI Incorporated) - Project Device Fab,,晶圆制造工厂,"Coherent (was II-VI Incorporated) 的 Project Device Fab，位于 Sherman, Texas, 美国。",6440,晶圆厂,On hold,Sherman,Texas,美国,美洲,NA,6800 US-75,http://www.ii-vi.com/,Discrete/Power,Discrete,"manufacture compound semiconductor wafers and devices (including silicon carbide, gallium arsenide, gallium nitride, and indium phosphide).","SiC, GaAs, GaN, InP, III-V",0.35,6,50000,28125,,,,2028,2026,2028,2028,/Users/simon/Documents/Simon-OB/本体论/base/半导体/SEMI_WFF_2026_1Q.xlsx,Company Detail,http://www.ii-vi.com/
Colibrys Sa - N/A,,晶圆制造工厂,"Colibrys Sa 的 N/A，位于 Yverdon-les-Bains, Vaud, 瑞士。",1915,晶圆厂,in production,Yverdon-les-Bains,Vaud,瑞士,Europe & Mideast,欧洲,Avenue des Sciences 13,http://www.colibrys.com,MEMS,MEMS,"MEMS sensor, capacitive accelerometers, Foundry service: wafer fab and test/assembly MEMS fabrication",MEMS,1,6,5000,2812.5,4950,100,53000,1999,1999,1999,1999,/Users/simon/Documents/Simon-OB/本体论/base/半导体/SEMI_WFF_2026_1Q.xlsx,Company Detail,http://www.colibrys.com
Compound Photonics - Madison fab,,晶圆制造工厂,"Compound Photonics 的 Madison fab，位于 Madison, Wisconsin, 美国。",2188,晶圆厂，研发,In production,Madison,Wisconsin,美国,美洲,NA,1832 Wright Street,http://www.compoundphotonics.com/,光电器件/激光器及其他,Opto,"high-p diode lasers, GaAs",GaAs,1,2,1000,62.5,10000,1000,32000,2002,2000,2002,2002,/Users/simon/Documents/Simon-OB/本体论/base/半导体/SEMI_WFF_2026_1Q.xlsx,Company Detail,http://www.compoundphotonics.com/
Compound Photonics - COM 1,,晶圆制造工厂,"Compound Photonics 的 COM 1，位于 Phoenix, Arizona, 美国。",632,晶圆厂，中试线,In production,Phoenix,Arizona,美国,美洲,NA,5005 East Mcdowell Road,http://www.compoundphotonics.com/,光电器件/激光器及其他,Opto,Laser semiconductor and liquid crystal processing,TMOS,0.35,6,15000,8437.5,33000,1,,1986,1984,1986,1986,/Users/simon/Documents/Simon-OB/本体论/base/半导体/SEMI_WFF_2026_1Q.xlsx,Company Detail,http://www.compoundphotonics.com/
CR Microelectronics - CR West 300mm fab,,晶圆制造工厂,"CR Microelectronics 的 CR West 300mm fab，位于 Chongqing, Sichuan, 中国。",5063,晶圆厂,In production,Chongqing,Sichuan,中国,中国,亚太,"No. 25 Xiyong Avenue, Shapingba District",http://www.crmicro.com/,Discrete/Power,Discrete,"IGBT, MOSFET, Power management IC",,0.35,12,30000,67500,,,,2023,2021,2022,2023,/Users/simon/Documents/Simon-OB/本体论/base/半导体/SEMI_WFF_2026_1Q.xlsx,Company Detail,http://www.crmicro.com/
CR Microelectronics - Fab 2,,晶圆制造工厂,"CR Microelectronics 的 Fab 2，位于 Wuxi, Jiangsu, 中国。",1918,晶圆厂,In production,Wuxi,Jiangsu,中国,中国,亚太,"8, Xinzhou Road",http://www.crmicro.com/,代工/IDM/功率,Discrete,"Analog Foundry: Logic/Mixed Signal, NV Memory, EEPROM Flash, Power management IC, LED drivers","CMOS, BiCMOS, DMOS, CDMOS",0.13,8,60000,60000,259679,,,2008,2004,2008,2008,/Users/simon/Documents/Simon-OB/本体论/base/半导体/SEMI_WFF_2026_1Q.xlsx,Company Detail,http://www.crmicro.com/
CR Microelectronics - Skysilicon (was ProMoS),,晶圆制造工厂,"CR Microelectronics 的 Skysilicon (was ProMoS)，位于 Chongqing, Chongqing, 中国。",1972,晶圆厂,In production,Chongqing,Chongqing,中国,中国,亚太,"25, Xiyong Ave.",http://www.crmicro.com/,Discrete/Power,Discrete,"MOS, IGBT, HEMT, Power management IC, LCD driver IC, Mixed signal IC, Microcontrollers, MEMS, some foundry business","CMOS, GaN",0.18,8,70000,70000,258336,,4305600,2008,2007,2008,2008,/Users/simon/Documents/Simon-OB/本体论/base/半导体/SEMI_WFF_2026_1Q.xlsx,Company Detail,http://www.crmicro.com/
CR Microelectronics - Fab 1,,晶圆制造工厂,"CR Microelectronics 的 Fab 1，位于 Wuxi, Jiangsu, 中国。",980,晶圆厂,in production,Wuxi,Jiangsu,中国,中国,亚太,"5, Huihe Rd. Binhu",http://www.crmicro.com/,代工/IDM/功率,Discrete,"Analog Foundry: CMOS (Logic, mixed Signal, High voltage, non volatile memory)","CMOS, BiCMOS, DMOS, BCDMOS",0.35,6,62000,34875,68889,10,164892,1998,,2001,2002,/Users/simon/Documents/Simon-OB/本体论/base/半导体/SEMI_WFF_2026_1Q.xlsx,Company Detail,http://www.crmicro.com/
CR Microelectronics - Fab 5 P1,,晶圆制造工厂,"CR Microelectronics 的 Fab 5 P1，位于 Wuxi, Jiangsu, 中国。",2439,晶圆厂,In production,Wuxi,Jiangsu,中国,中国,亚太,14 Liangxi Road,http://www.crmicro.com/,代工/IDM/功率,Discrete,"Foundry, MOSFET, IGBT, SBD, FRD","Bipolar, BiCMOS, BCD",0.5,6,100000,56250,32292,,,2005,2003,2005,2005,/Users/simon/Documents/Simon-OB/本体论/base/半导体/SEMI_WFF_2026_1Q.xlsx,Company Detail,http://www.crmicro.com/
CR Microelectronics - Runpeng 300mm Fab (Shenzhen),,晶圆制造工厂,"CR Microelectronics 的 Runpeng 300mm Fab (Shenzhen)，位于 ShenZhen, Guangdong, 中国。",6399,晶圆厂,In production,ShenZhen,Guangdong,中国,中国,亚太,"No. 8 Pengwei Road, Bao'an District",http://www.crmicro.com/,代工/模拟与混合信号与功率,Analog,"Analog, Mixed Signal, Discrete","BCD, HV. Al, Cu",0.04,12,40000,90000,,,,2025,2022,2024,2025,/Users/simon/Documents/Simon-OB/本体论/base/半导体/SEMI_WFF_2026_1Q.xlsx,Company Detail,http://www.crmicro.com/
CR Microelectronics - Fab 5 P2,,晶圆制造工厂,"CR Microelectronics 的 Fab 5 P2，位于 Wuxi, Jiangsu, 中国。",6163,晶圆厂,In production,Wuxi,Jiangsu,中国,中国,亚太,14 Liangxi Road,http://www.crmicro.com/,代工/IDM/功率,Discrete,"Foundry, MOSFET, IGBT, SBD, FRD",,0.5,6,60000,33750,,,,2010,2009,2010,2010,/Users/simon/Documents/Simon-OB/本体论/base/半导体/SEMI_WFF_2026_1Q.xlsx,Company Detail,http://www.crmicro.com/
CR Microelectronics - New 200mm line,,晶圆制造工厂,"CR Microelectronics 的 New 200mm line，位于 Wuxi, Jiangsu, 中国。",6164,晶圆厂,In production,Wuxi,Jiangsu,中国,中国,亚太,"No. 8, Xinzhou Road",http://www.crmicro.com/,代工/IDM/功率,Discrete,"Foundry, MEMS, Sensors, Power devices, Power MOSFET, IGBT","BCD, MEMS",0.13,8,30000,30000,,,,2021,2020,2021,2021,/Users/simon/Documents/Simon-OB/本体论/base/半导体/SEMI_WFF_2026_1Q.xlsx,Company Detail,http://www.crmicro.com/
Crocus Nano Electronics (CNE) - MRAM Fab,,晶圆制造工厂,"Crocus Nano Electronics (CNE) 的 MRAM Fab，位于 Moscow, Moscow, 俄罗斯。",3404,晶圆厂，中试线,In production,Moscow,Moscow,俄罗斯,Europe & Mideast,欧洲,"Volgogradsky Prospect 42, Stroenie B, korpus 1",www.crocusnano.com,Memory/MRAM,Memory,"MRAM, adding magnetic layers to CMOS wafers and build final product",MRAM,0.045,12,4300,9675,26910,,,2014,2012,2013,2014,/Users/simon/Documents/Simon-OB/本体论/base/半导体/SEMI_WFF_2026_1Q.xlsx,Company Detail,file:///Users/simon/Documents/Simon-OB/%E6%9C%AC%E4%BD%93%E8%AE%BA/base/%E5%8D%8A%E5%AF%BC%E4%BD%93/output/semiconductor_ontology.json
CST Global - Hamilton fab (former Intense),,晶圆制造工厂,"CST Global 的 Hamilton fab (former Intense)，位于 Glasgow, Glasgow City, Scotland。",1892,晶圆厂,in production,Glasgow,Glasgow City,Scotland,Europe & Mideast,欧洲,"4 Stanley Blvd, Blantyre,",https://www.cstglobal.uk/,Foundry/Opto,Opto,"Foundry, Discrete, III-V Photonic devices, Opto electronics, Silicon photonic laser","III-V: InP, GaAs, GaN, GaSb, Ge, AlN, Si, Qz",1,4,500,125,20000,10,,2003,,2011,2011,/Users/simon/Documents/Simon-OB/本体论/base/半导体/SEMI_WFF_2026_1Q.xlsx,Company Detail,https://www.cstglobal.uk/
CXMT (ChangXin Memory Technologies) - CXMT Hefei Fab A1,,晶圆制造工厂,"CXMT (ChangXin Memory Technologies) 的 CXMT Hefei Fab A1，位于 Hefei, Anhui, 中国。",3906,晶圆厂，中试线，研发,In production,Hefei,Anhui,中国,中国,亚太,388 Tianzhushan Boulevard,http://www.cxmt.com,存储器/DRAM,Memory,"DRAM (DDR4, DDR5 DRAM)",DRAM,0.019,12,100000,225000,,,,2019,2016,2018,2019,/Users/simon/Documents/Simon-OB/本体论/base/半导体/SEMI_WFF_2026_1Q.xlsx,Company Detail,http://www.cxmt.com
CXMT (ChangXin Memory Technologies) - CXMT Hefei Fab A2,,晶圆制造工厂,"CXMT (ChangXin Memory Technologies) 的 CXMT Hefei Fab A2，位于 Hefei, Anhui, 中国。",5078,晶圆厂,In production,Hefei,Anhui,中国,中国,亚太,388 Tianzhushan Boulevard,http://www.cxmt.com,存储器/DRAM,Memory,"DRAM (DDR4, DDR5 DRAM)",DRAM,0.017,12,100000,225000,,,,2023,2021,2023,2023,/Users/simon/Documents/Simon-OB/本体论/base/半导体/SEMI_WFF_2026_1Q.xlsx,Company Detail,http://www.cxmt.com
CXMT (ChangXin Memory Technologies) - CXMT Beijing Fab 1,,晶圆制造工厂,"CXMT (ChangXin Memory Technologies) 的 CXMT Beijing Fab 1，位于 Beijing, Beijing, 中国。",6483,晶圆厂,In production,Beijing,Beijing,中国,中国,亚太,"Intersection of Kechuang 7th Street and Jinghai 3rd Road, Tongzhou District",http://www.cxmt.com,存储器/DRAM,Memory,"DRAM (DDR4, DDR5 DRAM)",,0.017,12,30000,67500,,,,2022,2017,2022,2022,/Users/simon/Documents/Simon-OB/本体论/base/半导体/SEMI_WFF_2026_1Q.xlsx,Company Detail,http://www.cxmt.com
CXMT (ChangXin Memory Technologies) - CXMT Beijing Fab 2,,晶圆制造工厂,"CXMT (ChangXin Memory Technologies) 的 CXMT Beijing Fab 2，位于 Beijing, Beijing, 中国。",6484,晶圆厂,In production,Beijing,Beijing,中国,中国,亚太,"Intersection of Kechuang 7th Street and Jinghai 3rd Road, Tongzhou District",http://www.cxmt.com,存储器/DRAM,Memory,"DRAM (DDR4, DDR5, LPDDR5 DRAM)",DRAM,0.019,12,40000,90000,,,,2024,2022,2024,2024,/Users/simon/Documents/Simon-OB/本体论/base/半导体/SEMI_WFF_2026_1Q.xlsx,Company Detail,http://www.cxmt.com
CXMT (ChangXin Memory Technologies) - CXMT Beijing Fab 3,,晶圆制造工厂,"CXMT (ChangXin Memory Technologies) 的 CXMT Beijing Fab 3，位于 Beijing, Beijing, 中国。",6485,晶圆厂,Equipping,Beijing,Beijing,中国,中国,亚太,"Intersection of Kechuang 7th Street and Jinghai 3rd Road, Tongzhou District",http://www.cxmt.com,存储器/DRAM,Memory,"DRAM (DDR4, DDR5, LPDDR5 DRAM, HBM)",DRAM,0.017,12,30000,67500,,,,2026,2024,2026,2026,/Users/simon/Documents/Simon-OB/本体论/base/半导体/SEMI_WFF_2026_1Q.xlsx,Company Detail,http://www.cxmt.com
CXMT (ChangXin Memory Technologies) - CXMT Shanghai Fab 1,,晶圆制造工厂,"CXMT (ChangXin Memory Technologies) 的 CXMT Shanghai Fab 1，位于 Shanghai, Shanghai, 中国。",6703,晶圆厂,Constructing,Shanghai,Shanghai,中国,中国,亚太,"Intersaction of Longdong Ave. and Chuansha Rd., Pudong New Area",http://www.cxmt.com,存储器/DRAM,Memory,"DRAM( DDR5, HBM)","DRAM,HBM",0.016,12,100000,225000,,,,2027,2024,2027,2027,/Users/simon/Documents/Simon-OB/本体论/base/半导体/SEMI_WFF_2026_1Q.xlsx,Company Detail,http://www.cxmt.com
"Dai Nippon Printing Co., Ltd - MEMS fab",,晶圆制造工厂,"Dai Nippon Printing Co., Ltd 的 MEMS fab，位于 Kashiwa, Chiba, 日本。",3259,晶圆厂,In production,Kashiwa,Chiba,日本,日本,日本,250-1 Wakashiba,http://www.dnp.co.jp/,MEMS,MEMS,"MEMS foundry, 3D accelerator sensor, Microfluidic Flow Sensor","MEMS, TSV",0.5,8,5000,5000,,10,,2001,,2006,2006,/Users/simon/Documents/Simon-OB/本体论/base/半导体/SEMI_WFF_2026_1Q.xlsx,Company Detail,http://www.dnp.co.jp/
Dalian Universal Semiconductors - Zhuanghe fab,,晶圆制造工厂,"Dalian Universal Semiconductors 的 Zhuanghe fab，位于 Dalian, Liaoning, 中国。",4938,晶圆厂,On hold,Dalian,Liaoning,中国,中国,亚太,"Jinchang Village, Zhuanghe",,Discrete/Power,Discrete,"Power semiconductors, Diodes, MOSFET, SBD",,0.5,8,20000,20000,,,,,2016,,,/Users/simon/Documents/Simon-OB/本体论/base/半导体/SEMI_WFF_2026_1Q.xlsx,Company Detail,file:///Users/simon/Documents/Simon-OB/%E6%9C%AC%E4%BD%93%E8%AE%BA/base/%E5%8D%8A%E5%AF%BC%E4%BD%93/SEMI_WFF_2026_1Q.xlsx
"Dandong An-Shun Microelectronics Co., Ltd - N/A",,晶圆制造工厂,"Dandong An-Shun Microelectronics Co., Ltd 的 N/A，位于 Dandong, Liaoning, 中国。",2997,晶圆厂,In production,Dandong,Liaoning,中国,中国,亚太,"No.64 Taoyuan St., Zhenxing District",http://www.aswdz.com/,Discrete/Other,Discrete,"Discrete, Schottky, Darlington transistor, Zener diodes",,1,5,50000,19531.25,,,,1998,,,,/Users/simon/Documents/Simon-OB/本体论/base/半导体/SEMI_WFF_2026_1Q.xlsx,Company Detail,http://www.aswdz.com/
DB HiTek (was Dongbu Hi Tek) - Fab 2,,晶圆制造工厂,"DB HiTek (was Dongbu Hi Tek) 的 Fab 2，位于 Eumseong, Chungcheongbuk, 韩国。",1534,晶圆厂，中试线,in production,Eumseong,Chungcheongbuk,韩国,韩国,亚太,"73 Sanguan, Gamgok",https://dbhitek.com/,代工/模拟与混合信号与功率,Analog,"Foundry: Logic and mixed-signal, CMOS Image Sensor (CIS), LCD Driver IC, NOR flash, sFlash, embedded Flash, MEMS","Analog/Power, CMOS, Cu, low-K, High Voltage, CIS, MEMS, eFlash, MEMS",0.09,8,65000,65000,143800,1,622000,2001,2000,2001,2001,/Users/simon/Documents/Simon-OB/本体论/base/半导体/SEMI_WFF_2026_1Q.xlsx,Company Detail,https://dbhitek.com/
DB HiTek (was Dongbu Hi Tek) - Fab 1,,晶圆制造工厂,"DB HiTek (was Dongbu Hi Tek) 的 Fab 1，位于 Bucheon, Gyeonggi, 韩国。",1498,晶圆厂,In production,Bucheon,Gyeonggi,韩国,韩国,亚太,"222 Dodang-Dong, Wonmi-Go",https://dbhitek.com/,代工/模拟与混合信号与功率,Analog,"Foundry: Logic and mixed-signal, LCD Driver IC, Display Driver Ics (DDI), High Voltage,  Analog/Mixed Signal foundry (BCDMOS), power managements Ics (PMIC), SJ MOSFET","Analog/Power, CMOS, High Voltage, Mixed-Signal, SJ MOSFET",0.15,8,85000,85000,95000,10,480000,1997,1996,1997,1997,/Users/simon/Documents/Simon-OB/本体论/base/半导体/SEMI_WFF_2026_1Q.xlsx,Company Detail,https://dbhitek.com/
DB HiTek (was Dongbu Hi Tek) - Fab 2 SiC Line,,晶圆制造工厂,"DB HiTek (was Dongbu Hi Tek) 的 Fab 2 SiC Line，位于 Eumseong, Chungcheongbuk, 韩国。",6373,晶圆厂，中试线，研发,In production,Eumseong,Chungcheongbuk,韩国,韩国,亚太,"73 Sanguan, Gamgok",https://dbhitek.com/,代工/功率,Discrete,"Foundry: SiC, MOSDET","MOSFET, SiC",0.25,8,5000,5000,,,,2022,,2022,2022,/Users/simon/Documents/Simon-OB/本体论/base/半导体/SEMI_WFF_2026_1Q.xlsx,Company Detail,https://dbhitek.com/
Defense Microelectronics Activity (DMEA) - ARMS (Bldg 620),,晶圆制造工厂,"Defense Microelectronics Activity (DMEA) 的 ARMS (Bldg 620)，位于 McClellan, California, 美国。",2259,晶圆厂，中试线，研发,In production,McClellan,California,美国,美洲,NA,4234 54th Street,www.dmea.osd.mil/home.html,Analog&Mixed Signal,Analog,"Analog/Mixed Signal; Military Application: analog, digital, and mixed signal integrated circuits and hybrid and multi-chip module products.","CMOS, BiCMOS, GaAs",0.25,6,1000,562.5,,,,1996,1994,1996,1996,/Users/simon/Documents/Simon-OB/本体论/base/半导体/SEMI_WFF_2026_1Q.xlsx,Company Detail,file:///Users/simon/Documents/Simon-OB/%E6%9C%AC%E4%BD%93%E8%AE%BA/base/%E5%8D%8A%E5%AF%BC%E4%BD%93/output/semiconductor_ontology.json
DenseLight Semiconductors - Fab 1,,晶圆制造工厂,"DenseLight Semiconductors 的 Fab 1，位于 新加坡, 新加坡, 新加坡。",2375,晶圆厂，研发,In production,新加坡,新加坡,新加坡,SE Asia,亚太,6 Changi North Street 2,http://www.denselight.com,光电器件/激光器及其他,Opto,optical components; III-V,III-V: InP,0.12,4,10000,2500,15000,,50000,2000,1998,2000,2000,/Users/simon/Documents/Simon-OB/本体论/base/半导体/SEMI_WFF_2026_1Q.xlsx,Company Detail,http://www.denselight.com
Denso Corporation - Kota (200mm),,晶圆制造工厂,"Denso Corporation 的 Kota (200mm)，位于 Nukata-gun-Kota, Aichi, 日本。",2172,晶圆厂,In production,Nukata-gun-Kota,Aichi,日本,日本,日本,"5, Maruyama, Ashinoya",http://www.globaldenso.com/en/,Analog&Mixed Signal&Power,Analog,"Power, Analog, Mixed Signal","CMOS, BiCMOS",0.13,8,12000,12000,43056,,279862,2006,2005,2006,2006,/Users/simon/Documents/Simon-OB/本体论/base/半导体/SEMI_WFF_2026_1Q.xlsx,Company Detail,http://www.globaldenso.com/en/
Denso Corporation - Kota (#705 & #702),,晶圆制造工厂,"Denso Corporation 的 Kota (#705 & #702)，位于 Nukata-gun-Kota, Aichi, 日本。",725,晶圆厂,in production,Nukata-gun-Kota,Aichi,日本,日本,日本,"5, Maruyama, Ashinoya",http://www.globaldenso.com/en/,Logic/MCU,Logic&Micro,"Integrated circuits, electronic control components: MCU Custom Diode Logic,Hybrid IC","CMOS, BiCMOS",0.25,6,25000,14062.5,,,3047000,1993,1992,1993,1993,/Users/simon/Documents/Simon-OB/本体论/base/半导体/SEMI_WFF_2026_1Q.xlsx,Company Detail,http://www.globaldenso.com/en/
Denso Corporation - Building A (was Toyota Industries Corp),,晶圆制造工厂,"Denso Corporation 的 Building A (was Toyota Industries Corp)，位于 Toyota, Aichi, 日本。",1139,晶圆厂，中试线，研发,in production,Toyota,Aichi,日本,日本,日本,"543, Kirigahora, Nishihirose-cho",http://www.globaldenso.com/en/,Logic/MCU,Logic&Micro,"R&D and production of electronic control devices, Ics",CMOS Bipolar,0.8,6,5000,2812.5,,100,,1989,1987,1989,1989,/Users/simon/Documents/Simon-OB/本体论/base/半导体/SEMI_WFF_2026_1Q.xlsx,Company Detail,http://www.globaldenso.com/en/
Denso Corporation - Building B (was Toyota Industries Corp),,晶圆制造工厂,"Denso Corporation 的 Building B (was Toyota Industries Corp)，位于 Toyota, Aichi, 日本。",3624,晶圆厂,In production,Toyota,Aichi,日本,日本,日本,"543, Kirigahora, Nishihirose-cho",http://www.globaldenso.com/en/,Analog&Mixed Signal&Power,Analog,"production of electronic control devices, Ics, Bipolar, IGBT, Power","CMOS, Bipolar",0.35,8,8000,8000,,,,2001,2000,2001,2001,/Users/simon/Documents/Simon-OB/本体论/base/半导体/SEMI_WFF_2026_1Q.xlsx,Company Detail,http://www.globaldenso.com/en/
Denso Corporation - SiC R&D fab (was Toyota Industries Corp),,晶圆制造工厂,"Denso Corporation 的 SiC R&D fab (was Toyota Industries Corp)，位于 Toyota, Aichi, 日本。",3871,晶圆厂，研发,In production,Toyota,Aichi,日本,日本,日本,"543, Kirigahora, Nishihirose-cho",http://www.globaldenso.com/en/,Discrete/Power,Discrete,"Power, SiC diode, SiC Transistor, SiC MOSFET",SiC,0.5,4,3000,750,,,,2014,2013,2014,2014,/Users/simon/Documents/Simon-OB/本体论/base/半导体/SEMI_WFF_2026_1Q.xlsx,Company Detail,http://www.globaldenso.com/en/
"Denso Corporation - HQ 5"" fab",,晶圆制造工厂,"Denso Corporation 的 HQ 5"" fab，位于 Kariya, Aichi, 日本。",3890,晶圆厂,In production,Kariya,Aichi,日本,日本,日本,"1-1, Showa-cho,",http://www.globaldenso.com/en/,MEMS/Opto,MEMS,Opto and Sensor,,1.5,5,2000,781.25,,,,1986,1985,1986,1986,/Users/simon/Documents/Simon-OB/本体论/base/半导体/SEMI_WFF_2026_1Q.xlsx,Company Detail,http://www.globaldenso.com/en/
Denso Corporation - Denso Iwate (was Fujitsu),,晶圆制造工厂,"Denso Corporation 的 Denso Iwate (was Fujitsu)，位于 Isawa-gun-Kanegasaki-cho, Iwate, 日本。",187,晶圆厂,In production-merged,Isawa-gun-Kanegasaki-cho,Iwate,日本,日本,日本,"4-2, Moriyama, Nishine",http://www.globaldenso.com/en/,Analog/Power,Analog,"IC for automotive, Analog Ics, power devices, system LSI and MCU",CMOS MOS,0.18,8,20000,20000,,1,1248600,1991,,,,/Users/simon/Documents/Simon-OB/本体论/base/半导体/SEMI_WFF_2026_1Q.xlsx,Company Detail,http://www.globaldenso.com/en/
DiCon - Richmond HQ,,晶圆制造工厂,"DiCon 的 Richmond HQ，位于 Richmond, California, 美国。",5076,晶圆厂，研发,In production,Richmond,California,美国,美洲,NA,1689 Regatta Blvd.,https://www.diconfiberoptics.com,MEMS/Opto,MEMS,"Optical MEMS: MEMS VOA (Variable Optical Attenuator), MEMS switches","MEMS, MEMS VOA",0.5,4,2000,500,,,200000,2001,2000,2001,2001,/Users/simon/Documents/Simon-OB/本体论/base/半导体/SEMI_WFF_2026_1Q.xlsx,Company Detail,https://www.diconfiberoptics.com
Diodes Inc. - Zizhu Fab 1 (8-inch line),,晶圆制造工厂,"Diodes Inc. 的 Zizhu Fab 1 (8-inch line)，位于 Shanghai, Shanghai, 中国。",1988,晶圆厂,In production,Shanghai,Shanghai,中国,中国,亚太,"1600, Zizhu Rd.",http://www.diodes.com,Analog/Linear,Analog,"Foundry; Linear Regulator, Switching Converter, Standard Linear, Motor Driver, Audio Power Amplifier and technology","Bipolar, BiCMOS, BiCDMOS",0.5,8,18500,18500,,,,2016,2016,2016,2016,/Users/simon/Documents/Simon-OB/本体论/base/半导体/SEMI_WFF_2026_1Q.xlsx,Company Detail,http://www.diodes.com
Diodes Inc. - Keelung fab (was Lite-On),,晶圆制造工厂,"Diodes Inc. 的 Keelung fab (was Lite-On)，位于 keelung, Northern Taiwan, 中国台湾。",3648,晶圆厂,In production,keelung,Northern Taiwan,中国台湾,中国台湾,亚太,"No. 28-1, Wuxun St, Anle District",http://www.diodes.com,Discrete/Power,Discrete,"TSV, Super Fast, Damping Diode, Thyristor","High Voltage CMOS , Bipolar, DMOS, BCD",2,4,58000,14500,,,33648,1990,1989,1990,1990,/Users/simon/Documents/Simon-OB/本体论/base/半导体/SEMI_WFF_2026_1Q.xlsx,Company Detail,http://www.diodes.com
Diodes Inc. - Wuxi fab (was Lite-On),,晶圆制造工厂,"Diodes Inc. 的 Wuxi fab (was Lite-On)，位于 Wuxi, Jiangsu, 中国。",3649,晶圆厂,In production,Wuxi,Jiangsu,中国,中国,亚太,"Land lot J7, J8 WEPZ, New District,",http://www.diodes.com,Discrete/Power,Discrete,"Rectifiers Diode, Bridge Rectifier, Power Schottky, Protection device, GPP/RGPP, UFGP","High Voltage CMOS , Bipolar, DMOS, BCD",2,4,190000,47500,,,,2004,2003,2004,2004,/Users/simon/Documents/Simon-OB/本体论/base/半导体/SEMI_WFF_2026_1Q.xlsx,Company Detail,http://www.diodes.com
Diodes Inc. - Shanghai fab (was Lite-On),,晶圆制造工厂,"Diodes Inc. 的 Shanghai fab (was Lite-On)，位于 Shanghai, Shanghai, 中国。",3650,晶圆厂,In production,Shanghai,Shanghai,中国,中国,亚太,"No. 6, Zhenye Rd., Songjiang County",http://www.diodes.com,Discrete/Power,Discrete,"STD/FR/UF Rectifier, GPP/RGPP, UFGP","High Voltage CMOS , Bipolar, DMOS, BCD",2,3,110000,15468.75,,,270000,1993,1992,1993,1993,/Users/simon/Documents/Simon-OB/本体论/base/半导体/SEMI_WFF_2026_1Q.xlsx,Company Detail,http://www.diodes.com
"Diodes Inc. - G Fab (8-inch line) (was TI, was National Semi_",,晶圆制造工厂,"Diodes Inc. 的 G Fab (8-inch line) (was TI, was National Semi_，位于 Greenock, Inverclyde, Scotland。",6133,晶圆厂,In production,Greenock,Inverclyde,Scotland,Europe & Mideast,欧洲,"Earnhill Road, Larkfield Industrial Estate",http://www.diodes.com,Analog/Power,Analog,"Analog and power management,","BiCMOS, DMOS, CMOS, Metal Gate CMOS, Poly Gate CMOS, Bipolar",0.35,8,9000,9000,,,,2008,2007,2009,2010,/Users/simon/Documents/Simon-OB/本体论/base/半导体/SEMI_WFF_2026_1Q.xlsx,Company Detail,http://www.diodes.com
"Diodes Inc. - G Fab (6-inch line) (was TI, was National Semi_",,晶圆制造工厂,"Diodes Inc. 的 G Fab (6-inch line) (was TI, was National Semi_，位于 Greenock, Inverclyde, Scotland。",659,晶圆厂,In production,Greenock,Inverclyde,Scotland,Europe & Mideast,欧洲,"Earnhill Road, Larkfield Industrial Estate",http://www.diodes.com,Analog/Power,Analog,"Analog and power management,","BiCMOS, DMOS, CMOS, Metal Gate CMOS, Poly Gate CMOS, Bipolar",0.7,6,22000,12375,62000,1,318782,1970,1969,1970,1970,/Users/simon/Documents/Simon-OB/本体论/base/半导体/SEMI_WFF_2026_1Q.xlsx,Company Detail,http://www.diodes.com
Diodes Inc. - Hsinchu fab (was Lite-On),,晶圆制造工厂,"Diodes Inc. 的 Hsinchu fab (was Lite-On)，位于 Hsinchu, Northern Taiwan, 中国台湾。",1663,晶圆厂,in production,Hsinchu,Northern Taiwan,中国台湾,中国台湾,亚太,"3F., No. 2, Industry E. Road III",http://www.diodes.com,Discrete/Power,Discrete,"High Voltage CMOS Process, CMOS image sensors (CIS), Discetes, Bipolar Process, fingerprint sensor and wafer foundry","BiPolar, CMOS, BCD",0.5,6,38000,21375,,,132526,1998,1997,1998,1998,/Users/simon/Documents/Simon-OB/本体论/base/半导体/SEMI_WFF_2026_1Q.xlsx,Company Detail,http://www.diodes.com
Diodes Inc. - Fab 2 (former BCD),,晶圆制造工厂,"Diodes Inc. 的 Fab 2 (former BCD)，位于 Shanghai, Shanghai, 中国。",1897,晶圆厂,In production,Shanghai,Shanghai,中国,中国,亚太,800 Yishan Road,http://www.diodes.com,Analog/Linear,Analog,"Linear Regulator, Switching Converter, Standard Linear, Motor Driver, Audio Power Amplifier and technology","Bipolar, BiCMOS, BCDMOS",1,4,20000,5000,30000,,,2003,2002,2003,2003,/Users/simon/Documents/Simon-OB/本体论/base/半导体/SEMI_WFF_2026_1Q.xlsx,Company Detail,http://www.diodes.com
Diodes Inc. - Manchester Fab,,晶圆制造工厂,"Diodes Inc. 的 Manchester Fab，位于 Oldham, Manchester, England。",1220,晶圆厂,in production,Oldham,Manchester,England,Europe & Mideast,欧洲,Lansdowne Road,http://www.diodes.com,Analog/Power,Analog,"Power Management IC, Custom IC, Diodes, Bipolar Transistors, MOSFET",Bipolar MOS,0.8,6,4000,2250,25295,10,48222,1982,,2002,2002,/Users/simon/Documents/Simon-OB/本体论/base/半导体/SEMI_WFF_2026_1Q.xlsx,Company Detail,http://www.diodes.com
"Diodes Inc. - SPFAB (was OnSemi, was Fairchild)",,晶圆制造工厂,"Diodes Inc. 的 SPFAB (was OnSemi, was Fairchild)，位于 South Portland, Maine, 美国。",667,晶圆厂,In production,South Portland,Maine,美国,美洲,NA,333 Western Avenue,http://www.diodes.com,Analog&Mixed Signal&Power,Analog,"Power, Mixed Signal, Wireless,  pure MEMS; SiC EPI","CMOS,Analog, BCDMOS, Biploar, SiC EPI, MEMS (pure)",0.18,8,17000,17000,85000,1,371000,1995,2006,2008,2009,/Users/simon/Documents/Simon-OB/本体论/base/半导体/SEMI_WFF_2026_1Q.xlsx,Company Detail,http://www.diodes.com
Diodes Inc. - Fab 1 (former BCD),,晶圆制造工厂,"Diodes Inc. 的 Fab 1 (former BCD)，位于 Shanghai, Shanghai, 中国。",933,晶圆厂，研发,in production,Shanghai,Shanghai,中国,中国,亚太,800 Yishan Road,http://www.diodes.com,Analog&Mixed Signal&Power,Analog,"Linear Regulator, Switching Converter, Standard Linear, Motor Driver, Audio Power Amplifier and technology","Bipolar, BiCMOS, BCDMOS",1,6,40000,22500,16000,100,,1987,,,,/Users/simon/Documents/Simon-OB/本体论/base/半导体/SEMI_WFF_2026_1Q.xlsx,Company Detail,http://www.diodes.com
Dionics-USA Inc. - Westbury,,晶圆制造工厂,"Dionics-USA Inc. 的 Westbury，位于 Westbury, New York, 美国。",137,晶圆厂,in production,Westbury,New York,美国,美洲,NA,96B Urban Avenue,http://www.dionics-usa.com,Discrete/Power,Discrete,"Power, PV MOSFET driver, MOSFET/IGBT driver",Bipolar,2,3,1600,225,4000,10000,,1987,1985,1987,1987,/Users/simon/Documents/Simon-OB/本体论/base/半导体/SEMI_WFF_2026_1Q.xlsx,Company Detail,http://www.dionics-usa.com
Diotec Semiconductor AG - Heitersheim HQ,,晶圆制造工厂,"Diotec Semiconductor AG 的 Heitersheim HQ，位于 Heitersheim, Baden-Württemberg, 德国。",3541,晶圆厂,In production,Heitersheim,Baden-Württemberg,德国,Europe & Mideast,欧洲,Kreuzmattenstrasse 4,http://diotec.com/,Discrete/Power,Discrete,"Zener, TVS Diodes, Rectifiers, Schottky diodes, Transistors, Arrays, Diacs",Bipolar,2,6,5000,2812.5,,,,1973,1972,1973,1973,/Users/simon/Documents/Simon-OB/本体论/base/半导体/SEMI_WFF_2026_1Q.xlsx,Company Detail,http://diotec.com/
Diotec Semiconductor AG - Semikron d.o.o Slovenia,,晶圆制造工厂,"Diotec Semiconductor AG 的 Semikron d.o.o Slovenia，位于 Trbovlje, Central Sava, Slovenia。",3542,晶圆厂,In production,Trbovlje,Central Sava,Slovenia,Europe & Mideast,欧洲,Gabrsko 12,http://diotec.com/,Discrete/Power,Discrete,"Zener diodes, TVS Diodes, Rectifiers, Schottky diode, Transistors, Arrays, Diacs",Bipolar,3,4,10000,2500,,,,1989,1988,1989,1989,/Users/simon/Documents/Simon-OB/本体论/base/半导体/SEMI_WFF_2026_1Q.xlsx,Company Detail,http://diotec.com/
DRIX - N/A,,晶圆制造工厂,"DRIX 的 N/A，位于 Mortsel, Antwerp, 比利时。",1688,晶圆厂,in production,Mortsel,Antwerp,比利时,Europe & Mideast,欧洲,Drabstraat 9,http://www.drixsemi.com,Discrete/Power,Discrete,Power MOSFET IGBTS,CMOS nMOS Bipolar,2.5,4,9000,2250,2530,10,,1998,1996,1998,1998,/Users/simon/Documents/Simon-OB/本体论/base/半导体/SEMI_WFF_2026_1Q.xlsx,Company Detail,http://www.drixsemi.com
Dynax Semiconductor Inc. - Fab 1,,晶圆制造工厂,"Dynax Semiconductor Inc. 的 Fab 1，位于 Kunshan, Jiangsu, 中国。",3833,晶圆厂,In production,Kunshan,Jiangsu,中国,中国,亚太,"18, Chenfeng Rd.",http://www.dynax-semi.com/,Discrete/Power,Discrete,"Power, GaN HEMT devices",GaN,1,4,1500,375,32300,,140000,2012,2018,2019,2019,/Users/simon/Documents/Simon-OB/本体论/base/半导体/SEMI_WFF_2026_1Q.xlsx,Company Detail,http://www.dynax-semi.com/
Dynex Semiconductor - Lincoln,,晶圆制造工厂,"Dynex Semiconductor 的 Lincoln，位于 Lincoln, Lincolnshire, England。",208,晶圆厂,in production,Lincoln,Lincolnshire,England,Europe & Mideast,欧洲,Doddington Road,http://www.dynexsemi.com,Discrete/Power,Discrete,"Power Automotive, Power Transistor IGBT, Thyristors, Rectifier","SOI, MOS, Bipolar, IGBT, Diode",1,6,7000,3937.5,26910,10,160000,1984,2009,,,/Users/simon/Documents/Simon-OB/本体论/base/半导体/SEMI_WFF_2026_1Q.xlsx,Company Detail,http://www.dynexsemi.com
Electronics Industry Public Company (EIC) - EIC Semi,,晶圆制造工厂,"Electronics Industry Public Company (EIC) 的 EIC Semi，位于 Bangkok, Bangkok, 泰国。",2491,晶圆厂,In production,Bangkok,Bangkok,泰国,SE Asia,亚太,"103,117 Moo 4 EPZ 1, Chalongkrung Road",www.eicsemi.com,Discrete/Other,Discrete,"Zener Diodes, Rectifiers, Transient Voltage Suppressor (TSV) Diodes",Bipolar,3,4,800,200,,,,2006,2005,2005,2006,/Users/simon/Documents/Simon-OB/本体论/base/半导体/SEMI_WFF_2026_1Q.xlsx,Company Detail,file:///Users/simon/Documents/Simon-OB/%E6%9C%AC%E4%BD%93%E8%AE%BA/base/%E5%8D%8A%E5%AF%BC%E4%BD%93/output/semiconductor_ontology.json
EM Microelectronic - Marin SA - Marin fab,,晶圆制造工厂,"EM Microelectronic - Marin SA 的 Marin fab，位于 Marin, Neuchâtel, 瑞士。",530,晶圆厂,in production,Marin,Neuchâtel,瑞士,Europe & Mideast,欧洲,Rue Des Sors 3,http://www.emmarin.com,Logic/MCU,Logic&Micro,"ASICs, ASSPs, Opto electronics, RFID IC, LCD controllers/drivers IC, RF Transceivers",N/A,0.18,8,10000,10000,,1,,1972,,,,/Users/simon/Documents/Simon-OB/本体论/base/半导体/SEMI_WFF_2026_1Q.xlsx,Company Detail,http://www.emmarin.com
Emcore Corporation - InP Fab Alhambra,,晶圆制造工厂,"Emcore Corporation 的 InP Fab Alhambra，位于 Alhambra, California, 美国。",4968,晶圆厂，研发,In production,Alhambra,California,美国,美洲,NA,2015 Chestnut Street,www.emcore.com,光电器件/激光器及其他,Opto,"Photodiodes ( APD & MPD ) and for lasers for CATV, Fiber over Glass (FoG), Sat com, navigation systems for military and aerospace","EPI, InP",2,3,1000,140.625,,,75000,1996,2010,2010,2011,/Users/simon/Documents/Simon-OB/本体论/base/半导体/SEMI_WFF_2026_1Q.xlsx,Company Detail,file:///Users/simon/Documents/Simon-OB/%E6%9C%AC%E4%BD%93%E8%AE%BA/base/%E5%8D%8A%E5%AF%BC%E4%BD%93/output/semiconductor_ontology.json
Enablence Technologies - Fremont fab,,晶圆制造工厂,"Enablence Technologies 的 Fremont fab，位于 Fremont, California, 美国。",3702,晶圆厂,In production,Fremont,California,美国,美洲,NA,2933 Bayview Drive,http://www.enablence.com/,光电器件/激光器及其他,Opto,"Planar lightwave circuits (PLCs), Silica-on-Si PLC chips, Polymer PLC","Polymer, Silica",0.5,6,6000,3375,,,,1998,2010,,,/Users/simon/Documents/Simon-OB/本体论/base/半导体/SEMI_WFF_2026_1Q.xlsx,Company Detail,http://www.enablence.com/
Endevco Corporation - MEMS,,晶圆制造工厂,"Endevco Corporation 的 MEMS，位于 Sunnyvale, California, 美国。",2305,晶圆厂，研发,In production,Sunnyvale,California,美国,美洲,NA,355 N. Pastoria Ave,www.endevco.com,MEMS,MEMS,"MEMS accelerometers, pressure transducers, microphones",MEMS,0.8,2,1000,62.5,2500,10000,,1996,1995,1996,1996,/Users/simon/Documents/Simon-OB/本体论/base/半导体/SEMI_WFF_2026_1Q.xlsx,Company Detail,file:///Users/simon/Documents/Simon-OB/%E6%9C%AC%E4%BD%93%E8%AE%BA/base/%E5%8D%8A%E5%AF%BC%E4%BD%93/output/semiconductor_ontology.json
Ennostar Corporation - S3,,晶圆制造工厂,"Ennostar Corporation 的 S3，位于 Tainan, Southern Taiwan, 中国台湾。",3008,晶圆厂,In production,Tainan,Southern Taiwan,中国台湾,中国台湾,亚太,"No.11, Nanke 8th Rd., Shanhua Town",https://www.ennostar.com/,光电器件/LED,Opto,LED,Sapphire,4,2,80000,5000,,,534826,2001,1999,2001,2001,/Users/simon/Documents/Simon-OB/本体论/base/半导体/SEMI_WFF_2026_1Q.xlsx,Company Detail,https://www.ennostar.com/
Ennostar Corporation - N1,,晶圆制造工厂,"Ennostar Corporation 的 N1，位于 Hsinchu, Northern Taiwan, 中国台湾。",3011,晶圆厂,In production,Hsinchu,Northern Taiwan,中国台湾,中国台湾,亚太,"No.48, Yuanqu 2nd Rd.,",https://www.ennostar.com/,光电器件/LED,Opto,"LED, Sensing / IR / VCSEL",Sapphire,2,2,20000,1250,,,,1997,1996,1997,1997,/Users/simon/Documents/Simon-OB/本体论/base/半导体/SEMI_WFF_2026_1Q.xlsx,Company Detail,https://www.ennostar.com/
Ennostar Corporation - N7,,晶圆制造工厂,"Ennostar Corporation 的 N7，位于 Chunan, Western Taiwan, 中国台湾。",6697,晶圆厂,In production,Chunan,Western Taiwan,中国台湾,中国台湾,亚太,12,https://www.ennostar.com/,光电器件/LED,Opto,LEDs,LED,2,6,30000,16875,,,,2014,,,,/Users/simon/Documents/Simon-OB/本体论/base/半导体/SEMI_WFF_2026_1Q.xlsx,Company Detail,https://www.ennostar.com/
Entrepix Inc. - Fab 1,,晶圆制造工厂,"Entrepix Inc. 的 Fab 1，位于 Tempe, Arizona, 美国。",2328,Fab/Wafer Processing,In production,Tempe,Arizona,美国,美洲,NA,2315 W. Fairmont Dr.,www.entrepix.com,Foundry/Other,Other,Chemical-Mechanical Polishing (CMP) Foundry,CMP,,8,,,1700,10,,2003,2002,2003,2003,/Users/simon/Documents/Simon-OB/本体论/base/半导体/SEMI_WFF_2026_1Q.xlsx,Company Detail,file:///Users/simon/Documents/Simon-OB/%E6%9C%AC%E4%BD%93%E8%AE%BA/base/%E5%8D%8A%E5%AF%BC%E4%BD%93/output/semiconductor_ontology.json
Episil Technologies Inc. - Fab 6A,,晶圆制造工厂,"Episil Technologies Inc. 的 Fab 6A，位于 Hsinchu, Northern Taiwan, 中国台湾。",306,晶圆厂,in production,Hsinchu,Northern Taiwan,中国台湾,中国台湾,亚太,No.5 Creation Road 2,http://www.episil.com,代工/功率,Discrete,"Foundry; Bipolar, CMOS, TOCMOS, EEPROM, EPROM, Power MOSFET",Bipolar; BiCMOS; HV CMOS; BCD; NVM,0.5,6,17000,9562.5,21528,10,,1990,,,,/Users/simon/Documents/Simon-OB/本体论/base/半导体/SEMI_WFF_2026_1Q.xlsx,Company Detail,http://www.episil.com
Episil Technologies Inc. - DF1,,晶圆制造工厂,"Episil Technologies Inc. 的 DF1，位于 Hsinchu, Northern Taiwan, 中国台湾。",150,晶圆厂,in production,Hsinchu,Northern Taiwan,中国台湾,中国台湾,亚太,No.3 Innovation Road 1,http://www.episil.com,代工/功率,Discrete,"Foundry; Power, PWN IC, Bipolar, MOSFET, Schottky, IGBT, WBG, SiC SBD, SiC MOSFET","Bipolar, BCD",0.8,5,8000,3125,10764,10,,1992,1990,1992,1992,/Users/simon/Documents/Simon-OB/本体论/base/半导体/SEMI_WFF_2026_1Q.xlsx,Company Detail,http://www.episil.com
Episil Technologies Inc. - DF1 SiC line,,晶圆制造工厂,"Episil Technologies Inc. 的 DF1 SiC line，位于 Hsinchu, Northern Taiwan, 中国台湾。",6632,晶圆厂,In production,Hsinchu,Northern Taiwan,中国台湾,中国台湾,亚太,No.3 Innovation Road 1,http://www.episil.com,代工/功率,Discrete,,,0.35,4,1100,275,,,,2023,,2023,2023,/Users/simon/Documents/Simon-OB/本体论/base/半导体/SEMI_WFF_2026_1Q.xlsx,Company Detail,http://www.episil.com
Episil Technologies Inc. - Fab 6B SiC Line,,晶圆制造工厂,"Episil Technologies Inc. 的 Fab 6B SiC Line，位于 Hsinchu, Northern Taiwan, 中国台湾。",6633,晶圆厂,In production,Hsinchu,Northern Taiwan,中国台湾,中国台湾,亚太,"No 18, Innovation Rd 1",http://www.episil.com,代工/功率,Discrete,,SiC,0.35,6,3000,1687.5,,,,2024,,2023,2024,/Users/simon/Documents/Simon-OB/本体论/base/半导体/SEMI_WFF_2026_1Q.xlsx,Company Detail,http://www.episil.com
Episil Technologies Inc. - Fab 6B,,晶圆制造工厂,"Episil Technologies Inc. 的 Fab 6B，位于 Hsinchu, Northern Taiwan, 中国台湾。",320,晶圆厂，研发,In production-merged,Hsinchu,Northern Taiwan,中国台湾,中国台湾,亚太,"No 18, Innovation Rd 1",http://www.episil.com,代工/功率,Discrete,"Power MOSFET, SiC SBD, SiC MOSFET","Bipolar, BCD",0.45,6,18000,10125,67813,10,,1988,,2019,2019,/Users/simon/Documents/Simon-OB/本体论/base/半导体/SEMI_WFF_2026_1Q.xlsx,Company Detail,http://www.episil.com
Everspin Technology - MRAM Fab,,晶圆制造工厂,"Everspin Technology 的 MRAM Fab，位于 Odon, Indiana, 美国。",6424,晶圆厂，研发,In production,Odon,Indiana,美国,美洲,NA,13598 W Gate Dr,http://www.everspin.com/,Memory/MRAM,Memory,"discrete and embedded MRAM, toggle MRAM and STT-MRAM",toggle MRAM and STT-MRAM,0.13,8,10000,10000,10000,,,2025,2023,2025,2025,/Users/simon/Documents/Simon-OB/本体论/base/半导体/SEMI_WFF_2026_1Q.xlsx,Company Detail,http://www.everspin.com/
EYEQ Lab - Busan Fab 1,,晶圆制造工厂,"EYEQ Lab 的 Busan Fab 1，位于 Gijang-gun, Busan, 韩国。",6615,晶圆厂,In production,Gijang-gun,Busan,韩国,韩国,亚太,"#412, 705, Haean-ro",http://www.eyeqlab.com/main,Discrete/Power,Discrete,,SiC,0.35,8,2500,2500,,,,2025,2024,2025,2025,/Users/simon/Documents/Simon-OB/本体论/base/半导体/SEMI_WFF_2026_1Q.xlsx,Company Detail,http://www.eyeqlab.com/main
First Sensor AG - Halbleiterwerk,,晶圆制造工厂,"First Sensor AG 的 Halbleiterwerk，位于 Berlin, Berlin, 德国。",229,晶圆厂,In production,Berlin,Berlin,德国,Europe & Mideast,欧洲,"Peter-Behrens-Str 15, Oberschöneweide",www.first-sensor.com,MEMS,MEMS,"MEMS: development, design and production of optical and pressure sensor chips and components as well as modules and sensor systems","CMOS, MEMS",2,6,6000,3375,12917,100,75348,2009,2015,2016,,/Users/simon/Documents/Simon-OB/本体论/base/半导体/SEMI_WFF_2026_1Q.xlsx,Company Detail,file:///Users/simon/Documents/Simon-OB/%E6%9C%AC%E4%BD%93%E8%AE%BA/base/%E5%8D%8A%E5%AF%BC%E4%BD%93/output/semiconductor_ontology.json
FLCT Communication Technology - Fab 2 (Production Line),,晶圆制造工厂,"FLCT Communication Technology 的 Fab 2 (Production Line)，位于 Guangzhou, Guangdong, 中国。",6648,晶圆厂,In production,Guangzhou,Guangdong,中国,中国,亚太,"Yulin 1st Road, Longhu Street",https://www.sabaw.cn/sy,Discrete/Rectifier,Discrete,,BAW,0.5,6,6000,3375,,,,2025,2023,2025,2025,/Users/simon/Documents/Simon-OB/本体论/base/半导体/SEMI_WFF_2026_1Q.xlsx,Company Detail,https://www.sabaw.cn/sy
Founder IC (Founder Microelectronics International (FMIC)) - Fab 2 6-inch SiC,,晶圆制造工厂,"Founder IC (Founder Microelectronics International (FMIC)) 的 Fab 2 6-inch SiC，位于 Shenzhen, Guangdong, 中国。",6688,晶圆厂,In production,Shenzhen,Guangdong,中国,中国,亚太,"Baolong No. 7 Rd., Baolong Industrial City",http://www.founderic.com/,代工/模拟与混合信号与功率,Analog,"Foundry services, SiC",SiC,0.35,6,6000,3375,,,,2025,,2025,2025,/Users/simon/Documents/Simon-OB/本体论/base/半导体/SEMI_WFF_2026_1Q.xlsx,Company Detail,http://www.founderic.com/
Founder IC (Founder Microelectronics International (FMIC)) - Fab 1 6-inch SiC,,晶圆制造工厂,"Founder IC (Founder Microelectronics International (FMIC)) 的 Fab 1 6-inch SiC，位于 Shenzhen, Guangdong, 中国。",6689,晶圆厂,In production,Shenzhen,Guangdong,中国,中国,亚太,"Baolong No. 7 Rd., Baolong Industrial City",http://www.founderic.com/,代工/模拟与混合信号与功率,Analog,"Foundry services, SiC",SiC,0.35,6,14000,7875,,,,2023,2021,2023,2023,/Users/simon/Documents/Simon-OB/本体论/base/半导体/SEMI_WFF_2026_1Q.xlsx,Company Detail,http://www.founderic.com/
Founder IC (Founder Microelectronics International (FMIC)) - Fab 1 6-inch GaN,,晶圆制造工厂,"Founder IC (Founder Microelectronics International (FMIC)) 的 Fab 1 6-inch GaN，位于 Shenzhen, Guangdong, 中国。",6690,晶圆厂,Closed,Shenzhen,Guangdong,中国,中国,亚太,"Baolong No. 7 Rd., Baolong Industrial City",http://www.founderic.com/,代工/模拟与混合信号与功率,Analog,"Foundry service, GaN",GaN,0.35,6,4000,2250,,,,2023,,2023,2023,/Users/simon/Documents/Simon-OB/本体论/base/半导体/SEMI_WFF_2026_1Q.xlsx,Company Detail,http://www.founderic.com/
Founder IC (Founder Microelectronics International (FMIC)) - Fab 2 8-inch SiC,,晶圆制造工厂,"Founder IC (Founder Microelectronics International (FMIC)) 的 Fab 2 8-inch SiC，位于 Shenzhen, Guangdong, 中国。",2445,晶圆厂,In production,Shenzhen,Guangdong,中国,中国,亚太,"Baolong No. 7 Rd., Baolong Industrial City",http://www.founderic.com/,代工/模拟与混合信号与功率,Analog,"Foundry services, SiC",SiC,0.11,8,54000,54000,,,,2026,2022,2025,2026,/Users/simon/Documents/Simon-OB/本体论/base/半导体/SEMI_WFF_2026_1Q.xlsx,Company Detail,http://www.founderic.com/
Foxconn / Hon Hai - Fab 1 (Foundry was Macronix),,晶圆制造工厂,"Foxconn / Hon Hai 的 Fab 1 (Foundry was Macronix)，位于 Hsinchu, Northern Taiwan, 中国台湾。",487,晶圆厂,Closed,Hsinchu,Northern Taiwan,中国台湾,中国台湾,亚太,"No.3, Creation Road III,",http://www.foxconn.com.tw/,代工/IDM/功率,Discrete,"Logic IC foundry, MEMS foundry.  Starting 2022 under Foxconn: SiC IGBT MOSFET R&D center","CMOS, MEMS",0.35,6,40000,22500,62500,1,,1991,,2010,2010,/Users/simon/Documents/Simon-OB/本体论/base/半导体/SEMI_WFF_2026_1Q.xlsx,Company Detail,http://www.foxconn.com.tw/
Foxconn / Hon Hai - Fab 1 (SiC Power under Foxconn),,晶圆制造工厂,"Foxconn / Hon Hai 的 Fab 1 (SiC Power under Foxconn)，位于 Hsinchu, Northern Taiwan, 中国台湾。",6244,晶圆厂，中试线，研发,In production,Hsinchu,Northern Taiwan,中国台湾,中国台湾,亚太,"No.3, Creation Road III",http://www.foxconn.com.tw/,Discrete/Power,Discrete,Starting 2022 under Foxconn: SiC IGBT MOSFET R&D center with production,"SiC, IGBT, MOSFET",0.35,6,15000,8437.5,62500,,,2022,,2022,2022,/Users/simon/Documents/Simon-OB/本体论/base/半导体/SEMI_WFF_2026_1Q.xlsx,Company Detail,http://www.foxconn.com.tw/
Fraunhofer Heinrich Hertz Institute - Fraunhofer HHI,,晶圆制造工厂,"Fraunhofer Heinrich Hertz Institute 的 Fraunhofer HHI，位于 Berlin, Berlin, 德国。",3685,晶圆厂，中试线，研发,In production,Berlin,Berlin,德国,Europe & Mideast,欧洲,Einsteinufer 37,http://www.hhi.fraunhofer.de/en/start-page.html,光电器件/激光器及其他,Opto,"Optic sensors, lasers, detectors, PIC foundry",InP,2,4,2000,500,,1000,,1992,1991,1992,1992,/Users/simon/Documents/Simon-OB/本体论/base/半导体/SEMI_WFF_2026_1Q.xlsx,Company Detail,http://www.hhi.fraunhofer.de/en/start-page.html
Fraunhofer Institute for Photonic Microsystems IPMS - MEMS MRR (Building 4) Fraunhofer,,晶圆制造工厂,"Fraunhofer Institute for Photonic Microsystems IPMS 的 MEMS MRR (Building 4) Fraunhofer，位于 Dresden, Saxony, 德国。",3804,晶圆厂，中试线，研发,In production,Dresden,Saxony,德国,Europe & Mideast,欧洲,Maria-Reiche Str. 2,www.ipms.fraunhofer.de,代工/MEMS,MEMS,"MEMS (MEMS on CMOS), MOEMS (OLED on CMOS, micro mirrors); pressure sensors, photo diodes, ion sensitive field effect transistors, back end for IT thermopiles.","CMOS compatible MEMS, MEMS on CMOS, OLED on CMOS",0.11,8,1000,1000,16146,10,,2007,,2017,2017,/Users/simon/Documents/Simon-OB/本体论/base/半导体/SEMI_WFF_2026_1Q.xlsx,Company Detail,file:///Users/simon/Documents/Simon-OB/%E6%9C%AC%E4%BD%93%E8%AE%BA/base/%E5%8D%8A%E5%AF%BC%E4%BD%93/output/semiconductor_ontology.json
Fraunhofer Institute for Silicon Technology (ISIT) - ISIT Itzehoe CMP Cleanroom,,晶圆制造工厂,"Fraunhofer Institute for Silicon Technology (ISIT) 的 ISIT Itzehoe CMP Cleanroom，位于 Itzehoe, Schleswig-Holstein, 德国。",6238,Fab/Wafer Processing,In production,Itzehoe,Schleswig-Holstein,德国,Europe & Mideast,欧洲,Fraunhoferstrasse 1,https://www.isit.fraunhofer.de/,代工/MEMS,MEMS,CMP,CMP,,8,,,2153,,,1996,1994,1995,1996,/Users/simon/Documents/Simon-OB/本体论/base/半导体/SEMI_WFF_2026_1Q.xlsx,Company Detail,https://www.isit.fraunhofer.de/
Fraunhofer Institute for Silicon Technology (ISIT) - ISIT Cleanroom 2: with X-FAB (MEMS technology),,晶圆制造工厂,"Fraunhofer Institute for Silicon Technology (ISIT) 的 ISIT Cleanroom 2: with X-FAB (MEMS technology)，位于 Itzehoe, Schleswig-Holstein, 德国。",3630,晶圆厂，中试线，研发,In production,Itzehoe,Schleswig-Holstein,德国,Europe & Mideast,欧洲,Fraunhoferstrasse 1,https://www.isit.fraunhofer.de/,代工/MEMS,MEMS,"MEMS sensors, actuators, MOEMS, on microoptical components, on components for high-frequency applications (RF-MEMS), SOI","CMOS, MEMS, MOEMS",0.8,8,8000,8000,10764,10,,2015,2011,2014,2015,/Users/simon/Documents/Simon-OB/本体论/base/半导体/SEMI_WFF_2026_1Q.xlsx,Company Detail,https://www.isit.fraunhofer.de/
Fraunhofer Institute for Silicon Technology (ISIT) - ISIT Cleanroom 1: with Vishay (power devices),,晶圆制造工厂,"Fraunhofer Institute for Silicon Technology (ISIT) 的 ISIT Cleanroom 1: with Vishay (power devices)，位于 Itzehoe, Schleswig-Holstein, 德国。",1285,晶圆厂,in production,Itzehoe,Schleswig-Holstein,德国,Europe & Mideast,欧洲,Fraunhoferstrasse 1,https://www.isit.fraunhofer.de/,Discrete/Power,Discrete,Power devices.,"CMOS, Power devices",1,8,5000,5000,16146,10,,1995,,2006,2006,/Users/simon/Documents/Simon-OB/本体论/base/半导体/SEMI_WFF_2026_1Q.xlsx,Company Detail,https://www.isit.fraunhofer.de/
FT1 - Fab 1,,晶圆制造工厂,"FT1 的 Fab 1，位于 Mueang Lamphun, Lamphun, 泰国。",6616,晶圆厂,Constructing,Mueang Lamphun,Lamphun,泰国,SE Asia,亚太,Saha Group Industrial Park in Mueang Lamphun district,,代工/功率,Discrete,,SiC,0.35,8,5000,5000,,,,2028,2026,2027,2028,/Users/simon/Documents/Simon-OB/本体论/base/半导体/SEMI_WFF_2026_1Q.xlsx,Company Detail,file:///Users/simon/Documents/Simon-OB/%E6%9C%AC%E4%BD%93%E8%AE%BA/base/%E5%8D%8A%E5%AF%BC%E4%BD%93/SEMI_WFF_2026_1Q.xlsx
Fuji Electric - Kulim,,晶圆制造工厂,"Fuji Electric 的 Kulim，位于 Kulim, Kedah, 马来西亚。",2425,晶圆厂,In production,Kulim,Kedah,马来西亚,SE Asia,亚太,"Lot No.4 Industrial Zone Phase I,",http://www.fujielectric.co.jp/eng/fdt/,Discrete/Power,Discrete,"Power, Insulated Gate Bipolar Transistor (IGBT)","CMOS, IGBT",0.35,6,32000,18000,,,,2009,2007,2008,2009,/Users/simon/Documents/Simon-OB/本体论/base/半导体/SEMI_WFF_2026_1Q.xlsx,Company Detail,http://www.fujielectric.co.jp/eng/fdt/
Fuji Electric - Yamanashi Factory,,晶圆制造工厂,"Fuji Electric 的 Yamanashi Factory，位于 Minami Alps, Yamanashi, 日本。",3655,晶圆厂,In production,Minami Alps,Yamanashi,日本,日本,日本,221-1 Iino,http://www.fujielectric.co.jp/eng/fdt/,Discrete/Power,Discrete,"Power devices, IGBT, Schottky barrier diodes",IGBT,0.35,8,55000,55000,,,,2013,2011,2013,2013,/Users/simon/Documents/Simon-OB/本体论/base/半导体/SEMI_WFF_2026_1Q.xlsx,Company Detail,http://www.fujielectric.co.jp/eng/fdt/
Fuji Electric - Matsumoto SiC line,,晶圆制造工厂,"Fuji Electric 的 Matsumoto SiC line，位于 Matsumoto, Nagano, 日本。",3701,晶圆厂，中试线,In production,Matsumoto,Nagano,日本,日本,日本,"18-1, Tsukama 4-chome",http://www.fujielectric.co.jp/eng/fdt/,Discrete/Power,Discrete,"SiC Power MOSFET, IGBT",SiC,1,6,2000,1125,,,,2013,,2013,2013,/Users/simon/Documents/Simon-OB/本体论/base/半导体/SEMI_WFF_2026_1Q.xlsx,Company Detail,http://www.fujielectric.co.jp/eng/fdt/
Fuji Electric - Fab 5 (200mm),,晶圆制造工厂,"Fuji Electric 的 Fab 5 (200mm)，位于 Matsumoto, Nagano, 日本。",3895,晶圆厂,In production,Matsumoto,Nagano,日本,日本,日本,4 Chome-18-1 Tsukama,http://www.fujielectric.co.jp/eng/fdt/,Discrete/Power,Discrete,Power devices using also SiC,SiC,0.15,8,70000,70000,,,,2016,2015,2016,2016,/Users/simon/Documents/Simon-OB/本体论/base/半导体/SEMI_WFF_2026_1Q.xlsx,Company Detail,http://www.fujielectric.co.jp/eng/fdt/
Fuji Electric - Fab 5 (150mm),,晶圆制造工厂,"Fuji Electric 的 Fab 5 (150mm)，位于 Matsumoto, Nagano, 日本。",3892,晶圆厂,In production,Matsumoto,Nagano,日本,日本,日本,4 Chome-18-1 Tsukama,http://www.fujielectric.co.jp/eng/fdt/,Discrete/Power,Discrete,Power devices on SiC,SiC,0.15,6,20000,11250,,,,2010,2009,2010,2010,/Users/simon/Documents/Simon-OB/本体论/base/半导体/SEMI_WFF_2026_1Q.xlsx,Company Detail,http://www.fujielectric.co.jp/eng/fdt/
Fuji Electric - Tsugaru 150mm line,,晶圆制造工厂,"Fuji Electric 的 Tsugaru 150mm line，位于 Goshogawara, Aomori, 日本。",302,晶圆厂,In production-merged,Goshogawara,Aomori,日本,日本,日本,"156, Nabekake, Urushikawa",http://www.fujielectric.co.jp/eng/fdt/,Discrete/Power,Discrete,"IGBT, FWD, Power devices (MOSFET), Rectifier diodes","CMOS, MOSFET",0.35,6,20000,11250,,1,,1985,,,,/Users/simon/Documents/Simon-OB/本体论/base/半导体/SEMI_WFF_2026_1Q.xlsx,Company Detail,http://www.fujielectric.co.jp/eng/fdt/
Fuji Electric - Tsugaru SiC Line,,晶圆制造工厂,"Fuji Electric 的 Tsugaru SiC Line，位于 Goshogawara, Aomori, 日本。",6620,晶圆厂,In production,Goshogawara,Aomori,日本,日本,日本,"156, Nabekake, Urushikawa",http://www.fujielectric.co.jp/eng/fdt/,Discrete/Power,Discrete,,SiC,0.35,6,10000,5625,,,,2024,,2023,2023,/Users/simon/Documents/Simon-OB/本体论/base/半导体/SEMI_WFF_2026_1Q.xlsx,Company Detail,http://www.fujielectric.co.jp/eng/fdt/
Fuji Electric - Matsumoto 8inch SiC Line,,晶圆制造工厂,"Fuji Electric 的 Matsumoto 8inch SiC Line，位于 Matsumoto, Nagano, 日本。",6621,晶圆厂,In production,Matsumoto,Nagano,日本,日本,日本,4 Chome-18-1 Tsukama,http://www.fujielectric.co.jp/eng/fdt/,Discrete/Power,Discrete,SiC MOSFET,SiC,0.35,8,15000,15000,,,,2025,,2025,2025,/Users/simon/Documents/Simon-OB/本体论/base/半导体/SEMI_WFF_2026_1Q.xlsx,Company Detail,http://www.fujielectric.co.jp/eng/fdt/
Fuji Electric - Tsugaru 200mm line,,晶圆制造工厂,"Fuji Electric 的 Tsugaru 200mm line，位于 Goshogawara, Aomori, 日本。",6243,晶圆厂,In production,Goshogawara,Aomori,日本,日本,日本,"156 Nabekake, Urushikawa,",http://www.fujielectric.co.jp/eng/fdt/,Discrete/Power,Discrete,"IGBT, FWD, Power devices (MOSFET), Rectifier diodes",,0.35,8,20000,20000,,,,2022,2021,2022,2022,/Users/simon/Documents/Simon-OB/本体论/base/半导体/SEMI_WFF_2026_1Q.xlsx,Company Detail,http://www.fujielectric.co.jp/eng/fdt/
Fuji Electric - Fab 3 + Fab 4 (are in same Bldg),,晶圆制造工厂,"Fuji Electric 的 Fab 3 + Fab 4 (are in same Bldg)，位于 Matsumoto, Nagano, 日本。",1809,晶圆厂,In production-merged,Matsumoto,Nagano,日本,日本,日本,4 Chome-18-1 Tsukama,http://www.fujielectric.co.jp/eng/fdt/,Discrete/Power,Discrete,Power IC using SiC,SiC,0.15,6,50000,28125,,,,2002,,,,/Users/simon/Documents/Simon-OB/本体论/base/半导体/SEMI_WFF_2026_1Q.xlsx,Company Detail,http://www.fujielectric.co.jp/eng/fdt/
Fuji Electric - Tokyo MEMS fab,,晶圆制造工厂,"Fuji Electric 的 Tokyo MEMS fab，位于 Tokyo, Tokyo, 日本。",6140,晶圆厂,In production,Tokyo,Tokyo,日本,日本,日本,"1 Fujimachi, Hino,",http://www.fujielectric.co.jp/eng/fdt/,MEMS,MEMS,"Gyroscope, Accelerometer, MEMS sensors, MEMS foundry,",Intelligent Micro Module,1,4,3000,750,16000,100,,1985,1984,1985,1985,/Users/simon/Documents/Simon-OB/本体论/base/半导体/SEMI_WFF_2026_1Q.xlsx,Company Detail,http://www.fujielectric.co.jp/eng/fdt/
"Fujian Angstrem Semiconductor Co. Ltd. - 4"" line",,晶圆制造工厂,"Fujian Angstrem Semiconductor Co. Ltd. 的 4"" line，位于 Putian, Fujian, 中国。",3021,晶圆厂,In production,Putian,Fujian,中国,中国,亚太,Chigang Overseas Chinese Economic Development Zone,http://www.fjangstrem.com,Discrete/Power,Discrete,"Power, MOSFET, LED driver IC, MR sensor, Transistors",,3,4,30000,7500,,,161459,2003,2002,2003,2003,/Users/simon/Documents/Simon-OB/本体论/base/半导体/SEMI_WFF_2026_1Q.xlsx,Company Detail,http://www.fjangstrem.com
Fujian Jin Hua Semiconductor - Jinjiang DRAM (Phase 1),,晶圆制造工厂,"Fujian Jin Hua Semiconductor 的 Jinjiang DRAM (Phase 1)，位于 Jinjiang, Fujian, 中国。",3872,晶圆厂,In production,Jinjiang,Fujian,中国,中国,亚太,Century Avenue,http://ft.jhicc.cn/,Foundry/Memory,Memory,"Specialty DRAM, MCU","CMOS, DRAM",0.025,12,60000,135000,,,,2022,2016,2022,2022,/Users/simon/Documents/Simon-OB/本体论/base/半导体/SEMI_WFF_2026_1Q.xlsx,Company Detail,http://ft.jhicc.cn/
"FujiFilm-Dimatix, Inc - Fab 1",,晶圆制造工厂,"FujiFilm-Dimatix, Inc 的 Fab 1，位于 Santa Clara, California, 美国。",2166,晶圆厂，研发,In production,Santa Clara,California,美国,美洲,NA,2250 Martin Avenue,http://www.dimatix.com,MEMS,MEMS,MEMS: inkjet MEMS,"CMOS, MEMS",1.5,4,500,125,5000,100,33000,2005,2005,2005,2005,/Users/simon/Documents/Simon-OB/本体论/base/半导体/SEMI_WFF_2026_1Q.xlsx,Company Detail,http://www.dimatix.com
Fujitsu Semiconductor Limited - Aizu No.1 GaN Line,,晶圆制造工厂,"Fujitsu Semiconductor Limited 的 Aizu No.1 GaN Line，位于 Aizu Wakamatsu, Fukushima, 日本。",3679,晶圆厂,In production,Aizu Wakamatsu,Fukushima,日本,日本,日本,"3 Kogyo Danchi, Monden-machi",http://jp.fujitsu.com/group/fml/en/,Discrete/Power,Discrete,GaN power devices,GaN,0.6,6,14000,7875,,,,2014,2011,2014,2014,/Users/simon/Documents/Simon-OB/本体论/base/半导体/SEMI_WFF_2026_1Q.xlsx,Company Detail,http://jp.fujitsu.com/group/fml/en/
Fujitsu Semiconductor Limited - Aizu No.1 (was Bldg. No.1/No.2),,晶圆制造工厂,"Fujitsu Semiconductor Limited 的 Aizu No.1 (was Bldg. No.1/No.2)，位于 Aizu Wakamatsu, Fukushima, 日本。",181,晶圆厂,In production,Aizu Wakamatsu,Fukushima,日本,日本,日本,"3 Kogyo Danchi, Monden-machi",http://jp.fujitsu.com/group/fml/en/,代工/模拟与混合信号与功率,Analog,"Foundry service (start end 2014), Analog/Mixed Signal, Logic, GaN power devices","CMOS, GaN",0.35,6,20000,11250,,10,,1984,,2014,2014,/Users/simon/Documents/Simon-OB/本体论/base/半导体/SEMI_WFF_2026_1Q.xlsx,Company Detail,http://jp.fujitsu.com/group/fml/en/
"Galaxy - 4"" fab",,晶圆制造工厂,"Galaxy 的 4"" fab，位于 Changzhou, Jiangsu, 中国。",2817,晶圆厂,In production,Changzhou,Jiangsu,中国,中国,亚太,"208 Chaohu Road, Xinbei District",http://www.galaxycn.com/,Discrete/Power,Discrete,Rectifier diodes,,1,4,15000,3750,,,,2004,2003,2004,2004,/Users/simon/Documents/Simon-OB/本体论/base/半导体/SEMI_WFF_2026_1Q.xlsx,Company Detail,http://www.galaxycn.com/
"Galaxy - 3"" fab",,晶圆制造工厂,"Galaxy 的 3"" fab，位于 Changzhou, Jiangsu, 中国。",2559,晶圆厂,In production,Changzhou,Jiangsu,中国,中国,亚太,"No.168, Hehai West Road, New District",http://www.galaxycn.com/,Discrete/Power,Discrete,Rectifier Diodes,,1.5,3,15000,2109.375,,,,2001,2000,2001,2001,/Users/simon/Documents/Simon-OB/本体论/base/半导体/SEMI_WFF_2026_1Q.xlsx,Company Detail,http://www.galaxycn.com/
"Galaxy - 6"" Fab",,晶圆制造工厂,"Galaxy 的 6"" Fab，位于 Changzhou, Jiangsu, 中国。",6661,晶圆厂,In production,Changzhou,Jiangsu,中国,中国,亚太,"No. 19 Changjiang North Road, Xinbei District",http://www.galaxycn.com/,Discrete/Power,Discrete,,,0.5,6,50000,28125,,,,2007,2006,,,/Users/simon/Documents/Simon-OB/本体论/base/半导体/SEMI_WFF_2026_1Q.xlsx,Company Detail,http://www.galaxycn.com/
GalaxyCore - CIS fab,,晶圆制造工厂,"GalaxyCore 的 CIS fab，位于 Shanghai, Shanghai, 中国。",6176,晶圆厂，研发,In production,Shanghai,Shanghai,中国,中国,亚太,Lin-Gang Special Area,http://en.gcoreinc.com/,Opto/Image Sensors,Opto,"CMOS Image Sensor (CIS) wafer bonding, wafer thinning, BSI process (back-side illuminated (BSI) imaging sensors.)",,0.13,12,60000,135000,,,,2022,2020,2022,2022,/Users/simon/Documents/Simon-OB/本体论/base/半导体/SEMI_WFF_2026_1Q.xlsx,Company Detail,http://en.gcoreinc.com/
"GCS (Global Communication Semiconductors, Inc.) - GCS",,晶圆制造工厂,"GCS (Global Communication Semiconductors, Inc.) 的 GCS，位于 Torrance, California, 美国。",1827,晶圆厂,in production,Torrance,California,美国,美洲,NA,23155 Kashiwa Court,http://www.GCSincorp.com,代工/模拟与混合信号与功率,Analog,"GaAs & GaN RF wafer foundry; InP HBT wafer foundry, Power electronic and opto eletcronics foundry.","PHEMT, III-V: GaAs, InGaP, InP, GaN RF",0.25,4,6400,1600,7000,1,38000,1999,1998,1998,1999,/Users/simon/Documents/Simon-OB/本体论/base/半导体/SEMI_WFF_2026_1Q.xlsx,Company Detail,http://www.GCSincorp.com
GE - BHGE (Baker Hughes) - BHGE,,晶圆制造工厂,"GE - BHGE (Baker Hughes) 的 BHGE，位于 Sutton Coldfield, West Midlands, England。",485,晶圆厂,in production,Sutton Coldfield,West Midlands,England,Europe & Mideast,欧洲,"Excelsior Rd, Ashby-de-la-Zouch",https://www.bhge.com/,Discrete/Power,Discrete,"Power Discrete, GaAs",GaAs,2,4,2000,500,54000,,,1986,1985,1986,1986,/Users/simon/Documents/Simon-OB/本体论/base/半导体/SEMI_WFF_2026_1Q.xlsx,Company Detail,https://www.bhge.com/
GeneSiC Semiconductor Inc. - N/A,,晶圆制造工厂,"GeneSiC Semiconductor Inc. 的 N/A，位于 Dulles, Virginia, 美国。",3518,晶圆厂，中试线,In production,Dulles,Virginia,美国,美洲,NA,43670 Trade Center Place Ste. 155,www.genesicsemi.com,Discrete/Power,Discrete,"Power, High temperarture SiC, Commercial SiC (Bare Die, Schottky Rectifriers, Thyristors); SiC Junction Transistors",SiC,1.2,6,15,8.4375,,,,2007,,,,/Users/simon/Documents/Simon-OB/本体论/base/半导体/SEMI_WFF_2026_1Q.xlsx,Company Detail,file:///Users/simon/Documents/Simon-OB/%E6%9C%AC%E4%BD%93%E8%AE%BA/base/%E5%8D%8A%E5%AF%BC%E4%BD%93/output/semiconductor_ontology.json
"GF (Globalfoundries) - Giga+ Fab (Fab 2,3,5, was Fab 2)",,晶圆制造工厂,"GF (Globalfoundries) 的 Giga+ Fab (Fab 2,3,5, was Fab 2)，位于 新加坡, 新加坡, 新加坡。",97,晶圆厂,In production-merged,新加坡,新加坡,新加坡,SE Asia,亚太,"60 Woodlands, Street 2,  Industrial Park D",http://www.globalfoundries.com,Foundry/Analog&Mixed Signal,Analog,"Logic, Analog/Mixed Signal, High Voltage, RFCMIS, SRAM, OTP, EPROM, EEPROM, BCD, BCDLite, NVM RFSOI","CMOS; BiCMOS; HVCMOS, Al, BCD, BCDLite, HV, NVM RFSOI, LP SiGe,",0.18,8,62000,62000,109000,1,654177,1995,,,,/Users/simon/Documents/Simon-OB/本体论/base/半导体/SEMI_WFF_2026_1Q.xlsx,Company Detail,http://www.globalfoundries.com
"GF (Globalfoundries) - Fab 1, Annex",,晶圆制造工厂,"GF (Globalfoundries) 的 Fab 1, Annex，位于 Dresden, Saxony, 德国。",3262,晶圆厂,Merged,Dresden,Saxony,德国,Europe & Mideast,欧洲,Wilschdorfer Landstrasse 101,http://www.globalfoundries.com,Foundry/Analog&Mixed Signal,Analog,"Foundry service, 22nm FD-SOI (since 2017, 12nm FDX  planned for 2022/2023) for RF (mm-wave, eMRAM),  NVM, HV, BCDLite, MPU, Logic, for wireless communication for smartphones, IoT, automotive and phone cameras","CMOS, Cu, low-K; NVM, HV, FDSOI (FDX), BCDLite, SiGe, GaN, SiPH",0.022,12,25000,56250,110000,100,,2011,2010,2011,2011,/Users/simon/Documents/Simon-OB/本体论/base/半导体/SEMI_WFF_2026_1Q.xlsx,Company Detail,http://www.globalfoundries.com
GF (Globalfoundries) - Fab 8 phase 3 (TDC Technology Development Center),,晶圆制造工厂,"GF (Globalfoundries) 的 Fab 8 phase 3 (TDC Technology Development Center)，位于 Malta, New York, 美国。",3556,晶圆厂，中试线，研发,In production,Malta,New York,美国,美洲,NA,400 Stone Break Rd Extension,http://www.globalfoundries.com,Foundry/Analog&Mixed Signal,Analog,"Foundry service, MPU, and 12LP (12nm FinFET for AMD's Ryzen 7 2700X); NVM, RFSOI; new interconnect and packaging technologies that enable three-dimensional (3D) stacking of chips to leading-edge photomasks for EUV and everything in between","CMOS, Cu, SOI, RF SOI, FinFET, SiPh, NVM, low-K; Strained Si; NiSix; Ultra-Low K",0.012,12,27000,60750,130000,,565000,2016,2013,2016,2016,/Users/simon/Documents/Simon-OB/本体论/base/半导体/SEMI_WFF_2026_1Q.xlsx,Company Detail,http://www.globalfoundries.com
GF (Globalfoundries) - Fab 8.2 module 1,,晶圆制造工厂,"GF (Globalfoundries) 的 Fab 8.2 module 1，位于 Malta, New York, 美国。",3583,晶圆厂,Announced,Malta,New York,美国,美洲,NA,Rocket Way,http://www.globalfoundries.com,Foundry/Analog&Mixed Signal,Analog,"Foundry service, 12nm FinFET, possibly using 10nm shrink derivates; NVM, RFSOI","CMOS, Cu, SOI, RF SOI, FinFET, SiPh, NVM, low-K; Strained Si; NiSix; Ultra-Low K",0.01,12,33000,74250,160000,,300000,2029,2026,2029,2029,/Users/simon/Documents/Simon-OB/本体论/base/半导体/SEMI_WFF_2026_1Q.xlsx,Company Detail,http://www.globalfoundries.com
GF (Globalfoundries) - Fab 7G (Fab 7 + Fab 6),,晶圆制造工厂,"GF (Globalfoundries) 的 Fab 7G (Fab 7 + Fab 6)，位于 新加坡, 新加坡, 新加坡。",1701,晶圆厂,In production-merged,新加坡,新加坡,新加坡,SE Asia,亚太,"60 Woodlands, Street 2,  Industrial Park D",http://www.globalfoundries.com,Foundry/Analog&Mixed Signal,Analog,"Logic Foundry; AMD MPU; SOC; Application Specific IC; mixed signal, MEMS, RF-SOI","CMOS; RF CMOS; RF-SOI; Cu; low-K; high-K, strained Si, MEMS",0.04,12,68000,153000,380000,100,,2005,2000,2005,2005,/Users/simon/Documents/Simon-OB/本体论/base/半导体/SEMI_WFF_2026_1Q.xlsx,Company Detail,http://www.globalfoundries.com
GF (Globalfoundries) - Fab 9 (was IBM B 973 & B 970),,晶圆制造工厂,"GF (Globalfoundries) 的 Fab 9 (was IBM B 973 & B 970)，位于 Essex Junction, Vermont, 美国。",353,晶圆厂,In production-merged,Essex Junction,Vermont,美国,美洲,NA,1000 River Street,http://www.globalfoundries.com,Foundry/Analog&Mixed Signal,Analog,"Logic Foundry; Embedded Logic; RF, RFSOI, SiGe, Analog/Mixed Signal, wireless products for LAN, handheld & Bluetooth; RF devices for mobile and IBMs own server MPUs. Products using GaN, SiGe and BCD.","CMOS; BiCMOS; Cu; SiGe; GaN; SOI; RFSOI, (Silicon), BCD",0.09,8,65000,65000,70000,10,420000,1989,1988,1989,1989,/Users/simon/Documents/Simon-OB/本体论/base/半导体/SEMI_WFF_2026_1Q.xlsx,Company Detail,http://www.globalfoundries.com
GF (Globalfoundries) - Dresden Expansion Phase 1 (SPRINT),,晶圆制造工厂,"GF (Globalfoundries) 的 Dresden Expansion Phase 1 (SPRINT)，位于 Dresden, Saxony, 德国。",6240,晶圆厂,Constructing,Dresden,Saxony,德国,Europe & Mideast,欧洲,Wilschdorfer Landstraße 101,http://www.globalfoundries.com,Foundry/Analog&Mixed Signal,Analog,"Foundry service, 22FDX FD-SOI low power process technology used for power and RF devices,  28nm, 40nm and 55nm processes for devices such as automotive and IoT microcontrollers.","CMOS, Cu, low-K; NVM, HV, FDSOI (FDX), BCDLiteCu, SOI, low-K; NiSix; Ultra-Low K, SiPh",0.022,12,12000,27000,53800,,,2027,,,,/Users/simon/Documents/Simon-OB/本体论/base/半导体/SEMI_WFF_2026_1Q.xlsx,Company Detail,http://www.globalfoundries.com
GF (Globalfoundries) - Fab 8 phase 1 (was called Fab 2),,晶圆制造工厂,"GF (Globalfoundries) 的 Fab 8 phase 1 (was called Fab 2)，位于 Malta, New York, 美国。",2322,晶圆厂,In production-merged,Malta,New York,美国,美洲,NA,400 Stone Break Rd Extension,http://www.globalfoundries.com,Foundry/Analog&Mixed Signal,Analog,"Foundry service, MPU, and 12LP (12nm FinFET for AMD's Ryzen 7 2700X), NVM, RFSOI","CMOS, Cu, SOI, RFSOI, FinFET, SiPh, NVM, low-K; Strained Si; NiSix; Ultra-Low K",0.012,12,48000,108000,310000,100,883000,2012,2009,2012,2012,/Users/simon/Documents/Simon-OB/本体论/base/半导体/SEMI_WFF_2026_1Q.xlsx,Company Detail,http://www.globalfoundries.com
GF (Globalfoundries) - Fab 1 Mod 1+2+3 (was mod 2 was Fab 30/38 started first in 1999),,晶圆制造工厂,"GF (Globalfoundries) 的 Fab 1 Mod 1+2+3 (was mod 2 was Fab 30/38 started first in 1999)，位于 Dresden, Saxony, 德国。",1370,晶圆厂，研发,In production-merged,Dresden,Saxony,德国,Europe & Mideast,欧洲,Wilschdorfer Landstrasse 101,http://www.globalfoundries.com,Foundry/Analog&Mixed Signal,Analog,"Foundry service, 22nm FD-SOI (since 2017, 12nm FDX  planned for 2022/2023) for RF (mm-wave, eMRAM),  NVM, HV, BCDLite, MPU, Logic, for wireless communication for smartphones, IoT, automotive and phone cameras","CMOS, Cu, low-K; NVM, HV, FDSOI (FDX), BCDLite, SiGe, GaN, SiPH",0.022,12,74000,166500,559723,100,866000,1999,2006,2009,2009,/Users/simon/Documents/Simon-OB/本体论/base/半导体/SEMI_WFF_2026_1Q.xlsx,Company Detail,http://www.globalfoundries.com
GF (Globalfoundries) - Fab 7H (New Fab Singapore),,晶圆制造工厂,"GF (Globalfoundries) 的 Fab 7H (New Fab Singapore)，位于 新加坡, 新加坡, 新加坡。",6233,晶圆厂,In production,新加坡,新加坡,新加坡,SE Asia,亚太,"60 Woodlands Industrial Park D, Street 2",http://www.globalfoundries.com,Foundry/Analog&Mixed Signal,Analog,"GF-made chips used in automobiles, smartphones, wireless connectivity, internet of things (IoT) devices and other applications","CMOS, Cu, SOI, low-K; Strained Si; NiSix; Ultra-Low K",0.04,12,33000,74250,247570,,,2023,2021,2023,2023,/Users/simon/Documents/Simon-OB/本体论/base/半导体/SEMI_WFF_2026_1Q.xlsx,Company Detail,http://www.globalfoundries.com
GF (Globalfoundries) - Fab 8.2 module 2,,晶圆制造工厂,"GF (Globalfoundries) 的 Fab 8.2 module 2，位于 Malta, New York, 美国。",6376,晶圆厂,Not announced,Malta,New York,美国,美洲,NA,Rocket Way,http://www.globalfoundries.com,Foundry/Analog&Mixed Signal,Analog,"Foundry service, 12nm FinFET, possibly using 10nm shrink derivates; NVM, RFSOI","CMOS, Cu, SOI, RF SOI, FinFET, SiPh, NVM, low-K; Strained Si; NiSix; Ultra-Low K",0.01,12,22000,49500,150000,,,2030,2026,2030,2030,/Users/simon/Documents/Simon-OB/本体论/base/半导体/SEMI_WFF_2026_1Q.xlsx,Company Detail,http://www.globalfoundries.com
GF (Globalfoundries) - Dresden Expansion Phase 2 (SPRINT),,晶圆制造工厂,"GF (Globalfoundries) 的 Dresden Expansion Phase 2 (SPRINT)，位于 Dresden, Saxony, 德国。",6675,晶圆厂,Planned,Dresden,Saxony,德国,Europe & Mideast,欧洲,Wilschdorfer Landstraße 101,http://www.globalfoundries.com,Foundry/Analog&Mixed Signal,Analog,"Foundry service, 22FDX FD-SOI low power process technology used for power and RF devices,  28nm, 40nm and 55nm processes for devices such as automotive and IoT microcontrollers.","CMOS, Cu, low-K; NVM, HV, FDSOI (FDX), BCDLiteCu, SOI, low-K; NiSix; Ultra-Low K, SiPh",0.012,12,50000,112500,,,,2030,2028,2030,2030,/Users/simon/Documents/Simon-OB/本体论/base/半导体/SEMI_WFF_2026_1Q.xlsx,Company Detail,http://www.globalfoundries.com
Global Power Technology - Dongsheng fab,,晶圆制造工厂,"Global Power Technology 的 Dongsheng fab，位于 Beijing, Beijing, 中国。",3930,晶圆厂,In production,Beijing,Beijing,中国,中国,亚太,"Dongsheng Technology Park, Bldg B-1 West, 66 Xixiaokou Rd,Haidian District",http://www.globalpowertech.cn,Discrete/Power,Discrete,"Power, SiC Schottky diode",SiC,1,4,2500,625,,100,20409,2013,2012,2013,2013,/Users/simon/Documents/Simon-OB/本体论/base/半导体/SEMI_WFF_2026_1Q.xlsx,Company Detail,http://www.globalpowertech.cn
Global Power Technology - Liuyang fab,,晶圆制造工厂,"Global Power Technology 的 Liuyang fab，位于 Liuyang, Hunan, 中国。",5095,晶圆厂,In production,Liuyang,Hunan,中国,中国,亚太,Liuyang High-tech Zone,http://www.globalpowertech.cn,Discrete/Power,Discrete,SiC power device,SiC,1,6,2500,1406.25,,,,2021,2019,2021,2021,/Users/simon/Documents/Simon-OB/本体论/base/半导体/SEMI_WFF_2026_1Q.xlsx,Company Detail,http://www.globalpowertech.cn
Global Power Technology - Beijing 8inch line,,晶圆制造工厂,"Global Power Technology 的 Beijing 8inch line，位于 Beijing, Bejing, 中国。",6559,晶圆厂，中试线,In production,Beijing,Bejing,中国,中国,亚太,"New Materials Venture Building, Yongfeng Base, Haidian District",http://www.globalpowertech.cn,Discrete/Power,Discrete,,SiC,0.5,8,1700,1700,,,,2026,2023,2025,2026,/Users/simon/Documents/Simon-OB/本体论/base/半导体/SEMI_WFF_2026_1Q.xlsx,Company Detail,http://www.globalpowertech.cn
GPD Optoelectronics Corp. - N/A,,晶圆制造工厂,"GPD Optoelectronics Corp. 的 N/A，位于 Salem, New Hampshire, 美国。",224,晶圆厂，研发,in production,Salem,New Hampshire,美国,美洲,NA,7 Manor Parkway,http://www.GPD-ir.com,光电器件/激光器及其他,Opto,NIR/SWIR Ge and InGaAs Photodetectors (500nm to 2.6 micron) and Ge and InGaAs APDs,"EPI, Ge, InGaAs",0.5,3,15000,2109.375,7000,1000,,1974,1972,1974,1974,/Users/simon/Documents/Simon-OB/本体论/base/半导体/SEMI_WFF_2026_1Q.xlsx,Company Detail,http://www.GPD-ir.com
Green InnoCore - Zibo 150mm fab,,晶圆制造工厂,"Green InnoCore 的 Zibo 150mm fab，位于 Zibo, Shandong, 中国。",6402,晶圆厂，中试线,In production,Zibo,Shandong,中国,中国,亚太,"Plant 5, No 158, Zhongrun Avenue, High-tech Zone.",https://www.gietsic.com/,Discrete/Power,Discrete,SiC MOSFET,"MOSFET, SiC",0.5,6,10000,5625,,,,2021,2020,2021,2021,/Users/simon/Documents/Simon-OB/本体论/base/半导体/SEMI_WFF_2026_1Q.xlsx,Company Detail,https://www.gietsic.com/
Green InnoCore - New Hefei 150mm Fab,,晶圆制造工厂,"Green InnoCore 的 New Hefei 150mm Fab，位于 Hefei, Anhui, 中国。",6407,晶圆厂,Constructing,Hefei,Anhui,中国,中国,亚太,Hefei Xinzhan High-tech Industrial Park,https://www.gietsic.com/,Discrete/Power,Discrete,SiC MOSFET,SiC MOSFET,0.5,6,20000,11250,,,,2027,2026,2027,2027,/Users/simon/Documents/Simon-OB/本体论/base/半导体/SEMI_WFF_2026_1Q.xlsx,Company Detail,https://www.gietsic.com/
GTA Semiconductor - Fab 2,,晶圆制造工厂,"GTA Semiconductor 的 Fab 2，位于 Shanghai, Shanghai, 中国。",6,晶圆厂,In production,Shanghai,Shanghai,中国,中国,亚太,385 Hong Cao Road,http://www.gtasemi.com.cn/,代工/功率,Discrete,"Foundry,Power, IGBT, MEMS, TVS, MOSFET, MEMS","IGBT, BiCMOS, TVS, MOS",0.5,6,45000,25312.5,16146,1,,1997,1995,1996,1997,/Users/simon/Documents/Simon-OB/本体论/base/半导体/SEMI_WFF_2026_1Q.xlsx,Company Detail,http://www.gtasemi.com.cn/
GTA Semiconductor - Fab 1,,晶圆制造工厂,"GTA Semiconductor 的 Fab 1，位于 Shanghai, Shanghai, 中国。",791,晶圆厂,In production,Shanghai,Shanghai,中国,中国,亚太,385 Hong Cao Road,http://www.gtasemi.com.cn/,代工/功率,Discrete,"Power, IGBT, Analog Digital TV Foundry MOSFET Linear Discrete","IGBT, Bipolar, BiCMOS, TVS, MEMS",1,5,5000,1953.125,16146,10,433000,1992,1990,1992,1992,/Users/simon/Documents/Simon-OB/本体论/base/半导体/SEMI_WFF_2026_1Q.xlsx,Company Detail,http://www.gtasemi.com.cn/
GTA Semiconductor - Fab 3,,晶圆制造工厂,"GTA Semiconductor 的 Fab 3，位于 Shanghai, Shanghai, 中国。",1855,晶圆厂,In production,Shanghai,Shanghai,中国,中国,亚太,385 Hong Cao Road,http://www.gtasemi.com.cn/,代工/功率,Discrete,"Foundry, cellular chips, Mixed signal, RF, EEPROM, BCD devices","EEPROM, BCD, MOS, VDMOS",0.25,8,30000,30000,43000,1,,2004,2002,2003,2004,/Users/simon/Documents/Simon-OB/本体论/base/半导体/SEMI_WFF_2026_1Q.xlsx,Company Detail,http://www.gtasemi.com.cn/
GTA Semiconductor - Fab 5 (200mm),,晶圆制造工厂,"GTA Semiconductor 的 Fab 5 (200mm)，位于 Shanghai, Shanghai, 中国。",5029,晶圆厂,In production,Shanghai,Shanghai,中国,中国,亚太,"600, Yunshui Rd, Pudong New Area",http://www.gtasemi.com.cn/,代工/模拟与混合信号与功率,Analog,"Analog, Power semiconductors, IGBT, MOSFET",BCD,0.11,8,80000,80000,,,820380,2020,2018,2020,2020,/Users/simon/Documents/Simon-OB/本体论/base/半导体/SEMI_WFF_2026_1Q.xlsx,Company Detail,http://www.gtasemi.com.cn/
GTA Semiconductor - Fab 7,,晶圆制造工厂,"GTA Semiconductor 的 Fab 7，位于 Shanghai, Shanghai, 中国。",5030,晶圆厂,In production,Shanghai,Shanghai,中国,中国,亚太,Lingang Industrial Zone,http://www.gtasemi.com.cn/,代工/模拟与混合信号与功率,Analog,Analog and power semiconductors (IGBT),BCD,0.065,12,47000,105750,,,1129380,2024,2022,2024,2024,/Users/simon/Documents/Simon-OB/本体论/base/半导体/SEMI_WFF_2026_1Q.xlsx,Company Detail,http://www.gtasemi.com.cn/
GTX Semiconductor - GTX Semiconductor (ICRD Phase3),,晶圆制造工厂,"GTX Semiconductor 的 GTX Semiconductor (ICRD Phase3)，位于 Shanghai, Shanghai, 中国。",6548,晶圆厂,In production,Shanghai,Shanghai,中国,中国,亚太,"No. 277 Huiwang Road, Xuxing Town, Jiading District",http://www.gtxsemi.com/,Foundry/Logic,Logic&Micro,,,0.028,12,40000,90000,,,322917,2024,2023,2024,2024,/Users/simon/Documents/Simon-OB/本体论/base/半导体/SEMI_WFF_2026_1Q.xlsx,Company Detail,http://www.gtxsemi.com/
GTX Semiconductor - GTX Semiconductor Phase 2 (ICRD Phase3),,晶圆制造工厂,"GTX Semiconductor 的 GTX Semiconductor Phase 2 (ICRD Phase3)，位于 Shanghai, Shanghai, 中国。",6604,晶圆厂，中试线，研发,On hold,Shanghai,Shanghai,中国,中国,亚太,"No. 277 Huiwang Road, Xuxing Town, Jiading District",http://www.gtxsemi.com/,Foundry/Logic,Logic&Micro,,,0.028,12,40000,90000,,,322917,2027,2023,2027,2027,/Users/simon/Documents/Simon-OB/本体论/base/半导体/SEMI_WFF_2026_1Q.xlsx,Company Detail,http://www.gtxsemi.com/
Guo Gao MEMS - MEMS line,,晶圆制造工厂,"Guo Gao MEMS 的 MEMS line，位于 Zibo, Shandong, 中国。",3796,晶圆厂，中试线，研发,In production,Zibo,Shandong,中国,中国,亚太,"158, Zhongrun Ave.",http://www.zbmems.com/,MEMS,MEMS,"MEMS foundry, pilot",MEMS,1,4,2000,500,,,,2016,2014,2016,2016,/Users/simon/Documents/Simon-OB/本体论/base/半导体/SEMI_WFF_2026_1Q.xlsx,Company Detail,http://www.zbmems.com/
Hamamatsu Photonics - Hamamatsu Fab 5,,晶圆制造工厂,"Hamamatsu Photonics 的 Hamamatsu Fab 5，位于 Hamamatsu, Shizuoka, 日本。",6509,晶圆厂,In production,Hamamatsu,Shizuoka,日本,日本,日本,"1126-1, Ichino-cho, Higashi-ku, Shizuoka Pref., Japan",http://www.hamamatsu.com,Opto/Image Sensors,Opto,,,0.5,8,8000,8000,,,3083,2026,2023,2025,2026,/Users/simon/Documents/Simon-OB/本体论/base/半导体/SEMI_WFF_2026_1Q.xlsx,Company Detail,http://www.hamamatsu.com
Hamamatsu Photonics - Shingai Fab,,晶圆制造工厂,"Hamamatsu Photonics 的 Shingai Fab，位于 Hamamatsu, Shizuoka, 日本。",5113,晶圆厂,In production,Hamamatsu,Shizuoka,日本,日本,日本,"1128, Shingai-cho, Minami-ku,",http://www.hamamatsu.com,MEMS/Opto,MEMS,"Opto semiconductors, opto sensors, x ray image sensors",,0.5,8,5000,5000,,,161460,2020,2019,2020,2020,/Users/simon/Documents/Simon-OB/本体论/base/半导体/SEMI_WFF_2026_1Q.xlsx,Company Detail,http://www.hamamatsu.com
Hamamatsu Photonics - 13th building (Ichino factory),,晶圆制造工厂,"Hamamatsu Photonics 的 13th building (Ichino factory)，位于 Hamamatsu, Shizuoka, 日本。",3607,晶圆厂,In production,Hamamatsu,Shizuoka,日本,日本,日本,"1126-1, Ichino-cho, Higashi-ku,",http://www.hamamatsu.com,MEMS/Opto,MEMS,"Opto semiconductor devices, MOMEMS (photonic MEMS, applied in optical networking and telecommunication devices,_","MOEMS, MEMS",0.5,8,3000,3000,,,81085,2014,2013,2014,2014,/Users/simon/Documents/Simon-OB/本体论/base/半导体/SEMI_WFF_2026_1Q.xlsx,Company Detail,http://www.hamamatsu.com
Hamamatsu Photonics - 12th building,,晶圆制造工厂,"Hamamatsu Photonics 的 12th building，位于 Hamamatsu, Shizuoka, 日本。",2195,晶圆厂,In production,Hamamatsu,Shizuoka,日本,日本,日本,"1126-1, Ichino-cho, Higashi-ku,",http://www.hamamatsu.com,MEMS/Opto,MEMS,MOEMS (MicroOptoElectroMechanical Systems) oriented module products (photonic MEMS applied in optical networking and telecommunication devices),MOEMS,0.5,6,5000,2812.5,,,,2007,2005,2006,2007,/Users/simon/Documents/Simon-OB/本体论/base/半导体/SEMI_WFF_2026_1Q.xlsx,Company Detail,http://www.hamamatsu.com
Hamamatsu Photonics - Main Factory,,晶圆制造工厂,"Hamamatsu Photonics 的 Main Factory，位于 Hamamatsu, Shizuoka, 日本。",230,晶圆厂,in production,Hamamatsu,Shizuoka,日本,日本,日本,11261 Ichino-Cho,http://www.hamamatsu.com,光电器件/激光器及其他,Opto,"Si Photodiode, Photo IC, PSD, Image Sensor, InGaAs PIN photodiode, Photosensor, LED, Opto-semiconductor, Optical Communication Device",GaAs; InGaAs,0.5,6,25000,14062.5,,,,1964,,2004,2004,/Users/simon/Documents/Simon-OB/本体论/base/半导体/SEMI_WFF_2026_1Q.xlsx,Company Detail,http://www.hamamatsu.com
Hangzhou Fullsemi - Hangzhou Analog Fab Phase 1,,晶圆制造工厂,"Hangzhou Fullsemi 的 Hangzhou Analog Fab Phase 1，位于 Hangzhou, Zhejiang, 中国。",6222,晶圆厂,In production,Hangzhou,Zhejiang,中国,中国,亚太,"No. 135, Binfu Avenue, Lingqiao Town",N/A,Analog/Power,Analog,"Power management IC, Analog IC",PMIC,0.055,12,50000,112500,,,,2023,2021,2023,2023,/Users/simon/Documents/Simon-OB/本体论/base/半导体/SEMI_WFF_2026_1Q.xlsx,Company Detail,file:///Users/simon/Documents/Simon-OB/%E6%9C%AC%E4%BD%93%E8%AE%BA/base/%E5%8D%8A%E5%AF%BC%E4%BD%93/output/semiconductor_ontology.json
Hangzhou Fullsemi - Hangzhou Analog Fab Phase 2,,晶圆制造工厂,"Hangzhou Fullsemi 的 Hangzhou Analog Fab Phase 2，位于 Hangzhou, Zhejiang, 中国。",6512,晶圆厂,Planned,Hangzhou,Zhejiang,中国,中国,亚太,"No. 135, Binfu Avenue, Lingqiao Town",N/A,Analog/Power,Analog,"analog, power management IC",,0.04,12,50000,112500,,,,2029,2027,2028,2029,/Users/simon/Documents/Simon-OB/本体论/base/半导体/SEMI_WFF_2026_1Q.xlsx,Company Detail,file:///Users/simon/Documents/Simon-OB/%E6%9C%AC%E4%BD%93%E8%AE%BA/base/%E5%8D%8A%E5%AF%BC%E4%BD%93/output/semiconductor_ontology.json
HangZhou HFC Semiconductor - Fab 1,,晶圆制造工厂,"HangZhou HFC Semiconductor 的 Fab 1，位于 HangZhou, Zhejiang, 中国。",6414,晶圆厂,In production,HangZhou,Zhejiang,中国,中国,亚太,"No. 888 Dongken Road, Qiantang District",https://www.hefechip.com/,Foundry/Logic,Logic&Micro,,,0.028,12,20000,45000,,,,2024,2023,2024,2024,/Users/simon/Documents/Simon-OB/本体论/base/半导体/SEMI_WFF_2026_1Q.xlsx,Company Detail,https://www.hefechip.com/
Hangzhou Lion Microelectronics Co. Ltd - Fab 1,,晶圆制造工厂,"Hangzhou Lion Microelectronics Co. Ltd 的 Fab 1，位于 Hangzhou, Zhejiang, 中国。",2039,晶圆厂,In production,Hangzhou,Zhejiang,中国,中国,亚太,"No. 199, No. 20 Rd.",http://www.li-on.com,Discrete/Power,Discrete,Power Schottky IC,BiPolar,1,6,45000,25312.5,37674,,,2003,2002,2003,2003,/Users/simon/Documents/Simon-OB/本体论/base/半导体/SEMI_WFF_2026_1Q.xlsx,Company Detail,http://www.li-on.com
Hangzhou Lion Microelectronics Co. Ltd - GaAs line,,晶圆制造工厂,"Hangzhou Lion Microelectronics Co. Ltd 的 GaAs line，位于 Hangzhou, Zhejiang, 中国。",5075,晶圆厂,In production,Hangzhou,Zhejiang,中国,中国,亚太,"No. 199, No. 20 Rd.",http://www.li-on.com,Discrete/Power,Discrete,"RFIC, InGaP HBT, GaAs pHEMT, InP HBT","InGaP, HBT, GaAs, HEMT, InP",0.25,6,4200,2362.5,,,,2017,2016,2017,2017,/Users/simon/Documents/Simon-OB/本体论/base/半导体/SEMI_WFF_2026_1Q.xlsx,Company Detail,http://www.li-on.com
Hangzhou Qx-semi - Fab1,,晶圆制造工厂,"Hangzhou Qx-semi 的 Fab1，位于 Hangzhou, Zhejiang, 中国。",6537,晶圆厂,In production,Hangzhou,Zhejiang,中国,中国,亚太,"598 Dongwei Road, Qiantang New District",,代工/MEMS,MEMS,,,0.25,6,45000,25312.5,,,,2024,2022,2024,2024,/Users/simon/Documents/Simon-OB/本体论/base/半导体/SEMI_WFF_2026_1Q.xlsx,Company Detail,file:///Users/simon/Documents/Simon-OB/%E6%9C%AC%E4%BD%93%E8%AE%BA/base/%E5%8D%8A%E5%AF%BC%E4%BD%93/SEMI_WFF_2026_1Q.xlsx
"Hanking Electronics (Liaoning) Co., Ltd. - MEMS Fab Front End",,晶圆制造工厂,"Hanking Electronics (Liaoning) Co., Ltd. 的 MEMS Fab Front End，位于 Shenyang-Fushun, Liaoning, 中国。",3476,晶圆厂,In production,Shenyang-Fushun,Liaoning,中国,中国,亚太,"78 Shendong Seven Road, Lishi Economic Development Zone",http://www.hkmems.com/english/,代工/MEMS,MEMS,"Pure MEMS fab (no CMOS ).Mems foundry; high-end MEMS sensors: accelerometers, gyroscopes, 3dof, 6dof",MEMS,0.25,8,10000,10000,,100,,2019,2012,2019,2019,/Users/simon/Documents/Simon-OB/本体论/base/半导体/SEMI_WFF_2026_1Q.xlsx,Company Detail,http://www.hkmems.com/english/
"Headway Technologies, Inc. - Milpitas fab",,晶圆制造工厂,"Headway Technologies, Inc. 的 Milpitas fab，位于 Milpitas, California, 美国。",3693,晶圆厂,In production,Milpitas,California,美国,美洲,NA,682 South Hillview Drive,http://www.headway.com/,Logic/Other,Logic&Micro,"thin film MR heads for HDD, MRAM, Aluminum Titanium Carbide wafers","Thin-film, AlTiC",2,8,5000,5000,,100,115000,1995,1994,1995,1995,/Users/simon/Documents/Simon-OB/本体论/base/半导体/SEMI_WFF_2026_1Q.xlsx,Company Detail,http://www.headway.com/
"Henan Xinrui Electronics Technology Co., Ltd. - Fab 1",,晶圆制造工厂,"Henan Xinrui Electronics Technology Co., Ltd. 的 Fab 1，位于 Xinxiang, Henan, 中国。",6149,晶圆厂,In production,Xinxiang,Henan,中国,中国,亚太,"171, Kelong Ave. East",http://www.xinruidianzi.com/,Analog/Power,Analog,"IR sensor, electret condenser microphone, Analog silicon microphone, Field Effect Transistor (FET), MOSFET",,0.5,6,20000,11250,,,,2018,2017,2018,2018,/Users/simon/Documents/Simon-OB/本体论/base/半导体/SEMI_WFF_2026_1Q.xlsx,Company Detail,http://www.xinruidianzi.com/
Hewlett-Packard Company - HP Inkjet Wafer Fab II 8-inch line,,晶圆制造工厂,"Hewlett-Packard Company 的 HP Inkjet Wafer Fab II 8-inch line，位于 新加坡, 新加坡, 新加坡。",6451,晶圆厂,In production,新加坡,新加坡,新加坡,SE Asia,亚太,1150 Depot Road,http://www.hp.com,MEMS,MEMS,,"CMOS, MEMS",2,8,10000,10000,,,10000,2015,2016,2016,2016,/Users/simon/Documents/Simon-OB/本体论/base/半导体/SEMI_WFF_2026_1Q.xlsx,Company Detail,http://www.hp.com
"Hewlett-Packard Company - Fab 30, Bldg 3 8-inch line (MEMS wafer Fab and Ink Lab)",,晶圆制造工厂,"Hewlett-Packard Company 的 Fab 30, Bldg 3 8-inch line (MEMS wafer Fab and Ink Lab)，位于 Corvallis, Oregon, 美国。",6449,晶圆厂，研发,In production,Corvallis,Oregon,美国,美洲,NA,1000 Northeast Circle Blvd,http://www.hp.com,MEMS,MEMS,"Printer Heads, MEMS wafer fab and Ink lab.  Microfluidics technology","CMOS, MEMS,  Microfluidics technology",1.2,8,5000,5000,,,,2015,2015,2015,2015,/Users/simon/Documents/Simon-OB/本体论/base/半导体/SEMI_WFF_2026_1Q.xlsx,Company Detail,http://www.hp.com
"Hewlett-Packard Company - B22, Bldg 2 8-inch line (wafer fab and 3D)",,晶圆制造工厂,"Hewlett-Packard Company 的 B22, Bldg 2 8-inch line (wafer fab and 3D)，位于 Corvallis, Oregon, 美国。",6450,晶圆厂,In production,Corvallis,Oregon,美国,美洲,NA,1000 Northeast Circle Blvd,http://www.hp.com,MEMS,MEMS,"Printer Heads, MEMS wafer fab and 3D. Microfluidics technology","CMOS, MEMS,  Microfluidics technology",1.2,8,17000,17000,27000,1,,2015,2014,2015,2015,/Users/simon/Documents/Simon-OB/本体论/base/半导体/SEMI_WFF_2026_1Q.xlsx,Company Detail,http://www.hp.com
"Hexawave, Inc. - N/A",,晶圆制造工厂,"Hexawave, Inc. 的 N/A，位于 Hsinchu, Northern Taiwan, 中国台湾。",1831,晶圆厂,in production,Hsinchu,Northern Taiwan,中国台湾,中国台湾,亚太,"24, Prosperity Road II",http://www.hw.com.tw,代工/IDM/功率,Discrete,"MESFET MMIC Phemt Power Module Foundry, GaAs","GaAs, MESFET, pHEMT",0.5,4,3000,750,8500,100,35000,1994,1992,1994,1994,/Users/simon/Documents/Simon-OB/本体论/base/半导体/SEMI_WFF_2026_1Q.xlsx,Company Detail,http://www.hw.com.tw
Hitachi Power Device - Rinkai Works (expansion Fab),,晶圆制造工厂,"Hitachi Power Device 的 Rinkai Works (expansion Fab)，位于 Hitachi, Ibaraki, 日本。",1502,晶圆厂,in production,Hitachi,Ibaraki,日本,日本,日本,"2-2, Omika-cho 5-chome",http://www.hitachi-power-semiconductor-device.co.jp/en/,Discrete/Power,Discrete,"Power, High-voltage ICs and IGBTs",N/A,0.8,6,9000,5062.5,,,,1994,1993,1994,1994,/Users/simon/Documents/Simon-OB/本体论/base/半导体/SEMI_WFF_2026_1Q.xlsx,Company Detail,http://www.hitachi-power-semiconductor-device.co.jp/en/
Hitachi Power Device - Haramachi Dai-1,,晶圆制造工厂,"Hitachi Power Device 的 Haramachi Dai-1，位于 Minamisoma, Fukushima, 日本。",3558,晶圆厂,In production,Minamisoma,Fukushima,日本,日本,日本,"20 Aza-ohara, Shimoota",http://www.hitachi-power-semiconductor-device.co.jp/en/,Discrete/Power,Discrete,Diodes and IGBTs (insulated-gate bipolar transistor),"MOS, Bipolar",2,5,35000,13671.875,,,,1974,1972,1974,1974,/Users/simon/Documents/Simon-OB/本体论/base/半导体/SEMI_WFF_2026_1Q.xlsx,Company Detail,http://www.hitachi-power-semiconductor-device.co.jp/en/
HKC - Qingdao HKC fab,,晶圆制造工厂,"HKC 的 Qingdao HKC fab，位于 Qingdao, Shandong, 中国。",6182,晶圆厂,In production,Qingdao,Shandong,中国,中国,亚太,"1, Taiji Rd., Beian District, Jimo",http://www.szhk.com.cn/,Discrete/Power,Discrete,"Power discrete devices, 3rd gen semiconductors",,1,6,75000,42187.5,,,,2021,2020,2021,2021,/Users/simon/Documents/Simon-OB/本体论/base/半导体/SEMI_WFF_2026_1Q.xlsx,Company Detail,http://www.szhk.com.cn/
HL-Planartechnik GmbH - Fab 1,,晶圆制造工厂,"HL-Planartechnik GmbH 的 Fab 1，位于 Dortmund, Nordrhein-Westfalen, 德国。",2286,晶圆厂，研发,In production,Dortmund,Nordrhein-Westfalen,德国,Europe & Mideast,欧洲,Hauert 13,www.hlplanar.com,MEMS,MEMS,MEMS: inclination sensors; magnetoresistive sensors; thermopiles; Foundry,MEMS,6,6,1100,618.75,7427,100,,1992,2000,2002,2002,/Users/simon/Documents/Simon-OB/本体论/base/半导体/SEMI_WFF_2026_1Q.xlsx,Company Detail,file:///Users/simon/Documents/Simon-OB/%E6%9C%AC%E4%BD%93%E8%AE%BA/base/%E5%8D%8A%E5%AF%BC%E4%BD%93/output/semiconductor_ontology.json
Honeywell Incorporated - Solid State Electonic Center,,晶圆制造工厂,"Honeywell Incorporated 的 Solid State Electonic Center，位于 Plymouth, Minnesota, 美国。",311,晶圆厂,in production,Plymouth,Minnesota,美国,美洲,NA,12001 Highway 55,http://www.honeywell.com,Logic/Other,Logic&Micro,"Rad Hard Application Specific IC; Mixed signal, microprocessors, RAM, sensors, optoelectric, foundry","CMOS, Bipolar, SOI, HtMOS",0.35,6,3000,1687.5,40000,10,,1984,1982,1984,1984,/Users/simon/Documents/Simon-OB/本体论/base/半导体/SEMI_WFF_2026_1Q.xlsx,Company Detail,http://www.honeywell.com
Honeywell Incorporated - Fab 2,,晶圆制造工厂,"Honeywell Incorporated 的 Fab 2，位于 Plymouth, Minnesota, 美国。",2157,晶圆厂,In production,Plymouth,Minnesota,美国,美洲,NA,12001 Highway 55,http://www.honeywell.com,Logic/Other,Logic&Micro,"Rad Hard ASIC; Mixed signal, microprocessors, RAM, sensors, optoelectric, foundry","rad-hard CMOS, SOI",0.15,8,830,830,10000,1,24700,2005,2004,2005,2005,/Users/simon/Documents/Simon-OB/本体论/base/半导体/SEMI_WFF_2026_1Q.xlsx,Company Detail,http://www.honeywell.com
Honeywell Incorporated - 6-inch MEMS (was 4-inch),,晶圆制造工厂,"Honeywell Incorporated 的 6-inch MEMS (was 4-inch)，位于 Redmond, Washington, 美国。",2174,晶圆厂，研发,In production,Redmond,Washington,美国,美洲,NA,15001 NE 36th Street,http://www.honeywell.com,MEMS,MEMS,"MEMS Foundry, wafer processing",CMOS; MEMS,1,6,800,450,3000,100,,1991,,2010,2010,/Users/simon/Documents/Simon-OB/本体论/base/半导体/SEMI_WFF_2026_1Q.xlsx,Company Detail,http://www.honeywell.com
Honeywell Incorporated - Richardson Sensor Fab,,晶圆制造工厂,"Honeywell Incorporated 的 Richardson Sensor Fab，位于 Richardson, Texas, 美国。",3437,晶圆厂,In production,Richardson,Texas,美国,美洲,NA,830 E Arapaho Rd,http://www.honeywell.com,代工/MEMS,MEMS,"MEMS: pressure sensor, chemical sensor and magnetometer, gas sensing",active Microfluidics and MEMS over CMOS,1,8,5000,5000,,100,139932,2008,2017,2018,2018,/Users/simon/Documents/Simon-OB/本体论/base/半导体/SEMI_WFF_2026_1Q.xlsx,Company Detail,http://www.honeywell.com
HR-Micro - HR-Micro 150mm Fab,,晶圆制造工厂,"HR-Micro 的 HR-Micro 150mm Fab，位于 Chuzhou, Anhui, 中国。",6360,晶圆厂，中试线，研发,In production,Chuzhou,Anhui,中国,中国,亚太,"Shuangmiao road and Xinglong Road, Nanqiao District, Chuzhou City, Anhui Province",http://www.hr-micro.com/default.php,Discrete/Power,Discrete,"MOSFET, Super Junction","MOSFET, Al",0.5,6,10000,5625,,,,2022,2020,2021,2022,/Users/simon/Documents/Simon-OB/本体论/base/半导体/SEMI_WFF_2026_1Q.xlsx,Company Detail,http://www.hr-micro.com/default.php
Hua Hong Semiconductor - Fab 1 (was HHNEC),,晶圆制造工厂,"Hua Hong Semiconductor 的 Fab 1 (was HHNEC)，位于 Shanghai, Shanghai, 中国。",1419,晶圆厂,In production,Shanghai,Shanghai,中国,中国,亚太,"No.1188 Chuan Qiao Road, Pudong",http://www.huahonggrace.com/,代工/模拟与混合信号与功率,Analog,"Smart cards, ID cards, MCU, MOSFET, Power, IGBT, LED drivers","CMOS, BiCMOS, DMOS, SiGe, SOC",0.13,8,65000,65000,136163,1,829316,1999,,,,/Users/simon/Documents/Simon-OB/本体论/base/半导体/SEMI_WFF_2026_1Q.xlsx,Company Detail,http://www.huahonggrace.com/
Hua Hong Semiconductor - Fab 9A (Wuxi 2nd Fab Phase 1),,晶圆制造工厂,"Hua Hong Semiconductor 的 Fab 9A (Wuxi 2nd Fab Phase 1)，位于 Wuxi, Jiangsu, 中国。",6250,晶圆厂,In production,Wuxi,Jiangsu,中国,中国,亚太,"30, Xinzhou Rd., XinWu",http://www.huahonggrace.com/,Foundry/Analog&Mixed Signal,Analog,"Foundry, NOR Flash, CIS, RF, Power management IC, NVM, MCU","NVM, RF",0.04,12,83000,186750,,,,2025,2023,2024,2025,/Users/simon/Documents/Simon-OB/本体论/base/半导体/SEMI_WFF_2026_1Q.xlsx,Company Detail,http://www.huahonggrace.com/
Hua Hong Semiconductor - Fab 2 (was HHNEC),,晶圆制造工厂,"Hua Hong Semiconductor 的 Fab 2 (was HHNEC)，位于 Shanghai, Shanghai, 中国。",2342,晶圆厂,In production,Shanghai,Shanghai,中国,中国,亚太,"288, Halei Rd.",http://www.huahonggrace.com/,代工/模拟与混合信号与功率,Analog,"Smartcard IC, MCU, LED driver, Power, IGBT, MOSFET","CMOS, BiCMOS, DMOS, SiGe, SOC",0.11,8,60000,60000,64583,100,,2007,,2010,2010,/Users/simon/Documents/Simon-OB/本体论/base/半导体/SEMI_WFF_2026_1Q.xlsx,Company Detail,http://www.huahonggrace.com/
Hua Hong Semiconductor - Fab 9B (Wuxi 2nd Fab Phase 2),,晶圆制造工厂,"Hua Hong Semiconductor 的 Fab 9B (Wuxi 2nd Fab Phase 2)，位于 Wuxi, Jiangsu, 中国。",6662,晶圆厂,Planned,Wuxi,Jiangsu,中国,中国,亚太,"30, Xinzhou Rd., XinWu",http://www.huahonggrace.com/,Foundry/Analog&Mixed Signal,Analog,,,0.028,12,65000,146250,,,,2028,2026,2027,2028,/Users/simon/Documents/Simon-OB/本体论/base/半导体/SEMI_WFF_2026_1Q.xlsx,Company Detail,http://www.huahonggrace.com/
Hua Hong Semiconductor - Fab 3 (was Grace),,晶圆制造工厂,"Hua Hong Semiconductor 的 Fab 3 (was Grace)，位于 Shanghai, Shanghai, 中国。",1799,晶圆厂,In production,Shanghai,Shanghai,中国,中国,亚太,1399 Zuchongzhi Road,http://www.huahonggrace.com/,代工/功率,Discrete,"Mixed Signal; High Voltage SoC; CMOS Image sensors; Smartcards; MEMS, MCU, Power, IGBT, LED driver","CMOS, RF, DSP, Al, SiGe, SOI",0.09,8,55000,55000,,100,322917,2003,2000,2003,2003,/Users/simon/Documents/Simon-OB/本体论/base/半导体/SEMI_WFF_2026_1Q.xlsx,Company Detail,http://www.huahonggrace.com/
Hua Hong Semiconductor - Fab 7 (Wuxi 300mm),,晶圆制造工厂,"Hua Hong Semiconductor 的 Fab 7 (Wuxi 300mm)，位于 Wuxi, Jiangsu, 中国。",4958,晶圆厂,In production,Wuxi,Jiangsu,中国,中国,亚太,"30, Xinzhou Rd., XinWu",http://www.huahonggrace.com/,代工/模拟与混合信号与功率,Analog,"Foundry, NOR Flash, CIS, RF, Power management IC, NVM, MCU, Power discrete, Smart card","NVM, RF",0.055,12,95000,213750,,,,2020,2018,2019,2020,/Users/simon/Documents/Simon-OB/本体论/base/半导体/SEMI_WFF_2026_1Q.xlsx,Company Detail,http://www.huahonggrace.com/
Hua Li Microelectronics (HLMC) - Hua Hong Chengdu (HH Fab10),,晶圆制造工厂,"Hua Li Microelectronics (HLMC) 的 Hua Hong Chengdu (HH Fab10)，位于 Chengdu, Sichuan, 中国。",3914,晶圆厂,In production,Chengdu,Sichuan,中国,中国,亚太,"No. 100-1 Kangsheng Road, Hi-Tech Zone",http://www.hlmc.cn/en/,Foundry/Logic,Logic&Micro,,"CMOS, SOI",0.028,12,30000,67500,700000,,,2025,2017,2024,2025,/Users/simon/Documents/Simon-OB/本体论/base/半导体/SEMI_WFF_2026_1Q.xlsx,Company Detail,http://www.hlmc.cn/en/
Hua Li Microelectronics (HLMC) - HLMC Fab 1,,晶圆制造工厂,"Hua Li Microelectronics (HLMC) 的 HLMC Fab 1，位于 Shanghai, Shanghai, 中国。",2111,晶圆厂,in production-may be for sale,Shanghai,Shanghai,中国,中国,亚太,"568, Gaosi Rd.,",http://www.hlmc.cn/en/,Foundry/Logic,Logic&Micro,Foundry; Logic and NOR Flash,"CMOS, Cu",0.028,12,38000,85500,157800,100,984906,2011,2010,2011,2011,/Users/simon/Documents/Simon-OB/本体论/base/半导体/SEMI_WFF_2026_1Q.xlsx,Company Detail,http://www.hlmc.cn/en/
Hua Li Microelectronics (HLMC) - HLMC Fab 2,,晶圆制造工厂,"Hua Li Microelectronics (HLMC) 的 HLMC Fab 2，位于 Shanghai, Shanghai, 中国。",3683,晶圆厂,In production,Shanghai,Shanghai,中国,中国,亚太,"100, Gubo Rd.",http://www.hlmc.cn/en/,Foundry/Logic,Logic&Micro,Foundry (28nm PolySiON and 28nm HKMG processes),"CMOS, Cu",0.014,12,40000,90000,,,,2019,2016,2018,2019,/Users/simon/Documents/Simon-OB/本体论/base/半导体/SEMI_WFF_2026_1Q.xlsx,Company Detail,http://www.hlmc.cn/en/
Hua Li Microelectronics (HLMC) - HLMC Fab 3 Phase 2 (HH Fab 8-2),,晶圆制造工厂,"Hua Li Microelectronics (HLMC) 的 HLMC Fab 3 Phase 2 (HH Fab 8-2)，位于 Shanghai, Shanghai, 中国。",6660,晶圆厂,Constructing,Shanghai,Shanghai,中国,中国,亚太,Kangqiao Industrial Park,http://www.hlmc.cn/en/,Foundry/Logic,Logic&Micro,,,0.007,12,20000,45000,,,,2028,2025,2027,2028,/Users/simon/Documents/Simon-OB/本体论/base/半导体/SEMI_WFF_2026_1Q.xlsx,Company Detail,http://www.hlmc.cn/en/
Hua Li Microelectronics (HLMC) - Hua Hong Chengdu Phase 2 (HH Fab10),,晶圆制造工厂,"Hua Li Microelectronics (HLMC) 的 Hua Hong Chengdu Phase 2 (HH Fab10)，位于 Chengdu, Sichuan, 中国。",6550,晶圆厂,Planned,Chengdu,Sichuan,中国,中国,亚太,"No. 100-1 Kangsheng Road, Hi-Tech Zone",http://www.hlmc.cn/en/,Foundry/Logic,Logic&Micro,Foundry logic,,0.028,12,30000,67500,,,,2027,2026,2027,2027,/Users/simon/Documents/Simon-OB/本体论/base/半导体/SEMI_WFF_2026_1Q.xlsx,Company Detail,http://www.hlmc.cn/en/
Hua Li Microelectronics (HLMC) - HLMC Fab 3 Phase 1  (HH Fab 8-1),,晶圆制造工厂,"Hua Li Microelectronics (HLMC) 的 HLMC Fab 3 Phase 1  (HH Fab 8-1)，位于 Shanghai, Shanghai, 中国。",6514,晶圆厂,Equipping,Shanghai,Shanghai,中国,中国,亚太,Kangqiao Industrial Park,http://www.hlmc.cn/en/,Foundry/Logic,Logic&Micro,,,0.007,12,20000,45000,,,,2026,2024,2026,2026,/Users/simon/Documents/Simon-OB/本体论/base/半导体/SEMI_WFF_2026_1Q.xlsx,Company Detail,http://www.hlmc.cn/en/
"Huayue Microelectronics Co.,Ltd - Fab 1",,晶圆制造工厂,"Huayue Microelectronics Co.,Ltd 的 Fab 1，位于 Shaoxing, Zhejiang, 中国。",1307,晶圆厂,in production,Shaoxing,Zhejiang,中国,中国,亚太,"3, W Ring Rd.",www.chmc.com.cn,Discrete/Power,Discrete,Power Transistors,"Bipolar, Bi-CMOS",0.8,5,23500,9179.6875,43056,100,,1997,1995,1997,1997,/Users/simon/Documents/Simon-OB/本体论/base/半导体/SEMI_WFF_2026_1Q.xlsx,Company Detail,file:///Users/simon/Documents/Simon-OB/%E6%9C%AC%E4%BD%93%E8%AE%BA/base/%E5%8D%8A%E5%AF%BC%E4%BD%93/output/semiconductor_ontology.json
"Huayue Microelectronics Co.,Ltd - Fab 2",,晶圆制造工厂,"Huayue Microelectronics Co.,Ltd 的 Fab 2，位于 Shaoxing, Zhejiang, 中国。",321,晶圆厂,in production,Shaoxing,Zhejiang,中国,中国,亚太,"3, W Ring Rd.",www.chmc.com.cn,Discrete/Power,Discrete,"Rectifier, Discrete IC, Foundry","CMOS, BiCMOS, BiPolar",1,4,20000,5000,,100,,1982,,,,/Users/simon/Documents/Simon-OB/本体论/base/半导体/SEMI_WFF_2026_1Q.xlsx,Company Detail,file:///Users/simon/Documents/Simon-OB/%E6%9C%AC%E4%BD%93%E8%AE%BA/base/%E5%8D%8A%E5%AF%BC%E4%BD%93/output/semiconductor_ontology.json
"Huayue Microelectronics Co.,Ltd - Fab 3",,晶圆制造工厂,"Huayue Microelectronics Co.,Ltd 的 Fab 3，位于 Shaoxing, Zhejiang, 中国。",2994,晶圆厂,In production,Shaoxing,Zhejiang,中国,中国,亚太,"No. 3, W Ring Rd.",www.chmc.com.cn,Discrete/Power,Discrete,"Power, MOSFET",,0.8,5,20000,7812.5,,100,81892,2004,2003,2004,2004,/Users/simon/Documents/Simon-OB/本体论/base/半导体/SEMI_WFF_2026_1Q.xlsx,Company Detail,file:///Users/simon/Documents/Simon-OB/%E6%9C%AC%E4%BD%93%E8%AE%BA/base/%E5%8D%8A%E5%AF%BC%E4%BD%93/output/semiconductor_ontology.json
HY Electronic Limited - Yangzhou Fab 2,,晶圆制造工厂,"HY Electronic Limited 的 Yangzhou Fab 2，位于 Yangzhou, Jiangsu, 中国。",4972,晶圆厂,In production,Yangzhou,Jiangsu,中国,中国,亚太,"No. 5, Weichai Avenue, Beishan Industrial Park, Huaisi, Hanjiang District",http://www.hygroup.com.tw/,Discrete/Power,Discrete,"Rectifier diodes, bridge rectifiers, voltage protection devices, LED driver ICs, IGBT modules, power modules",,1,4,36000,9000,,,,2019,2017,2019,2019,/Users/simon/Documents/Simon-OB/本体论/base/半导体/SEMI_WFF_2026_1Q.xlsx,Company Detail,http://www.hygroup.com.tw/
Infineon - Kulim 2,,晶圆制造工厂,"Infineon 的 Kulim 2，位于 Kulim, Kedah, 马来西亚。",3412,晶圆厂,In production,Kulim,Kedah,马来西亚,SE Asia,亚太,"Lot 10 & 11, Jalan Hi-Tech 7, Industrial Zone II, Kulim Hi-Tech Park",http://www.infineon.com,Analog/Power,Analog,"power and logic chips for automotive IC and industrial applications, MEMS","CMOS, MEMS",0.13,8,135000,135000,105000,10,,2016,2011,2016,2016,/Users/simon/Documents/Simon-OB/本体论/base/半导体/SEMI_WFF_2026_1Q.xlsx,Company Detail,http://www.infineon.com
Infineon - Dresden - Module 3 (former SC300) (building 32),,晶圆制造工厂,"Infineon 的 Dresden - Module 3 (former SC300) (building 32)，位于 Dresden, Saxony, 德国。",1650,晶圆厂,In production,Dresden,Saxony,德国,Europe & Mideast,欧洲,Koenigsbruecker Strasse 180,http://www.infineon.com,Discrete/Power,Discrete,"thin wafer: MOSFET (low-voltage OptiMOS), IGBT (in 2014), Power 300 (for 300mm thin wafer), Discrete Power.","thin wafer, Al, MOSFET (low-voltage OptiMOS), CoolMOS,  IGBT, IGBT (in 2014), Power 300 (for 30mm thin wafer), Discrete Power",0.13,12,120000,270000,90417,1000,130000,1999,2011,2012,2013,/Users/simon/Documents/Simon-OB/本体论/base/半导体/SEMI_WFF_2026_1Q.xlsx,Company Detail,http://www.infineon.com
Infineon - Villach 300mm new,,晶圆制造工厂,"Infineon 的 Villach 300mm new，位于 Villach, Kärnten, 奥地利。",5016,晶圆厂,In production,Villach,Kärnten,奥地利,Europe & Mideast,欧洲,Siemensstraße 2,http://www.infineon.com,Discrete/Power,Discrete,"thin wafer: 300mm power GaN., MOSFET (CoolMOS and OptiMOS), IGBT, High Voltage IGBTand discrete IGBT (in 2014), Power 300 (for 30mm thin wafer), Discrete Power","thin wafer, Al, GaN, MOSFET (CoolMOS and OptiMOS), IGBT and High Voltage IGBT (in 2014), Power 300 (for 30mm thin wafer), Discrete Power",0.13,12,65000,146250,,,645800,2021,2018,2021,2021,/Users/simon/Documents/Simon-OB/本体论/base/半导体/SEMI_WFF_2026_1Q.xlsx,Company Detail,http://www.infineon.com
Infineon - Regensburg-West,,晶圆制造工厂,"Infineon 的 Regensburg-West，位于 Regensburg, Bavaria, 德国。",976,晶圆厂，中试线，研发,In production,Regensburg,Bavaria,德国,Europe & Mideast,欧洲,"Wernerwerkstrasse 2, Postfach 2",http://www.infineon.com,Discrete/Power,Discrete,"special process technologies for RF (e.g. 24 GHz, 77 GHz radar; RF power amplifiers), magnetic sensors and MEMS sensors  Magnetic Field Sensors and SAW Filters","BICMOS, MEMS",0.18,8,60000,60000,87500,10,2250000,1986,,,,/Users/simon/Documents/Simon-OB/本体论/base/半导体/SEMI_WFF_2026_1Q.xlsx,Company Detail,http://www.infineon.com
Infineon - Dresden 200 - Module 1 (building 34),,晶圆制造工厂,"Infineon 的 Dresden 200 - Module 1 (building 34)，位于 Dresden, Saxony, 德国。",969,晶圆厂,in production,Dresden,Saxony,德国,Europe & Mideast,欧洲,Koenigsbruecker Strasse 180,http://www.infineon.com,Logic/Other,Logic&Micro,"ASICs, Power Ics for automotive, Flash-based automotive, Flash-based power technology (SPT), RF Ics, Smart Card IC, MCU, Analog/Mixed Signal Contract Manufacturing","CMOS, RF CMOS, eFlash, Cu, Al",0.09,8,28000,28000,58125,1,,1995,,,,/Users/simon/Documents/Simon-OB/本体论/base/半导体/SEMI_WFF_2026_1Q.xlsx,Company Detail,http://www.infineon.com
Infineon - Dresden 200 - Module 2 (building 36),,晶圆制造工厂,"Infineon 的 Dresden 200 - Module 2 (building 36)，位于 Dresden, Saxony, 德国。",2201,晶圆厂,In production,Dresden,Saxony,德国,Europe & Mideast,欧洲,Koenigsbruecker Strasse 180,http://www.infineon.com,Logic/Other,Logic&Micro,"ASICs, Power Ics for automotive, Flash-based automotive, Flash-based power technology (SPT), RF Ics, Smart Card IC, MCU, Analog/Mixed Signal Contract Manufacturing","CMOS, RF CMOS, eFlash, Cu, Al",0.09,8,28000,28000,,,,1996,,,,/Users/simon/Documents/Simon-OB/本体论/base/半导体/SEMI_WFF_2026_1Q.xlsx,Company Detail,http://www.infineon.com
Infineon - Kulim 1,,晶圆制造工厂,"Infineon 的 Kulim 1，位于 Kulim, Kedah, 马来西亚。",2130,晶圆厂,In production,Kulim,Kedah,马来西亚,SE Asia,亚太,"Lot 10 & 11, Jalan Hi-Tech 7, Industrial Zone II, Kulim Hi-Tech Park",http://www.infineon.com,Analog/Power,Analog,"power and logic chips for automotive IC and industrial applications, MEMS","CMOS, MEMS",0.13,8,110000,110000,107639,10,,2006,2005,2006,2006,/Users/simon/Documents/Simon-OB/本体论/base/半导体/SEMI_WFF_2026_1Q.xlsx,Company Detail,http://www.infineon.com
Infineon - Villach 150mm IGBT Lines,,晶圆制造工厂,"Infineon 的 Villach 150mm IGBT Lines，位于 Villach, Kärnten, 奥地利。",979,晶圆厂，研发,in production,Villach,Kärnten,奥地利,Europe & Mideast,欧洲,"Siemensstrasse 2, Postfach 173",http://www.infineon.com,Analog/Power,Analog,"100mm line for diodes, IGBT, MOSFET; Power semiconductors for automotive and industrial markets; MEMS: Pressure Sensors, Temperature Sensors, Magnetic Field Sensors and SAW Filters","CMOS; IGBT, MOSFET; MEMS",1.5,6,35000,19687.5,44907,10,304167,1981,1996,1997,1997,/Users/simon/Documents/Simon-OB/本体论/base/半导体/SEMI_WFF_2026_1Q.xlsx,Company Detail,http://www.infineon.com
Infineon - Villach 200mm Line (Building 17),,晶圆制造工厂,"Infineon 的 Villach 200mm Line (Building 17)，位于 Villach, Kärnten, 奥地利。",978,晶圆厂,in production,Villach,Kärnten,奥地利,Europe & Mideast,欧洲,"Siemensstrasse 2, Postfach 173",http://www.infineon.com,Analog/Power,Analog,"Mainly power products; MOSFET IGBTS; MEMS; SiC, GaN","CMOS, SiC, GaN",0.13,8,70000,70000,36500,1,,1995,1993,1995,1995,/Users/simon/Documents/Simon-OB/本体论/base/半导体/SEMI_WFF_2026_1Q.xlsx,Company Detail,http://www.infineon.com
Infineon - Kulim 3 Phase 2,,晶圆制造工厂,"Infineon 的 Kulim 3 Phase 2，位于 Kulim, Kedah, 马来西亚。",6474,晶圆厂,Constructing,Kulim,Kedah,马来西亚,SE Asia,亚太,"Lot 10 & 11, Jalan Hi-Tech 7, Industrial Zone II, Kulim Hi-Tech Park",http://www.infineon.com,Analog/Power,Analog,"Using SiC and GaN; WBG epitaxy as first step, power and logic chips for automotive IC and industrial applications, MEMS","CMOS, MEMS, EPI, SiC, GaN",0.13,8,90000,90000,,,,2027,,,,/Users/simon/Documents/Simon-OB/本体论/base/半导体/SEMI_WFF_2026_1Q.xlsx,Company Detail,http://www.infineon.com
Infineon - Villach 150mm SiC and GaN lines (combined),,晶圆制造工厂,"Infineon 的 Villach 150mm SiC and GaN lines (combined)，位于 Villach, Kärnten, 奥地利。",6161,"Fab, Pilot, R&D/Split",In production,Villach,Kärnten,奥地利,Europe & Mideast,欧洲,"Siemensstrasse 2, Postfach 173",http://www.infineon.com,Discrete/Power,Discrete,using SiC and GaN,"SiC, GaN",1.5,6,35000,19687.5,,,,2018,,2018,2018,/Users/simon/Documents/Simon-OB/本体论/base/半导体/SEMI_WFF_2026_1Q.xlsx,Company Detail,http://www.infineon.com
Infineon - Kulim 3 Phase 1 (SiC Fab),,晶圆制造工厂,"Infineon 的 Kulim 3 Phase 1 (SiC Fab)，位于 Kulim, Kedah, 马来西亚。",6262,晶圆厂,In production,Kulim,Kedah,马来西亚,SE Asia,亚太,"Lot 10 & 11, Jalan Hi-Tech 7, Industrial Zone II, Kulim Hi-Tech Park",http://www.infineon.com,Analog/Power,Analog,"Using SiC and GaN EPI; WBG epitaxy as first step, power and logic chips for automotive IC and industrial applications, MEMS","CMOS, MEMS, EPI, SiC, GaN",0.13,8,90000,90000,,,129167,2024,2022,2024,2024,/Users/simon/Documents/Simon-OB/本体论/base/半导体/SEMI_WFF_2026_1Q.xlsx,Company Detail,http://www.infineon.com
Infineon - Dresden - Module 4 (Smart Power Fab),,晶圆制造工厂,"Infineon 的 Dresden - Module 4 (Smart Power Fab)，位于 Dresden, Saxony, 德国。",6228,晶圆厂,Equipping,Dresden,Saxony,德国,Europe & Mideast,欧洲,Koenigsbruecker Strasse 180,http://www.infineon.com,Analog&Mixed Signal&Power,Analog,Using thin wafers as well. Mix between Power Discretes and Analog Mixed Signal including HV CMOS.,Analog/Mixed Signal and Power,0.13,12,90000,202500,,,,2026,2024,2026,2026,/Users/simon/Documents/Simon-OB/本体论/base/半导体/SEMI_WFF_2026_1Q.xlsx,Company Detail,http://www.infineon.com
InnoScience Inc. - Suzhou fab (Phase 1),,晶圆制造工厂,"InnoScience Inc. 的 Suzhou fab (Phase 1)，位于 Suzhou, Jiangsu, 中国。",5022,晶圆厂,In production,Suzhou,Jiangsu,中国,中国,亚太,"98 Xinli Rd., Wujian district",http://www.innoscience.com/,Discrete/Power,Discrete,GaN-on-Si power devices,"GaN-on-Si, (Silicon)",0.25,8,32500,32500,113022,,672319,2021,2018,2021,2021,/Users/simon/Documents/Simon-OB/本体论/base/半导体/SEMI_WFF_2026_1Q.xlsx,Company Detail,http://www.innoscience.com/
Institute for Photonics and Nanotechnologies (IFN) - IFN-CNR Rome,,晶圆制造工厂,"Institute for Photonics and Nanotechnologies (IFN) 的 IFN-CNR Rome，位于 Roma, Roma, 意大利。",3090,晶圆厂，研发,In production,Roma,Roma,意大利,Europe & Mideast,欧洲,via Cineto Romano 42,http://www.ifn.cnr.it/,光电器件/激光器及其他,Opto,"R&D (advanced optoelectronics , microsystems and solid state devices)",,0.35,6,500,281.25,200,100,,1990,1989,1990,1990,/Users/simon/Documents/Simon-OB/本体论/base/半导体/SEMI_WFF_2026_1Q.xlsx,Company Detail,http://www.ifn.cnr.it/
"Integral, Research and Production Corporation - Semiconductor Device Factory",,晶圆制造工厂,"Integral, Research and Production Corporation 的 Semiconductor Device Factory，位于 Minsk, Minsk, Belarus。",385,晶圆厂，研发,in production,Minsk,Minsk,Belarus,Europe & Mideast,欧洲,"Korzhenevskogo Str., 12",http://www.integral.by/eng/index.php,代工/IDM/功率,Discrete,"Foundry for IC, Discrete devices (Bipolar, MOS), diodes",MOS Bipolar CMOS,0.8,6,10000,5625,41850,1000,,1965,1989,1993,1993,/Users/simon/Documents/Simon-OB/本体论/base/半导体/SEMI_WFF_2026_1Q.xlsx,Company Detail,http://www.integral.by/eng/index.php
"Integral, Research and Production Corporation - Integrated Circuit (Transistor Plant)",,晶圆制造工厂,"Integral, Research and Production Corporation 的 Integrated Circuit (Transistor Plant)，位于 Minsk, Minsk, Belarus。",1488,晶圆厂,in production,Minsk,Minsk,Belarus,Europe & Mideast,欧洲,"Korzhenevskogo Str., 16",http://www.integral.by/eng/index.php,Discrete/Power,Discrete,"transistors, IC, diodes, Schottky diodes, diode matrices, varicaps, rectifiers","CMOS, MOS, Bipolar",2,4,15000,3750,,,,1968,1966,1968,1968,/Users/simon/Documents/Simon-OB/本体论/base/半导体/SEMI_WFF_2026_1Q.xlsx,Company Detail,http://www.integral.by/eng/index.php
"Integral, Research and Production Corporation - Integrated Circuits",,晶圆制造工厂,"Integral, Research and Production Corporation 的 Integrated Circuits，位于 Minsk, Minsk, Belarus。",3611,晶圆厂,In production,Minsk,Minsk,Belarus,Europe & Mideast,欧洲,"Korzhenevskogo Str., 16",http://www.integral.by/eng/index.php,Discrete/Other,Discrete,Integrated circuits,,1.5,4,30000,7500,,,,1977,1976,1977,1977,/Users/simon/Documents/Simon-OB/本体论/base/半导体/SEMI_WFF_2026_1Q.xlsx,Company Detail,http://www.integral.by/eng/index.php
Intel - D1X Module 2,,晶圆制造工厂,"Intel 的 D1X Module 2，位于 Hillsboro, Oregon, 美国。",3525,晶圆厂，中试线，研发,In production,Hillsboro,Oregon,美国,美洲,NA,2501 Northwest 229th Avenue,http://www.intel.com,Logic/MPU,Logic&Micro,Logic MPU,"CMOS, FinFET",0.0014,12,13000,29250,240000,,1300000,2018,2013,2018,2018,/Users/simon/Documents/Simon-OB/本体论/base/半导体/SEMI_WFF_2026_1Q.xlsx,Company Detail,http://www.intel.com
Intel - D1X Module 1,,晶圆制造工厂,"Intel 的 D1X Module 1，位于 Hillsboro, Oregon, 美国。",3332,晶圆厂，中试线，研发,In production,Hillsboro,Oregon,美国,美洲,NA,2501 Northwest 229th Avenue,http://www.intel.com,Logic/MPU,Logic&Micro,"R&D, Pilot","CMOS, FINFET",0.0014,12,13000,29250,240000,,1300000,2014,2010,2013,2014,/Users/simon/Documents/Simon-OB/本体论/base/半导体/SEMI_WFF_2026_1Q.xlsx,Company Detail,http://www.intel.com
Intel - Fab 42,,晶圆制造工厂,"Intel 的 Fab 42，位于 Chandler, Arizona, 美国。",3361,晶圆厂,In production,Chandler,Arizona,美国,美洲,NA,4500 South Dobson Road,http://www.intel.com,Logic/MPU,Logic&Micro,Logic/MPU,"CMOS, FinFET",0.007,12,35000,78750,250000,10,,2019,2011,2019,2019,/Users/simon/Documents/Simon-OB/本体论/base/半导体/SEMI_WFF_2026_1Q.xlsx,Company Detail,http://www.intel.com
Intel - D1X Module 3,,晶圆制造工厂,"Intel 的 D1X Module 3，位于 Hillsboro, Oregon, 美国。",5079,晶圆厂，中试线，研发,In production,Hillsboro,Oregon,美国,美洲,NA,2501 Northwest 229th Avenue,http://www.intel.com,Logic/MPU,Logic&Micro,Logic MPU,"CMOS, FinFET",0.0014,12,18000,40500,265000,,1510650,2022,2019,2022,2022,/Users/simon/Documents/Simon-OB/本体论/base/半导体/SEMI_WFF_2026_1Q.xlsx,Company Detail,http://www.intel.com
Intel - Fab 38 Phase 1 (new Fab Israel),,晶圆制造工厂,"Intel 的 Fab 38 Phase 1 (new Fab Israel)，位于 Kiryat Gat, Southern District, 以色列。",5081,晶圆厂,Constructing,Kiryat Gat,Southern District,以色列,Europe & Mideast,欧洲,Tsoran,http://www.intel.com,Foundry/IDM/MPU,Logic&Micro,Logic MPU,"CMOS, strained Si, Cu, Low-K",0.0018,12,30000,67500,310000,,,2029,2021,2029,2029,/Users/simon/Documents/Simon-OB/本体论/base/半导体/SEMI_WFF_2026_1Q.xlsx,Company Detail,http://www.intel.com
Intel - Fab 34 (Module 1 + 2) Intel-Apollo JV,,晶圆制造工厂,"Intel 的 Fab 34 (Module 1 + 2) Intel-Apollo JV，位于 Leixlip, Kildare, 爱尔兰。",3920,晶圆厂,In production,Leixlip,Kildare,爱尔兰,Europe & Mideast,欧洲,R148 Dublin Rd,http://www.intel.com,Foundry/IDM/MPU,Logic&Micro,"Logic, MPU",CMOS,0.003,12,40000,90000,450000,,947000,2022,2019,2022,2022,/Users/simon/Documents/Simon-OB/本体论/base/半导体/SEMI_WFF_2026_1Q.xlsx,Company Detail,http://www.intel.com
"Intel - Fab 11X (includes expansion, was Fab 11E)",,晶圆制造工厂,"Intel 的 Fab 11X (includes expansion, was Fab 11E)，位于 Rio Rancho (Albuquerque), New Mexico, 美国。",1796,晶圆厂,In production,Rio Rancho (Albuquerque),New Mexico,美国,美洲,NA,"4100 Sara Road Se,  Rio Rancho",http://www.intel.com,Foundry/IDM/MPU,Logic&Micro,MPU Advanced Network Communications,"CMOS, Cu, Low-K Interconncet, strained Si, High-k, Metal Gate, Immersion Litho",0.032,12,50000,112500,375000,10,1000000,2002,2000,2002,2002,/Users/simon/Documents/Simon-OB/本体论/base/半导体/SEMI_WFF_2026_1Q.xlsx,Company Detail,http://www.intel.com
Intel - Fab 24 (+ Fab 14 combined),,晶圆制造工厂,"Intel 的 Fab 24 (+ Fab 14 combined)，位于 Leixlip, Kildare, 爱尔兰。",1802,晶圆厂，研发,In production-merged,Leixlip,Kildare,爱尔兰,Europe & Mideast,欧洲,"R148, Easton",http://www.intel.com,Foundry/IDM/MPU,Logic&Micro,"Logic, MPU","CMOS, Cu, low K, strained Si",0.014,12,50000,112500,384000,1,1000000,2004,2000,2004,2004,/Users/simon/Documents/Simon-OB/本体论/base/半导体/SEMI_WFF_2026_1Q.xlsx,Company Detail,http://www.intel.com
Intel - Fab 28 (+Fab 28A),,晶圆制造工厂,"Intel 的 Fab 28 (+Fab 28A)，位于 Kiryat Gat, Southern District, 以色列。",1792,晶圆厂,In production-merged,Kiryat Gat,Southern District,以色列,Europe & Mideast,欧洲,Sderot Avats 2,http://www.intel.com,Logic/MPU,Logic&Micro,MPU,"CMOS, strained Si, Cu, Low-K",0.007,12,70000,157500,,10,2000000,2008,2005,2007,2008,/Users/simon/Documents/Simon-OB/本体论/base/半导体/SEMI_WFF_2026_1Q.xlsx,Company Detail,http://www.intel.com
Intel - Fab 29 - Mod 2 (Magdeburg),,晶圆制造工厂,"Intel 的 Fab 29 - Mod 2 (Magdeburg)，位于 Magdeburg, Saxony-Anhalt, 德国。",6273,晶圆厂,Cancelled,Magdeburg,Saxony-Anhalt,德国,Europe & Mideast,欧洲,,http://www.intel.com,Foundry/IDM/MPU,Logic&Micro,"MPU, Foundry Service",,0.0008,12,30000,67500,320000,,,,,,,/Users/simon/Documents/Simon-OB/本体论/base/半导体/SEMI_WFF_2026_1Q.xlsx,Company Detail,http://www.intel.com
Intel - Fab 29 - Mod 1 (Magdeburg),,晶圆制造工厂,"Intel 的 Fab 29 - Mod 1 (Magdeburg)，位于 Magdeburg, Saxony-Anhalt, 德国。",6247,晶圆厂,Cancelled,Magdeburg,Saxony-Anhalt,德国,Europe & Mideast,欧洲,,http://www.intel.com,Foundry/IDM/MPU,Logic&Micro,,,0.0008,12,30000,67500,320000,,,,,,,/Users/simon/Documents/Simon-OB/本体论/base/半导体/SEMI_WFF_2026_1Q.xlsx,Company Detail,http://www.intel.com
Intel - D1C (+ D1C expansion Fab 20),,晶圆制造工厂,"Intel 的 D1C (+ D1C expansion Fab 20)，位于 Hillsboro, Oregon, 美国。",401,晶圆厂，中试线，研发,In production-merged,Hillsboro,Oregon,美国,美洲,NA,2501 Northwest 229th Avenue,http://www.intel.com,Logic/MPU,Logic&Micro,"MPU, Chip sets","CMOS, SiGe, Cu, Low-K, strained Si",0.01,12,27000,60750,270000,10,,2001,1998,2001,2001,/Users/simon/Documents/Simon-OB/本体论/base/半导体/SEMI_WFF_2026_1Q.xlsx,Company Detail,http://www.intel.com
Intel - Fab 32 Megafab (Fab 32+Fab 22+Fab 12),,晶圆制造工厂,"Intel 的 Fab 32 Megafab (Fab 32+Fab 22+Fab 12)，位于 Chandler, Arizona, 美国。",2183,晶圆厂,In production-merged,Chandler,Arizona,美国,美洲,NA,4500 South Dobson Road,http://www.intel.com,Logic/MPU,Logic&Micro,"MPUs, foundry","CMOS, Cu, Hf-based high K",0.01,12,66000,148500,320000,10,1000000,2007,2005,2007,2007,/Users/simon/Documents/Simon-OB/本体论/base/半导体/SEMI_WFF_2026_1Q.xlsx,Company Detail,http://www.intel.com
Intel - D1D,,晶圆制造工厂,"Intel 的 D1D，位于 Hillsboro, Oregon, 美国。",1867,晶圆厂，中试线，研发,In production,Hillsboro,Oregon,美国,美洲,NA,2501 Northwest 229th Avenue,http://www.intel.com,Logic/MPU,Logic&Micro,Logic development,"CMOS, Cu, Low-K Interconncet, strained Si, High-k, Metal Gate, Immersion Litho",0.007,12,16000,36000,212000,100,,2003,2001,2003,2003,/Users/simon/Documents/Simon-OB/本体论/base/半导体/SEMI_WFF_2026_1Q.xlsx,Company Detail,http://www.intel.com
Intel - D1X Module 4,,晶圆制造工厂,"Intel 的 D1X Module 4，位于 Hillsboro, Oregon, 美国。",6475,晶圆厂，中试线，研发,Planned,Hillsboro,Oregon,美国,美洲,NA,2501 Northwest 229th Avenue,http://www.intel.com,Logic/MPU,Logic&Micro,Logic MPU,"CMOS, FinFET",0.0008,12,16000,36000,,,,2029,2027,2029,2029,/Users/simon/Documents/Simon-OB/本体论/base/半导体/SEMI_WFF_2026_1Q.xlsx,Company Detail,http://www.intel.com
Intel - Fab 52,,晶圆制造工厂,"Intel 的 Fab 52，位于 Chandler, Arizona, 美国。",6219,晶圆厂,In production,Chandler,Arizona,美国,美洲,NA,4500 South Dobson Road,http://www.intel.com,Foundry/IDM/MPU,Logic&Micro,Foundry service Logic/MPU,"CMOS, FinFET",0.0018,12,40000,90000,300000,,,2025,2021,2025,2025,/Users/simon/Documents/Simon-OB/本体论/base/半导体/SEMI_WFF_2026_1Q.xlsx,Company Detail,http://www.intel.com
Intel - Fab 62,,晶圆制造工厂,"Intel 的 Fab 62，位于 Chandler, Arizona, 美国。",6220,晶圆厂,Constructing,Chandler,Arizona,美国,美洲,NA,4500 South Dobson Road,http://www.intel.com,Foundry/IDM/MPU,Logic&Micro,Foundry service Logic/MPU,"CMOS, FinFET",0.0014,12,32000,72000,300000,,,2029,2021,2029,2029,/Users/simon/Documents/Simon-OB/本体论/base/半导体/SEMI_WFF_2026_1Q.xlsx,Company Detail,http://www.intel.com
Intel - Fab 27 - Mod 2 (Ohio),,晶圆制造工厂,"Intel 的 Fab 27 - Mod 2 (Ohio)，位于 New Albany, Ohio, 美国。",6272,晶圆厂,Constructing,New Albany,Ohio,美国,美洲,NA,Miller Rd,http://www.intel.com,Foundry/IDM/MPU,Logic&Micro,,"CMOS, Logic MPU",0.0008,12,25000,56250,310000,,2500000,2032,2022,2032,2032,/Users/simon/Documents/Simon-OB/本体论/base/半导体/SEMI_WFF_2026_1Q.xlsx,Company Detail,http://www.intel.com
Intel - Fab 38 Phase 2,,晶圆制造工厂,"Intel 的 Fab 38 Phase 2，位于 Kiryat Gat, Southern District, 以色列。",6274,晶圆厂,On hold,Kiryat Gat,Southern District,以色列,Europe & Mideast,欧洲,Tsoran,http://www.intel.com,Foundry/IDM/MPU,Logic&Micro,"MPU, Foundry service","CMOS, strained Si, Cu, Low-K",0.001,12,25000,56250,310000,,,2031,2021,2031,2031,/Users/simon/Documents/Simon-OB/本体论/base/半导体/SEMI_WFF_2026_1Q.xlsx,Company Detail,http://www.intel.com
Intel - Fab 27 - Mod 1 (Ohio),,晶圆制造工厂,"Intel 的 Fab 27 - Mod 1 (Ohio)，位于 New Albany, Ohio, 美国。",6246,晶圆厂,Constructing,New Albany,Ohio,美国,美洲,NA,Miller Rd,http://www.intel.com,Foundry/IDM/MPU,Logic&Micro,Foundry fab for Logic,"CMOS, Logic MPU",0.001,12,30000,67500,310000,,2500000,2030,2022,2030,2030,/Users/simon/Documents/Simon-OB/本体论/base/半导体/SEMI_WFF_2026_1Q.xlsx,Company Detail,http://www.intel.com
Intel - D1X Support MSB2,,晶圆制造工厂,"Intel 的 D1X Support MSB2，位于 Hillsboro, Oregon, 美国。",6562,晶圆厂，中试线，研发,In production,Hillsboro,Oregon,美国,美洲,NA,2501 Northwest 229th Avenue,http://www.intel.com,Logic/MPU,Logic&Micro,"Support facility for D1X, assume holding EUV tools.","CMOS, FinFET",,,,,35000,,50000,2025,2023,2025,2025,/Users/simon/Documents/Simon-OB/本体论/base/半导体/SEMI_WFF_2026_1Q.xlsx,Company Detail,http://www.intel.com
Inventchip Technology - Yiwu Fab1,,晶圆制造工厂,"Inventchip Technology 的 Yiwu Fab1，位于 Yiwu, Zhejiang, 中国。",6576,晶圆厂,In production,Yiwu,Zhejiang,中国,中国,亚太,"599 Haopai Road, Suxi Town",https://www.inventchip.com.cn/en/,Discrete/Power,Discrete,,SiC,0.35,6,10000,5625,,,,2023,2021,2022,2023,/Users/simon/Documents/Simon-OB/本体论/base/半导体/SEMI_WFF_2026_1Q.xlsx,Company Detail,https://www.inventchip.com.cn/en/
IPG - Wafer Fab (4-inch line),,晶圆制造工厂,"IPG 的 Wafer Fab (4-inch line)，位于 Oxford, Massachusetts, 美国。",6192,"Fab/EPI, R&D, Pilot/Split",In production,Oxford,Massachusetts,美国,美洲,NA,50 Old Webster Road,https://www.ipgphotonics.com,光电器件/激光器及其他,Opto,"EPI (MBE) wafers, laser diodes, high-performance fiber lasers and amplifiers","EPI, GaN sapphire, GaN, GaAs",2,4,40000,10000,108000,,613000,2012,2012,2012,2012,/Users/simon/Documents/Simon-OB/本体论/base/半导体/SEMI_WFF_2026_1Q.xlsx,Company Detail,https://www.ipgphotonics.com
ISS- Integrated Sensing Systems - Fab (2 cleanrooms),,晶圆制造工厂,"ISS- Integrated Sensing Systems 的 Fab (2 cleanrooms)，位于 Ypsilanti, Michigan, 美国。",2120,晶圆厂，研发,In production,Ypsilanti,Michigan,美国,美洲,NA,391 Airport Industrial Drive,www.mems-issys.com,MEMS,MEMS,Foundry services for MEMS; Medical products; Mircro Density Meters; Precision Microfluidic Products; Density Gravity and Chemical Services,"CMOS, MEMS, Si, Glass, Ceramic",1,6,5000,2812.5,6400,100,15700,1999,1997,1999,1999,/Users/simon/Documents/Simon-OB/本体论/base/半导体/SEMI_WFF_2026_1Q.xlsx,Company Detail,file:///Users/simon/Documents/Simon-OB/%E6%9C%AC%E4%BD%93%E8%AE%BA/base/%E5%8D%8A%E5%AF%BC%E4%BD%93/output/semiconductor_ontology.json
Istok - Istok,,晶圆制造工厂,"Istok 的 Istok，位于 Fryazino, Moscow Oblast, 俄罗斯。",2435,晶圆厂,In production,Fryazino,Moscow Oblast,俄罗斯,Europe & Mideast,欧洲,Vokzal'naya 2a,http://www.orgpage.ru/modules/siteview.php?cid=358454,Discrete/Other,Discrete,"Discrete, Microwave, MMIC",,2,4,4000,1000,,,,1994,1992,1994,1994,/Users/simon/Documents/Simon-OB/本体论/base/半导体/SEMI_WFF_2026_1Q.xlsx,Company Detail,http://www.orgpage.ru/modules/siteview.php?cid=358454
Istok - 6-inch (new),,晶圆制造工厂,"Istok 的 6-inch (new)，位于 Fryazino, Moscow Oblast, 俄罗斯。",2481,晶圆厂，中试线，研发,In production,Fryazino,Moscow Oblast,俄罗斯,Europe & Mideast,欧洲,Vokzal'naya 2a,http://www.orgpage.ru/modules/siteview.php?cid=358454,Discrete/Other,Discrete,Microwave for consumer electronics,GaAs,0.35,6,1500,843.75,,,,2013,2007,2011,2013,/Users/simon/Documents/Simon-OB/本体论/base/半导体/SEMI_WFF_2026_1Q.xlsx,Company Detail,http://www.orgpage.ru/modules/siteview.php?cid=358454
IXYS Corporation - Fab 3 (MwT),,晶圆制造工厂,"IXYS Corporation 的 Fab 3 (MwT)，位于 Fremont, California, 美国。",2239,晶圆厂,In production,Fremont,California,美国,美洲,NA,4268 Solar Way,http://www.ixys.com,Discrete/Power,Discrete,"GaAs wafers; RF power semiconductors,  GaAs FET,  low noise amplifiers and modules",GaAs,0.25,3,1000,140.625,,,30000,1983,1982,1983,1983,/Users/simon/Documents/Simon-OB/本体论/base/半导体/SEMI_WFF_2026_1Q.xlsx,Company Detail,http://www.ixys.com
IXYS Corporation - Westcode,,晶圆制造工厂,"IXYS Corporation 的 Westcode，位于 Chippenham, Wiltshire, England。",1196,晶圆厂,in production,Chippenham,Wiltshire,England,Europe & Mideast,欧洲,Langley Park Way,http://www.ixys.com,Discrete/Power,Discrete,"Thyristors, Diodes, IGBTs, GTO Thyristors, Pulse Thyristors, Assemblies, Power Modules, Capacitors and Fuses.",Bipolar,2,5,10000,3906.25,,,,1977,,,,/Users/simon/Documents/Simon-OB/本体论/base/半导体/SEMI_WFF_2026_1Q.xlsx,Company Detail,http://www.ixys.com
IXYS Corporation - Fab 1,,晶圆制造工厂,"IXYS Corporation 的 Fab 1，位于 Lampertheim, Hessen, 德国。",1,晶圆厂,in production,Lampertheim,Hessen,德国,Europe & Mideast,欧洲,"Edisonstrasse 15, P.O. Box 1180",http://www.ixys.com,Discrete/Power,Discrete,"Power MOSFETS, Schottky Diodes, Thyristor Discretes, IGBT Devices, HV Current Regulators, Power Management IC, Power Modules and IPM","BiPolar, Si",2,6,18000,10125,9468,100,170000,1989,,,,/Users/simon/Documents/Simon-OB/本体论/base/半导体/SEMI_WFF_2026_1Q.xlsx,Company Detail,http://www.ixys.com
IXYS Corporation - Fab 2,,晶圆制造工厂,"IXYS Corporation 的 Fab 2，位于 Beverly, Massachusetts, 美国。",1558,晶圆厂,in production,Beverly,Massachusetts,美国,美洲,NA,78 Cherry Hill Drive,http://www.ixys.com,Discrete/Power,Discrete,"power semiconductors, RF power, MCUs, Ics from LED drivers to power management","BCDMOS, Si",0.8,6,10700,6018.75,14000,1,83000,1997,,,,/Users/simon/Documents/Simon-OB/本体论/base/半导体/SEMI_WFF_2026_1Q.xlsx,Company Detail,http://www.ixys.com
Japan Semiconductor - Oita C-Cubed 2 (110 Bldg),,晶圆制造工厂,"Japan Semiconductor 的 Oita C-Cubed 2 (110 Bldg)，位于 Oita, Oita, 日本。",1122,晶圆厂,in production,Oita,Oita,日本,日本,日本,3500 Matsuoka,https://www.jsemicon.co.jp,Discrete/Power,Discrete,"Discrete devices; System LSI, MCU, Analog IC, ASIC, Linear image sensor;",CMOS MOS,0.6,6,15000,8437.5,,100,,1985,,2003,2003,/Users/simon/Documents/Simon-OB/本体论/base/半导体/SEMI_WFF_2026_1Q.xlsx,Company Detail,https://www.jsemicon.co.jp
Japan Semiconductor - Iwate Operations,,晶圆制造工厂,"Japan Semiconductor 的 Iwate Operations，位于 Kitakami, Iwate, 日本。",1361,晶圆厂,In production,Kitakami,Iwate,日本,日本,日本,"6-6, Kita Kogyo-Danchi",https://www.jsemicon.co.jp,Logic/System LSI,Logic&Micro,"System LSI (MCU, Analog IC, ASIC)  CMOS/CCD image sensor, Custom SoC, Analog, ASIC, MCU, Foundry","CMOS; PW-MOS, Mixed signal, TSV",0.13,8,23000,23000,123785,1,538195,2005,2005,2005,2006,/Users/simon/Documents/Simon-OB/本体论/base/半导体/SEMI_WFF_2026_1Q.xlsx,Company Detail,https://www.jsemicon.co.jp
Japan Semiconductor - Oita C-Cubed 4 + OTSS + Annex,,晶圆制造工厂,"Japan Semiconductor 的 Oita C-Cubed 4 + OTSS + Annex，位于 Oita, Oita, 日本。",1130,晶圆厂,In production-merged,Oita,Oita,日本,日本,日本,3500 Matsuoka,https://www.jsemicon.co.jp,Logic/System LSI,Logic&Micro,"System LSI,  Analog IC, ASIC, MCU, Foundry","CMOS Cu,Al",0.09,8,50000,50000,,1,,1990,1988,1990,1990,/Users/simon/Documents/Simon-OB/本体论/base/半导体/SEMI_WFF_2026_1Q.xlsx,Company Detail,https://www.jsemicon.co.jp
Japan Semiconductor - Oita C-Cubed 3 (110 Bldg),,晶圆制造工厂,"Japan Semiconductor 的 Oita C-Cubed 3 (110 Bldg)，位于 Oita, Oita, 日本。",1127,晶圆厂,in production,Oita,Oita,日本,日本,日本,3500 Matsuoka,https://www.jsemicon.co.jp,Logic/System LSI,Logic&Micro,"System LSI, Analog IC, ASIC, MCU, Foundry",CMOS,0.09,8,25000,25000,,100,,1987,,,,/Users/simon/Documents/Simon-OB/本体论/base/半导体/SEMI_WFF_2026_1Q.xlsx,Company Detail,https://www.jsemicon.co.jp
Japan Semiconductor Manufacturing Corporation (JSMC) - JSMC Fab 1,,晶圆制造工厂,"Japan Semiconductor Manufacturing Corporation (JSMC) 的 JSMC Fab 1，位于 Sendai, Miyagi, 日本。",6500,晶圆厂,Planned,Sendai,Miyagi,日本,日本,日本,,,Foundry/Logic,Logic&Micro,Automotive MCU,,0.028,12,40000,90000,,,,2030,2027,2029,2030,/Users/simon/Documents/Simon-OB/本体论/base/半导体/SEMI_WFF_2026_1Q.xlsx,Company Detail,file:///Users/simon/Documents/Simon-OB/%E6%9C%AC%E4%BD%93%E8%AE%BA/base/%E5%8D%8A%E5%AF%BC%E4%BD%93/SEMI_WFF_2026_1Q.xlsx
JENOPTIK Diode Lab GmbH - Berlin-Adlershof,,晶圆制造工厂,"JENOPTIK Diode Lab GmbH 的 Berlin-Adlershof，位于 Berlin, Berlin, 德国。",2190,晶圆厂，研发,In production,Berlin,Berlin,德国,Europe & Mideast,欧洲,"Max-Planck-Strasse 5 - WISTA science, technology park",http://www.diodelab.com,光电器件/激光器及其他,Opto,"optoelectronic semiconductor components for diode lasers and high-p diode lasers, GaAs",GaAs,1,3,3000,421.875,5400,100,19400,2006,2005,2006,2006,/Users/simon/Documents/Simon-OB/本体论/base/半导体/SEMI_WFF_2026_1Q.xlsx,Company Detail,http://www.diodelab.com
"JENOPTIK Optical Systems, Inc - Fab 1",,晶圆制造工厂,"JENOPTIK Optical Systems, Inc 的 Fab 1，位于 Huntsville, Alabama, 美国。",2119,晶圆厂，研发,In production,Huntsville,Alabama,美国,美洲,NA,205 Import Circle,http://www.jenoptik-inc.com/,MEMS,MEMS,"MEMS Devices; Micro Optics,, Foundry Services","CMOS; MEMS, SiGe; Ge",1,6,1000,562.5,,100,,1997,1996,1997,1997,/Users/simon/Documents/Simon-OB/本体论/base/半导体/SEMI_WFF_2026_1Q.xlsx,Company Detail,http://www.jenoptik-inc.com/
Jiangsu Advanced Memory Semiconductor Corp. - PCM fab,,晶圆制造工厂,"Jiangsu Advanced Memory Semiconductor Corp. 的 PCM fab，位于 Huaian, Jiangsu, 中国。",4943,晶圆厂,On hold,Huaian,Jiangsu,中国,中国,亚太,Changjiang Rd.,http://www.jsamsc.com,Memory/Other,Memory,PCM (Phase Change Memory),,0.04,12,8500,19125,,,,2019,2017,2018,2019,/Users/simon/Documents/Simon-OB/本体论/base/半导体/SEMI_WFF_2026_1Q.xlsx,Company Detail,http://www.jsamsc.com
Jiangsu CAS-IGBT Technology - LFoundry S.r.l (was Micron Fab 9 MIT),,晶圆制造工厂,"Jiangsu CAS-IGBT Technology 的 LFoundry S.r.l (was Micron Fab 9 MIT)，位于 Avezzano, L'Aquila, 意大利。",1061,晶圆厂,In production,Avezzano,L'Aquila,意大利,Europe & Mideast,欧洲,Via Antonio Pacinotti 5/7 Nucleo Industrial Park,http://www.cas-junshine.com/,代工/模拟与混合信号与功率,Analog,"CMOS image Sensors, Analog/Mixed Signal, RF, HV, Embedded Memories (Flash), CMOS-based MEMS and Opto-CMOS, MCU","CMOS, Cu, Al",0.09,8,45000,45000,129000,1,400000,1991,,,,/Users/simon/Documents/Simon-OB/本体论/base/半导体/SEMI_WFF_2026_1Q.xlsx,Company Detail,http://www.cas-junshine.com/
"Jiangsu JieJie Microelectronics Co.,Ltd. - Fab 2",,晶圆制造工厂,"Jiangsu JieJie Microelectronics Co.,Ltd. 的 Fab 2，位于 Qidong, Jiangsu, 中国。",3357,晶圆厂,In production,Qidong,Jiangsu,中国,中国,亚太,No. 3000 Qiantangjiang Road,http://www.jjwdz.com/,Discrete/Power,Discrete,"Power transistors, Darlington Transistors",,1,4,36000,9000,51667,,,2011,2009,2011,2011,/Users/simon/Documents/Simon-OB/本体论/base/半导体/SEMI_WFF_2026_1Q.xlsx,Company Detail,http://www.jjwdz.com/
"Jiangsu JieJie Microelectronics Co.,Ltd. - Fab 1",,晶圆制造工厂,"Jiangsu JieJie Microelectronics Co.,Ltd. 的 Fab 1，位于 Qidong, Jiangsu, 中国。",3356,晶圆厂,In production,Qidong,Jiangsu,中国,中国,亚太,"No. 8, Xinglong Road, Huilong",http://www.jjwdz.com/,Discrete/Power,Discrete,"Power transistors, Darlington Transistors",,1,4,22500,5625,107640,,387504,2000,2004,2004,2004,/Users/simon/Documents/Simon-OB/本体论/base/半导体/SEMI_WFF_2026_1Q.xlsx,Company Detail,http://www.jjwdz.com/
"Jiangsu JieJie Microelectronics Co.,Ltd. - Nantong fab",,晶圆制造工厂,"Jiangsu JieJie Microelectronics Co.,Ltd. 的 Nantong fab，位于 Nantong, Jiangsu, 中国。",3925,晶圆厂,In production,Nantong,Jiangsu,中国,中国,亚太,"No. 1, Jinggangshan Road",http://www.jjwdz.com/,Discrete/Power,Discrete,"Thyristor, Diodes, protection devices, Darlington transistors",,1,4,60000,15000,,,434209,2018,2017,2018,2018,/Users/simon/Documents/Simon-OB/本体论/base/半导体/SEMI_WFF_2026_1Q.xlsx,Company Detail,http://www.jjwdz.com/
"Jiangsu JieJie Microelectronics Co.,Ltd. - Nantong 150mm line",,晶圆制造工厂,"Jiangsu JieJie Microelectronics Co.,Ltd. 的 Nantong 150mm line，位于 Nantong, Jiangsu, 中国。",6226,晶圆厂,In production,Nantong,Jiangsu,中国,中国,亚太,No. 6 Jinggangshan Road,http://www.jjwdz.com/,Discrete/Power,Discrete,"MOSFET, IGBT, FRD, SCR, FRED","MOSFET, IGBT, FRD, SCR, Trench",0.5,6,80000,45000,,,,2022,2021,2022,2022,/Users/simon/Documents/Simon-OB/本体论/base/半导体/SEMI_WFF_2026_1Q.xlsx,Company Detail,http://www.jjwdz.com/
"Jiangsu JieJie Microelectronics Co.,Ltd. - Nantong 200mm Fab",,晶圆制造工厂,"Jiangsu JieJie Microelectronics Co.,Ltd. 的 Nantong 200mm Fab，位于 Nantong, Jiangsu, 中国。",6520,晶圆厂,In production,Nantong,Jiangsu,中国,中国,亚太,No. 1 Jinggangshan Road,http://www.jjwdz.com/,Discrete/Power,Discrete,,,0.18,8,80000,80000,,,,2023,2022,2022,2023,/Users/simon/Documents/Simon-OB/本体论/base/半导体/SEMI_WFF_2026_1Q.xlsx,Company Detail,http://www.jjwdz.com/
Jiangsu Maxscend - Xinzhuo 12inch IPD Line,,晶圆制造工厂,"Jiangsu Maxscend 的 Xinzhuo 12inch IPD Line，位于 Wuxi, Jiangsu, 中国。",6544,晶圆厂，中试线,In production,Wuxi,Jiangsu,中国,中国,亚太,"29 Liulu Road, Hudai Industrial Park, Binhu District, Wuxi City",https://www.maxscend.com/,Discrete/Other,Discrete,IPD,,0.35,12,5000,11250,,,,2023,,2023,2023,/Users/simon/Documents/Simon-OB/本体论/base/半导体/SEMI_WFF_2026_1Q.xlsx,Company Detail,https://www.maxscend.com/
Jiangsu Maxscend - Xinzhuo 6inch SAW line,,晶圆制造工厂,"Jiangsu Maxscend 的 Xinzhuo 6inch SAW line，位于 Wuxi, Jiangsu, 中国。",6543,晶圆厂，中试线,In production,Wuxi,Jiangsu,中国,中国,亚太,"29 Liulu Road, Hudai Industrial Park, Binhu District, Wuxi City",https://www.maxscend.com/,Discrete/Other,Discrete,SAW,,0.35,6,16000,9000,,,,2022,2021,2022,2022,/Users/simon/Documents/Simon-OB/本体论/base/半导体/SEMI_WFF_2026_1Q.xlsx,Company Detail,https://www.maxscend.com/
"Jiangsu Yingrui Semiconductor Co., Ltd - Yingrui semi",,晶圆制造工厂,"Jiangsu Yingrui Semiconductor Co., Ltd 的 Yingrui semi，位于 Yancheng, Jiangsu, 中国。",6150,晶圆厂,In production,Yancheng,Jiangsu,中国,中国,亚太,"1, Niuyue Middle Rd.",http://www.yrsemi.com/,Discrete/Power,Discrete,"Schottky, FRED diodes",,0.5,6,50000,28125,86112,,129168,2020,2018,2020,2020,/Users/simon/Documents/Simon-OB/本体论/base/半导体/SEMI_WFF_2026_1Q.xlsx,Company Detail,http://www.yrsemi.com/
Jiangxi Yuhongjin Material Technology (YHJ) - Fab 1 (Fuzhou),,晶圆制造工厂,"Jiangxi Yuhongjin Material Technology (YHJ) 的 Fab 1 (Fuzhou)，位于 Fuzhou, Jiangxi, 中国。",6528,晶圆厂,In production,Fuzhou,Jiangxi,中国,中国,亚太,"Building 7, Gaoxin 5th Rd.,",http://www.yhjsemi.com/,Discrete/Power,Discrete,"GaN devices, SBD, HEMT, UVC-LED, LD","GaN, MOCVD",0.5,6,15000,8437.5,,,,2022,2021,2022,2022,/Users/simon/Documents/Simon-OB/本体论/base/半导体/SEMI_WFF_2026_1Q.xlsx,Company Detail,http://www.yhjsemi.com/
Jiangxi Yuhongjin Material Technology (YHJ) - Fab 2 (Jinghe),,晶圆制造工厂,"Jiangxi Yuhongjin Material Technology (YHJ) 的 Fab 2 (Jinghe)，位于 Xixian New Area, Shaanxi, 中国。",6529,晶圆厂,In production,Xixian New Area,Shaanxi,中国,中国,亚太,Jinghe New City of Xixian New Area,http://www.yhjsemi.com/,Discrete/Power,Discrete,,"GaN, MOCVD",0.5,6,100000,56250,,,,2025,2023,2024,2025,/Users/simon/Documents/Simon-OB/本体论/base/半导体/SEMI_WFF_2026_1Q.xlsx,Company Detail,http://www.yhjsemi.com/
"Jiangyin Xinshun Microelectronic Co., Ltd. - Fab 1",,晶圆制造工厂,"Jiangyin Xinshun Microelectronic Co., Ltd. 的 Fab 1，位于 Jiangyin, Jiangsu, 中国。",3484,晶圆厂,In production,Jiangyin,Jiangsu,中国,中国,亚太,"275, Binjiang Middle Rd.",http://www.xinshun.cn/,Discrete/Power,Discrete,"Zener Diodes, Schottky, Varactor Diodes, Rectifier, TVS Diodes",,2,5,80000,31250,,,,2002,2002,2003,2003,/Users/simon/Documents/Simon-OB/本体论/base/半导体/SEMI_WFF_2026_1Q.xlsx,Company Detail,http://www.xinshun.cn/
Jilin Magic Semiconductor - 4-inch Line (inside Jilin Sino-Microelectronics),,晶圆制造工厂,"Jilin Magic Semiconductor 的 4-inch Line (inside Jilin Sino-Microelectronics)，位于 Jilin, Jilin, 中国。",2465,晶圆厂,In production,Jilin,Jilin,中国,中国,亚太,"No. 99 Shenzhen Street, High-tech Zone",http://www.hwdz.com.cn/english/gsgk/zgs_1.jsp,Discrete/Power,Discrete,"Power, Foundry service, Schottky, VDMOS, Thyristor",,3,4,58000,14500,,,,2005,,2005,2005,/Users/simon/Documents/Simon-OB/本体论/base/半导体/SEMI_WFF_2026_1Q.xlsx,Company Detail,http://www.hwdz.com.cn/english/gsgk/zgs_1.jsp
Jilin Magic Semiconductor - 5-inch Line (inside Jilin Sino-Microelectronics),,晶圆制造工厂,"Jilin Magic Semiconductor 的 5-inch Line (inside Jilin Sino-Microelectronics)，位于 Jilin, Jilin, 中国。",2466,晶圆厂,In production,Jilin,Jilin,中国,中国,亚太,"No. 99, Shenzhen Street",http://www.hwdz.com.cn/english/gsgk/zgs_1.jsp,Discrete/Power,Discrete,"Power, Foundry service, Schottky, VDMOS, Thyristor",,1,5,25000,9765.625,,,,2005,,2005,2005,/Users/simon/Documents/Simon-OB/本体论/base/半导体/SEMI_WFF_2026_1Q.xlsx,Company Detail,http://www.hwdz.com.cn/english/gsgk/zgs_1.jsp
Jilin Sino-Microelectronics Co. Ltd. - 6-inch (built together with Philips JV),,晶圆制造工厂,"Jilin Sino-Microelectronics Co. Ltd. 的 6-inch (built together with Philips JV)，位于 Jilin, Jilin, 中国。",2044,晶圆厂,In production,Jilin,Jilin,中国,中国,亚太,"No. 99 Shenzhen Street, High-tech Zone",http://www.hwdz.com.cn/,Discrete/Power,Discrete,"Power, VDMOS transistor","CMOS, VDMOS",0.35,6,40000,22500,34445,,,2008,2007,2008,2008,/Users/simon/Documents/Simon-OB/本体论/base/半导体/SEMI_WFF_2026_1Q.xlsx,Company Detail,http://www.hwdz.com.cn/
Jilin Sino-Microelectronics Co. Ltd. - 3-inch,,晶圆制造工厂,"Jilin Sino-Microelectronics Co. Ltd. 的 3-inch，位于 Jilin, Jilin, 中国。",1990,晶圆厂,In production,Jilin,Jilin,中国,中国,亚太,"No. 99, Shenzhen Street",http://www.hwdz.com.cn/,Discrete/Power,Discrete,"Power, Transistor, Schottky",,1,3,30000,4218.75,,,,1993,1992,1993,1994,/Users/simon/Documents/Simon-OB/本体论/base/半导体/SEMI_WFF_2026_1Q.xlsx,Company Detail,http://www.hwdz.com.cn/
Jilin Sino-Microelectronics Co. Ltd. - 4-inch,,晶圆制造工厂,"Jilin Sino-Microelectronics Co. Ltd. 的 4-inch，位于 Jilin, Jilin, 中国。",1991,晶圆厂,In production,Jilin,Jilin,中国,中国,亚太,"No. 99, Shenzhen Street",http://www.hwdz.com.cn/,Discrete/Power,Discrete,"Power, Transistor, Schottky",,1,4,50000,12500,,,,2002,2001,2002,2002,/Users/simon/Documents/Simon-OB/本体论/base/半导体/SEMI_WFF_2026_1Q.xlsx,Company Detail,http://www.hwdz.com.cn/
Jilin Sino-Microelectronics Co. Ltd. - 8-inch,,晶圆制造工厂,"Jilin Sino-Microelectronics Co. Ltd. 的 8-inch，位于 Jilin, Jilin, 中国。",5097,晶圆厂,In production,Jilin,Jilin,中国,中国,亚太,"No. 99 Shenzhen Street, High-tech Zone",http://www.hwdz.com.cn/,Discrete/Power,Discrete,"Power devices, IGBT, MOSFET",Trench,0.35,8,10000,10000,,,,2020,2019,2020,2020,/Users/simon/Documents/Simon-OB/本体论/base/半导体/SEMI_WFF_2026_1Q.xlsx,Company Detail,http://www.hwdz.com.cn/
"JS Foundry K.K - Niigata-N1 (was Onsemi, was SANYO)",,晶圆制造工厂,"JS Foundry K.K 的 Niigata-N1 (was Onsemi, was SANYO)，位于 Ojiya, Niigata, 日本。",888,晶圆厂,Closed,Ojiya,Niigata,日本,日本,日本,3000 Chiya-Ko,https://www.mercuria.jp/english/,代工/功率,Discrete,"CMOS, BiCMOS, BCD, Bipolar, and Discrete;  power semiconductors for electric vehicles and appliances","CMOS, BiCMOS, BCD, BiPolar, Discretes",0.8,6,27000,15187.5,125000,10,600000,1989,2011,2012,,/Users/simon/Documents/Simon-OB/本体论/base/半导体/SEMI_WFF_2026_1Q.xlsx,Company Detail,https://www.mercuria.jp/english/
"JS Foundry K.K - Niigata-N2 (was Onsemi, was SANYO)",,晶圆制造工厂,"JS Foundry K.K 的 Niigata-N2 (was Onsemi, was SANYO)，位于 Ojiya, Niigata, 日本。",886,晶圆厂,Closed,Ojiya,Niigata,日本,日本,日本,3000 Chiya-Ko,https://www.mercuria.jp/english/,代工/功率,Discrete,"CMOS, BiCMOS, BCD, Bipolar, and Discrete;  power semiconductors for electric vehicles and appliances","CMOS, Bipolar, BCD, BiCMOS",0.3,6,26000,14625,90000,10,500000,1987,1985,1987,1987,/Users/simon/Documents/Simon-OB/本体论/base/半导体/SEMI_WFF_2026_1Q.xlsx,Company Detail,https://www.mercuria.jp/english/
JSC ALFA - N/A,,晶圆制造工厂,"JSC ALFA 的 N/A，位于 Riga, Riga, Latvia。",11,晶圆厂,in production,Riga,Riga,Latvia,Europe & Mideast,欧洲,Ropazu Street 140,http://www.alfarzpp.lv,Analog/Other,Analog,"Transistors, DAC, ADC, Converters,  Amplifiers, Comparators, DSP","Bipolar, BiCMOS, CMOS",2,4,20000,5000,,1000,,1960,1958,1960,1960,/Users/simon/Documents/Simon-OB/本体论/base/半导体/SEMI_WFF_2026_1Q.xlsx,Company Detail,http://www.alfarzpp.lv
JTC Corporation - SemiconSpace Phase 1 (unit 1+2) Wafer processing,,晶圆制造工厂,"JTC Corporation 的 SemiconSpace Phase 1 (unit 1+2) Wafer processing，位于 新加坡, 新加坡, 新加坡。",6143,Fab/Wafer Processing,In production,新加坡,新加坡,新加坡,SE Asia,亚太,Tampines Wafer Fab Park,http://www.jtc.gov.sg/,Discrete/Other,Discrete,"This facility is to offer companies a quick-start plug-and-play solution. Possibly compound, MEMS or packaging","MEMS, Power, Compound III-V",0.09,8,8000,8000,119000,,,2024,2021,2024,2024,/Users/simon/Documents/Simon-OB/本体论/base/半导体/SEMI_WFF_2026_1Q.xlsx,Company Detail,http://www.jtc.gov.sg/
"Kaiam - PLC Fab (was Gemfire, was Avanex, was Alcatel)",,晶圆制造工厂,"Kaiam 的 PLC Fab (was Gemfire, was Avanex, was Alcatel)，位于 Livingston, West Lothian, Scotland。",1787,晶圆厂,In production,Livingston,West Lothian,Scotland,Europe & Mideast,欧洲,"1 Michaelson Square, Kirkton Campus",http://www.kaiam.com,MEMS/Opto,MEMS,MEMS; 40G and 100G+ transceivers and advanced PLCs for fiber optic communications,"Silica On Silicon SION, GaN, MEMS, (Silicon)",0.5,8,5000,5000,10000,100,57000,2001,1998,2001,2001,/Users/simon/Documents/Simon-OB/本体论/base/半导体/SEMI_WFF_2026_1Q.xlsx,Company Detail,http://www.kaiam.com
"KEC Corporation - 4"" Line",,晶圆制造工厂,"KEC Corporation 的 4"" Line，位于 Gumi, Gyeongsangbuk, 韩国。",443,晶圆厂,in production,Gumi,Gyeongsangbuk,韩国,韩国,亚太,149 Gongdan-1-dong,http://www.keccorp.com/,Discrete/Power,Discrete,"MOSFET, Diode, IGBT",Bipolar,2.5,4,20000,5000,,1000,,1970,1968,1970,1970,/Users/simon/Documents/Simon-OB/本体论/base/半导体/SEMI_WFF_2026_1Q.xlsx,Company Detail,http://www.keccorp.com/
"KEC Corporation - 5"" Line",,晶圆制造工厂,"KEC Corporation 的 5"" Line，位于 Gumi, Gyeongsangbuk, 韩国。",444,晶圆厂,in production,Gumi,Gyeongsangbuk,韩国,韩国,亚太,149 Gongdan-1-dong,http://www.keccorp.com/,Discrete/Power,Discrete,"MOSFET, Diode, IGBT",Bipolar,1.5,5,10000,3906.25,,100,,2000,1999,2000,2000,/Users/simon/Documents/Simon-OB/本体论/base/半导体/SEMI_WFF_2026_1Q.xlsx,Company Detail,http://www.keccorp.com/
KEC Corporation - MOS Fab,,晶圆制造工厂,"KEC Corporation 的 MOS Fab，位于 Gumi, Gyeongsangbuk, 韩国。",3103,晶圆厂,In production,Gumi,Gyeongsangbuk,韩国,韩国,亚太,"41, Suchul-daero",http://www.keccorp.com/,Discrete/Power,Discrete,"Diode, MOS-discrete, MOS-IC (power management IC, battery protector IC, display driver IC, various custom IC)",Trench-MOSFET,0.3,6,30000,16875,36490,,82559,2006,2005,2006,2006,/Users/simon/Documents/Simon-OB/本体论/base/半导体/SEMI_WFF_2026_1Q.xlsx,Company Detail,http://www.keccorp.com/
KEC Corporation - KEC-C,,晶圆制造工厂,"KEC Corporation 的 KEC-C，位于 Wuxi, Jiangsu, 中国。",3104,晶圆厂,In production,Wuxi,Jiangsu,中国,中国,亚太,"1, Xingchung Si Rd,",http://www.keccorp.com/,Discrete/Power,Discrete,"Diode, SSTR (Small Signal Transistor)",,0.5,6,11000,6187.5,,,,2003,2004,2004,2005,/Users/simon/Documents/Simon-OB/本体论/base/半导体/SEMI_WFF_2026_1Q.xlsx,Company Detail,http://www.keccorp.com/
Keysight Technologies - 3-inch,,晶圆制造工厂,"Keysight Technologies 的 3-inch，位于 Santa Rosa, California, 美国。",3688,晶圆厂，中试线，研发,In production,Santa Rosa,California,美国,美洲,NA,1400 Fountain Grove Pkwy,www.keysight.com,Discrete/Other,Discrete,"Discretes, FET, HBT, Analog/Mixed Signal","InP, GaAs, Bipolar, FET HBT",0.1,3,4000,562.5,13000,100,,1994,1993,1994,1994,/Users/simon/Documents/Simon-OB/本体论/base/半导体/SEMI_WFF_2026_1Q.xlsx,Company Detail,file:///Users/simon/Documents/Simon-OB/%E6%9C%AC%E4%BD%93%E8%AE%BA/base/%E5%8D%8A%E5%AF%BC%E4%BD%93/output/semiconductor_ontology.json
Kioxia/WD (was Flash Alliance) - Fab 2 (Y2) (2 floors each 297K SF),,晶圆制造工厂,"Kioxia/WD (was Flash Alliance) 的 Fab 2 (Y2) (2 floors each 297K SF)，位于 Yokkaichi, Mie, 日本。",3659,晶圆厂,In production,Yokkaichi,Mie,日本,日本,日本,"800, Yamanoisshiki-cho",,存储器/闪存-3D NAND,Memory,NAND Flash (BiCS 3D NAND),3D,0.019,12,152000,342000,594000,,,2016,2014,2016,2016,/Users/simon/Documents/Simon-OB/本体论/base/半导体/SEMI_WFF_2026_1Q.xlsx,Company Detail,file:///Users/simon/Documents/Simon-OB/%E6%9C%AC%E4%BD%93%E8%AE%BA/base/%E5%8D%8A%E5%AF%BC%E4%BD%93/SEMI_WFF_2026_1Q.xlsx
Kioxia/WD (was Flash Alliance) - Fab 7 Phase 1,,晶圆制造工厂,"Kioxia/WD (was Flash Alliance) 的 Fab 7 Phase 1，位于 Yokkaichi, Mie, 日本。",5007,晶圆厂,In production,Yokkaichi,Mie,日本,日本,日本,"800, Yamanoisshiki-cho",,存储器/闪存-3D NAND,Memory,3D NAND (BiCS),3D NAND (BiCS),0.019,12,40000,90000,,,,2023,2021,2022,2023,/Users/simon/Documents/Simon-OB/本体论/base/半导体/SEMI_WFF_2026_1Q.xlsx,Company Detail,file:///Users/simon/Documents/Simon-OB/%E6%9C%AC%E4%BD%93%E8%AE%BA/base/%E5%8D%8A%E5%AF%BC%E4%BD%93/SEMI_WFF_2026_1Q.xlsx
Kioxia/WD (was Flash Alliance) - Fab 5 P1+P2 (3D NAND),,晶圆制造工厂,"Kioxia/WD (was Flash Alliance) 的 Fab 5 P1+P2 (3D NAND)，位于 Yokkaichi, Mie, 日本。",3887,晶圆厂/拆分,In production-merged,Yokkaichi,Mie,日本,日本,日本,"800, Yamanoisshiki-cho",,存储器/闪存-3D NAND,Memory,NAND Flash (BiCS 3D-NAND),,0.019,12,57000,128250,,,,2016,,,,/Users/simon/Documents/Simon-OB/本体论/base/半导体/SEMI_WFF_2026_1Q.xlsx,Company Detail,file:///Users/simon/Documents/Simon-OB/%E6%9C%AC%E4%BD%93%E8%AE%BA/base/%E5%8D%8A%E5%AF%BC%E4%BD%93/SEMI_WFF_2026_1Q.xlsx
Kioxia/WD (was Flash Alliance) - Fab 3+Fab 4 (3D NAND),,晶圆制造工厂,"Kioxia/WD (was Flash Alliance) 的 Fab 3+Fab 4 (3D NAND)，位于 Yokkaichi, Mie, 日本。",3888,晶圆厂/拆分,In production,Yokkaichi,Mie,日本,日本,日本,"800, Yamanoissiki-Cho",,存储器/闪存-3D NAND,Memory,3D NAND BiCS,3D NAND BiCS,0.019,12,100000,225000,,,,2017,,,,/Users/simon/Documents/Simon-OB/本体论/base/半导体/SEMI_WFF_2026_1Q.xlsx,Company Detail,file:///Users/simon/Documents/Simon-OB/%E6%9C%AC%E4%BD%93%E8%AE%BA/base/%E5%8D%8A%E5%AF%BC%E4%BD%93/SEMI_WFF_2026_1Q.xlsx
Kioxia/WD (was Flash Alliance) - Fab 6 Phase 2,,晶圆制造工厂,"Kioxia/WD (was Flash Alliance) 的 Fab 6 Phase 2，位于 Yokkaichi, Mie, 日本。",3904,晶圆厂,In production,Yokkaichi,Mie,日本,日本,日本,"800, Yamanoisshiki-cho",,存储器/闪存-3D NAND,Memory,3D BiCS NAND,3D BiCS,0.019,12,47000,105750,,,,2020,2017,2020,2020,/Users/simon/Documents/Simon-OB/本体论/base/半导体/SEMI_WFF_2026_1Q.xlsx,Company Detail,file:///Users/simon/Documents/Simon-OB/%E6%9C%AC%E4%BD%93%E8%AE%BA/base/%E5%8D%8A%E5%AF%BC%E4%BD%93/SEMI_WFF_2026_1Q.xlsx
Kioxia/WD (was Flash Alliance) - Fab 6 Phase 1,,晶圆制造工厂,"Kioxia/WD (was Flash Alliance) 的 Fab 6 Phase 1，位于 Yokkaichi, Mie, 日本。",3835,晶圆厂,In production,Yokkaichi,Mie,日本,日本,日本,"800, Yamanoisshiki-cho",,存储器/闪存-3D NAND,Memory,3D NAND BiCS,3-BiCS,0.019,12,45000,101250,,,,2018,2017,2018,2018,/Users/simon/Documents/Simon-OB/本体论/base/半导体/SEMI_WFF_2026_1Q.xlsx,Company Detail,file:///Users/simon/Documents/Simon-OB/%E6%9C%AC%E4%BD%93%E8%AE%BA/base/%E5%8D%8A%E5%AF%BC%E4%BD%93/SEMI_WFF_2026_1Q.xlsx
Kioxia/WD (was Flash Alliance) - K1 (P1+P2),,晶圆制造工厂,"Kioxia/WD (was Flash Alliance) 的 K1 (P1+P2)，位于 Kitakami, Iwate, 日本。",2453,晶圆厂,In production,Kitakami,Iwate,日本,日本,日本,"6-6, Kita Kogyo-Danchi",,存储器/闪存-3D NAND,Memory,3D NAND BiCS,"CMOS, 3D NAND",0.019,12,100000,225000,,,430556,2020,2018,2020,2020,/Users/simon/Documents/Simon-OB/本体论/base/半导体/SEMI_WFF_2026_1Q.xlsx,Company Detail,file:///Users/simon/Documents/Simon-OB/%E6%9C%AC%E4%BD%93%E8%AE%BA/base/%E5%8D%8A%E5%AF%BC%E4%BD%93/SEMI_WFF_2026_1Q.xlsx
Kioxia/WD (was Flash Alliance) - Fab 3+Fab 4 (2D NAND),,晶圆制造工厂,"Kioxia/WD (was Flash Alliance) 的 Fab 3+Fab 4 (2D NAND)，位于 Yokkaichi, Mie, 日本。",1621,晶圆厂,In production-merged,Yokkaichi,Mie,日本,日本,日本,"800, Yamanoissiki-Cho",,Memory/Flash,Memory,NAND Flash (2D),"CMOS, Cu, low-K, 2D",0.015,12,204000,459000,896634,1,3164590,2005,2004,2005,2005,/Users/simon/Documents/Simon-OB/本体论/base/半导体/SEMI_WFF_2026_1Q.xlsx,Company Detail,file:///Users/simon/Documents/Simon-OB/%E6%9C%AC%E4%BD%93%E8%AE%BA/base/%E5%8D%8A%E5%AF%BC%E4%BD%93/SEMI_WFF_2026_1Q.xlsx
Kioxia/WD (was Flash Alliance) - K2 (P1+P2),,晶圆制造工厂,"Kioxia/WD (was Flash Alliance) 的 K2 (P1+P2)，位于 Kitakami, Iwate, 日本。",6162,晶圆厂,In production,Kitakami,Iwate,日本,日本,日本,"6-6, Kita Kogyo-Danchi",,存储器/闪存-3D NAND,Memory,,"CMOS, 3D NAND (BiCS)",0.019,12,100000,225000,,,334000,2025,2022,2025,2025,/Users/simon/Documents/Simon-OB/本体论/base/半导体/SEMI_WFF_2026_1Q.xlsx,Company Detail,file:///Users/simon/Documents/Simon-OB/%E6%9C%AC%E4%BD%93%E8%AE%BA/base/%E5%8D%8A%E5%AF%BC%E4%BD%93/SEMI_WFF_2026_1Q.xlsx
Kioxia/WD (was Flash Alliance) - Fab 7 Phase 2,,晶圆制造工厂,"Kioxia/WD (was Flash Alliance) 的 Fab 7 Phase 2，位于 Yokkaichi, Mie, 日本。",6217,晶圆厂,On hold,Yokkaichi,Mie,日本,日本,日本,"800, Yamanoisshiki-cho",,存储器/闪存-3D NAND,Memory,3D NAND (BiCS),3D NAND (BiCS),0.019,12,40000,90000,,,,2029,2023,2029,2029,/Users/simon/Documents/Simon-OB/本体论/base/半导体/SEMI_WFF_2026_1Q.xlsx,Company Detail,file:///Users/simon/Documents/Simon-OB/%E6%9C%AC%E4%BD%93%E8%AE%BA/base/%E5%8D%8A%E5%AF%BC%E4%BD%93/SEMI_WFF_2026_1Q.xlsx
Knowledge*on Inc. - Fab 1,,晶圆制造工厂,"Knowledge*on Inc. 的 Fab 1，位于 Iksan, Jeollabuk, 韩国。",3201,晶圆厂,In production,Iksan,Jeollabuk,韩国,韩国,亚太,513-37 Eoyang-dong,www.knowledge-on.com/eng,光电器件/激光器及其他,Opto,"LED, Schottky Rectifier, InGaP HBT, Photospectrometer, Photo Transister, Laser diode",III-V: GaAs,1.5,6,8000,4500,,,,1988,1987,1988,1988,/Users/simon/Documents/Simon-OB/本体论/base/半导体/SEMI_WFF_2026_1Q.xlsx,Company Detail,file:///Users/simon/Documents/Simon-OB/%E6%9C%AC%E4%BD%93%E8%AE%BA/base/%E5%8D%8A%E5%AF%BC%E4%BD%93/output/semiconductor_ontology.json
Knowledge*on Inc. - Fab 2,,晶圆制造工厂,"Knowledge*on Inc. 的 Fab 2，位于 Iksan, Jeollabuk, 韩国。",3202,晶圆厂,In production,Iksan,Jeollabuk,韩国,韩国,亚太,"513-37, Eoyang-dong",www.knowledge-on.com/eng,光电器件/激光器及其他,Opto,"LED, Schottky Rectifier, InGaP HBT, Photospectrometer, Photo Transister, Laser diode",III-V: GaAs,1.3,6,3000,1687.5,,,,2001,2000,2001,2001,/Users/simon/Documents/Simon-OB/本体论/base/半导体/SEMI_WFF_2026_1Q.xlsx,Company Detail,file:///Users/simon/Documents/Simon-OB/%E6%9C%AC%E4%BD%93%E8%AE%BA/base/%E5%8D%8A%E5%AF%BC%E4%BD%93/output/semiconductor_ontology.json
Kodenshi Corp - Fab 3,,晶圆制造工厂,"Kodenshi Corp 的 Fab 3，位于 Uji, Kyoto, 日本。",3028,晶圆厂,In production,Uji,Kyoto,日本,日本,日本,"69-1, Jyuichi, Makishima-cho",http://www.kodenshi.co.jp,光电器件/激光器及其他,Opto,"Opto sensors, LED, LED modules, Infrarred diodes, Photodiode, Bipolar IcsOpto sensors, LEDs, Infrarred diodes, Photodiode","GaAs, GaP, Bipolar, LED",1,4,5000,1250,,,,1982,1981,1982,1982,/Users/simon/Documents/Simon-OB/本体论/base/半导体/SEMI_WFF_2026_1Q.xlsx,Company Detail,http://www.kodenshi.co.jp
Kodenshi Corp - Fab 4,,晶圆制造工厂,"Kodenshi Corp 的 Fab 4，位于 Uji, Kyoto, 日本。",3030,晶圆厂,In production,Uji,Kyoto,日本,日本,日本,"30, Jyuhachi, Makishima-cho",http://www.kodenshi.co.jp,光电器件/激光器及其他,Opto,"Opto sensors, LED, Infrarred diodes, Photodiode","GaAs, GaP",1,4,5000,1250,,,,1983,1982,1983,1983,/Users/simon/Documents/Simon-OB/本体论/base/半导体/SEMI_WFF_2026_1Q.xlsx,Company Detail,http://www.kodenshi.co.jp
Kodenshi Corp - Device Technology Center,,晶圆制造工厂,"Kodenshi Corp 的 Device Technology Center，位于 Uji, Kyoto, 日本。",3031,晶圆厂，中试线,In production,Uji,Kyoto,日本,日本,日本,"30, Jyuhachi, Makishima-cho",http://www.kodenshi.co.jp,光电器件/激光器及其他,Opto,"Opto sensors, LED, Infrarred diodes, Photodiode","GaAs, GaP",0.5,6,6000,3375,,,,2001,2000,2001,2001,/Users/simon/Documents/Simon-OB/本体论/base/半导体/SEMI_WFF_2026_1Q.xlsx,Company Detail,http://www.kodenshi.co.jp
Korea Advanced Nano Fab Center (KANC) - KANC,,晶圆制造工厂,"Korea Advanced Nano Fab Center (KANC) 的 KANC，位于 Suwon, Gyeonggi, 韩国。",3135,晶圆厂，研发,In production,Suwon,Gyeonggi,韩国,韩国,亚太,"906-10, Iui-dong, Yeongtong-gu",http://www.kanc.re.kr/,研发,Other,,"GaAs, GaN, InP",1,6,2000,1125,37674,1,502136,2006,2004,2006,2006,/Users/simon/Documents/Simon-OB/本体论/base/半导体/SEMI_WFF_2026_1Q.xlsx,Company Detail,http://www.kanc.re.kr/
Kulite Semiconductor - N/A,,晶圆制造工厂,"Kulite Semiconductor 的 N/A，位于 Leonia, New Jersey, 美国。",449,晶圆厂,in production,Leonia,New Jersey,美国,美洲,NA,One Willow Tree Road,http://www.kulite.com,Discrete/Other,Discrete,Pressure Sensors,Bipolar,3,4,24000,6000,10000,,70000,1987,1985,1994,1994,/Users/simon/Documents/Simon-OB/本体论/base/半导体/SEMI_WFF_2026_1Q.xlsx,Company Detail,http://www.kulite.com
Kyocera - Fab 1 (Hadano),,晶圆制造工厂,"Kyocera 的 Fab 1 (Hadano)，位于 Hadano, Kanagawa, 日本。",1446,晶圆厂，中试线,in production,Hadano,Kanagawa,日本,日本,日本,1204 Soya,http://global.kyocera.com,Discrete/Power,Discrete,"Power, Schottky Barrier Diode (SBD), Fast Recovery Epitaxial Diode (FRED), Rectifier Diode, Thyristor,","MOS, Bipolar",2,5,35000,13671.875,60000,,,1958,1957,1958,1958,/Users/simon/Documents/Simon-OB/本体论/base/半导体/SEMI_WFF_2026_1Q.xlsx,Company Detail,http://global.kyocera.com
Kyocera - Fab 2 (Tsukuba),,晶圆制造工厂,"Kyocera 的 Fab 2 (Tsukuba)，位于 Tsukuba, Ibaraki, 日本。",3050,晶圆厂,In production,Tsukuba,Ibaraki,日本,日本,日本,"No.45, Wadai",http://global.kyocera.com,Discrete/Power,Discrete,"Power, Schottky Barrier Diode (SBD), Fast Recovery Epitaxial Diode (FRED), Rectifier Diode, Thyristor","MOS, Bipolar",0.18,8,12000,12000,,,,2006,2004,2005,2006,/Users/simon/Documents/Simon-OB/本体论/base/半导体/SEMI_WFF_2026_1Q.xlsx,Company Detail,http://global.kyocera.com
Kyosemi Corporation - Eniwa R&D Center (Eniwa Jigyosho),,晶圆制造工厂,"Kyosemi Corporation 的 Eniwa R&D Center (Eniwa Jigyosho)，位于 Eniwa, Hokkaido, 日本。",3034,晶圆厂，中试线，研发,In production,Eniwa,Hokkaido,日本,日本,日本,385-31 Toiso,http://www.kyosemi.co.jp/index_e.html,光电器件/激光器及其他,Opto,"LEDs, Sensors: Spherical Micro Solar Cell (Sphelar®), Photodiode (PD), Light Emitting Diode (LED),Laser Diode (LD) , UV Sensor","III-V: GaAs, GaP",1.5,4,15000,3750,,,,1992,1991,1992,1992,/Users/simon/Documents/Simon-OB/本体论/base/半导体/SEMI_WFF_2026_1Q.xlsx,Company Detail,http://www.kyosemi.co.jp/index_e.html
Kyushu Semiconductor KAW - Hiji Factory,,晶圆制造工厂,"Kyushu Semiconductor KAW 的 Hiji Factory，位于 Hiji, Oita, 日本。",3879,晶圆厂，中试线，研发,In production,Hiji,Oita,日本,日本,日本,15-10 Kawasaki,http://www.kyushu-semi.co.jp/english/,MEMS/R&D,MEMS,"MEMS, Special Wafer Processing Services, Micro Fluid Devices, R&D","MEMS, Si, Glass",0.5,8,1000,1000,,100,,1982,,,,/Users/simon/Documents/Simon-OB/本体论/base/半导体/SEMI_WFF_2026_1Q.xlsx,Company Detail,http://www.kyushu-semi.co.jp/english/
"LA Semiconductor - Pocatello (was onsemi, was AMI, Fab 10)",,晶圆制造工厂,"LA Semiconductor 的 Pocatello (was onsemi, was AMI, Fab 10)，位于 Pocatello, Idaho, 美国。",23,晶圆厂,in production,Pocatello,Idaho,美国,美洲,NA,2300 Buckskin Road,https://lasemiconductor.com,代工/模拟与混合信号与功率,Analog,"Pure-play foundry: Analog  and Mixed Signal, CMOS, BCD, Advanced Discrete, Power devices","CMOS, Analog, BCD, Discrete",0.18,8,19000,19000,54000,1,545000,1997,1995,1997,1997,/Users/simon/Documents/Simon-OB/本体论/base/半导体/SEMI_WFF_2026_1Q.xlsx,Company Detail,https://lasemiconductor.com
Lakeside Optoelectronics Technology - Yixing 12inch Line,,晶圆制造工厂,"Lakeside Optoelectronics Technology 的 Yixing 12inch Line，位于 Yixing, Jiangsu, 中国。",6570,晶圆厂,In production,Yixing,Jiangsu,中国,中国,亚太,Intersection of Honggao West Road and Xingbang Road,http://en.hupanoled.com/,光电器件/激光器及其他,Opto,,,0.13,12,7500,16875,,,853578,2025,2023,2024,2025,/Users/simon/Documents/Simon-OB/本体论/base/半导体/SEMI_WFF_2026_1Q.xlsx,Company Detail,http://en.hupanoled.com/
"LAPIS Semiconductor Co, Ltd - SiC Fab",,晶圆制造工厂,"LAPIS Semiconductor Co, Ltd 的 SiC Fab，位于 Miyazaki, Miyazaki, 日本。",5047,晶圆厂,In production,Miyazaki,Miyazaki,日本,日本,日本,"727 Kihara, Kiyotake-cho",http://www.lapis-semi.com/en/,Discrete/Power,Discrete,SiC power devices,SiC,0.5,6,1500,843.75,,,,2018,2017,2018,2018,/Users/simon/Documents/Simon-OB/本体论/base/半导体/SEMI_WFF_2026_1Q.xlsx,Company Detail,http://www.lapis-semi.com/en/
"LAPIS Semiconductor Co, Ltd - S-2",,晶圆制造工厂,"LAPIS Semiconductor Co, Ltd 的 S-2，位于 Kurokawa, Miyagi, 日本。",749,晶圆厂,In production-merged,Kurokawa,Miyagi,日本,日本,日本,"1 Okinodaira, Ohira-mura,",http://www.lapis-semi.com/en/,Logic/System LSI,Logic&Micro,"System LSI, Logic LSI using SoC, System Memory (DRAM, ROM), MCU (low-p, ARM-based), Drivers IC, sensors, optical components; Wafer Foundry","CMOS, SOI",0.13,8,40000,40000,,,270000,1995,1994,1995,1996,/Users/simon/Documents/Simon-OB/本体论/base/半导体/SEMI_WFF_2026_1Q.xlsx,Company Detail,http://www.lapis-semi.com/en/
"LAPIS Semiconductor Co, Ltd - M3",,晶圆制造工厂,"LAPIS Semiconductor Co, Ltd 的 M3，位于 Miyazaki, Miyazaki, 日本。",752,晶圆厂,in production,Miyazaki,Miyazaki,日本,日本,日本,"727 Kihara, Kiyotake-cho,",http://www.lapis-semi.com/en/,Logic/System LSI,Logic&Micro,"System LSI, Logic LSI using SoC, System Memory (DRAM, ROM), MCU (low-p, ARM-based), Drivers IC, sensors, optical components; Wafer Foundry","CMOS, SOI",0.5,6,40000,22500,90426,,,1991,1999,1999,1999,/Users/simon/Documents/Simon-OB/本体论/base/半导体/SEMI_WFF_2026_1Q.xlsx,Company Detail,http://www.lapis-semi.com/en/
"LAPIS Semiconductor Co, Ltd - M2",,晶圆制造工厂,"LAPIS Semiconductor Co, Ltd 的 M2，位于 Miyazaki, Miyazaki, 日本。",754,晶圆厂,in production,Miyazaki,Miyazaki,日本,日本,日本,"727 Kihara, Kiyotake-cho,",http://www.lapis-semi.com/en/,Logic/System LSI,Logic&Micro,"Power, IGBT, mixed signal, Logic",CMOS,0.5,6,20000,11250,30142,10,,1984,1982,1984,1984,/Users/simon/Documents/Simon-OB/本体论/base/半导体/SEMI_WFF_2026_1Q.xlsx,Company Detail,http://www.lapis-semi.com/en/
"LAPIS Semiconductor Co, Ltd - M1",,晶圆制造工厂,"LAPIS Semiconductor Co, Ltd 的 M1，位于 Miyazaki, Miyazaki, 日本。",753,晶圆厂,in production,Miyazaki,Miyazaki,日本,日本,日本,"727 Kihara, Kiyotake-cho,",http://www.lapis-semi.com/en/,MEMS,MEMS,"MEMS, MEMS foundry, WLCSP","CMOS, MEMS",1,6,10000,5625,,100,,1981,1980,1981,1981,/Users/simon/Documents/Simon-OB/本体论/base/半导体/SEMI_WFF_2026_1Q.xlsx,Company Detail,http://www.lapis-semi.com/en/
"LAPIS Semiconductor Co, Ltd - Miyazaki Fab 2 (8 inch SiC Line)",,晶圆制造工厂,"LAPIS Semiconductor Co, Ltd 的 Miyazaki Fab 2 (8 inch SiC Line)，位于 Miyazaki, 日本。",6553,晶圆厂,Announced,Miyazaki,,日本,日本,日本,"1815 Taziri, Kunitomi-cho, Higashimorokata-gun, Miyazaki, Japan",http://www.lapis-semi.com/en/,Discrete/Power,Discrete,,SiC,0.35,8,60000,60000,,,2475700,2026,,2026,2026,/Users/simon/Documents/Simon-OB/本体论/base/半导体/SEMI_WFF_2026_1Q.xlsx,Company Detail,http://www.lapis-semi.com/en/
"LAPIS Semiconductor Co, Ltd - Miyazaki Fab 2 (6 inch SiC Line)",,晶圆制造工厂,"LAPIS Semiconductor Co, Ltd 的 Miyazaki Fab 2 (6 inch SiC Line)，位于 Miyazaki, 日本。",6508,晶圆厂,In production,Miyazaki,,日本,日本,日本,"1815 Taziri, Kunitomi-cho, Higashimorokata-gun, Miyazaki, Japan",http://www.lapis-semi.com/en/,Discrete/Power,Discrete,,SiC,0.35,6,10000,5625,115000,,2475700,2025,2024,2025,2025,/Users/simon/Documents/Simon-OB/本体论/base/半导体/SEMI_WFF_2026_1Q.xlsx,Company Detail,http://www.lapis-semi.com/en/
Lasertel Inc. - Fab 2 (Innovation Park),,晶圆制造工厂,"Lasertel Inc. 的 Fab 2 (Innovation Park)，位于 Tuscon, Arizona, 美国。",6269,晶圆厂,In production,Tuscon,Arizona,美国,美洲,NA,7775 N Casa Grande Hwy,http://www.lasertel.com/,光电器件/激光器及其他,Opto,"Laser diodes, Sensors (such as radar, infrared, avionic)","Laser Diodes (MBE), Sensors",2,3,18000,2531.25,,,120000,2023,2022,2023,2023,/Users/simon/Documents/Simon-OB/本体论/base/半导体/SEMI_WFF_2026_1Q.xlsx,Company Detail,http://www.lasertel.com/
Leister Process Technologies - Axetris Division - Axetris,,晶圆制造工厂,"Leister Process Technologies - Axetris Division 的 Axetris，位于 Kaegiswil, Obwalden, 瑞士。",3272,晶圆厂,In production,Kaegiswil,Obwalden,瑞士,Europe & Mideast,欧洲,Schwarzenbergstrasse 10,www.leister.com/axetris,MEMS/Opto,MEMS,"MEMS components and modules, and services","MEMS, Au, Pt, AuSn, Cr, Ni, Ta, TiW, Cu, Al",1,8,4000,4000,10764,100,,1999,,2006,2006,/Users/simon/Documents/Simon-OB/本体论/base/半导体/SEMI_WFF_2026_1Q.xlsx,Company Detail,file:///Users/simon/Documents/Simon-OB/%E6%9C%AC%E4%BD%93%E8%AE%BA/base/%E5%8D%8A%E5%AF%BC%E4%BD%93/output/semiconductor_ontology.json
Linear Integrated Systems - Fab 1,,晶圆制造工厂,"Linear Integrated Systems 的 Fab 1，位于 Fremont, California, 美国。",2461,晶圆厂,In production,Fremont,California,美国,美洲,NA,4042 Clipper Court,www.linearsystems.com,Discrete/Other,Discrete,"High Speed DMOS FET Switches, N and P Channel JETs, N and P Channel Enhancement Mode MOS","BiCMOS, DMOS, BiPolar, CMOS",3,4,800,200,,,,1987,1986,1987,1987,/Users/simon/Documents/Simon-OB/本体论/base/半导体/SEMI_WFF_2026_1Q.xlsx,Company Detail,file:///Users/simon/Documents/Simon-OB/%E6%9C%AC%E4%BD%93%E8%AE%BA/base/%E5%8D%8A%E5%AF%BC%E4%BD%93/output/semiconductor_ontology.json
"Lishan Microelectronics - 4"" line",,晶圆制造工厂,"Lishan Microelectronics 的 4"" line，位于 Xian, Shaanxi, 中国。",3107,晶圆厂,In production,Xian,Shaanxi,中国,中国,亚太,"26, Gaoxin Rd.",http://www.lishan.net.cn/,Discrete/Power,Discrete,Power management IC,Bipolar,1.2,4,10000,2500,,,,2000,1999,2000,2000,/Users/simon/Documents/Simon-OB/本体论/base/半导体/SEMI_WFF_2026_1Q.xlsx,Company Detail,http://www.lishan.net.cn/
Littelfuse - Wuxi fab,,晶圆制造工厂,"Littelfuse 的 Wuxi fab，位于 Wuxi, Jiangsu, 中国。",2440,晶圆厂,In production,Wuxi,Jiangsu,中国,中国,亚太,East #3 Zhen Fa 6 Road,www.littelfuse.com,Discrete/Power,Discrete,"Thyristor, power control devices. IGBT, TVS",,3,4,50000,12500,,,,2009,2007,2009,2009,/Users/simon/Documents/Simon-OB/本体论/base/半导体/SEMI_WFF_2026_1Q.xlsx,Company Detail,file:///Users/simon/Documents/Simon-OB/%E6%9C%AC%E4%BD%93%E8%AE%BA/base/%E5%8D%8A%E5%AF%BC%E4%BD%93/output/semiconductor_ontology.json
Littelfuse - Dortmund (will be Littelfuse on 12/31/24),,晶圆制造工厂,"Littelfuse 的 Dortmund (will be Littelfuse on 12/31/24)，位于 Dortmund, Nordrhein-Westfalen, 德国。",148,晶圆厂，中试线,in production,Dortmund,Nordrhein-Westfalen,德国,Europe & Mideast,欧洲,Heinrich-Hertz-Str. 1,www.littelfuse.com,Logic/MCU,Logic&Micro,ASIC for automotive semiconductors,CMOS,0.18,8,8000,8000,,10,,1985,,,,/Users/simon/Documents/Simon-OB/本体论/base/半导体/SEMI_WFF_2026_1Q.xlsx,Company Detail,file:///Users/simon/Documents/Simon-OB/%E6%9C%AC%E4%BD%93%E8%AE%BA/base/%E5%8D%8A%E5%AF%BC%E4%BD%93/output/semiconductor_ontology.json
Lockheed Martin - N/A,,晶圆制造工厂,"Lockheed Martin 的 N/A，位于 Chelmsford, Massachusetts, 美国。",164,晶圆厂，研发,in production,Chelmsford,Massachusetts,美国,美洲,NA,16 Maple Road,www.lockheedmartin.com,Analog&Mixed Signal,Analog,"Diode, MMIC, Microwave hybrid ICs",Bipolar,0.5,3,5000,703.125,,,,1970,1968,1970,1970,/Users/simon/Documents/Simon-OB/本体论/base/半导体/SEMI_WFF_2026_1Q.xlsx,Company Detail,file:///Users/simon/Documents/Simon-OB/%E6%9C%AC%E4%BD%93%E8%AE%BA/base/%E5%8D%8A%E5%AF%BC%E4%BD%93/output/semiconductor_ontology.json
Lumentum - San Donato Milanese,,晶圆制造工厂,"Lumentum 的 San Donato Milanese，位于 San Donato Milanese, Lombardy, 意大利。",2161,晶圆厂，研发,In production,San Donato Milanese,Lombardy,意大利,Europe & Mideast,欧洲,"Via Federico Fellini, 4",www.lumentum.com,光电器件/激光器及其他,Opto,"InP optoelectronic devices, Integrated optic lithium-niobate (LiNb) modulators","LiNBO3, III-V: InP, GaAs",1,3,1200,168.75,21528,,,1991,1990,1991,1991,/Users/simon/Documents/Simon-OB/本体论/base/半导体/SEMI_WFF_2026_1Q.xlsx,Company Detail,file:///Users/simon/Documents/Simon-OB/%E6%9C%AC%E4%BD%93%E8%AE%BA/base/%E5%8D%8A%E5%AF%BC%E4%BD%93/output/semiconductor_ontology.json
LuxNet Corporation - Hejiang fab,,晶圆制造工厂,"LuxNet Corporation 的 Hejiang fab，位于 Taoyuan, Northern Taiwan, 中国台湾。",3821,晶圆厂,In production,Taoyuan,Northern Taiwan,中国台湾,中国台湾,亚太,"No. 6 Hejiang Road, Jhongli",http://www.luxnetcorp.com.tw/,光电器件/激光器及其他,Opto,"Laser diodes, PD (Photo detector), APD (Avalanche Photodiode), VCSEL (vertical-cavity surface-emitting laser), TO",III-V,2,3,3000,421.875,14000,,,2013,2012,2013,2013,/Users/simon/Documents/Simon-OB/本体论/base/半导体/SEMI_WFF_2026_1Q.xlsx,Company Detail,http://www.luxnetcorp.com.tw/
Lynred (was ULIS) - Development and Production (Was Sofradir),,晶圆制造工厂,"Lynred (was ULIS) 的 Development and Production (Was Sofradir)，位于 Veurey-Voroize, Rhône-Alpes, 法国。",3609,晶圆厂，中试线，研发,In production,Veurey-Voroize,Rhône-Alpes,法国,Europe & Mideast,欧洲,364 route d Valence (Actipole),https://www.lynred.com,光电器件/激光器及其他,Opto,IR (infrared) detectors/ image sensors using molecular beam epitaxy,"HgCdTe, MCT wafers",2,4,5000,1250,32300,,,2008,2007,2008,2008,/Users/simon/Documents/Simon-OB/本体论/base/半导体/SEMI_WFF_2026_1Q.xlsx,Company Detail,https://www.lynred.com
Lynred (was ULIS) - Fab 2  (was ULIS),,晶圆制造工厂,"Lynred (was ULIS) 的 Fab 2  (was ULIS)，位于 Veurey-Voroize, Rhône-Alpes, 法国。",3509,晶圆厂,In production,Veurey-Voroize,Rhône-Alpes,法国,Europe & Mideast,欧洲,364 route d Valence (Actipole),https://www.lynred.com,Opto/Image Sensors,Opto,Silicon infrared (IR) image sensors,amorphous silicon microbolometer technology (aSi),2,8,5000,5000,9688,100,,2013,2012,2013,2013,/Users/simon/Documents/Simon-OB/本体论/base/半导体/SEMI_WFF_2026_1Q.xlsx,Company Detail,https://www.lynred.com
Lynred (was ULIS) - Fab 1 (was ULIS),,晶圆制造工厂,"Lynred (was ULIS) 的 Fab 1 (was ULIS)，位于 Veurey-Voroize, Rhône-Alpes, 法国。",3508,晶圆厂,In production,Veurey-Voroize,Rhône-Alpes,法国,Europe & Mideast,欧洲,364 route d Valence (Actipole),https://www.lynred.com,Opto/Image Sensors,Opto,"Silicon infrared (IR) image sensors, thermal imaging detectors",amorphous silicon microbolometer technology (aSi),2,6,3000,1687.5,5382,100,43056,2002,2001,2002,2002,/Users/simon/Documents/Simon-OB/本体论/base/半导体/SEMI_WFF_2026_1Q.xlsx,Company Detail,https://www.lynred.com
MACOM - RTP Fab (100mm line),,晶圆制造工厂,"MACOM 的 RTP Fab (100mm line)，位于 Durham, North Carolina, 美国。",634,晶圆厂，中试线，研发,In production,Durham,North Carolina,美国,美洲,NA,3028 E. Cornwallis Rd,https://www.macomtech.com,Discrete/Power,Discrete,"MFT, Power, RF transistors, SiC Schottky diodes, SiC MOSFET, GaN-on-SiC transistors;  RF foundry","GaAs, GaN-on-SiC, SiC, MFT, Schottky",0.25,4,3000,750,16092,10,57000,1982,2005,2006,2006,/Users/simon/Documents/Simon-OB/本体论/base/半导体/SEMI_WFF_2026_1Q.xlsx,Company Detail,https://www.macomtech.com
"MACOM - Ann Arbor (was Luna, was Picometrix)",,晶圆制造工厂,"MACOM 的 Ann Arbor (was Luna, was Picometrix)，位于 Ann Arbor, Michigan, 美国。",3148,晶圆厂,In production,Ann Arbor,Michigan,美国,美洲,NA,2925 Boardwalk Dr.,https://www.macomtech.com,光电器件/激光器及其他,Opto,"Optoelectronics: optical receivers, terahertz instrumentation","III-V: InP, GaAs, Si",2,4,2000,500,5000,10000,50000,2007,2006,2007,2007,/Users/simon/Documents/Simon-OB/本体论/base/半导体/SEMI_WFF_2026_1Q.xlsx,Company Detail,https://www.macomtech.com
MACOM - Walker Building,,晶圆制造工厂,"MACOM 的 Walker Building，位于 Lowell, Massachusetts, 美国。",649,晶圆厂，中试线,in production,Lowell,Massachusetts,美国,美洲,NA,100 Chelmford St,https://www.macomtech.com,Analog/Other,Analog,"RF Power Pallets and Transistors, Silicon and GaAs Integrated Circuits, Diodes, Switches, and Switch Limiters, Passive and Active Components","GaN, GaAs, InP, SiGe, HMIC and Silicon",0.5,4,5000,1250,30000,10,157000,1985,1983,1985,1985,/Users/simon/Documents/Simon-OB/本体论/base/半导体/SEMI_WFF_2026_1Q.xlsx,Company Detail,https://www.macomtech.com
"Macronix International Co., Ltd. (MXIC) - Fab 5 (2D NAND, former Promos Fab 2)",,晶圆制造工厂,"Macronix International Co., Ltd. (MXIC) 的 Fab 5 (2D NAND, former Promos Fab 2)，位于 Hsinchu, Northern Taiwan, 中国台湾。",1524,晶圆厂,In production,Hsinchu,Northern Taiwan,中国台湾,中国台湾,亚太,"No. 19, Li-Hsin Road",http://www.macronix.com,Memory/Flash,Memory,"NOR Flash, SLC NAND, MLC NAND Flash","CMOS, Cu",0.019,12,50000,112500,,10,667000,2002,2000,2001,2002,/Users/simon/Documents/Simon-OB/本体论/base/半导体/SEMI_WFF_2026_1Q.xlsx,Company Detail,http://www.macronix.com
"Macronix International Co., Ltd. (MXIC) - Fab 2",,晶圆制造工厂,"Macronix International Co., Ltd. (MXIC) 的 Fab 2，位于 Hsinchu, Northern Taiwan, 中国台湾。",488,晶圆厂，研发,in production,Hsinchu,Northern Taiwan,中国台湾,中国台湾,亚太,"No.16, Li-Hsin Road,",http://www.macronix.com,Memory/Flash,Memory,"NOR-Flash, ROM; NAND Flash, Driver IC, Foundry Service","CMOS, Cu",0.065,8,48000,48000,75000,10,,1997,1995,1996,1997,/Users/simon/Documents/Simon-OB/本体论/base/半导体/SEMI_WFF_2026_1Q.xlsx,Company Detail,http://www.macronix.com
"Macronix International Co., Ltd. (MXIC) - Fab 5 (3D NAND)",,晶圆制造工厂,"Macronix International Co., Ltd. (MXIC) 的 Fab 5 (3D NAND)，位于 Hsinchu, Northern Taiwan, 中国台湾。",5094,晶圆厂，中试线，研发,In production,Hsinchu,Northern Taiwan,中国台湾,中国台湾,亚太,"No. 19, Li-Hsin Road",http://www.macronix.com,存储器/闪存-3D NAND,Memory,"3D NAND, NOR Flash (application for automotive)","3D NAND, NOR Flash",0.04,12,25000,56250,,,,2020,2020,2020,2020,/Users/simon/Documents/Simon-OB/本体论/base/半导体/SEMI_WFF_2026_1Q.xlsx,Company Detail,http://www.macronix.com
MagnaChip - F 3,,晶圆制造工厂,"MagnaChip 的 F 3，位于 Gumi, Gyeongsangbuk, 韩国。",464,晶圆厂,in production,Gumi,Gyeongsangbuk,韩国,韩国,亚太,"171, Imsu-Dong, Gumi-Si",www.magnachip.com,Analog&Mixed Signal&Power,Analog,"Specialty Foundry: analog/mixed signal, HV CMOS, Power IC (MOSFET, IGBT), NV Memory (EEPROM, Flash, OTP, RAM, EETM)","CMOS, HV CMOS, BCD, RF SOI, Analog, MOSFET, IGBT",0.25,8,30000,30000,,1,,1995,,,,/Users/simon/Documents/Simon-OB/本体论/base/半导体/SEMI_WFF_2026_1Q.xlsx,Company Detail,file:///Users/simon/Documents/Simon-OB/%E6%9C%AC%E4%BD%93%E8%AE%BA/base/%E5%8D%8A%E5%AF%BC%E4%BD%93/output/semiconductor_ontology.json
Measurement Specialties (MEAS) - N/A,,晶圆制造工厂,"Measurement Specialties (MEAS) 的 N/A，位于 Milpitas, California, 美国。",366,晶圆厂,in production,Milpitas,California,美国,美洲,NA,1701 Mccarthy Blvd,https://www.te.com/usa-en/products/brands/meas.html?tab=pgp-story,MEMS,MEMS,"MEMS pressure sensors, accelerometers, and foundry services (MEMS contract manufacturing)",Bipolar,1,8,1000,1000,9000,,,1984,2014,2015,2015,/Users/simon/Documents/Simon-OB/本体论/base/半导体/SEMI_WFF_2026_1Q.xlsx,Company Detail,https://www.te.com/usa-en/products/brands/meas.html?tab=pgp-story
Medtronic Microelectronics Center - Tempe,,晶圆制造工厂,"Medtronic Microelectronics Center 的 Tempe，位于 Tempe, Arizona, 美国。",552,晶圆厂,in production,Tempe,Arizona,美国,美洲,NA,"2343 West Medtronic Way, MS22",http://www.medtronic.com,Foundry/Analog&Mixed Signal,Analog,"Analog Digital Mixed Signal; Wafer Foundry (CMOS, Bi CMOS, Bipolar, EEPROM)",CMOS; BICMOS; Bipolar,0.8,6,3600,2025,115000,1,330000,1973,1971,1973,1973,/Users/simon/Documents/Simon-OB/本体论/base/半导体/SEMI_WFF_2026_1Q.xlsx,Company Detail,http://www.medtronic.com
Memscap S.A. - North Carolina,,晶圆制造工厂,"Memscap S.A. 的 North Carolina，位于 Durham, North Carolina, 美国。",2150,晶圆厂,In production,Durham,North Carolina,美国,美洲,NA,3021 E. Cornwallis Rd,http://www.memscap.com,MEMS,MEMS,"MEMS, pressure sensor, optical MEMS, MEMS foundry","CMOS, MEMS",1.5,6,2100,1181.25,5000,10,,2000,,2004,2004,/Users/simon/Documents/Simon-OB/本体论/base/半导体/SEMI_WFF_2026_1Q.xlsx,Company Detail,http://www.memscap.com
MEMS-Foundry - MEMS-Foundry (division of HTE-Labs),,晶圆制造工厂,"MEMS-Foundry 的 MEMS-Foundry (division of HTE-Labs)，位于 San Jose, California, 美国。",5026,晶圆厂，中试线,In production,San Jose,California,美国,美洲,NA,"2108 Bering Drive, Building B",www.mems-foundry.com,代工/MEMS,MEMS,"MEMS smart sensors, Ics using Bipolar, BiCMOS, CMOS. Application for avionics, automotive, bioMEMS, computing, communication, defense, medial, military, opto electronics, telecommunication, space and wireless applications.","Bipolar, BiCMOS, CMOS, Si, Sapphire, Glass, Pt, Au",0.35,6,250,140.625,,100,,1993,2017,2018,2018,/Users/simon/Documents/Simon-OB/本体论/base/半导体/SEMI_WFF_2026_1Q.xlsx,Company Detail,file:///Users/simon/Documents/Simon-OB/%E6%9C%AC%E4%BD%93%E8%AE%BA/base/%E5%8D%8A%E5%AF%BC%E4%BD%93/output/semiconductor_ontology.json
"Mfab Co. Ltd. - 6"" line",,晶圆制造工厂,"Mfab Co. Ltd. 的 6"" line，位于 Jiaxing, Zhejiang, 中国。",6139,晶圆厂，中试线，研发,In production,Jiaxing,Zhejiang,中国,中国,亚太,"Building 2, No. 551, Yazhong Rd. Nanhu",http://www.mfab.cn/,代工/MEMS,MEMS,MEMS foundry,MEMS,1,6,1000,562.5,,100,32300,2018,2017,2018,2018,/Users/simon/Documents/Simon-OB/本体论/base/半导体/SEMI_WFF_2026_1Q.xlsx,Company Detail,http://www.mfab.cn/
MHS Electronics - MHS,,晶圆制造工厂,"MHS Electronics 的 MHS，位于 Nantes, Pays de la Loire, 法国。",497,晶圆厂,In production,Nantes,Pays de la Loire,法国,Europe & Mideast,欧洲,"92, route de Gachet",http://www.mhs-electronics.com/eng/index.html,Analog&Mixed Signal,Analog,"Analog Mixed Signal, RF, Rad Hard Technology","CMOS, BiCMOS",0.5,6,11000,6187.5,32507,10,,1986,1984,1986,1986,/Users/simon/Documents/Simon-OB/本体论/base/半导体/SEMI_WFF_2026_1Q.xlsx,Company Detail,http://www.mhs-electronics.com/eng/index.html
Microchip - Fab 5 (Colorado) (was Atmel in 2015),,晶圆制造工厂,"Microchip 的 Fab 5 (Colorado) (was Atmel in 2015)，位于 Colorado Springs, Colorado, 美国。",40,晶圆厂,In production,Colorado Springs,Colorado,美国,美洲,NA,1150 E. Cheyenne Mt. Blvd.,http://www.Microchip.com,Logic/Other,Logic&Micro,"CMOS/BiCMOS, NVM, MCU, Cell based and gate array logic, advanced logic and mixed signal; Foundry services","CMOS, NVM, BiCMOS, SiGe BiCMOS",0.25,6,75000,42187.5,60000,10,450000,1995,1994,1994,1995,/Users/simon/Documents/Simon-OB/本体论/base/半导体/SEMI_WFF_2026_1Q.xlsx,Company Detail,http://www.Microchip.com
"Microchip - Lawrence (was Microsemi until 2Q18, was NES)",,晶圆制造工厂,"Microchip 的 Lawrence (was Microsemi until 2Q18, was NES)，位于 Lawrence, Massachusetts, 美国。",1899,晶圆厂,in production,Lawrence,Massachusetts,美国,美洲,NA,6 Lake Street,http://www.Microchip.com,Discrete/Power,Discrete,Power Transistors Zener Diodes Rectifiers Military,Bipolar,1,4,5000,1250,,,40000,1989,1988,1989,1989,/Users/simon/Documents/Simon-OB/本体论/base/半导体/SEMI_WFF_2026_1Q.xlsx,Company Detail,http://www.Microchip.com
Microchip - Fab 4 (Gresham) (was Fujitsu in 2002),,晶圆制造工厂,"Microchip 的 Fab 4 (Gresham) (was Fujitsu in 2002)，位于 Gresham, Oregon, 美国。",184,晶圆厂,In production,Gresham,Oregon,美国,美洲,NA,21015 Southeast Stark Street,http://www.Microchip.com,Logic/MCU,Logic&Micro,"MCU, analog, Serial EEPROMs, microperipheral products for automotive, industrial, communications, consumer, aerospace and defense and data centers and compu-ting.",CMOS,0.13,8,90000,90000,201000,10,826500,1988,,2003,2004,/Users/simon/Documents/Simon-OB/本体论/base/半导体/SEMI_WFF_2026_1Q.xlsx,Company Detail,http://www.Microchip.com
"Microchip - Fab 2 (Tempe) (was DEC, was GTE)",,晶圆制造工厂,"Microchip 的 Fab 2 (Tempe) (was DEC, was GTE)，位于 Tempe, Arizona, 美国。",1605,晶圆厂,Will be closed,Tempe,Arizona,美国,美洲,NA,1200 South 52nd Street,http://www.Microchip.com,Logic/MCU,Logic&Micro,"MCU, EPROM, EEPROM Flash, Analog/Mixed Signal",CMOS,0.25,8,38000,38000,60000,10,457000,1994,,2007,2007,/Users/simon/Documents/Simon-OB/本体论/base/半导体/SEMI_WFF_2026_1Q.xlsx,Company Detail,http://www.Microchip.com
"Microchip - Beverly (was Microsemi until 2Q18, was Symmetricom)",,晶圆制造工厂,"Microchip 的 Beverly (was Microsemi until 2Q18, was Symmetricom)，位于 Beverly, Massachusetts, 美国。",3805,晶圆厂，中试线，研发,In production,Beverly,Massachusetts,美国,美洲,NA,34 Tozer Rd,http://www.Microchip.com,Discrete/Other,Discrete,timekeeping technology; cesium atomic standards (atomic clocks),"GaAs, EPI",5,3,2000,281.25,,,54000,1985,1984,1985,1985,/Users/simon/Documents/Simon-OB/本体论/base/半导体/SEMI_WFF_2026_1Q.xlsx,Company Detail,http://www.Microchip.com
"Microchip - Garden Grove (was Microsemi until 2Q18, was Linfinity Microelectronics)",,晶圆制造工厂,"Microchip 的 Garden Grove (was Microsemi until 2Q18, was Linfinity Microelectronics)，位于 Garden Grove, California, 美国。",983,晶圆厂，研发,in production,Garden Grove,California,美国,美洲,NA,11861 Western Avenue,http://www.Microchip.com,光电器件/激光器及其他,Opto,RF Opto,GaAs InGaP,3,4,12000,3000,9000,100,110000,1985,1984,1985,1985,/Users/simon/Documents/Simon-OB/本体论/base/半导体/SEMI_WFF_2026_1Q.xlsx,Company Detail,http://www.Microchip.com
Microchip - Lowell (was Microsemi until 2Q18),,晶圆制造工厂,"Microchip 的 Lowell (was Microsemi until 2Q18)，位于 Lowell, Massachusetts, 美国。",3550,晶圆厂,In production,Lowell,Massachusetts,美国,美洲,NA,75 Technology Drive,http://www.Microchip.com,Discrete/Power,Discrete,"RF, Microwave PIN, limiter diodes, tuning and multiplier varactors, noise diodes, Schottky-barrier diodes, MNS chip capacitors",,1,4,15000,3750,,,62000,1986,1986,1986,1986,/Users/simon/Documents/Simon-OB/本体论/base/半导体/SEMI_WFF_2026_1Q.xlsx,Company Detail,http://www.Microchip.com
Microchip - SiC Fab Expansion,,晶圆制造工厂,"Microchip 的 SiC Fab Expansion，位于 Colorado Springs, Colorado, 美国。",6437,晶圆厂,On hold,Colorado Springs,Colorado,美国,美洲,NA,1150 E. Cheyenne Mt. Blvd.,http://www.Microchip.com,Logic/Other,Logic&Micro,"SiC manufacturing for use in automotive/E-Mobility, grid infrastructure, green energy, and aerospace and defense applications",SiC,0.25,8,35000,35000,,,,2026,2023,2026,2026,/Users/simon/Documents/Simon-OB/本体论/base/半导体/SEMI_WFF_2026_1Q.xlsx,Company Detail,http://www.Microchip.com
microFAB - Bremen fab,,晶圆制造工厂,"microFAB 的 Bremen fab，位于 Bremen, Bremen, 德国。",3798,晶圆厂，中试线，研发,In production,Bremen,Bremen,德国,Europe & Mideast,欧洲,Otto-Hahn-Allee NW1,http://www.microfab.de/,代工/MEMS,MEMS,"MEMS foundry, silicon microphones, pressure sensors, Ultrasonic transducers",MEMS,1,6,1000,562.5,9688,10,,1999,1999,1999,1999,/Users/simon/Documents/Simon-OB/本体论/base/半导体/SEMI_WFF_2026_1Q.xlsx,Company Detail,http://www.microfab.de/
Micron - Fab 6 (MTV DRAM),,晶圆制造工厂,"Micron 的 Fab 6 (MTV DRAM)，位于 Manassas, Virginia, 美国。",1654,晶圆厂，研发,In production,Manassas,Virginia,美国,美洲,NA,9600 Godwin Drive,http://www.Micron.com,存储器/DRAM,Memory,DRAM,"CMOS, Cu, low-K, high-K",0.03,12,40000,90000,,10,85000,1997,2003,2004,2004,/Users/simon/Documents/Simon-OB/本体论/base/半导体/SEMI_WFF_2026_1Q.xlsx,Company Detail,http://www.Micron.com
"Micron - Fab 4 (Bldg. 24 C,D,E)",,晶圆制造工厂,"Micron 的 Fab 4 (Bldg. 24 C,D,E)，位于 Boise, Idaho, 美国。",1286,晶圆厂，中试线，研发,In production,Boise,Idaho,美国,美洲,NA,7000 Federal Way,http://www.Micron.com,Memory/DRAM&Flash-3D NAND,Memory,"Specialty DRAM; Flash (mainly NAND flash, some NOR); Image sensors","CMOS, Cu, low-K, High-K",0.012,12,6000,13500,60000,1,100000,1994,2001,2002,2002,/Users/simon/Documents/Simon-OB/本体论/base/半导体/SEMI_WFF_2026_1Q.xlsx,Company Detail,http://www.Micron.com
"Micron - Fab 6 (MTV Flash, former IMFT)",,晶圆制造工厂,"Micron 的 Fab 6 (MTV Flash, former IMFT)，位于 Manassas, Virginia, 美国。",1994,晶圆厂,In production-merged,Manassas,Virginia,美国,美洲,NA,9600 Godwin Drive,http://www.Micron.com,Memory/Flash,Memory,"NAND, mainly legacy embedded Flash, NOR (some amount)","CMOS, Cu, low-k, high-K",0.02,12,28000,63000,,10,74000,2006,2005,2006,2006,/Users/simon/Documents/Simon-OB/本体论/base/半导体/SEMI_WFF_2026_1Q.xlsx,Company Detail,http://www.Micron.com
Micron - Fab 16 A1 (former R1),,晶圆制造工厂,"Micron 的 Fab 16 A1 (former R1)，位于 Taichung, Central Taiwan, 中国台湾。",2109,晶圆厂,In production,Taichung,Central Taiwan,中国台湾,中国台湾,亚太,"No.429-1, Sanfeng Rd., Houli Shiang",http://www.Micron.com,存储器/DRAM,Memory,"DRAM, Mobile DRAM","CMOS, Cu, low-K",0.014,12,47000,105750,300000,,,2007,2006,2007,2007,/Users/simon/Documents/Simon-OB/本体论/base/半导体/SEMI_WFF_2026_1Q.xlsx,Company Detail,http://www.Micron.com
Micron - Fab 11 (Inotera Fab 2),,晶圆制造工厂,"Micron 的 Fab 11 (Inotera Fab 2)，位于 Taoyuan, Northern Taiwan, 中国台湾。",2147,晶圆厂,In production,Taoyuan,Northern Taiwan,中国台湾,中国台湾,亚太,"669, Fuhsing 3rd Rd., Hwa-Ya Technology Park, Kueishan",http://www.Micron.com,存储器/DRAM,Memory,"DRAM (SDRAM, DDR), Mobile DRAM",CMOS,0.015,12,31000,69750,,,,2007,2005,2007,2007,/Users/simon/Documents/Simon-OB/本体论/base/半导体/SEMI_WFF_2026_1Q.xlsx,Company Detail,http://www.Micron.com
Micron - Fab 16 A3 (phase 1 + phase 2),,晶圆制造工厂,"Micron 的 Fab 16 A3 (phase 1 + phase 2)，位于 Taichung, Central Taiwan, 中国台湾。",2241,晶圆厂,In production,Taichung,Central Taiwan,中国台湾,中国台湾,亚太,"No. 369, Section 4, Sanfeng Road, Houli District",http://www.Micron.com,存储器/DRAM,Memory,DRAM,"CMOS, Cu, low-K",0.014,12,100000,225000,600000,,3336840,2021,2019,2021,2021,/Users/simon/Documents/Simon-OB/本体论/base/半导体/SEMI_WFF_2026_1Q.xlsx,Company Detail,http://www.Micron.com
Micron - Fab 11 (Inotera Fab 1),,晶圆制造工厂,"Micron 的 Fab 11 (Inotera Fab 1)，位于 Taoyuan, Northern Taiwan, 中国台湾。",1594,晶圆厂,In production,Taoyuan,Northern Taiwan,中国台湾,中国台湾,亚太,"669 Fuhsing 3rd Rd., Hwa-Ya Technology Park, Kueishan",http://www.Micron.com,存储器/DRAM,Memory,"DRAM, Mobile DRAM",CMOS,0.015,12,31000,69750,,10,,2004,2002,2004,2004,/Users/simon/Documents/Simon-OB/本体论/base/半导体/SEMI_WFF_2026_1Q.xlsx,Company Detail,http://www.Micron.com
Micron - Fab 15 +B-Bldg+F-Bldg (was Elpida E300),,晶圆制造工厂,"Micron 的 Fab 15 +B-Bldg+F-Bldg (was Elpida E300)，位于 Hiroshima, Hiroshima, 日本。",1791,晶圆厂，研发,In production-merged,Hiroshima,Hiroshima,日本,日本,日本,"Yoshikawa 5690, Hachihon Matsu-Cho, East Hiroshima",http://www.Micron.com,存储器/DRAM,Memory,"DRAM (SDRAM, DDR), Mobile RAM, RDRAM",CMOS,0.014,12,116000,261000,190521,10,236806,2002,2000,2002,2003,/Users/simon/Documents/Simon-OB/本体论/base/半导体/SEMI_WFF_2026_1Q.xlsx,Company Detail,http://www.Micron.com
"Micron - Fab 10W 3D-part (former Fab 7, Tech)",,晶圆制造工厂,"Micron 的 Fab 10W 3D-part (former Fab 7, Tech)，位于 新加坡, 新加坡, 新加坡。",3851,晶圆厂/拆分,In production,新加坡,新加坡,新加坡,SE Asia,亚太,"1 Woodlands Industrial Park D, Street 1",http://www.Micron.com,存储器/闪存-3D NAND,Memory,3D NAND,"CMOS, Cu, low-k",0.02,12,13000,29250,,,,2016,,,,/Users/simon/Documents/Simon-OB/本体论/base/半导体/SEMI_WFF_2026_1Q.xlsx,Company Detail,http://www.Micron.com
Micron - Fab 10A (Phase 1 + 2),,晶圆制造工厂,"Micron 的 Fab 10A (Phase 1 + 2)，位于 新加坡, 新加坡, 新加坡。",5003,晶圆厂，研发,In production,新加坡,新加坡,新加坡,SE Asia,亚太,1 North Coast Drive,http://www.Micron.com,存储器/闪存-3D NAND,Memory,3D NAND,"CMOS, 3D NAND",0.02,12,120000,270000,500000,,,2019,2018,2019,2019,/Users/simon/Documents/Simon-OB/本体论/base/半导体/SEMI_WFF_2026_1Q.xlsx,Company Detail,http://www.Micron.com
Micron - Expansion Fab,,晶圆制造工厂,"Micron 的 Expansion Fab，位于 Manassas, Virginia, 美国。",5037,晶圆厂，中试线，研发,In production,Manassas,Virginia,美国,美洲,NA,9600 Godwin Drive,http://www.Micron.com,Memory/DRAM&Flash,Memory,DRAM and/or 3D NAND,"DRAM, 2D NAND",0.02,12,35000,78750,118000,,,2020,2018,2020,2020,/Users/simon/Documents/Simon-OB/本体论/base/半导体/SEMI_WFF_2026_1Q.xlsx,Company Detail,http://www.Micron.com
Micron - Fab P5 Phase 2 Tongluo (was P6 with PSMC),,晶圆制造工厂,"Micron 的 Fab P5 Phase 2 Tongluo (was P6 with PSMC)，位于 Miaoli, Western Taiwan, 中国台湾。",5038,晶圆厂,Planned,Miaoli,Western Taiwan,中国台湾,中国台湾,亚太,,http://www.Micron.com,存储器/DRAM,Memory,DRAM and HBM,"DRAM, HBM",0.008,12,35000,78750,,,,2029,2026,2029,2029,/Users/simon/Documents/Simon-OB/本体论/base/半导体/SEMI_WFF_2026_1Q.xlsx,Company Detail,http://www.Micron.com
Micron - Fab 10N - 3D portion,,晶圆制造工厂,"Micron 的 Fab 10N - 3D portion，位于 新加坡, 新加坡, 新加坡。",3769,晶圆厂，中试/拆分,In production,新加坡,新加坡,新加坡,SE Asia,亚太,1 North Coast Drive,http://www.Micron.com,存储器/闪存-3D NAND,Memory,3D NAND,3D NAND,0.02,12,32000,72000,250000,,,2014,,,,/Users/simon/Documents/Simon-OB/本体论/base/半导体/SEMI_WFF_2026_1Q.xlsx,Company Detail,http://www.Micron.com
Micron - Fab 11 (Inotera Fab 1a),,晶圆制造工厂,"Micron 的 Fab 11 (Inotera Fab 1a)，位于 Taoyuan, Northern Taiwan, 中国台湾。",1500,晶圆厂,In production/support,Taoyuan,Northern Taiwan,中国台湾,中国台湾,亚太,"336, Sec.1, Nankan Road, Luchu",http://www.Micron.com,存储器/DRAM,Memory,DRAM,CMOS,0.015,12,50000,112500,15000,1,,2000,2014,2015,2015,/Users/simon/Documents/Simon-OB/本体论/base/半导体/SEMI_WFF_2026_1Q.xlsx,Company Detail,http://www.Micron.com
Micron - Fab 10X (Singapore),,晶圆制造工厂,"Micron 的 Fab 10X (Singapore)，位于 新加坡, 新加坡, 新加坡。",3708,晶圆厂,In production,新加坡,新加坡,新加坡,SE Asia,亚太,1 North Coast Drive,http://www.Micron.com,存储器/闪存-3D NAND,Memory,3D NAND,3D NAND,0.02,12,40000,90000,255000,,,2016,2015,2016,2016,/Users/simon/Documents/Simon-OB/本体论/base/半导体/SEMI_WFF_2026_1Q.xlsx,Company Detail,http://www.Micron.com
Micron - Fab 16 A2 (former R2),,晶圆制造工厂,"Micron 的 Fab 16 A2 (former R2)，位于 Taichung, Central Taiwan, 中国台湾。",2154,晶圆厂,In production,Taichung,Central Taiwan,中国台湾,中国台湾,亚太,"No.429-1, Sanfeng Rd., Houli Shiang",http://www.Micron.com,存储器/DRAM,Memory,DRAM,"CMOS, Cu, low-K",0.014,12,38000,85500,300000,,,2015,2013,2015,2015,/Users/simon/Documents/Simon-OB/本体论/base/半导体/SEMI_WFF_2026_1Q.xlsx,Company Detail,http://www.Micron.com
Micron - ID 1 (New Boise Fab 1),,晶圆制造工厂,"Micron 的 ID 1 (New Boise Fab 1)，位于 Boise, Idaho, 美国。",6279,晶圆厂,Constructing,Boise,Idaho,美国,美洲,NA,8000 S Federal Way,http://www.Micron.com,存储器/DRAM,Memory,"DRAM, HBM","DRAM, HBM",0.012,12,95000,213750,300000,,,2027,2023,2027,2027,/Users/simon/Documents/Simon-OB/本体论/base/半导体/SEMI_WFF_2026_1Q.xlsx,Company Detail,http://www.Micron.com
Micron - Clay Fab 1 (Phase 1A),,晶圆制造工厂,"Micron 的 Clay Fab 1 (Phase 1A)，位于 Clay, New York, 美国。",6390,晶圆厂,Announced,Clay,New York,美国,美洲,NA,"5171 Route 31, Onondaga County",http://www.Micron.com,存储器/DRAM,Memory,DRAM,DRAM,0.01,12,150000,337500,600000,,,2030,2026,2030,2030,/Users/simon/Documents/Simon-OB/本体论/base/半导体/SEMI_WFF_2026_1Q.xlsx,Company Detail,http://www.Micron.com
Micron - Fab 15 expansion F-Building,,晶圆制造工厂,"Micron 的 Fab 15 expansion F-Building，位于 Hiroshima, Hiroshima, 日本。",5112,晶圆厂,Merged,Hiroshima,Hiroshima,日本,日本,日本,"Yoshikawa 5690, Hachihon Matsu-Cho, East Hiroshima",http://www.Micron.com,存储器/DRAM,Memory,DRAM,"CMOS, DRAM",0.014,12,25000,56250,160000,,,2021,2018,2021,2021,/Users/simon/Documents/Simon-OB/本体论/base/半导体/SEMI_WFF_2026_1Q.xlsx,Company Detail,http://www.Micron.com
Micron - Clay Fab 2 (Phase 1B),,晶圆制造工厂,"Micron 的 Clay Fab 2 (Phase 1B)，位于 Clay, New York, 美国。",6561,晶圆厂,Announced,Clay,New York,美国,美洲,NA,"5171 Route 31, Onondaga County",http://www.Micron.com,存储器/DRAM,Memory,DRAM,DRAM,0.008,12,145000,326250,600000,,,2033,2030,2033,2033,/Users/simon/Documents/Simon-OB/本体论/base/半导体/SEMI_WFF_2026_1Q.xlsx,Company Detail,http://www.Micron.com
Micron - Clay Fab 3 (Phase 2A),,晶圆制造工厂,"Micron 的 Clay Fab 3 (Phase 2A)，位于 Clay, New York, 美国。",6584,晶圆厂,Announced,Clay,New York,美国,美洲,NA,"5171 Route 31, Onondaga County",http://www.Micron.com,存储器/DRAM,Memory,DRAM,DRAM,0.008,12,140000,315000,600000,,,2036,2033,2036,2036,/Users/simon/Documents/Simon-OB/本体论/base/半导体/SEMI_WFF_2026_1Q.xlsx,Company Detail,http://www.Micron.com
Micron - Clay Fab 4 (Phase 2B),,晶圆制造工厂,"Micron 的 Clay Fab 4 (Phase 2B)，位于 Clay, New York, 美国。",6585,晶圆厂,Announced,Clay,New York,美国,美洲,NA,"5171 Route 31, Onondaga County",http://www.Micron.com,存储器/DRAM,Memory,DRAM,DRAM,0.006,12,135000,303750,600000,,,2041,2039,2041,2041,/Users/simon/Documents/Simon-OB/本体论/base/半导体/SEMI_WFF_2026_1Q.xlsx,Company Detail,http://www.Micron.com
Micron - Fab 10B (Phase 1 + 2),,晶圆制造工厂,"Micron 的 Fab 10B (Phase 1 + 2)，位于 新加坡, 新加坡, 新加坡。",6693,晶圆厂,Constructing,新加坡,新加坡,新加坡,SE Asia,亚太,1 North Coast Drive,http://www.Micron.com,存储器/闪存-3D NAND,Memory,3D NAND,"CMOS, 3D NAND",0.02,12,180000,405000,700000,,,2029,2026,2029,2029,/Users/simon/Documents/Simon-OB/本体论/base/半导体/SEMI_WFF_2026_1Q.xlsx,Company Detail,http://www.Micron.com
Micron - New DRAM/HBM Hybrid Fab,,晶圆制造工厂,"Micron 的 New DRAM/HBM Hybrid Fab，位于 Hiroshima, Hiroshima, 日本。",6260,晶圆厂,Constructing,Hiroshima,Hiroshima,日本,日本,日本,N/A,http://www.Micron.com,存储器/DRAM,Memory,DRAM/HBM Hybrid Fab. DRAM using EUV,"DRAM, HBM",0.012,12,40000,90000,,,,2028,2026,2028,2028,/Users/simon/Documents/Simon-OB/本体论/base/半导体/SEMI_WFF_2026_1Q.xlsx,Company Detail,http://www.Micron.com
Micron - Fab P5 Phase 1 (Tongluo) was Powerchip PSMC,,晶圆制造工厂,"Micron 的 Fab P5 Phase 1 (Tongluo) was Powerchip PSMC，位于 Miaoli, Northern Taiwan, 中国台湾。",6691,晶圆厂,In production-changed owner,Miaoli,Northern Taiwan,中国台湾,中国台湾,亚太,,http://www.Micron.com,存储器/DRAM,Memory,DRAM,"DRAM, CMOS, Cu, low-K",0.01,12,40000,90000,301390,,,2027,2026,2027,2027,/Users/simon/Documents/Simon-OB/本体论/base/半导体/SEMI_WFF_2026_1Q.xlsx,Company Detail,http://www.Micron.com
Micron - ID 2 (New Boise Fab 2),,晶圆制造工厂,"Micron 的 ID 2 (New Boise Fab 2)，位于 Boise, Idaho, 美国。",6658,晶圆厂,Announced,Boise,Idaho,美国,美洲,NA,8000 S Federal Way,http://www.Micron.com,存储器/DRAM,Memory,"DRAM, HBM","DRAM, HBM",0.008,12,95000,213750,300000,,,2029,2026,2029,2029,/Users/simon/Documents/Simon-OB/本体论/base/半导体/SEMI_WFF_2026_1Q.xlsx,Company Detail,http://www.Micron.com
Micropac Industries - N/A,,晶圆制造工厂,"Micropac Industries 的 N/A，位于 Garland, Texas, 美国。",551,晶圆厂，中试线，研发,in production,Garland,Texas,美国,美洲,NA,905 E Walnut,http://www.Micropac.com,光电器件/激光器及其他,Opto,"Optocouplers, Optoisolators, Emitter, Sensors, Solid state relays, Power controllers, GaAs",GaAs,2,4,3000,750,3000,,,1984,1982,1984,1984,/Users/simon/Documents/Simon-OB/本体论/base/半导体/SEMI_WFF_2026_1Q.xlsx,Company Detail,http://www.Micropac.com
Midwest MicroDevices (MMD) - MMD fab,,晶圆制造工厂,"Midwest MicroDevices (MMD) 的 MMD fab，位于 Toledo, Ohio, 美国。",3540,晶圆厂,In production,Toledo,Ohio,美国,美洲,NA,329 N. 14th St.,http://www.midwestmicrodevices.com/,代工/MEMS,MEMS,"MEMS foundry, Sensors (from highly reliable temp sensors to novel pee=off RF components), thin-film devices","Thin-film, SOI, SOS, glass, quartz, Au, Pt, Ag, Ge,",0.7,4,500,125,,10,,2006,2005,2006,2006,/Users/simon/Documents/Simon-OB/本体论/base/半导体/SEMI_WFF_2026_1Q.xlsx,Company Detail,http://www.midwestmicrodevices.com/
Mikron (JSC Mikron) - 100mm (4-inch),,晶圆制造工厂,"Mikron (JSC Mikron) 的 100mm (4-inch)，位于 Voronezh, Voronezh Oblast, 俄罗斯。",562,晶圆厂,in production,Voronezh,Voronezh Oblast,俄罗斯,Europe & Mideast,欧洲,119а Leninsky Prospect,http://www.mikron.sitronics.com,Analog/Other,Analog,"CMOS, BiCMOS, Bipolar, MOSFET, DMOS Transistors, Thin Film, and III-V: GaAs","CMOS, BiCMOS, DMOS, Bipolar, MOSFET, III-VGaAs, (Silicon)",2,4,18000,4500,73200,10,743500,1985,1984,1985,1985,/Users/simon/Documents/Simon-OB/本体论/base/半导体/SEMI_WFF_2026_1Q.xlsx,Company Detail,http://www.mikron.sitronics.com
Mikron (JSC Mikron) - 150mm (6-inch Corona),,晶圆制造工厂,"Mikron (JSC Mikron) 的 150mm (6-inch Corona)，位于 Voronezh, Voronezh Oblast, 俄罗斯。",1475,晶圆厂,in production,Voronezh,Voronezh Oblast,俄罗斯,Europe & Mideast,欧洲,119а Leninsky Prospect,http://www.mikron.sitronics.com,Analog/Power,Analog,"analog IC, Power management, standard logic, GaAs","CMOS, BiCMOS, DMOS, Bipolar, MOSFET, GaAs, (Silicon)",0.5,6,5000,2812.5,32292,10,376600,1998,1993,1997,1998,/Users/simon/Documents/Simon-OB/本体论/base/半导体/SEMI_WFF_2026_1Q.xlsx,Company Detail,http://www.mikron.sitronics.com
Mikron (JSC Mikron) - 200mm,,晶圆制造工厂,"Mikron (JSC Mikron) 的 200mm，位于 Zelenograd, Moscow, 俄罗斯。",2429,晶圆厂,In production,Zelenograd,Moscow,俄罗斯,Europe & Mideast,欧洲,"1st Western proezd, 12, building 1",http://www.mikron.sitronics.com,Analog&Mixed Signal,Analog,"Some foundry servicel; CMOS EEPROM: SIM and banking cards, chip for e-passport, RFID cards and tokens",CMOS,0.065,8,3000,3000,,1000,,2010,2010,2012,2012,/Users/simon/Documents/Simon-OB/本体论/base/半导体/SEMI_WFF_2026_1Q.xlsx,Company Detail,http://www.mikron.sitronics.com
MIMOS Semiconductor (MySem) - Fab 1,,晶圆制造工厂,"MIMOS Semiconductor (MySem) 的 Fab 1，位于 Kuala Lumpur, Kuala Lumpur, 马来西亚。",563,晶圆厂，研发,in production,Kuala Lumpur,Kuala Lumpur,马来西亚,SE Asia,亚太,Technology Park Malaysia,http://www.mimos.my/,MEMS,MEMS,"MEMS, ASIC, MPU EEPROM","CMOS, MEMS, BiCMOS",0.5,6,600,337.5,8611,10,,1997,1992,1997,1997,/Users/simon/Documents/Simon-OB/本体论/base/半导体/SEMI_WFF_2026_1Q.xlsx,Company Detail,http://www.mimos.my/
MIMOS Semiconductor (MySem) - Fab 2,,晶圆制造工厂,"MIMOS Semiconductor (MySem) 的 Fab 2，位于 Kuala Lumpur, Kuala Lumpur, 马来西亚。",1305,晶圆厂，中试线，研发,In production,Kuala Lumpur,Kuala Lumpur,马来西亚,SE Asia,亚太,Technology Park Malaysia,http://www.mimos.my/,代工/模拟与混合信号与功率,Analog,"Wafer fabrication services, Multi Project Wafer (MPW), ASIC, MPU EEPROM, 'The Pesona', HVMOS, Schottky, SiC, GaN","CMOS BiCMOS, HVMOS, Schottky, GaN, SiC",0.35,8,5000,5000,4300,1,12917,2002,1999,2002,2002,/Users/simon/Documents/Simon-OB/本体论/base/半导体/SEMI_WFF_2026_1Q.xlsx,Company Detail,http://www.mimos.my/
Minebea Mitsumi - Chitose fab,,晶圆制造工厂,"Minebea Mitsumi 的 Chitose fab，位于 Chitose, Hokkaido, 日本。",264,晶圆厂,In production,Chitose,Hokkaido,日本,日本,日本,1007-39 Izumisawa,http://www.minebeamitsumi.com,Logic/Other,Logic&Micro,"Sound source ICs, Lithium ion battery monitoring ICs, Triaxial acceleration sensors, TFT drivers, Power, MOSFET, IGBT, Analog IC","CMOS, Bipolar, Power MOSFET, IGBT, MEMS,",0.35,6,35000,19687.5,20000,,,1983,1982,1983,1983,/Users/simon/Documents/Simon-OB/本体论/base/半导体/SEMI_WFF_2026_1Q.xlsx,Company Detail,http://www.minebeamitsumi.com
Minebea Mitsumi - Yasu Fab (1st floor) was Omron,,晶圆制造工厂,"Minebea Mitsumi 的 Yasu Fab (1st floor) was Omron，位于 Yasu, Shiga, 日本。",3016,晶圆厂，中试线，研发,In production,Yasu,Shiga,日本,日本,日本,686-1 Ichimiyake,http://www.minebeamitsumi.com,Analog&Mixed Signal&Power,Analog,"Power, Logic IC (0.18 to 0.25 um), MEMS (0.5um) Microphone Chip, MEMS/RF Switch, Thermal Sensor, Combination Sensor, optical devices, MEMS foundry","CMOS, MEMS",0.18,8,10000,10000,,,,2009,2008,2009,2009,/Users/simon/Documents/Simon-OB/本体论/base/半导体/SEMI_WFF_2026_1Q.xlsx,Company Detail,http://www.minebeamitsumi.com
Minebea Mitsumi - Yasu Fab (3rd floor) was Omron,,晶圆制造工厂,"Minebea Mitsumi 的 Yasu Fab (3rd floor) was Omron，位于 Yasu, Shiga, 日本。",361,晶圆厂，中试线，研发,in production,Yasu,Shiga,日本,日本,日本,686-1 Ichimiyake,http://www.minebeamitsumi.com,MEMS,MEMS,"MEMS foundry, NVRAM, Logic, Analog and MEMS foundry;  MEMS Microphone Chip, RF MEMS Switch, Thermal Sensor, Combination Sensor (flow and pressure sensors)",MEMS,0.5,8,10000,10000,40000,,1200000,1989,1988,1989,1989,/Users/simon/Documents/Simon-OB/本体论/base/半导体/SEMI_WFF_2026_1Q.xlsx,Company Detail,http://www.minebeamitsumi.com
Minebea Mitsumi - Yasu Fab (2nd floor) was Omron,,晶圆制造工厂,"Minebea Mitsumi 的 Yasu Fab (2nd floor) was Omron，位于 Yasu, Shiga, 日本。",3855,晶圆厂，中试线，研发,In production,Yasu,Shiga,日本,日本,日本,686-1 Ichimiyake,http://www.minebeamitsumi.com,Analog&Mixed Signal,Analog,Bipolar IC,,0.35,5,8000,3125,,,,2012,2010,2012,2012,/Users/simon/Documents/Simon-OB/本体论/base/半导体/SEMI_WFF_2026_1Q.xlsx,Company Detail,http://www.minebeamitsumi.com
Mitsubishi Electric - Kumamoto Factory-D Bldg (was Renesas),,晶圆制造工厂,"Mitsubishi Electric 的 Kumamoto Factory-D Bldg (was Renesas)，位于 Koshi, Kumamoto, 日本。",582,晶圆厂,In production-merged,Koshi,Kumamoto,日本,日本,日本,"997 Miyoshi, Kikuchigun Nishigomachi",http://www.mitsubishielectric.com/semiconductors/,Discrete/Power,Discrete,"Power Discrete, Power MOSFET, Power Devices","CMOS, DMOS",0.18,8,70000,70000,65000,1,,1996,1994,1995,1996,/Users/simon/Documents/Simon-OB/本体论/base/半导体/SEMI_WFF_2026_1Q.xlsx,Company Detail,http://www.mitsubishielectric.com/semiconductors/
Mitsubishi Electric - High Frequency & Optical Device Works,,晶圆制造工厂,"Mitsubishi Electric 的 High Frequency & Optical Device Works，位于 Itami, Hyogo, 日本。",1311,晶圆厂,in production,Itami,Hyogo,日本,日本,日本,"4-1, Mizuhara",http://www.mitsubishielectric.com/semiconductors/,光电器件/激光器及其他,Opto,"GaAs FET; Opto Devices, LD, FP-LD, DFB-LD","GaAs, InP, GaN",1,6,5000,2812.5,,,,1992,2014,2014,2014,/Users/simon/Documents/Simon-OB/本体论/base/半导体/SEMI_WFF_2026_1Q.xlsx,Company Detail,http://www.mitsubishielectric.com/semiconductors/
Mitsubishi Electric - Power Device Works,,晶圆制造工厂,"Mitsubishi Electric 的 Power Device Works，位于 Fukuoka, Fukuoka, 日本。",586,曾为晶圆厂现为封装测试,In production,Fukuoka,Fukuoka,日本,日本,日本,"1-1-1, Imajukuhigashi, Nishi-Ku",http://www.mitsubishielectric.com/semiconductors/,Discrete/Power,Discrete,"IGBT, MOSFET, Power Diode",MOS Bipolar,1,6,40000,22500,50000,,,1976,2000,,,/Users/simon/Documents/Simon-OB/本体论/base/半导体/SEMI_WFF_2026_1Q.xlsx,Company Detail,http://www.mitsubishielectric.com/semiconductors/
Mitsubishi Electric - Fukuyama Plant 2 (was Sharp),,晶圆制造工厂,"Mitsubishi Electric 的 Fukuyama Plant 2 (was Sharp)，位于 Fukuyama, Hiroshima, 日本。",942,晶圆厂,Reopened,Fukuyama,Hiroshima,日本,日本,日本,"1 Asahi, Daimon-cho,",http://www.mitsubishielectric.com/semiconductors/,Discrete/Power,Discrete,"Power devices, IGBT, MOS, MOSFET",CMOS,0.6,6,30000,16875,82000,1,,1989,2020,2021,2021,/Users/simon/Documents/Simon-OB/本体论/base/半导体/SEMI_WFF_2026_1Q.xlsx,Company Detail,http://www.mitsubishielectric.com/semiconductors/
Mitsubishi Electric - Fukuyama Plant 3 (was Sharp),,晶圆制造工厂,"Mitsubishi Electric 的 Fukuyama Plant 3 (was Sharp)，位于 Fukuyama, Hiroshima, 日本。",408,晶圆厂,Reopened,Fukuyama,Hiroshima,日本,日本,日本,"1 Asahi, Daimon-cho,",http://www.mitsubishielectric.com/semiconductors/,Discrete/Power,Discrete,"Power devices, IGBT, MOS, MOSFET",CMOS,0.35,8,20000,20000,,1,,1993,2020,2021,2021,/Users/simon/Documents/Simon-OB/本体论/base/半导体/SEMI_WFF_2026_1Q.xlsx,Company Detail,http://www.mitsubishielectric.com/semiconductors/
Mitsubishi Electric - New SiC Power Fab,,晶圆制造工厂,"Mitsubishi Electric 的 New SiC Power Fab，位于 Kikuchi-shi, Kumamoto, 日本。",6270,晶圆厂,In production,Kikuchi-shi,Kumamoto,日本,日本,日本,"1576-1, Sumiyoshi, Shisui-machi",http://www.mitsubishielectric.com/semiconductors/,Discrete/Power,Discrete,"SiC, SiC-MOSFET, SiC-SBD. Application for all-battery vehicles and various energy conservation and decarbonization technologies","SiC, SiC-MOSFET, SiC-SBD",0.18,8,30000,30000,,,,2026,2024,2025,2026,/Users/simon/Documents/Simon-OB/本体论/base/半导体/SEMI_WFF_2026_1Q.xlsx,Company Detail,http://www.mitsubishielectric.com/semiconductors/
Mitsubishi Electric - Fukuyama 300mm Power pilot line,,晶圆制造工厂,"Mitsubishi Electric 的 Fukuyama 300mm Power pilot line，位于 Fukuyama, Hiroshima, 日本。",6253,晶圆厂，中试线，研发,In production,Fukuyama,Hiroshima,日本,日本,日本,"1 Asahi, Daimon-cho,",http://www.mitsubishielectric.com/semiconductors/,Discrete/Power,Discrete,"300mm pilot line for power devices: SiC, SiC-MOSFET, SiC-SBD,  Rectifier Diodes, Thyristors","SiC, SiC-MOSFET, SiC-SBD,  Rectifier Diodes, Thyristors",0.09,12,10000,22500,,,,2024,2021,2023,2024,/Users/simon/Documents/Simon-OB/本体论/base/半导体/SEMI_WFF_2026_1Q.xlsx,Company Detail,http://www.mitsubishielectric.com/semiconductors/
"Mitsubishi Electric - Kumamoto Factory (Bldg A,B,C)",,晶圆制造工厂,"Mitsubishi Electric 的 Kumamoto Factory (Bldg A,B,C)，位于 Koshi, Kumamoto, 日本。",584,晶圆厂,In production-merged,Koshi,Kumamoto,日本,日本,日本,997 Miyoshi,http://www.mitsubishielectric.com/semiconductors/,Discrete/Power,Discrete,"Power devices, IGBT, MOS, MOSFET",CMOS,0.6,6,100000,56250,,,,1984,2004,,,/Users/simon/Documents/Simon-OB/本体论/base/半导体/SEMI_WFF_2026_1Q.xlsx,Company Detail,http://www.mitsubishielectric.com/semiconductors/
Mosel Vitelic - Fab 1 (6-inch line),,晶圆制造工厂,"Mosel Vitelic 的 Fab 1 (6-inch line)，位于 Hsinchu, Northern Taiwan, 中国台湾。",600,晶圆厂,In production-merged,Hsinchu,Northern Taiwan,中国台湾,中国台湾,亚太,No.1 Creation Rd. 1,http://www.mosel.com.tw/,代工/模拟与混合信号与功率,Analog,"Power MOSFET, Analog, Schottky diode, TVS, IGBT","CMOS, IGBT, Trench MOSFET",0.35,6,57000,32062.5,30000,10,430000,1994,,,,/Users/simon/Documents/Simon-OB/本体论/base/半导体/SEMI_WFF_2026_1Q.xlsx,Company Detail,http://www.mosel.com.tw/
Mosel Vitelic - Fab 1 (new IGBT line),,晶圆制造工厂,"Mosel Vitelic 的 Fab 1 (new IGBT line)，位于 Hsinchu, Northern Taiwan, 中国台湾。",6147,晶圆厂,In production,Hsinchu,Northern Taiwan,中国台湾,中国台湾,亚太,No.1 Creation Rd. 1,http://www.mosel.com.tw/,代工/功率,Discrete,"MOSFET, IGBT",,0.35,6,,,,,,2021,2020,2021,2021,/Users/simon/Documents/Simon-OB/本体论/base/半导体/SEMI_WFF_2026_1Q.xlsx,Company Detail,http://www.mosel.com.tw/
MOSPEC Semiconductor Corp. - n/a,,晶圆制造工厂,"MOSPEC Semiconductor Corp. 的 n/a，位于 Tainan, Southern Taiwan, 中国台湾。",3223,晶圆厂,In production,Tainan,Southern Taiwan,中国台湾,中国台湾,亚太,"NO.76, CHUNG SHAN RD., HSIN-SHIH",http://www.mospec.com.tw/,Discrete/Power,Discrete,"Power Transistors, Schottky Rectifiers, Ultrafast and Fast Recovery Rectifiers, TVS Diodes,",,2,6,12000,6750,,,,1990,2004,2004,2004,/Users/simon/Documents/Simon-OB/本体论/base/半导体/SEMI_WFF_2026_1Q.xlsx,Company Detail,http://www.mospec.com.tw/
"MT Microsystems - 6"" fab",,晶圆制造工厂,"MT Microsystems 的 6"" fab，位于 Shijiazhuang, Hebei, 中国。",6138,晶圆厂,In production,Shijiazhuang,Hebei,中国,中国,亚太,"B10, 21 Changsheng Street,",http://www.mtmems.com/en/,MEMS,MEMS,"MEMS inertial sensors, Pressure sensors, RF MEMS",SOI MEMS,0.5,6,10000,5625,161460,,,2016,2015,2016,2016,/Users/simon/Documents/Simon-OB/本体论/base/半导体/SEMI_WFF_2026_1Q.xlsx,Company Detail,http://www.mtmems.com/en/
"Murata Manufacturing Company, Ltd. - Murata Integrated Passive Solution (was IPDiA Fab 2 6-inch)",,晶圆制造工厂,"Murata Manufacturing Company, Ltd. 的 Murata Integrated Passive Solution (was IPDiA Fab 2 6-inch)，位于 Caen, Calvados, 法国。",771,晶圆厂，中试线，研发,In production,Caen,Calvados,法国,Europe & Mideast,欧洲,2 Rue De La Girafe,www.murata.com,Discrete/Other,Discrete,"Design and manufacturing of 3D Silicon Capacitors, MEMS, RF Integrated Passive Devices, Integrated Protection Devices (HB LED TVS diodes, HB LED Subounts)","MOS, 3D Technology, MEMS",0.8,6,12500,7031.25,33368,10,,1989,1994,1995,1995,/Users/simon/Documents/Simon-OB/本体论/base/半导体/SEMI_WFF_2026_1Q.xlsx,Company Detail,file:///Users/simon/Documents/Simon-OB/%E6%9C%AC%E4%BD%93%E8%AE%BA/base/%E5%8D%8A%E5%AF%BC%E4%BD%93/output/semiconductor_ontology.json
"Murata Manufacturing Company, Ltd. - Sendai Fab",,晶圆制造工厂,"Murata Manufacturing Company, Ltd. 的 Sendai Fab，位于 Sendai, Miyagi, 日本。",3860,晶圆厂,In production,Sendai,Miyagi,日本,日本,日本,2-6 Akedoria 3-chome,www.murata.com,MEMS/RF,MEMS,"MEMS, SAW filters, piezoelectric products, high-frequency devices","MEMS, SAW filters",0.35,6,20000,11250,,,,2008,2007,2008,2008,/Users/simon/Documents/Simon-OB/本体论/base/半导体/SEMI_WFF_2026_1Q.xlsx,Company Detail,file:///Users/simon/Documents/Simon-OB/%E6%9C%AC%E4%BD%93%E8%AE%BA/base/%E5%8D%8A%E5%AF%BC%E4%BD%93/output/semiconductor_ontology.json
"Murata Manufacturing Company, Ltd. - Kanazawa Fab 2 (Building E)",,晶圆制造工厂,"Murata Manufacturing Company, Ltd. 的 Kanazawa Fab 2 (Building E)，位于 Hakusan, Ishikawa, 日本。",3862,晶圆厂,In production,Hakusan,Ishikawa,日本,日本,日本,"Chi-18, Sodanimachi",www.murata.com,MEMS/RF,MEMS,"MEMS: SAW filter, SAW Duplexer; HF Devices, CMP",SiO2,0.35,8,10000,10000,,,61300,2016,2015,2016,2016,/Users/simon/Documents/Simon-OB/本体论/base/半导体/SEMI_WFF_2026_1Q.xlsx,Company Detail,file:///Users/simon/Documents/Simon-OB/%E6%9C%AC%E4%BD%93%E8%AE%BA/base/%E5%8D%8A%E5%AF%BC%E4%BD%93/output/semiconductor_ontology.json
"Murata Manufacturing Company, Ltd. - Vantaa Fab 3",,晶圆制造工厂,"Murata Manufacturing Company, Ltd. 的 Vantaa Fab 3，位于 Vantaa, Uusimaa, Finland。",5032,晶圆厂，研发,In production,Vantaa,Uusimaa,Finland,Europe & Mideast,欧洲,Myllynkivenkuja 6,www.murata.com,MEMS,MEMS,"MEMS and 3D-MEMS sensors for application like automotive (ADAS) , industrial, and health care",MEMS,1.5,6,5000,2812.5,97000,,172000,2020,2018,2020,2020,/Users/simon/Documents/Simon-OB/本体论/base/半导体/SEMI_WFF_2026_1Q.xlsx,Company Detail,file:///Users/simon/Documents/Simon-OB/%E6%9C%AC%E4%BD%93%E8%AE%BA/base/%E5%8D%8A%E5%AF%BC%E4%BD%93/output/semiconductor_ontology.json
"Murata Manufacturing Company, Ltd. - Kanazawa Plant (A1 + combined)",,晶圆制造工厂,"Murata Manufacturing Company, Ltd. 的 Kanazawa Plant (A1 + combined)，位于 Hakusan, Ishikawa, 日本。",3040,晶圆厂,In production,Hakusan,Ishikawa,日本,日本,日本,"Chi-18, Sodanimachi",www.murata.com,MEMS/RF,MEMS,"MEMS, SAW filter, Piezoelectric Products, Microwave Devices, development of high frequency, EHF band electronic devices","MEMS, SAW filters",0.5,6,5000,2812.5,,,,1985,1984,1985,1985,/Users/simon/Documents/Simon-OB/本体论/base/半导体/SEMI_WFF_2026_1Q.xlsx,Company Detail,file:///Users/simon/Documents/Simon-OB/%E6%9C%AC%E4%BD%93%E8%AE%BA/base/%E5%8D%8A%E5%AF%BC%E4%BD%93/output/semiconductor_ontology.json
"Murata Manufacturing Company, Ltd. - Vantaa Fab 1",,晶圆制造工厂,"Murata Manufacturing Company, Ltd. 的 Vantaa Fab 1，位于 Vantaa, Uusimaa, Finland。",2351,晶圆厂,In production,Vantaa,Uusimaa,Finland,Europe & Mideast,欧洲,Myllynkivenkuja 6,www.murata.com,MEMS,MEMS,MEMS and 3D-MEMS: Si capacitive inertial and pressure sensors,"MEMS, 3D-MEMS, SOI",2,6,5000,2812.5,31215,10,,1998,1997,1998,1998,/Users/simon/Documents/Simon-OB/本体论/base/半导体/SEMI_WFF_2026_1Q.xlsx,Company Detail,file:///Users/simon/Documents/Simon-OB/%E6%9C%AC%E4%BD%93%E8%AE%BA/base/%E5%8D%8A%E5%AF%BC%E4%BD%93/output/semiconductor_ontology.json
"Murata Manufacturing Company, Ltd. - Vantaa Fab 2",,晶圆制造工厂,"Murata Manufacturing Company, Ltd. 的 Vantaa Fab 2，位于 Vantaa, Uusimaa, Finland。",2352,晶圆厂,In production,Vantaa,Uusimaa,Finland,Europe & Mideast,欧洲,Myllynkivenkuja 6,www.murata.com,MEMS,MEMS,MEMS and 3D MEMS: Si capacitive inertial and pressure sensors,"MEMS, 3D-MEMS",1.5,6,12000,6750,,,,2006,2004,2006,2006,/Users/simon/Documents/Simon-OB/本体论/base/半导体/SEMI_WFF_2026_1Q.xlsx,Company Detail,file:///Users/simon/Documents/Simon-OB/%E6%9C%AC%E4%BD%93%E8%AE%BA/base/%E5%8D%8A%E5%AF%BC%E4%BD%93/output/semiconductor_ontology.json
Nanjing Gaoxin Semiconductor Corporation (NSMC) - Fab 3,,晶圆制造工厂,"Nanjing Gaoxin Semiconductor Corporation (NSMC) 的 Fab 3，位于 Nanjing, Jiangsu, 中国。",1998,晶圆厂,In production,Nanjing,Jiangsu,中国,中国,亚太,"No.4 Xinke 4th Rd., Hi-New-Tech Development Area of Pukou",http://www.njgx.net/,Discrete/Power,Discrete,"Power, GaAs semiconductors",GaAs,2,4,3500,875,,,,2006,2005,2006,2006,/Users/simon/Documents/Simon-OB/本体论/base/半导体/SEMI_WFF_2026_1Q.xlsx,Company Detail,http://www.njgx.net/
Nanjing Gaoxin Semiconductor Corporation (NSMC) - Fab 2 (4th floor),,晶圆制造工厂,"Nanjing Gaoxin Semiconductor Corporation (NSMC) 的 Fab 2 (4th floor)，位于 Nanjing, Jiangsu, 中国。",655,晶圆厂,in production,Nanjing,Jiangsu,中国,中国,亚太,17 Xinghuo Rd,http://www.njgx.net/,Analog/Linear,Analog,"Linear, military",Bipolar,3,3,5000,703.125,,10000,,1993,1991,1993,1993,/Users/simon/Documents/Simon-OB/本体论/base/半导体/SEMI_WFF_2026_1Q.xlsx,Company Detail,http://www.njgx.net/
Nanjing Guozhao Optoelectronics Technology (GZOT) - Fab 1,,晶圆制造工厂,"Nanjing Guozhao Optoelectronics Technology (GZOT) 的 Fab 1，位于 Nanjing, Jiangsu, 中国。",6607,晶圆厂，中试线，研发,In production,Nanjing,Jiangsu,中国,中国,亚太,No.166 Middle Zhengfang Road,https://www.gzot.com/en,光电器件/激光器及其他,Opto,MicroOLED,,0.25,8,10950,10950,,,,2021,2019,2021,2021,/Users/simon/Documents/Simon-OB/本体论/base/半导体/SEMI_WFF_2026_1Q.xlsx,Company Detail,https://www.gzot.com/en
Nanjing Guozhao Optoelectronics Technology (GZOT) - Zhaoyi 12inch line,,晶圆制造工厂,"Nanjing Guozhao Optoelectronics Technology (GZOT) 的 Zhaoyi 12inch line，位于 Nanjing, Jiangsu, 中国。",6608,晶圆厂，中试线，研发,In production,Nanjing,Jiangsu,中国,中国,亚太,Intersection of Jinxin Middle Road and Jinxin West Road,https://www.gzot.com/en,光电器件/激光器及其他,Opto,MicroOLED,MicroOLED,0.13,12,3500,7875,,,,2025,2023,2024,2025,/Users/simon/Documents/Simon-OB/本体论/base/半导体/SEMI_WFF_2026_1Q.xlsx,Company Detail,https://www.gzot.com/en
"Nanostructures, Inc. - Fab 1",,晶圆制造工厂,"Nanostructures, Inc. 的 Fab 1，位于 Santa Clara, California, 美国。",2117,晶圆厂，研发,In production,Santa Clara,California,美国,美洲,NA,3070 Lawrence Expressway,www.nanostructures.com,MEMS,MEMS,Contract engineering services; MEMS: custom micromachined MEMS (from biomedical to semiconductor applications); Thin Film Devices,"CMOS, MEMS",2,6,400,225,1000,1000,4200,1987,1986,1987,1987,/Users/simon/Documents/Simon-OB/本体论/base/半导体/SEMI_WFF_2026_1Q.xlsx,Company Detail,file:///Users/simon/Documents/Simon-OB/%E6%9C%AC%E4%BD%93%E8%AE%BA/base/%E5%8D%8A%E5%AF%BC%E4%BD%93/output/semiconductor_ontology.json
Nanox - Nanox,,晶圆制造工厂,"Nanox 的 Nanox，位于 Yongin, Gyeonggi, 韩国。",6218,晶圆厂，中试线，研发,In production,Yongin,Gyeonggi,韩国,韩国,亚太,"1072-gil, Iwon-ro, Wonsam-myeon, Cheoin-gu",www.nanox.vision,MEMS/Opto,MEMS,Nanox Digital Source for medical imaging systems application,,1,4,10000,2500,,,,2022,2021,2022,2022,/Users/simon/Documents/Simon-OB/本体论/base/半导体/SEMI_WFF_2026_1Q.xlsx,Company Detail,file:///Users/simon/Documents/Simon-OB/%E6%9C%AC%E4%BD%93%E8%AE%BA/base/%E5%8D%8A%E5%AF%BC%E4%BD%93/output/semiconductor_ontology.json
Nanya Technology - Fab 5 Phase 1,,晶圆制造工厂,"Nanya Technology 的 Fab 5 Phase 1，位于 New Taipei, Northern Taiwan, 中国台湾。",6221,晶圆厂，中试线，研发,Constructing,New Taipei,Northern Taiwan,中国台湾,中国台湾,亚太,Taishan Nanlin Technology Park,http://www.nanya.com,存储器/DRAM,Memory,DRAM,"DRAM, EUV",0.016,12,20000,45000,,,,2027,2022,2027,2027,/Users/simon/Documents/Simon-OB/本体论/base/半导体/SEMI_WFF_2026_1Q.xlsx,Company Detail,http://www.nanya.com
Nanya Technology - Fab 5 Phase 2,,晶圆制造工厂,"Nanya Technology 的 Fab 5 Phase 2，位于 New Taipei, Northern Taiwan, 中国台湾。",6256,晶圆厂,Announced,New Taipei,Northern Taiwan,中国台湾,中国台湾,亚太,N/A,http://www.nanya.com,存储器/DRAM,Memory,DRAM,DRAM,0.016,12,25000,56250,,,,2029,2027,2029,2029,/Users/simon/Documents/Simon-OB/本体论/base/半导体/SEMI_WFF_2026_1Q.xlsx,Company Detail,http://www.nanya.com
Nanya Technology - Fab 5 (EUV Fab),,晶圆制造工厂,"Nanya Technology 的 Fab 5 (EUV Fab)，位于 New Taipei, Northern Taiwan, 中国台湾。",6699,晶圆厂,Constructing,New Taipei,Northern Taiwan,中国台湾,中国台湾,亚太,Taishan Nanlin Technology Park,http://www.nanya.com,存储器/DRAM,Memory,"DRAM, EUV","DRAM, EUV",,12,,,,,,2028,2026,,,/Users/simon/Documents/Simon-OB/本体论/base/半导体/SEMI_WFF_2026_1Q.xlsx,Company Detail,http://www.nanya.com
Nanya Technology - Fab 3A North,,晶圆制造工厂,"Nanya Technology 的 Fab 3A North，位于 New Taipei, Northern Taiwan, 中国台湾。",3767,晶圆厂，中试线，研发,In production,New Taipei,Northern Taiwan,中国台湾,中国台湾,亚太,"No. 98, Nanlin Rd., Taishan Dist",http://www.nanya.com,存储器/DRAM,Memory,DRAM,,0.017,12,25000,56250,,,,2017,2015,2017,2017,/Users/simon/Documents/Simon-OB/本体论/base/半导体/SEMI_WFF_2026_1Q.xlsx,Company Detail,http://www.nanya.com
Nanya Technology - Fab 3A,,晶圆制造工厂,"Nanya Technology 的 Fab 3A，位于 New Taipei, Northern Taiwan, 中国台湾。",2153,晶圆厂,In production,New Taipei,Northern Taiwan,中国台湾,中国台湾,亚太,"No.98, Nanlin Rd, Taishan Dist.",http://www.nanya.com,存储器/DRAM,Memory,"DRAM (SDRAM, DDR, DDR2); Consumer DRAM; Mobile DRAM","CMOS, Cu, low-K",0.017,12,35000,78750,,,,2007,2006,2007,2007,/Users/simon/Documents/Simon-OB/本体论/base/半导体/SEMI_WFF_2026_1Q.xlsx,Company Detail,http://www.nanya.com
Nanya Technology - Fab 5 Phase 3,,晶圆制造工厂,"Nanya Technology 的 Fab 5 Phase 3，位于 New Taipei, Northern Taiwan, 中国台湾。",6257,晶圆厂,Cancelled,New Taipei,Northern Taiwan,中国台湾,中国台湾,亚太,N/A,http://www.nanya.com,存储器/DRAM,Memory,DRAM,"DRAM, EUV",0.015,12,15000,33750,,,,,,,,/Users/simon/Documents/Simon-OB/本体论/base/半导体/SEMI_WFF_2026_1Q.xlsx,Company Detail,http://www.nanya.com
NeoPhotonics Corporation - San Jose,,晶圆制造工厂,"NeoPhotonics Corporation 的 San Jose，位于 San Jose, California, 美国。",3151,晶圆厂，中试线，研发,In production,San Jose,California,美国,美洲,NA,2911 Zanker Road,http://www.neophotonics.com,光电器件/激光器及其他,Opto,"PIC, transceivers","Planar lightwave, MEMS, Nanomaterials, Quartz and Si wafers",10,8,1000,1000,10760,100,64583,1997,1996,1997,1997,/Users/simon/Documents/Simon-OB/本体论/base/半导体/SEMI_WFF_2026_1Q.xlsx,Company Detail,http://www.neophotonics.com
New Japan Radio - GaAs,,晶圆制造工厂,"New Japan Radio 的 GaAs，位于 Fujimi, Saitama, 日本。",713,晶圆厂,in production,Fujimi,Saitama,日本,日本,日本,"2-1-1, Fukuoka",http://www.njr.co.jp/,Analog&Mixed Signal&Power,Analog,"LED driver IC, FET Diode, MMIC Amplifiers & Mixers",GaAs,1,4,8000,2000,,,,1981,1979,1981,1981,/Users/simon/Documents/Simon-OB/本体论/base/半导体/SEMI_WFF_2026_1Q.xlsx,Company Detail,http://www.njr.co.jp/
New Japan Radio - Fab 3,,晶圆制造工厂,"New Japan Radio 的 Fab 3，位于 Fujimino, Saitama, 日本。",716,晶圆厂,in production,Fujimino,Saitama,日本,日本,日本,"2-1-1, Fukuoka",http://www.njr.co.jp/,Logic/Other,Logic&Micro,"Custom Log A/D D/A Opto, Foundry for SAW Filter (MEMS/Filter)",CMOS,0.8,5,15000,5859.375,,10,,1987,1985,1987,1987,/Users/simon/Documents/Simon-OB/本体论/base/半导体/SEMI_WFF_2026_1Q.xlsx,Company Detail,http://www.njr.co.jp/
New Japan Radio - Fab 4,,晶圆制造工厂,"New Japan Radio 的 Fab 4，位于 Fujimi, Saitama, 日本。",3859,晶圆厂,In production,Fujimi,Saitama,日本,日本,日本,"2-1-1, Fukuoka",http://www.njr.co.jp/,Logic/Other,Logic&Micro,"Analog, Mixed Signal, MOS Logic",CMOS,0.5,6,7000,3937.5,,,,1992,1991,1992,1992,/Users/simon/Documents/Simon-OB/本体论/base/半导体/SEMI_WFF_2026_1Q.xlsx,Company Detail,http://www.njr.co.jp/
New Japan Radio - NJR Fukuoka,,晶圆制造工厂,"New Japan Radio 的 NJR Fukuoka，位于 Fukuoka, Fukuoka, 日本。",587,晶圆厂,In production,Fukuoka,Fukuoka,日本,日本,日本,"1-2, Imajuku-higashi 1 Chome, Nishi-ku,",http://www.njr.co.jp/,Analog/Power,Analog,"Analog, Discrete, Power Devices","Bipolar, BiCMOS",0.6,6,35000,19687.5,40000,,,1984,,,,/Users/simon/Documents/Simon-OB/本体论/base/半导体/SEMI_WFF_2026_1Q.xlsx,Company Detail,http://www.njr.co.jp/
Nexchip - N1 (A1+A2),,晶圆制造工厂,"Nexchip 的 N1 (A1+A2)，位于 Hefei, Anhui, 中国。",3808,晶圆厂,In production,Hefei,Anhui,中国,中国,亚太,"88, Dayu Rd.",http://www.nexchip.com.cn/,代工/模拟与混合信号与功率,Analog,"Foundry, LCD Driver IC, Power Management IC, CMOS Image sensor, MCU",Al,0.055,12,120000,270000,,,,2017,2015,2017,2017,/Users/simon/Documents/Simon-OB/本体论/base/半导体/SEMI_WFF_2026_1Q.xlsx,Company Detail,http://www.nexchip.com.cn/
Nexchip - N1(A3+A4),,晶圆制造工厂,"Nexchip 的 N1(A3+A4)，位于 Hefei, Anhui, 中国。",5045,晶圆厂,In production,Hefei,Anhui,中国,中国,亚太,"88, Dayu Rd.",http://www.nexchip.com.cn/,代工/模拟与混合信号与功率,Analog,"Foundry, DDIC, TDDI, CIS, MCU, PMIC",Cu,0.028,12,105000,236250,,,,2022,2026,2026,2026,/Users/simon/Documents/Simon-OB/本体论/base/半导体/SEMI_WFF_2026_1Q.xlsx,Company Detail,http://www.nexchip.com.cn/
NexGen Power Systems - Avogy,,晶圆制造工厂,"NexGen Power Systems 的 Avogy，位于 San Jose, California, 美国。",3842,晶圆厂,In production,San Jose,California,美国,美洲,NA,677 River Oaks Pkwy,http://nexgenpowersystems.com/,Discrete/Power,Discrete,"GaN EPI, vertical GaN transistors and diodes","GaN, EPI",1,3,500,70.3125,3500,100,27000,2011,2010,2011,2011,/Users/simon/Documents/Simon-OB/本体论/base/半导体/SEMI_WFF_2026_1Q.xlsx,Company Detail,http://nexgenpowersystems.com/
NEXIC Technology - Jiangyin 6inch Fab,,晶圆制造工厂,"NEXIC Technology 的 Jiangyin 6inch Fab，位于 Wuxi, Jiangsu, 中国。",6575,晶圆厂,In production,Wuxi,Jiangsu,中国,中国,亚太,No. 9 Dongxing Road,https://www.nexic.cn/en/,Discrete/Power,Discrete,,SiC,0.35,6,10000,5625,,,,2024,2023,2024,2024,/Users/simon/Documents/Simon-OB/本体论/base/半导体/SEMI_WFF_2026_1Q.xlsx,Company Detail,https://www.nexic.cn/en/
Nexperia - Hamburg 8-inch,,晶圆制造工厂,"Nexperia 的 Hamburg 8-inch，位于 Hamburg, Hamburg, 德国。",6666,晶圆厂,In production,Hamburg,Hamburg,德国,Europe & Mideast,欧洲,Stresemann Allee 101,https://www.nexperia.com,Analog&Mixed Signal&Power,Analog,diodes and transistors (small‑signal diodes & transistors) and power discrete,,0.35,8,60000,60000,,,,2014,2013,2014,2014,/Users/simon/Documents/Simon-OB/本体论/base/半导体/SEMI_WFF_2026_1Q.xlsx,Company Detail,https://www.nexperia.com
Nexperia - Hamburg 8-inch GaN and SiC,,晶圆制造工厂,"Nexperia 的 Hamburg 8-inch GaN and SiC，位于 Hamburg, Hamburg, 德国。",6667,晶圆厂,In production,Hamburg,Hamburg,德国,Europe & Mideast,欧洲,Stresemann Allee 101,https://www.nexperia.com,Analog&Mixed Signal&Power,Analog,"wide bandgap semiconductors (WBG) such as silicon carbide (SiC) and gallium nitride (GaN),: SiC MOSFET, GaN HEMT","SiC MOSFET, GaN HEMT",0.35,8,25000,25000,,,,2023,2022,2023,2023,/Users/simon/Documents/Simon-OB/本体论/base/半导体/SEMI_WFF_2026_1Q.xlsx,Company Detail,https://www.nexperia.com
Nexperia - Manchester 8-inch expansion (was Nexperia),,晶圆制造工厂,"Nexperia 的 Manchester 8-inch expansion (was Nexperia)，位于 Hazelgrove, Manchester, England。",6211,晶圆厂/拆分,In production,Hazelgrove,Manchester,England,Europe & Mideast,欧洲,"Bramhall Moor Lane, Pepper Rd, Hazel Grove",https://www.nexperia.com,Discrete/Power,Discrete,"Discrete Power, high voltage PowerMOS, MOSFETs","MOS TrenchMOS, GaN",0.5,8,27000,27000,19913,,,2018,2017,2017,2018,/Users/simon/Documents/Simon-OB/本体论/base/半导体/SEMI_WFF_2026_1Q.xlsx,Company Detail,https://www.nexperia.com
Nexperia - Manchester 6-inch (was Nexperia),,晶圆制造工厂,"Nexperia 的 Manchester 6-inch (was Nexperia)，位于 Hazelgrove, Manchester, England。",1525,晶圆厂,in production,Hazelgrove,Manchester,England,Europe & Mideast,欧洲,"Bramhall Moor Lane, Pepper Rd, Hazel Grove",https://www.nexperia.com,Discrete/Power,Discrete,"Discrete Power, high voltage PowerMOS, MOSFET, GaN","MOS TrenchMOS, GaN",0.5,6,45000,25312.5,19913,10,,1998,1997,1998,1998,/Users/simon/Documents/Simon-OB/本体论/base/半导体/SEMI_WFF_2026_1Q.xlsx,Company Detail,https://www.nexperia.com
Nexperia - Hamburg 6-inch,,晶圆制造工厂,"Nexperia 的 Hamburg 6-inch，位于 Hamburg, Hamburg, 德国。",773,晶圆厂,In production-will be closed,Hamburg,Hamburg,德国,Europe & Mideast,欧洲,Stresemann Allee 101,https://www.nexperia.com,Analog&Mixed Signal&Power,Analog,diodes and transistors (small‑signal diodes & transistors) and power discrete,CMOS BiCMOS NMOS,0.5,6,50000,28125,,10,,1981,,2000,2000,/Users/simon/Documents/Simon-OB/本体论/base/半导体/SEMI_WFF_2026_1Q.xlsx,Company Detail,https://www.nexperia.com
Nichia Corporation - K6 (was LD fab HQ),,晶圆制造工厂,"Nichia Corporation 的 K6 (was LD fab HQ)，位于 Anan, Tokushima, 日本。",4949,晶圆厂,In production,Anan,Tokushima,日本,日本,日本,"491 Oka, Kaminaka-Cho",https://www.nichia.co.jp,光电器件/激光器及其他,Opto,Laser Diodes,,1,6,50000,28125,,,323000,2019,2017,2019,2019,/Users/simon/Documents/Simon-OB/本体论/base/半导体/SEMI_WFF_2026_1Q.xlsx,Company Detail,https://www.nichia.co.jp
NIIIS - Research Institute of Measuring Systems - NIIIS,,晶圆制造工厂,"NIIIS - Research Institute of Measuring Systems 的 NIIIS，位于 Nizhny Novogrod, Nizhny Novgorod Oblast, 俄罗斯。",3216,晶圆厂，中试线，研发,In production,Nizhny Novogrod,Nizhny Novgorod Oblast,俄罗斯,Europe & Mideast,欧洲,"603950, Россия",http://www.niiis.nnov.ru/,Discrete/Other,Discrete,"IC,  MEMS, microwave",CMOS,0.35,6,1500,843.75,,,,2013,2009,2013,2013,/Users/simon/Documents/Simon-OB/本体论/base/半导体/SEMI_WFF_2026_1Q.xlsx,Company Detail,http://www.niiis.nnov.ru/
Ningbo Semiconductor International Corporation (NSI) - Ningbo N2,,晶圆制造工厂,"Ningbo Semiconductor International Corporation (NSI) 的 Ningbo N2，位于 Ningbo, Zhejiang, 中国。",5060,晶圆厂,In production,Ningbo,Zhejiang,中国,中国,亚太,"No. 331-335 Anju Road, Xiaogang Street, Beilun District",https://www.nsemii.com/#/index,代工/MEMS,MEMS,"MEMS, Power devices, Analog foundry","SOI, HV, MEMS, Power",0.25,8,27500,27500,,,,2021,2020,2021,2021,/Users/simon/Documents/Simon-OB/本体论/base/半导体/SEMI_WFF_2026_1Q.xlsx,Company Detail,https://www.nsemii.com/#/index
Ningbo Semiconductor International Corporation (NSI) - Ningbo N1,,晶圆制造工厂,"Ningbo Semiconductor International Corporation (NSI) 的 Ningbo N1，位于 Ningbo, Zhejiang, 中国。",3909,晶圆厂,In production,Ningbo,Zhejiang,中国,中国,亚太,"331, Anju Rd., Beilun",https://www.nsemii.com/#/index,代工/MEMS,MEMS,"R&D and manufacturing center for specialty technologies, Analog foundry, high-voltage analog, radio frequency, GaAs pHEMT RF","High-voltage BCD, pHEMT, GaAs",0.13,8,15000,15000,,,,2019,2018,2019,2019,/Users/simon/Documents/Simon-OB/本体论/base/半导体/SEMI_WFF_2026_1Q.xlsx,Company Detail,https://www.nsemii.com/#/index
Ningbo Zhongxin Semi - Zhongxin,,晶圆制造工厂,"Ningbo Zhongxin Semi 的 Zhongxin，位于 Ningbo, Zhejiang, 中国。",6495,晶圆厂,In production,Ningbo,Zhejiang,中国,中国,亚太,"No. 335 Anju Road, Xiaogang Street, Beilun District",http://www.zhongxinsemi.com/top,光电器件/激光器及其他,Opto,"IGBT, VDMOS, FRD","IGBT, VDMOS, FRD",0.5,6,60000,33750,,,,2024,2023,2024,2024,/Users/simon/Documents/Simon-OB/本体论/base/半导体/SEMI_WFF_2026_1Q.xlsx,Company Detail,http://www.zhongxinsemi.com/top
Nisshinbo - Yashiro Fab 1 (Ricoh Electro Device),,晶圆制造工厂,"Nisshinbo 的 Yashiro Fab 1 (Ricoh Electro Device)，位于 Kato, Hyogo, 日本。",832,晶圆厂,in production,Kato,Hyogo,日本,日本,日本,"30-1, Saho, Yashiro-Cho",http://www.nisshinbo.co.jp/english/,Logic/Other,Logic&Micro,"Power management ICs, Voltage regulator, Clock ICs, LED driver, Automotive ICs, Foundry, Multiple PMU",CMOS,0.35,6,15000,8437.5,15286,1,1222414,1989,1987,1989,1989,/Users/simon/Documents/Simon-OB/本体论/base/半导体/SEMI_WFF_2026_1Q.xlsx,Company Detail,http://www.nisshinbo.co.jp/english/
Nisshinbo - Yashiro Fab 2 (Ricoh Electro Device),,晶圆制造工厂,"Nisshinbo 的 Yashiro Fab 2 (Ricoh Electro Device)，位于 Kato, Hyogo, 日本。",831,晶圆厂,in production,Kato,Hyogo,日本,日本,日本,"30-1, Saho, Yashiro-Cho",http://www.nisshinbo.co.jp/english/,Logic/Other,Logic&Micro,"Analog LSI, PC Interface LSI, Image processor LSI, Foundry, Power management IC, Clock Ics, Multiple PMU, Automotive Ics",CMOS,0.3,8,6500,6500,,1,265560,1997,1993,1997,1997,/Users/simon/Documents/Simon-OB/本体论/base/半导体/SEMI_WFF_2026_1Q.xlsx,Company Detail,http://www.nisshinbo.co.jp/english/
Nitronex Corporation - Durham Fab,,晶圆制造工厂,"Nitronex Corporation 的 Durham Fab，位于 Durham, North Carolina, 美国。",2446,晶圆厂，研发,In production,Durham,North Carolina,美国,美洲,NA,2305 Presidential Drive,http://www.nitronex.com,Discrete/Power,Discrete,"GaN on Silicon, RF power transistors; GaN on Si EPI","GaN on Si, EPI",0.5,6,8000,4500,5000,1000,85000,2007,2006,2007,2007,/Users/simon/Documents/Simon-OB/本体论/base/半导体/SEMI_WFF_2026_1Q.xlsx,Company Detail,http://www.nitronex.com
Northrop Grumman - D1 (Space Park) (Redondo Beach),,晶圆制造工厂,"Northrop Grumman 的 D1 (Space Park) (Redondo Beach)，位于 Redondo Beach, California, 美国。",1820,晶圆厂,in production,Redondo Beach,California,美国,美洲,NA,One Space Park D1/1024,www.northropgrumman.com,Foundry/IDM/Analog&Mixed Signal,Analog,"Foundry service for InP HBT and HEMT, GaAs and GaN HEMT,and MMIC;  Analog Mixed Signal, Logic, Memory","InP, InP HEMT and HBT, GaAs,  and GaN HEMT",0.5,4,7000,1750,,,,2002,1999,2001,2002,/Users/simon/Documents/Simon-OB/本体论/base/半导体/SEMI_WFF_2026_1Q.xlsx,Company Detail,file:///Users/simon/Documents/Simon-OB/%E6%9C%AC%E4%BD%93%E8%AE%BA/base/%E5%8D%8A%E5%AF%BC%E4%BD%93/output/semiconductor_ontology.json
Northrop Grumman - ATL Baltimore (1 to 6 inch lines),,晶圆制造工厂,"Northrop Grumman 的 ATL Baltimore (1 to 6 inch lines)，位于 Baltimore, Maryland, 美国。",1199,晶圆厂，研发,in production,Baltimore,Maryland,美国,美洲,NA,7323 Aviation Blvd,www.northropgrumman.com,Analog/Other,Analog,"Foundry service; Analog, Mixed Signal, Sensors, Logic, Memory; GaAs and GaN HEMT, InP HEMT and HBT","CMOS, MOS, Bipolar; Si; SiGe; GaAs; SiC, GaN HEMT",0.25,6,4000,2250,21000,100,,1980,1997,1998,1998,/Users/simon/Documents/Simon-OB/本体论/base/半导体/SEMI_WFF_2026_1Q.xlsx,Company Detail,file:///Users/simon/Documents/Simon-OB/%E6%9C%AC%E4%BD%93%E8%AE%BA/base/%E5%8D%8A%E5%AF%BC%E4%BD%93/output/semiconductor_ontology.json
Northrop Grumman - ATL Baltimore (8 inch line),,晶圆制造工厂,"Northrop Grumman 的 ATL Baltimore (8 inch line)，位于 Baltimore, Maryland, 美国。",3849,晶圆厂，研发,In production,Baltimore,Maryland,美国,美洲,NA,7323 Aviation Blvd,www.northropgrumman.com,Analog/Other,Analog,"Foundry service; Analog, Mixed Signal, Sensors, Logic, Memory; GaAs and GaN HEMT, InP HEMT and HBT","CMOS, MOS, Bipolar; Si; SiGe; GaAs; SiC, GaN HEMT",0.13,8,2000,2000,,,,2019,2018,2019,2019,/Users/simon/Documents/Simon-OB/本体论/base/半导体/SEMI_WFF_2026_1Q.xlsx,Company Detail,file:///Users/simon/Documents/Simon-OB/%E6%9C%AC%E4%BD%93%E8%AE%BA/base/%E5%8D%8A%E5%AF%BC%E4%BD%93/output/semiconductor_ontology.json
Nuova Mistral S.P.A. - N/A,,晶圆制造工厂,"Nuova Mistral S.P.A. 的 N/A，位于 Milan, Lombardy, 意大利。",741,晶圆厂,in production,Milan,Lombardy,意大利,Europe & Mideast,欧洲,Via Le Pastine 32 Borgata Carrara,,Discrete/Other,Discrete,Discrete,N/A,3,3,15000,2109.375,10760,1000,,1983,1981,1983,1983,/Users/simon/Documents/Simon-OB/本体论/base/半导体/SEMI_WFF_2026_1Q.xlsx,Company Detail,file:///Users/simon/Documents/Simon-OB/%E6%9C%AC%E4%BD%93%E8%AE%BA/base/%E5%8D%8A%E5%AF%BC%E4%BD%93/SEMI_WFF_2026_1Q.xlsx
Nuvoton Technology - Fab D (was Panasonic),,晶圆制造工厂,"Nuvoton Technology 的 Fab D (was Panasonic)，位于 Uozu, Toyama, 日本。",1844,晶圆厂,in production,Uozu,Toyama,日本,日本,日本,1800 Higashiyama,http://www.nuvoton.com/hq/enu/,Logic/Other,Logic&Micro,Communication IC,"CMOS; GaAs, GaN",0.8,6,6000,3375,35521,,55972,2002,2001,2002,2002,/Users/simon/Documents/Simon-OB/本体论/base/半导体/SEMI_WFF_2026_1Q.xlsx,Company Detail,http://www.nuvoton.com/hq/enu/
Nuvoton Technology - Nuvoton fab (was Winbond),,晶圆制造工厂,"Nuvoton Technology 的 Nuvoton fab (was Winbond)，位于 Hsinchu, Northern Taiwan, 中国台湾。",1201,晶圆厂,in production,Hsinchu,Northern Taiwan,中国台湾,中国台湾,亚太,"No. 4, Creation Rd. 3, Science-Based Industrial Park",http://www.nuvoton.com/hq/enu/,Logic/Other,Logic&Micro,"MCU, Speech IC, Super I/O, Embeded Controller, Foundry services",CMOS,0.35,6,45000,25312.5,,1,,1992,1990,1992,1992,/Users/simon/Documents/Simon-OB/本体论/base/半导体/SEMI_WFF_2026_1Q.xlsx,Company Detail,http://www.nuvoton.com/hq/enu/
Nuvotronics - Virginia Fab,,晶圆制造工厂,"Nuvotronics 的 Virginia Fab，位于 Blacksburg, Virginia, 美国。",3012,晶圆厂，中试线，研发,In production,Blacksburg,Virginia,美国,美洲,NA,3155 State Street,http://www.nuvotronics.com,MEMS/RF,MEMS,"Power amplifiers for RF systems, RF Filters and diplexers, MEMS and MMIC, RF switches. Technology for defense, telecom, and sensors markets.",3D-Polystrata architecture,1,6,1000,562.5,21528,,55000,1996,1995,1996,1996,/Users/simon/Documents/Simon-OB/本体论/base/半导体/SEMI_WFF_2026_1Q.xlsx,Company Detail,http://www.nuvotronics.com
NVE - Non Volatilie Electronic Corporation - Fab 1,,晶圆制造工厂,"NVE - Non Volatilie Electronic Corporation 的 Fab 1，位于 Eden Prairie, Minnesota, 美国。",2292,晶圆厂，研发,In production,Eden Prairie,Minnesota,美国,美洲,NA,11409 Valley View Road,www.nve.com,Memory/MRAM,Memory,"Spintronics and magnetic films (sensors, isolators and magnetoresistive MRAM)",MRAM,1,6,1000,562.5,6000,100,,1995,1994,1995,1995,/Users/simon/Documents/Simon-OB/本体论/base/半导体/SEMI_WFF_2026_1Q.xlsx,Company Detail,file:///Users/simon/Documents/Simon-OB/%E6%9C%AC%E4%BD%93%E8%AE%BA/base/%E5%8D%8A%E5%AF%BC%E4%BD%93/output/semiconductor_ontology.json
NXP - Expansion Dan Noble Center,,晶圆制造工厂,"NXP 的 Expansion Dan Noble Center，位于 Austin, Texas, 美国。",6379,晶圆厂,In production-may be closed,Austin,Texas,美国,美洲,NA,3501 Ed Bluestein Road,http://www.nxp.com/index.html,Logic/Other,Logic&Micro,"Foundry service; Most for automotive: MCU w/ embedded flash, Network Processors (includig SOI), Mixed Signal Power Management, Radar","SOI; Cu (Copper); strained Si, SiGe",0.09,8,7000,7000,110000,,520000,2024,,,,/Users/simon/Documents/Simon-OB/本体论/base/半导体/SEMI_WFF_2026_1Q.xlsx,Company Detail,http://www.nxp.com/index.html
"NXP - ATMC (used also by Everspin) (was Freescale, Austin Technology & Manufacturing Center)",,晶圆制造工厂,"NXP 的 ATMC (used also by Everspin) (was Freescale, Austin Technology & Manufacturing Center)，位于 Austin, Texas, 美国。",605,晶圆厂，中试线，研发,In production-may be closed,Austin,Texas,美国,美洲,NA,3501 Ed Bluestein Road,http://www.nxp.com/index.html,Logic/Other,Logic&Micro,"Foundry service; Most for automotive: MCU w/ embedded flash, Network Processors (includig SOI), Mixed Signal Power Management, Radar","CMOS, SOI; SOC; SiGe BiCMOS, Cu (Copper); strained Si",0.09,8,30000,30000,140000,1,950000,1995,1993,1995,1995,/Users/simon/Documents/Simon-OB/本体论/base/半导体/SEMI_WFF_2026_1Q.xlsx,Company Detail,http://www.nxp.com/index.html
NXP - ICN8,,晶圆制造工厂,"NXP 的 ICN8，位于 Nijmegen, Gelderland, 荷兰。",776,晶圆厂,in production-merged-may be closed,Nijmegen,Gelderland,荷兰,Europe & Mideast,欧洲,"Gerstweg 2, Building Ano 121, 6534 Ae",http://www.nxp.com/index.html,Analog&Mixed Signal&Power,Analog,"High performance mixed signal, RF, Analog, Power Management, Interface, Security and Digital Processing",CMOS; SOI;Al (Aluminum),0.14,8,55000,55000,74271,1,,1996,1995,1996,1996,/Users/simon/Documents/Simon-OB/本体论/base/半导体/SEMI_WFF_2026_1Q.xlsx,Company Detail,http://www.nxp.com/index.html
"NXP - CHD (used also by Everspin, was Freescale)",,晶圆制造工厂,"NXP 的 CHD (used also by Everspin, was Freescale)，位于 Chandler, Arizona, 美国。",614,晶圆厂，中试线,In production-may be closed,Chandler,Arizona,美国,美洲,NA,1300 North Alma School Rd.,http://www.nxp.com/index.html,Logic/Other,Logic&Micro,"Most for automotive: MCU w/embedded NVM (Flash, MRAM), Mixed Signal, some Foundry service.","Al (Aluminum), CMOS, MCU with embedded NVM (Flash, MRAM), Mixed Signal",0.13,8,30000,30000,200000,1,,1993,,,,/Users/simon/Documents/Simon-OB/本体论/base/半导体/SEMI_WFF_2026_1Q.xlsx,Company Detail,http://www.nxp.com/index.html
NXP - ECHO (GaN & SiC Fab new expansion in Chandler),,晶圆制造工厂,"NXP 的 ECHO (GaN & SiC Fab new expansion in Chandler)，位于 Chandler, Arizona, 美国。",6170,晶圆厂,In production-will be closed,Chandler,Arizona,美国,美洲,NA,1300 North Alma School Rd.,http://www.nxp.com/index.html,Analog&Mixed Signal,Analog,Using GaN and SiC for network transistors and RF power amplifiers to  support growing 5G cellphone network demand,"RF-GaN on SiC, Al (Aluminum)",1,6,15000,8437.5,30000,1000,,2020,2018,2020,2020,/Users/simon/Documents/Simon-OB/本体论/base/半导体/SEMI_WFF_2026_1Q.xlsx,Company Detail,http://www.nxp.com/index.html
Odyssey - Ithaca,,晶圆制造工厂,"Odyssey 的 Ithaca，位于 Ithaca, New York, 美国。",3700,晶圆厂，研发,In production,Ithaca,New York,美国,美洲,NA,9 Brown Road,https://www.odysseysemi.com,光电器件/激光器及其他,Opto,develop and manufacturing of semiconductor microchip lasers for equipment in the data and telecommunications industries that use light energy rather than electricity.,"InP,  GaAs, GaN, proprietary Etched Facet Technology (EFT)",2,3,1200,168.75,10000,1000,30600,2001,,,,/Users/simon/Documents/Simon-OB/本体论/base/半导体/SEMI_WFF_2026_1Q.xlsx,Company Detail,https://www.odysseysemi.com
OEPIC Inc. - N/A,,晶圆制造工厂,"OEPIC Inc. 的 N/A，位于 Sunnyvale, California, 美国。",1917,晶圆厂,In production,Sunnyvale,California,美国,美洲,NA,1231 Bordeaux Drive,http://www.oepic.com,光电器件/激光器及其他,Opto,"advanced OptoElectronic Integrated Circuits (OEIC).; Optical communication front-end products (OFE);  wafer processing, EPI","EPI, III-V: InP, GaAs",0.1,4,500,125,,,,2002,2001,2002,2002,/Users/simon/Documents/Simon-OB/本体论/base/半导体/SEMI_WFF_2026_1Q.xlsx,Company Detail,http://www.oepic.com
"Oita Device Technology Co., Ltd - ODT fab",,晶圆制造工厂,"Oita Device Technology Co., Ltd 的 ODT fab，位于 Oita, Oita, 日本。",3880,晶圆厂，中试线，研发,In production,Oita,Oita,日本,日本,日本,"1660, Notsuharu",http://www.odt.co.jp/,MEMS,MEMS,"Semiconductor prototyping and development for compound semiconductor, MEMS, LED, Medical MEMS","MEMS, Si, GaAs, Glass, Ceramic",1,4,2000,500,,,,2001,2000,2001,2001,/Users/simon/Documents/Simon-OB/本体论/base/半导体/SEMI_WFF_2026_1Q.xlsx,Company Detail,http://www.odt.co.jp/
Olympus Corporation - Corporate R&D Center - Tatsuno plant,,晶圆制造工厂,"Olympus Corporation 的 Corporate R&D Center - Tatsuno plant，位于 Kamiina-gun-Tatsuno, Nagano, 日本。",756,晶圆厂，研发,in production,Kamiina-gun-Tatsuno,Nagano,日本,日本,日本,6666 Inatomi,http://www.olympus-global.com/en/global/,MEMS,MEMS,"MEMS foundry, Optical MEMS, Image Sensor, Photo Sensor, Optical Scanner, CCD Sensor, Inject printer head","CMOS, BiCMOS, MEMS, III-V",0.5,6,5000,2812.5,21528,100,,1989,1988,1989,1989,/Users/simon/Documents/Simon-OB/本体论/base/半导体/SEMI_WFF_2026_1Q.xlsx,Company Detail,http://www.olympus-global.com/en/global/
"OnChip Devices, Inc. - N/A",,晶圆制造工厂,"OnChip Devices, Inc. 的 N/A，位于 Santa Clara, California, 美国。",3570,晶圆厂，中试线,In production,Santa Clara,California,美国,美洲,NA,"2975 Scott Blvd., Suite 120",www.onchip.com,Discrete/Other,Discrete,"Foundry service: Integrated passive devices (ESD/TVS Diode Arrays, EMI/RFI filters, thin film resistors, capacitors); ESD/TVS Diodes and Silicon Ceramic submounts for HB LEDs. Packaging & Testing",,2,6,6000,3375,7800,,,2003,,2007,2007,/Users/simon/Documents/Simon-OB/本体论/base/半导体/SEMI_WFF_2026_1Q.xlsx,Company Detail,file:///Users/simon/Documents/Simon-OB/%E6%9C%AC%E4%BD%93%E8%AE%BA/base/%E5%8D%8A%E5%AF%BC%E4%BD%93/output/semiconductor_ontology.json
OnMicro Electronics (HunterSun) - Hangzhou MEMS fab,,晶圆制造工厂,"OnMicro Electronics (HunterSun) 的 Hangzhou MEMS fab，位于 Suzhou, Jiangsu, 中国。",6227,晶圆厂,In production,Suzhou,Jiangsu,中国,中国,亚太,No. 99 Jinji Lake Avenue,http://www.huntersun.com.cn/,MEMS/RF,MEMS,"MEMS RF, BAW filter, RF FEM",,0.35,8,10000,10000,,,,2025,2023,2024,2025,/Users/simon/Documents/Simon-OB/本体论/base/半导体/SEMI_WFF_2026_1Q.xlsx,Company Detail,http://www.huntersun.com.cn/
onsemi - Roznov SiC Device 200mm,,晶圆制造工厂,"onsemi 的 Roznov SiC Device 200mm，位于 Roznov, Zlín, 捷克。",6603,晶圆厂,Constructing,Roznov,Zlín,捷克,Europe & Mideast,欧洲,1.maje 2230,http://www.onsemi.com,Discrete/Power,Discrete,SiC power devices,SiC Power devices,0.18,8,45000,45000,,,,2028,2025,2028,2028,/Users/simon/Documents/Simon-OB/本体论/base/半导体/SEMI_WFF_2026_1Q.xlsx,Company Detail,http://www.onsemi.com
onsemi - Bucheon 200mm (was Fairchild),,晶圆制造工厂,"onsemi 的 Bucheon 200mm (was Fairchild)，位于 Bucheon, Gyeonggi, 韩国。",3593,晶圆厂,In production,Bucheon,Gyeonggi,韩国,韩国,亚太,"#55, Pyeongcheon-ro 850 beon-gil, Wonmi-gu,",http://www.onsemi.com,Discrete/Power,Discrete,"Power, Trench MOSFET, Trench IGBT, Planar MOSFET, Super Junction, Ultra-thin grind, BCDMOS, SiC","MOSFET, IGBT, BCDMOS, SiC",0.18,8,70000,70000,150000,,800000,2013,2012,2013,2013,/Users/simon/Documents/Simon-OB/本体论/base/半导体/SEMI_WFF_2026_1Q.xlsx,Company Detail,http://www.onsemi.com
onsemi - ISMF-Malaysia,,晶圆制造工厂,"onsemi 的 ISMF-Malaysia，位于 Seremban, Negeri Sembilan, 马来西亚。",635,晶圆厂,In production,Seremban,Negeri Sembilan,马来西亚,SE Asia,亚太,"Lot 55, Senawang Ind Estate",http://www.onsemi.com,Discrete/Power,Discrete,"Discrete Small Signal, Power Bipolar, Zener, Rectifier, and MOSCAP","Discrete, Bipolar, Zener, Rectifier, MOSCAP",3,6,95000,53437.5,52000,100,100000,1990,2009,2010,2010,/Users/simon/Documents/Simon-OB/本体论/base/半导体/SEMI_WFF_2026_1Q.xlsx,Company Detail,http://www.onsemi.com
onsemi - Roznov Device Fab,,晶圆制造工厂,"onsemi 的 Roznov Device Fab，位于 Roznov, Zlín, 捷克。",2460,晶圆厂,In production,Roznov,Zlín,捷克,Europe & Mideast,欧洲,1.maje 2230,http://www.onsemi.com,Analog&Mixed Signal&Power,Analog,"Bipolar IC’s, Metal Gate CMOS, MOSAIC, and various Power FET and IGBT Technologies","CMOS, Bipolar, MOSAIC, PowerFET, IGBT",0.8,6,80000,45000,86000,10,650000,1987,2007,2010,2010,/Users/simon/Documents/Simon-OB/本体论/base/半导体/SEMI_WFF_2026_1Q.xlsx,Company Detail,http://www.onsemi.com
"onsemi - Aizu fab (was Aizu Fujitsu) was FASL 1A, was JV1",,晶圆制造工厂,"onsemi 的 Aizu fab (was Aizu Fujitsu) was FASL 1A, was JV1，位于 Aizu Wakamatsu, Fukushima, 日本。",200,晶圆厂，研发,In production-merged,Aizu Wakamatsu,Fukushima,日本,日本,日本,"6 Kogyo Danchi, Monden-machi",http://www.onsemi.com,Analog/Other,Analog,"Foundry service mainly for On Semiconductor; Analog CMOS, VHV Analog, LV/MV Trench PowerFET, Battery FET, Flash memory, Flash MCU, and logic","Analog CMOS, VHV Analog, LV/MV Trench PowerFET, Battery FET, Flash memory, Flash MCU, and logic",0.13,8,56000,56000,162000,10,285000,1995,,,,/Users/simon/Documents/Simon-OB/本体论/base/半导体/SEMI_WFF_2026_1Q.xlsx,Company Detail,http://www.onsemi.com
onsemi - Gresham,,晶圆制造工厂,"onsemi 的 Gresham，位于 Gresham, Oregon, 美国。",483,晶圆厂,in production,Gresham,Oregon,美国,美洲,NA,23400 NE Glisan St.,http://www.onsemi.com,Analog&Mixed Signal&Power,Analog,"Digital and Analog CMOS, BCD, EEPROM, Trench PowerFET’s, and Advanced Integrated Passives, advanced CMOS image sensors (CIS)","Digital and Analog CMOS, BCD, EEPROM, Trench PowerFETs, Cu; Low-K; Al",0.11,8,45000,45000,91700,10,518000,1998,,,,/Users/simon/Documents/Simon-OB/本体论/base/半导体/SEMI_WFF_2026_1Q.xlsx,Company Detail,http://www.onsemi.com
"onsemi - Fab 10 (was Glofo Fab 10, was IBM Bldg. 323 plus Annex)",,晶圆制造工厂,"onsemi 的 Fab 10 (was Glofo Fab 10, was IBM Bldg. 323 plus Annex)，位于 East Fishkill, New York, 美国。",1825,晶圆厂，中试线，研发,In production-merged,East Fishkill,New York,美国,美洲,NA,1580 Route 52,http://www.onsemi.com,Analog&Mixed Signal&Power,Analog,"Digital and Analog CMOS, BCD, EEPROM, Trench PowerFET’s, and Advanced Integrated Passives, advanced CMOS image sensors (CIS)","CMOS, HP CMOS, BiCMOS, Cu, RFSOI, SiGe, SiPh, ultra low-K, high-K, strained Si, Airgaps, FDSOI (FDX),  SiPh",0.045,12,32000,72000,212000,100,,2002,,,,/Users/simon/Documents/Simon-OB/本体论/base/半导体/SEMI_WFF_2026_1Q.xlsx,Company Detail,http://www.onsemi.com
onsemi - Bucheon 150mm,,晶圆制造工厂,"onsemi 的 Bucheon 150mm，位于 Bucheon, Gyeonggi, 韩国。",1834,晶圆厂,In production,Bucheon,Gyeonggi,韩国,韩国,亚太,"#55, Pyeongcheon-ro 850 beon-gil, Wonmi-gu,",http://www.onsemi.com,Discrete/Power,Discrete,"Power, Trench MOSFET, Trench IGBT, Planar MOSFET, Super Junction, Ultra-thin grind, BCDMOS, SiC","SiC, DMOS, BCDMOS, BICMOS",0.5,6,50000,28125,,1,,2000,1999,2000,2000,/Users/simon/Documents/Simon-OB/本体论/base/半导体/SEMI_WFF_2026_1Q.xlsx,Company Detail,http://www.onsemi.com
onsemi - Rochester (was Kodak),,晶圆制造工厂,"onsemi 的 Rochester (was Kodak)，位于 Rochester, New York, 美国。",438,晶圆厂,in production,Rochester,New York,美国,美洲,NA,1999 Lake Avenue,http://www.onsemi.com,MEMS/Opto,MEMS,"MEMS, CMOS, CCD, and DRAM, and compound semiconductors (i.e., GaN or SiC fab, biochemical)","CMOS, GaN, SiC, CCD Image sensors",0.5,6,10000,5625,20000,10,263000,1983,1981,1983,1983,/Users/simon/Documents/Simon-OB/本体论/base/半导体/SEMI_WFF_2026_1Q.xlsx,Company Detail,http://www.onsemi.com
onsemi - Pennsylvania (was Fairchild),,晶圆制造工厂,"onsemi 的 Pennsylvania (was Fairchild)，位于 Mountain Top, Pennsylvania, 美国。",1284,晶圆厂，研发,In production,Mountain Top,Pennsylvania,美国,美洲,NA,125 Crestwood Rd.,http://www.onsemi.com,Discrete/Power,Discrete,Low Voltage MOSFET; medium-voltage trench MOSFET; IGBT;  low-voltage PowerTrench V transistors,NMOS,0.35,8,36000,36000,30000,1,104000,1997,1996,1997,1997,/Users/simon/Documents/Simon-OB/本体论/base/半导体/SEMI_WFF_2026_1Q.xlsx,Company Detail,http://www.onsemi.com
Optimal Perenni - Fab 2,,晶圆制造工厂,"Optimal Perenni 的 Fab 2，位于 Dongguan, Guangdong, 中国。",6623,晶圆厂,Constructing,Dongguan,Guangdong,中国,中国,亚太,"No.1 Qidong Road, Tangxia Town, Dongguan City, Guangdong",https://www.dggmt.com/h-col-101.html,Foundry/Logic,Logic&Micro,,"Cu, FinFET",0.028,12,40000,90000,,,,2027,2024,2027,2027,/Users/simon/Documents/Simon-OB/本体论/base/半导体/SEMI_WFF_2026_1Q.xlsx,Company Detail,https://www.dggmt.com/h-col-101.html
Optimal Perenni - Fab 1,,晶圆制造工厂,"Optimal Perenni 的 Fab 1，位于 Dongguan, Guangdong, 中国。",6622,晶圆厂,In production,Dongguan,Guangdong,中国,中国,亚太,"No.1 Qidong Road, Tangxia Town",https://www.dggmt.com/h-col-101.html,Foundry/Logic,Logic&Micro,,"Cu, FinFET",0.028,12,30000,67500,,,,2025,2024,2025,2025,/Users/simon/Documents/Simon-OB/本体论/base/半导体/SEMI_WFF_2026_1Q.xlsx,Company Detail,https://www.dggmt.com/h-col-101.html
Origin Electric - Mamada,,晶圆制造工厂,"Origin Electric 的 Mamada，位于 Oyama, Tochigi, 日本。",764,晶圆厂,in production,Oyama,Tochigi,日本,日本,日本,3-10-5 Akatsuki,http://www.origin.co.jp/  and  http://www.origin-usa.com/,Discrete/Power,Discrete,"Power, Rectifier, Diodes, Axial Lead Part",Bipolar,2,4,8000,2000,25000,,,1983,1982,1983,1983,/Users/simon/Documents/Simon-OB/本体论/base/半导体/SEMI_WFF_2026_1Q.xlsx,Company Detail,http://www.origin.co.jp/
Panjit International - Pynmax Fab (Fab 1 Device line),,晶圆制造工厂,"Panjit International 的 Pynmax Fab (Fab 1 Device line)，位于 Kaohsiung, Southern Taiwan, 中国台湾。",2486,晶圆厂,In production,Kaohsiung,Southern Taiwan,中国台湾,中国台湾,亚太,"No.17-2, Yonggong 1st Rd., Yong an Dist.,",www.panjit.com.tw,Discrete/Power,Discrete,"EPI, Schottky wafer/chip, TVS (TVS) wafer/chip, Zener wafer/chip",,0.5,6,60000,33750,,100,37250,2002,,,,/Users/simon/Documents/Simon-OB/本体论/base/半导体/SEMI_WFF_2026_1Q.xlsx,Company Detail,file:///Users/simon/Documents/Simon-OB/%E6%9C%AC%E4%BD%93%E8%AE%BA/base/%E5%8D%8A%E5%AF%BC%E4%BD%93/output/semiconductor_ontology.json
Panjit International - Fab 2,,晶圆制造工厂,"Panjit International 的 Fab 2，位于 Zibo, Shandong, 中国。",6628,晶圆厂,In production,Zibo,Shandong,中国,中国,亚太,"No.186, Zhong Run Rd.,  Zhangdian District",www.panjit.com.tw,Discrete/Power,Discrete,TVS,TVS,0.5,4,30000,7500,,,,2020,2016,2018,2018,/Users/simon/Documents/Simon-OB/本体论/base/半导体/SEMI_WFF_2026_1Q.xlsx,Company Detail,file:///Users/simon/Documents/Simon-OB/%E6%9C%AC%E4%BD%93%E8%AE%BA/base/%E5%8D%8A%E5%AF%BC%E4%BD%93/output/semiconductor_ontology.json
Panjit International - Pynmax Fab (Fab 3 8-inch line),,晶圆制造工厂,"Panjit International 的 Pynmax Fab (Fab 3 8-inch line)，位于 Kaohsiung, Southern Taiwan, 中国台湾。",6630,晶圆厂,In production,Kaohsiung,Southern Taiwan,中国台湾,中国台湾,亚太,"No.17-2, Yonggong 1st Rd., Yong an Dist.,",www.panjit.com.tw,Discrete/Power,Discrete,"MOSFET, IGBT","MOSFET, IGBT",0.35,8,10500,10500,,,,2022,2020,2021,2022,/Users/simon/Documents/Simon-OB/本体论/base/半导体/SEMI_WFF_2026_1Q.xlsx,Company Detail,file:///Users/simon/Documents/Simon-OB/%E6%9C%AC%E4%BD%93%E8%AE%BA/base/%E5%8D%8A%E5%AF%BC%E4%BD%93/output/semiconductor_ontology.json
Pengxinwei Semiconductor (PXW Semi) - PXW Semi Fab 1,,晶圆制造工厂,"Pengxinwei Semiconductor (PXW Semi) 的 PXW Semi Fab 1，位于 ShenZhen, Guandong, 中国。",6486,晶圆厂，中试线，研发,In production,ShenZhen,Guandong,中国,中国,亚太,"G05701-0089, Pinghu Street, Longgang District, Shenzhen",https://www.pxwsemi.com/,Foundry/Logic,Logic&Micro,,,0.028,12,20000,45000,,,,2023,2021,2023,2023,/Users/simon/Documents/Simon-OB/本体论/base/半导体/SEMI_WFF_2026_1Q.xlsx,Company Detail,https://www.pxwsemi.com/
Pensun Technology (PST Semi) - PST Fab 1,,晶圆制造工厂,"Pensun Technology (PST Semi) 的 PST Fab 1，位于 Shenzhen, Guandong, 中国。",6487,晶圆厂,In production,Shenzhen,Guandong,中国,中国,亚太,3001 Jin Xiu West Road,https://www.pensun.com/,Foundry/Logic,Logic&Micro,,,0.028,12,20000,45000,,,,2025,2022,2024,2025,/Users/simon/Documents/Simon-OB/本体论/base/半导体/SEMI_WFF_2026_1Q.xlsx,Company Detail,https://www.pensun.com/
Pensun Technology (PST Semi) - PST Fab 2,,晶圆制造工厂,"Pensun Technology (PST Semi) 的 PST Fab 2，位于 Shenzhen, Guandong, 中国。",6513,晶圆厂,On hold,Shenzhen,Guandong,中国,中国,亚太,3001 Jin Xiu West Road,https://www.pensun.com/,Foundry/Logic,Logic&Micro,,,0.028,12,40000,90000,,,,,2023,,,/Users/simon/Documents/Simon-OB/本体论/base/半导体/SEMI_WFF_2026_1Q.xlsx,Company Detail,https://www.pensun.com/
Perkin Elmer Optoelectronics - N/A,,晶圆制造工厂,"Perkin Elmer Optoelectronics 的 N/A，位于 St.Louis, Missouri, 美国。",142,晶圆厂,in production,St.Louis,Missouri,美国,美洲,NA,10900 Page Blvd,http://www.opto.perkinelmer.com,Discrete/Power,Discrete,"Power, Pdiode PTRAN",Bipolar,6,3,16000,2250,10000,1000,,1973,1971,1973,1973,/Users/simon/Documents/Simon-OB/本体论/base/半导体/SEMI_WFF_2026_1Q.xlsx,Company Detail,http://www.opto.perkinelmer.com
Phenitec Semicondcutor - Okayama Factroy 2,,晶圆制造工厂,"Phenitec Semicondcutor 的 Okayama Factroy 2，位于 Ibara, Okayama, 日本。",1273,晶圆厂,in production,Ibara,Okayama,日本,日本,日本,150 Kinoko-cho,www.phenitec.co.jp,Discrete/Power,Discrete,"Foundry, Zener Diodes, Switching diodes, small signal schottky diodes, Bipolar Transistors",Bipolar,5,5,50000,19531.25,,100,,1976,2013,2014,2014,/Users/simon/Documents/Simon-OB/本体论/base/半导体/SEMI_WFF_2026_1Q.xlsx,Company Detail,file:///Users/simon/Documents/Simon-OB/%E6%9C%AC%E4%BD%93%E8%AE%BA/base/%E5%8D%8A%E5%AF%BC%E4%BD%93/output/semiconductor_ontology.json
"Phenitec Semicondcutor - 1st Factory (Bldg 3, 150mm)",,晶圆制造工厂,"Phenitec Semicondcutor 的 1st Factory (Bldg 3, 150mm)，位于 Ibara, Okayama, 日本。",3565,晶圆厂,In production,Ibara,Okayama,日本,日本,日本,"6833, Kinoko-cho,",www.phenitec.co.jp,Discrete/Power,Discrete,"TVS, Power MOSFETs, IGBT, Bipolar Transistors, Schottky diodes, Schottky Rectifiers, Zener Diodes, Switching Diodes, Voltage Suppresor, Foundry","Bipolar, CMOS, MOSFET, MEMS",0.6,6,26000,14625,,,,2000,1998,2000,2000,/Users/simon/Documents/Simon-OB/本体论/base/半导体/SEMI_WFF_2026_1Q.xlsx,Company Detail,file:///Users/simon/Documents/Simon-OB/%E6%9C%AC%E4%BD%93%E8%AE%BA/base/%E5%8D%8A%E5%AF%BC%E4%BD%93/output/semiconductor_ontology.json
Phenitec Semicondcutor - 1st Factory (125mm),,晶圆制造工厂,"Phenitec Semicondcutor 的 1st Factory (125mm)，位于 Ibara, Okayama, 日本。",1099,晶圆厂,in production,Ibara,Okayama,日本,日本,日本,6833 Kinoko,www.phenitec.co.jp,Discrete/Power,Discrete,"Foundry, Bipolar Ics, CMOS Logic Ics, Power MOSFETs and Power-management Analog CMOS ICs",CMOS Bipolar MOS,0.8,5,20000,7812.5,,100,,1990,,2016,,/Users/simon/Documents/Simon-OB/本体论/base/半导体/SEMI_WFF_2026_1Q.xlsx,Company Detail,file:///Users/simon/Documents/Simon-OB/%E6%9C%AC%E4%BD%93%E8%AE%BA/base/%E5%8D%8A%E5%AF%BC%E4%BD%93/output/semiconductor_ontology.json
Phenitec Semicondcutor - Aira Fab (was Yamaha),,晶圆制造工厂,"Phenitec Semicondcutor 的 Aira Fab (was Yamaha)，位于 Aira, Kagoshima, 日本。",1527,晶圆厂,in production,Aira,Kagoshima,日本,日本,日本,"1770-1 Kitakata, Yusui-cho",www.phenitec.co.jp,Discrete/Power,Discrete,"Power, IGBT, MOSFET, CMOS analog IC, Mixed-signal IC, Foundry services, Zener diodes","CMOS, MOS, MOSFET, IGBT",0.35,6,20000,11250,,,,1976,,,,/Users/simon/Documents/Simon-OB/本体论/base/半导体/SEMI_WFF_2026_1Q.xlsx,Company Detail,file:///Users/simon/Documents/Simon-OB/%E6%9C%AC%E4%BD%93%E8%AE%BA/base/%E5%8D%8A%E5%AF%BC%E4%BD%93/output/semiconductor_ontology.json
Photonic Corporation - Photonic Fab,,晶圆制造工厂,"Photonic Corporation 的 Photonic Fab，位于 Honolulu, Hawaii, 美国。",2467,晶圆厂，中试线,In production,Honolulu,Hawaii,美国,美洲,NA,"435 Keawe Street, Suite I-3",http://www.photonic-corp.com,光电器件/激光器及其他,Opto,"integrated photonics and electronics, foundry service, APIC (Advanced Photonic Integrated Circuits) optical sensors; MEMS; fiber-optics, Quartz wafers, Glass wafers","CMOS, SOI, III-V, MEMS, Quartz",0.25,8,2000,2000,,,,2005,2004,2005,2005,/Users/simon/Documents/Simon-OB/本体论/base/半导体/SEMI_WFF_2026_1Q.xlsx,Company Detail,http://www.photonic-corp.com
Plessey (owned by Haylo Labs) - Plessey 8-inch line,,晶圆制造工厂,"Plessey (owned by Haylo Labs) 的 Plessey 8-inch line，位于 Plymouth, Devon, England。",210,晶圆厂,in production,Plymouth,Devon,England,Europe & Mideast,欧洲,"Tamerton Road, Roborough",https://www.haylo.com/haylo-labs,光电器件/激光器及其他,Opto,"advanced micro LEDs, GaN-on-Si HB LED, advanced photonics, MEMS/Sensors, Amplifier, Photodiode, PIN diode","GaN-on-Si, GaAs CMOS, BiCMOS, Bipolar, (Silicon), IGBT, SOI",0.35,8,15000,15000,25000,100,68648,1987,1985,1987,1987,/Users/simon/Documents/Simon-OB/本体论/base/半导体/SEMI_WFF_2026_1Q.xlsx,Company Detail,https://www.haylo.com/haylo-labs
"Polar Semiconductor, Inc (PSI) (Polarfab) - PolarFab 2",,晶圆制造工厂,"Polar Semiconductor, Inc (PSI) (Polarfab) 的 PolarFab 2，位于 Bloomington, Minnesota, 美国。",1888,晶圆厂,in production,Bloomington,Minnesota,美国,美洲,NA,2800 East Old Shakopee Road,http://www.polarfab.com,Analog&Mixed Signal&Power,Analog,"Analog, Mixed Signal, RF, Power Management",CMOS; BiCMOS; BCD,0.18,8,4000,4000,22000,10,,2001,2000,2001,2001,/Users/simon/Documents/Simon-OB/本体论/base/半导体/SEMI_WFF_2026_1Q.xlsx,Company Detail,http://www.polarfab.com
"Polar Semiconductor, Inc (PSI) (Polarfab) - PolarFab 3 (was Fab 2-N)",,晶圆制造工厂,"Polar Semiconductor, Inc (PSI) (Polarfab) 的 PolarFab 3 (was Fab 2-N)，位于 Bloomington, Minnesota, 美国。",3788,晶圆厂,In production,Bloomington,Minnesota,美国,美洲,NA,2800 East Old Shakopee Road,http://www.polarfab.com,Analog&Mixed Signal&Power,Analog,"Analog, Mixed Signal, RF, Power Management","BCD, MOS, BiCMOS, IGBT",0.18,8,23000,23000,131000,,98000,2013,2011,2013,2013,/Users/simon/Documents/Simon-OB/本体论/base/半导体/SEMI_WFF_2026_1Q.xlsx,Company Detail,http://www.polarfab.com
"Polar Semiconductor, Inc (PSI) (Polarfab) - PolarFab 1 (8-inch)",,晶圆制造工厂,"Polar Semiconductor, Inc (PSI) (Polarfab) 的 PolarFab 1 (8-inch)，位于 Bloomington, Minnesota, 美国。",6286,晶圆厂,In production,Bloomington,Minnesota,美国,美洲,NA,2800 East Old Shakopee Road,http://www.polarfab.com,Analog&Mixed Signal&Power,Analog,"Analog, Mixed Signal, Power Management; multi-project wafers, Discrete","BiCMOS; BiCMOS-DMOS, BCD; Bipolar; SiCr",0.18,8,16000,16000,85700,,170000,2018,2017,2018,2018,/Users/simon/Documents/Simon-OB/本体论/base/半导体/SEMI_WFF_2026_1Q.xlsx,Company Detail,http://www.polarfab.com
Poseico - Genova,,晶圆制造工厂,"Poseico 的 Genova，位于 Genova, Genoa, 意大利。",34,晶圆厂，研发,In production,Genova,Genoa,意大利,Europe & Mideast,欧洲,Via Pillea 42-44,,Discrete/Power,Discrete,"Power Diodes Thyristors, IGBT","Bipolar, IGBT",2,4,1000,250,,10,30139,1970,1968,1970,1970,/Users/simon/Documents/Simon-OB/本体论/base/半导体/SEMI_WFF_2026_1Q.xlsx,Company Detail,file:///Users/simon/Documents/Simon-OB/%E6%9C%AC%E4%BD%93%E8%AE%BA/base/%E5%8D%8A%E5%AF%BC%E4%BD%93/SEMI_WFF_2026_1Q.xlsx
Power Master Semiconductor - Cheongju SiC 6inch Line,,晶圆制造工厂,"Power Master Semiconductor 的 Cheongju SiC 6inch Line，位于 Cheongju, Chungcheongbuk, 韩国。",6618,晶圆厂,In production,Cheongju,Chungcheongbuk,韩国,韩国,亚太,"79-20, Gwahaksaneop 4-ro, Oksan-myeon, Heungdeok-gu,",https://www.powermastersemi.com/eng/,Discrete/Power,Discrete,,SiC,0.35,6,3500,1968.75,,,,2020,2018,2019,2020,/Users/simon/Documents/Simon-OB/本体论/base/半导体/SEMI_WFF_2026_1Q.xlsx,Company Detail,https://www.powermastersemi.com/eng/
Power Master Semiconductor - Cheongju SiC 8inch Line,,晶圆制造工厂,"Power Master Semiconductor 的 Cheongju SiC 8inch Line，位于 Cheongju, Chungcheongbuk, 韩国。",6619,晶圆厂,In production,Cheongju,Chungcheongbuk,韩国,韩国,亚太,"79-20, Gwahaksaneop 4-ro, Oksan-myeon, Heungdeok-gu,",https://www.powermastersemi.com/eng/,Discrete/Power,Discrete,"SiC Diode, SiC MOSFET",SiC,0.35,8,4000,4000,,,,2025,,2025,2025,/Users/simon/Documents/Simon-OB/本体论/base/半导体/SEMI_WFF_2026_1Q.xlsx,Company Detail,https://www.powermastersemi.com/eng/
Powerchip Semiconductor Manufacturing Corp (PSMC) - Fab P1,,晶圆制造工厂,"Powerchip Semiconductor Manufacturing Corp (PSMC) 的 Fab P1，位于 Hsinchu, Northern Taiwan, 中国台湾。",1517,晶圆厂,In production,Hsinchu,Northern Taiwan,中国台湾,中国台湾,亚太,"No. 12, Li-Hsin 1st Rd. Hsinchu Science Park",https://www.powerchip.com/,代工/模拟与混合信号与功率,Analog,"Foundry:  DRAM; Display driver IC (DDI), CMOS image sensor, NOR and NAND flash, power management IC, BCD, Integrated memory chip","CMOS, HV, IMC",0.024,12,37000,83250,157000,100,,2002,2000,2002,2002,/Users/simon/Documents/Simon-OB/本体论/base/半导体/SEMI_WFF_2026_1Q.xlsx,Company Detail,https://www.powerchip.com/
Powerchip Semiconductor Manufacturing Corp (PSMC) - Fab P3,,晶圆制造工厂,"Powerchip Semiconductor Manufacturing Corp (PSMC) 的 Fab P3，位于 Hsinchu, Northern Taiwan, 中国台湾。",1936,晶圆厂,In production,Hsinchu,Northern Taiwan,中国台湾,中国台湾,亚太,No. 16-1 Li-Hsin Rd. Hsinchu Science Park,https://www.powerchip.com/,Foundry/DRAM,Memory,"Foundry:  DRAM products mainly for Kingston Technolgies, NAND Flash","CMOS, Cu",0.021,12,35000,78750,,10,,2006,2000,2006,2006,/Users/simon/Documents/Simon-OB/本体论/base/半导体/SEMI_WFF_2026_1Q.xlsx,Company Detail,https://www.powerchip.com/
Powerchip Semiconductor Manufacturing Corp (PSMC) - Fab P2,,晶圆制造工厂,"Powerchip Semiconductor Manufacturing Corp (PSMC) 的 Fab P2，位于 Hsinchu, Northern Taiwan, 中国台湾。",1924,晶圆厂,In production,Hsinchu,Northern Taiwan,中国台湾,中国台湾,亚太,"No. 12, Li-Hsin Rd. 1, Hsinchu Science Park",https://www.powerchip.com/,代工/模拟与混合信号与功率,Analog,"Foundry:  DRAM; Display driver IC (DDI), CMOS image sensor, NOR and NAND flash, power management IC, BCD, Integrated memory chip","CMOS, HV, IMC",0.024,12,38000,85500,157000,100,,2005,2003,2005,2005,/Users/simon/Documents/Simon-OB/本体论/base/半导体/SEMI_WFF_2026_1Q.xlsx,Company Detail,https://www.powerchip.com/
Powerchip Semiconductor Manufacturing Corp (PSMC) - Fab 8A (was Maxchip),,晶圆制造工厂,"Powerchip Semiconductor Manufacturing Corp (PSMC) 的 Fab 8A (was Maxchip)，位于 Hsinchu, Northern Taiwan, 中国台湾。",802,晶圆厂，中试线,in production,Hsinchu,Northern Taiwan,中国台湾,中国台湾,亚太,"No. 18, Li-Hsin Rd. 1, Hsinchu Science Park,",https://www.powerchip.com/,代工/模拟与混合信号与功率,Analog,"MEMS foundry; Display driver IC (DDI), Power MOSFET, Power management IC, NOR Flash, CIS image, NVM","CMOS; MEMS, NVM, BCD, Bipolar-CMOS, DMOS",0.11,8,50000,50000,118403,1,,1996,,2010,2010,/Users/simon/Documents/Simon-OB/本体论/base/半导体/SEMI_WFF_2026_1Q.xlsx,Company Detail,https://www.powerchip.com/
Powerchip Semiconductor Manufacturing Corp (PSMC) - Fab 8A-D (200mm line inside Episil Duxing fab),,晶圆制造工厂,"Powerchip Semiconductor Manufacturing Corp (PSMC) 的 Fab 8A-D (200mm line inside Episil Duxing fab)，位于 Hsinchu, Northern Taiwan, 中国台湾。",3870,晶圆厂,In production,Hsinchu,Northern Taiwan,中国台湾,中国台湾,亚太,"No.10, Duxing 1st Rd., 4F Hsinchu Science Park,",https://www.powerchip.com/,代工/模拟与混合信号与功率,Analog,"Foundry, Display driver IC (DDI), MOSFET, Power management IC, CIS image sensors","BCD, Bipolar-CMOS, DMOS",0.11,8,25000,25000,12380,1,,2016,2015,2016,2016,/Users/simon/Documents/Simon-OB/本体论/base/半导体/SEMI_WFF_2026_1Q.xlsx,Company Detail,https://www.powerchip.com/
Powerchip Semiconductor Manufacturing Corp (PSMC) - Fab 8B,,晶圆制造工厂,"Powerchip Semiconductor Manufacturing Corp (PSMC) 的 Fab 8B，位于 Miaoli, Western Taiwan, 中国台湾。",5002,晶圆厂,In production,Miaoli,Western Taiwan,中国台湾,中国台湾,亚太,"No. 6, Kebei 2nd Rd., Jhunan Science Park,",https://www.powerchip.com/,代工/功率,Discrete,"Foundry, Power MOSFETs",Al,0.11,8,48000,48000,,,,2019,2018,2019,2019,/Users/simon/Documents/Simon-OB/本体论/base/半导体/SEMI_WFF_2026_1Q.xlsx,Company Detail,https://www.powerchip.com/
Powerchip Semiconductor Manufacturing Corp (PSMC) - Fab P5 (Tongluo),,晶圆制造工厂,"Powerchip Semiconductor Manufacturing Corp (PSMC) 的 Fab P5 (Tongluo)，位于 Miaoli, Northern Taiwan, 中国台湾。",5006,晶圆厂,Sold-Changed owner,Miaoli,Northern Taiwan,中国台湾,中国台湾,亚太,Tongke 7th Rd.,https://www.powerchip.com/,代工/模拟与混合信号与功率,Analog,"Foundry, Display driver IC (DDI), Interposer, MOSFET, CIS, specialty memory, MRAM, Biochip","CMOS, MOSFET",0.019,12,15000,33750,301390,,,2024,2021,2024,2024,/Users/simon/Documents/Simon-OB/本体论/base/半导体/SEMI_WFF_2026_1Q.xlsx,Company Detail,https://www.powerchip.com/
Powerex - Power Bipolar,,晶圆制造工厂,"Powerex 的 Power Bipolar，位于 Youngwood, Pennsylvania, 美国。",805,晶圆厂,in production,Youngwood,Pennsylvania,美国,美洲,NA,200 Hillis Street,http://www.pwrx.com,Discrete/Power,Discrete,Diode Power Tran Thyristor,Bipolar,5,4,10000,2500,,,90000,1988,1986,1988,1988,/Users/simon/Documents/Simon-OB/本体论/base/半导体/SEMI_WFF_2026_1Q.xlsx,Company Detail,http://www.pwrx.com
PREMA Semiconductor GmbH - Prema,,晶圆制造工厂,"PREMA Semiconductor GmbH 的 Prema，位于 Mainz, Rheinland-Pfalz, 德国。",1661,晶圆厂，研发,in production,Mainz,Rheinland-Pfalz,德国,Europe & Mideast,欧洲,6 Robert-Bosch Strasse,https://www.prema.com/index.php/en/,Foundry/IDM/Analog&Mixed Signal,Analog,Analog and Mixed-Signal ASIC; ASSP,"Bipolar, BiCMOS",0.6,8,10000,10000,,,89000,1991,2005,2006,2006,/Users/simon/Documents/Simon-OB/本体论/base/半导体/SEMI_WFF_2026_1Q.xlsx,Company Detail,https://www.prema.com/index.php/en/
Pure Wafer - Campbell (was Noel Technologies),,晶圆制造工厂,"Pure Wafer 的 Campbell (was Noel Technologies)，位于 Campbell, California, 美国。",3626,晶圆厂，研发,In production,Campbell,California,美国,美洲,NA,1510 Dell Avenue Unit C,https://www.purewafer.com,Foundry/Other,Other,wafer process development and fabrication on wafer sizes from 2-inch to 18-inch (450mm),"Thin film, SiO2, a-Si, Si-Carbide, Ti, TiN, Al, Cr",0.15,12,800,1800,6000,100,,1996,2001,2002,2002,/Users/simon/Documents/Simon-OB/本体论/base/半导体/SEMI_WFF_2026_1Q.xlsx,Company Detail,https://www.purewafer.com
"Qidong Jilai Electronics Co., Ltd. - Fab 1",,晶圆制造工厂,"Qidong Jilai Electronics Co., Ltd. 的 Fab 1，位于 Qidong, Jiangsu, 中国。",3483,晶圆厂,In production,Qidong,Jiangsu,中国,中国,亚太,"1261, Gongyuan North Rd.",http://www.jilai.cn/,Discrete/Power,Discrete,"Power transistor, Tracs Chip, Thyristor, Darlington transistor",,1,3,40000,5625,43000,100,,2001,2001,2001,2002,/Users/simon/Documents/Simon-OB/本体论/base/半导体/SEMI_WFF_2026_1Q.xlsx,Company Detail,http://www.jilai.cn/
Qorvo Inc. - Farmers Branch (was Maxim),,晶圆制造工厂,"Qorvo Inc. 的 Farmers Branch (was Maxim)，位于 Farmers Branch, Texas, 美国。",4933,晶圆厂,Change Product,Farmers Branch,Texas,美国,美洲,NA,4350 Beltwood Pkwy,http://www.qorvo.com,MEMS/RF,MEMS,MEMS: BAW filters,BAW filters,0.15,8,15000,15000,160000,,,2012,2016,2017,2018,/Users/simon/Documents/Simon-OB/本体论/base/半导体/SEMI_WFF_2026_1Q.xlsx,Company Detail,http://www.qorvo.com
Qorvo Inc. - Richardson 200mm BAW line,,晶圆制造工厂,"Qorvo Inc. 的 Richardson 200mm BAW line，位于 Richardson, Texas, 美国。",3844,晶圆厂，中试线,In production,Richardson,Texas,美国,美洲,NA,500 W Renner Road,http://www.qorvo.com,MEMS/RF,MEMS,MEMS RF filter: BAW on 200mm,BAW,0.15,8,18000,18000,,,,2015,2016,2016,2016,/Users/simon/Documents/Simon-OB/本体论/base/半导体/SEMI_WFF_2026_1Q.xlsx,Company Detail,http://www.qorvo.com
Qorvo Inc. - Richardson 150mm & 100mm (was Triquint),,晶圆制造工厂,"Qorvo Inc. 的 Richardson 150mm & 100mm (was Triquint)，位于 Richardson, Texas, 美国。",1088,晶圆厂，中试线，研发,in production,Richardson,Texas,美国,美洲,NA,500 W Renner Road,http://www.qorvo.com,MEMS/RF,MEMS,"MEMS RF filters:  BAW and power amplifiers on GaAs and SAW GaN on SiC;  WLP, HBT (heterojunction bipolar transistor), pHEMT,  Analog Mixed Signal","pHEMT, MHEMT, HFET, MESFET, HVFET, HVHBT, VPIN, BAW FIlters; III-V: GaAs, GaN, GaN/SiC",0.15,6,20000,11250,65000,1,550000,2002,,,,/Users/simon/Documents/Simon-OB/本体论/base/半导体/SEMI_WFF_2026_1Q.xlsx,Company Detail,http://www.qorvo.com
Qorvo Inc. - Apopka (was Triquint),,晶圆制造工厂,"Qorvo Inc. 的 Apopka (was Triquint)，位于 Apopka, Florida, 美国。",2083,晶圆厂，研发,In production,Apopka,Florida,美国,美洲,NA,1818 S Highway 441,http://www.qorvo.com,MEMS/RF,MEMS,"MEMS RF filter: SAW, TC-SAW, WLP, surface acoustic","BAW, SAW, TC-SAW",0.25,6,28000,15750,40000,10,120000,1999,2014,,,/Users/simon/Documents/Simon-OB/本体论/base/半导体/SEMI_WFF_2026_1Q.xlsx,Company Detail,http://www.qorvo.com
Qorvo Inc. - Hilsboro (was Triquint),,晶圆制造工厂,"Qorvo Inc. 的 Hilsboro (was Triquint)，位于 Hillsboro, Oregon, 美国。",1376,晶圆厂，中试线,In production,Hillsboro,Oregon,美国,美洲,NA,2300 NE Brookwood Parkway,http://www.qorvo.com,Foundry/IDM/Analog&Mixed Signal&Power,Analog,"pHEMT, HBT (heterojunction bipolar transistor), BiHEMT, Analog Mixed Signal Foundry, GaAs","pHEMT, HBT, BiHEMT, GaAs",0.13,6,20000,11250,30000,100,275000,1997,2001,2002,2002,/Users/simon/Documents/Simon-OB/本体论/base/半导体/SEMI_WFF_2026_1Q.xlsx,Company Detail,http://www.qorvo.com
Qorvo Inc. - Greensboro (was Fab 2 RFMD),,晶圆制造工厂,"Qorvo Inc. 的 Greensboro (was Fab 2 RFMD)，位于 Greensboro, North Carolina, 美国。",1721,晶圆厂,in production,Greensboro,North Carolina,美国,美洲,NA,7628 Thorndike Road,http://www.qorvo.com,MEMS/RF,MEMS,"MEMS, HBT (heterojunction bipolar transistor), SAW, RFMD","SAW, HBT, RFMD, Bipolar, SAW, GaAs, GaN on SiC",0.25,6,34000,19125,53000,,,2002,,2003,2003,/Users/simon/Documents/Simon-OB/本体论/base/半导体/SEMI_WFF_2026_1Q.xlsx,Company Detail,http://www.qorvo.com
Qualcomm RF360 - Munich Fab,,晶圆制造工厂,"Qualcomm RF360 的 Munich Fab，位于 Munich, Bavaria, 德国。",3865,晶圆厂,In production,Munich,Bavaria,德国,Europe & Mideast,欧洲,Anzingerstraße 13,https://en.rf360jv.com/en,MEMS/RF,MEMS,"MEMS and RF components: SAW and BAW duplexers, RF filter and multiplexers, Sensors (pressure, humidity)","SAW and BAW filter, RF filters",1,5,20000,7812.5,,,349826,1989,1987,1989,1989,/Users/simon/Documents/Simon-OB/本体论/base/半导体/SEMI_WFF_2026_1Q.xlsx,Company Detail,https://en.rf360jv.com/en
Qualcomm RF360 - Singapore Fab,,晶圆制造工厂,"Qualcomm RF360 的 Singapore Fab，位于 新加坡, 新加坡, 新加坡。",3864,晶圆厂,In production,新加坡,新加坡,新加坡,SE Asia,亚太,166 Kallang Way,https://en.rf360jv.com/en,MEMS/RF,MEMS,"MEMS and  RF components: SAW and BAW duplexers, RF filters and multiplexers, Resonators, Sensors (pressure, humidity)","SAW and BAW duplexers, RF filters",1,5,40000,15625,,,719653,1997,1996,1997,1997,/Users/simon/Documents/Simon-OB/本体论/base/半导体/SEMI_WFF_2026_1Q.xlsx,Company Detail,https://en.rf360jv.com/en
Rapidus - IIM-1 (Fab 1: Innovative Integration for Manufacturing),,晶圆制造工厂,"Rapidus 的 IIM-1 (Fab 1: Innovative Integration for Manufacturing)，位于 Chitose, Hokkaido, 日本。",6444,晶圆厂，中试线，研发,In production,Chitose,Hokkaido,日本,日本,日本,"NTT Chitose Bldg., 2-16 Chiyoda-cho",https://www.rapidus.inc/,Foundry/Logic&Micro,Logic&Micro,"AI MCU, CPU. Includes R&D.  The fab integrates front-end and advanced packaging in one complex: Front-End, Discing, Advanced packaging, Chiplet integration","2nm gate-all-around (GAA), Cu, Co",0.002,12,25000,56250,,,,2025,2023,2025,2025,/Users/simon/Documents/Simon-OB/本体论/base/半导体/SEMI_WFF_2026_1Q.xlsx,Company Detail,https://www.rapidus.inc/
Rapidus - IIM-2 (Fab 2),,晶圆制造工厂,"Rapidus 的 IIM-2 (Fab 2)，位于 Chitose, Hokkaido, 日本。",6445,晶圆厂,Announced,Chitose,Hokkaido,日本,日本,日本,758-62 Bibi,https://www.rapidus.inc/,Foundry/Logic&Micro,Logic&Micro,"AI MCU, CPU",,0.0014,12,25000,56250,,,,2030,2027,2029,2030,/Users/simon/Documents/Simon-OB/本体论/base/半导体/SEMI_WFF_2026_1Q.xlsx,Company Detail,https://www.rapidus.inc/
RCL Semiconductors Ltd. - HQ Factory,,晶圆制造工厂,"RCL Semiconductors Ltd. 的 HQ Factory，位于 Hong Kong, Hong Kong, 中国。",827,晶圆厂,in production,Hong Kong,Hong Kong,中国,中国,亚太,"3 Dai Fu Street, Taipo",http://www.rcl.com.hk,Logic/Other,Logic&Micro,"Calculator IC, Watch/Clock IC, Logic IC, Transistor",CMOS nMOS,1.5,5,25000,9765.625,,100,80000,1982,1980,1982,1982,/Users/simon/Documents/Simon-OB/本体论/base/半导体/SEMI_WFF_2026_1Q.xlsx,Company Detail,http://www.rcl.com.hk
RCL Semiconductors Ltd. - Shandong fab,,晶圆制造工厂,"RCL Semiconductors Ltd. 的 Shandong fab，位于 Rizhao, Shandong, 中国。",6151,晶圆厂,In production,Rizhao,Shandong,中国,中国,亚太,"No. 396 Hanyang Road,",http://www.rcl.com.hk,Discrete/Power,Discrete,"MOSFET, JFET, Diodes",,1.5,6,30000,16875,,,,2021,2019,2021,2021,/Users/simon/Documents/Simon-OB/本体论/base/半导体/SEMI_WFF_2026_1Q.xlsx,Company Detail,http://www.rcl.com.hk
Rectron Ltd. - No. 1,,晶圆制造工厂,"Rectron Ltd. 的 No. 1，位于 Taipei, Northern Taiwan, 中国台湾。",828,晶圆厂,in production,Taipei,Northern Taiwan,中国台湾,中国台湾,亚太,"71 Chung San Road, Tucheng",http://www.rectron.com,Discrete/Power,Discrete,"Rectifier, Discretes",,3,4,25000,6250,,1000,,1983,1981,1983,1983,/Users/simon/Documents/Simon-OB/本体论/base/半导体/SEMI_WFF_2026_1Q.xlsx,Company Detail,http://www.rectron.com
Redlen Technologies - CZT Fab,,晶圆制造工厂,"Redlen Technologies 的 CZT Fab，位于 Saanichton, British Columbia, 加拿大。",3678,晶圆厂，研发,In production,Saanichton,British Columbia,加拿大,美洲,NA,123 -1763 Sean Heights,www.redlen.com,Discrete/Other,Discrete,grow wafers and make high resolution Cadmium Zinc Telluride (CZT) semiconductor radiation detectors,"CdZnTe, III-V, wafers",20,4,1000,250,,,30000,2010,2009,2010,2010,/Users/simon/Documents/Simon-OB/本体论/base/半导体/SEMI_WFF_2026_1Q.xlsx,Company Detail,file:///Users/simon/Documents/Simon-OB/%E6%9C%AC%E4%BD%93%E8%AE%BA/base/%E5%8D%8A%E5%AF%BC%E4%BD%93/output/semiconductor_ontology.json
Renesas - Kawashiri (Line 8 + Line 9),,晶圆制造工厂,"Renesas 的 Kawashiri (Line 8 + Line 9)，位于 Kumamoto, Kumamoto, 日本。",683,晶圆厂,In production-merged,Kumamoto,Kumamoto,日本,日本,日本,1-1-1 Yahata Minami-ku,http://www.renesas.com/index.html,Logic/MCU,Logic&Micro,"Automotive MCU, ASIC, ASSP, power semiconductor",CMOS,0.11,8,65000,65000,147639,,506000,1994,,,,/Users/simon/Documents/Simon-OB/本体论/base/半导体/SEMI_WFF_2026_1Q.xlsx,Company Detail,http://www.renesas.com/index.html
Renesas - Saijo Factory,,晶圆制造工厂,"Renesas 的 Saijo Factory，位于 Saijo, Ehime, 日本。",1310,晶圆厂,In production-merged,Saijo,Ehime,日本,日本,日本,"8-6 Nishihiuchi, Hiuchi",http://www.renesas.com/index.html,Logic/MCU,Logic&Micro,"SoC, Flash microcontrollers, MCU, Analog & Power (A&P)",CMOS,0.13,8,42000,42000,,,,1997,,,,/Users/simon/Documents/Simon-OB/本体论/base/半导体/SEMI_WFF_2026_1Q.xlsx,Company Detail,http://www.renesas.com/index.html
Renesas - Takasaki Factory (6-inch),,晶圆制造工厂,"Renesas 的 Takasaki Factory (6-inch)，位于 Takasaki, Gunma, 日本。",299,晶圆厂,May be closed,Takasaki,Gunma,日本,日本,日本,111 Nishiyokote,http://www.renesas.com/index.html,Analog&Mixed Signal&Power,Analog,"Analog power devices, RF IC, Mixed signal",CMOS BiCMOS,0.35,6,35000,19687.5,,,,1992,1989,1991,1992,/Users/simon/Documents/Simon-OB/本体论/base/半导体/SEMI_WFF_2026_1Q.xlsx,Company Detail,http://www.renesas.com/index.html
"Renesas - 6-inch ITAR line (was Intersil, was Fab 59)",,晶圆制造工厂,"Renesas 的 6-inch ITAR line (was Intersil, was Fab 59)，位于 Palm Bay, Florida, 美国。",1499,晶圆厂,in production,Palm Bay,Florida,美国,美洲,NA,2401 Palm Bay Road,http://www.renesas.com/index.html,Analog&Mixed Signal&Power,Analog,"Analog/Mixed Signal, Power Mgmt","CMOS, BiCMOS, Bipolar, BCD, SOI",0.18,6,32000,18000,20000,10,,1996,1994,1996,1996,/Users/simon/Documents/Simon-OB/本体论/base/半导体/SEMI_WFF_2026_1Q.xlsx,Company Detail,http://www.renesas.com/index.html
Renesas - Naka 200mm line (Bldg. N2),,晶圆制造工厂,"Renesas 的 Naka 200mm line (Bldg. N2)，位于 Hitachinaka, Ibaraki, 日本。",1340,晶圆厂,In production-merged,Hitachinaka,Ibaraki,日本,日本,日本,751 Horiguchi,http://www.renesas.com/index.html,Logic/MCU,Logic&Micro,"MCU, SoC, Analog & Power (A&P), ASIC, LCD System LSI, FZTAT, SRAM, Flash","CMOS, SoC",0.13,8,33000,33000,97000,,,1998,1996,1997,1998,/Users/simon/Documents/Simon-OB/本体论/base/半导体/SEMI_WFF_2026_1Q.xlsx,Company Detail,http://www.renesas.com/index.html
Renesas - Naka 300mm line (Bldg. N3- 1F+2F),,晶圆制造工厂,"Renesas 的 Naka 300mm line (Bldg. N3- 1F+2F)，位于 Hitachinaka, Ibaraki, 日本。",1512,晶圆厂,In production-merged,Hitachinaka,Ibaraki,日本,日本,日本,751 Horiguchi,http://www.renesas.com/index.html,逻辑/嵌入式,Logic&Micro,"MPU, SoC, SRAM; some NAND Flash, MCU","CMOS, Cu, low-K, FD-SOI",0.04,12,26000,58500,260000,1000,,2001,1999,2001,2001,/Users/simon/Documents/Simon-OB/本体论/base/半导体/SEMI_WFF_2026_1Q.xlsx,Company Detail,http://www.renesas.com/index.html
Renesas - New 300mm Fab (reopened closed 200mm and 150m line),,晶圆制造工厂,"Renesas 的 New 300mm Fab (reopened closed 200mm and 150m line)，位于 Kai, Yamanashi, 日本。",6361,晶圆厂,In production,Kai,Yamanashi,日本,日本,日本,4617 Nishiyahata,http://www.renesas.com/index.html,Discrete/Power,Discrete,"IGBT, Power MOSFET","IGBT, Power MOSFET",0.09,12,29100,65475,193750,,,2024,2022,2024,2024,/Users/simon/Documents/Simon-OB/本体论/base/半导体/SEMI_WFF_2026_1Q.xlsx,Company Detail,http://www.renesas.com/index.html
Renesas - Takasaki SiC Line,,晶圆制造工厂,"Renesas 的 Takasaki SiC Line，位于 Takasaki, Gunma, 日本。",6506,晶圆厂,In production,Takasaki,Gunma,日本,日本,日本,111 Nishiyokote,http://www.renesas.com/index.html,Discrete/Power,Discrete,,SiC,0.35,6,20000,11250,,,,2025,2024,2025,2025,/Users/simon/Documents/Simon-OB/本体论/base/半导体/SEMI_WFF_2026_1Q.xlsx,Company Detail,http://www.renesas.com/index.html
Retina Implant AG - Retina Implant,,晶圆制造工厂,"Retina Implant AG 的 Retina Implant，位于 Reutlingen, Baden-Württemberg, 德国。",3333,晶圆厂，中试线，研发,In production,Reutlingen,Baden-Württemberg,德国,Europe & Mideast,欧洲,Gerhard-Kindler-Straße 8,http://www.retina-implant.de,光电器件/激光器及其他,Opto,sub-retinal implants,CMOS,1,4,500,125,3358,,,2011,2009,2011,2011,/Users/simon/Documents/Simon-OB/本体论/base/半导体/SEMI_WFF_2026_1Q.xlsx,Company Detail,http://www.retina-implant.de
Rogue Valley Microdevices - Fab 1 (wafer processing),,晶圆制造工厂,"Rogue Valley Microdevices 的 Fab 1 (wafer processing)，位于 Medford, Oregon, 美国。",3271,Fab/Wafer Processing,In production,Medford,Oregon,美国,美洲,NA,"943 Automation Way, Suite F",http://www.roguevalleymicro.com/,代工/MEMS,MEMS,"MEMS foundry, Wafer processing services, Biomedical devices, Optical devices.","MEMS, Si, Sapphire, Quartz, Ceramic Thin film, MEMS",1.5,8,3000,3000,3000,100,13000,2004,2003,2004,2004,/Users/simon/Documents/Simon-OB/本体论/base/半导体/SEMI_WFF_2026_1Q.xlsx,Company Detail,http://www.roguevalleymicro.com/
Rogue Valley Microdevices - Fab 2 (wafer processing),,晶圆制造工厂,"Rogue Valley Microdevices 的 Fab 2 (wafer processing)，位于 Palm Bay, Florida, 美国。",6136,Fab/Wafer Processing,1st silicon,Palm Bay,Florida,美国,美洲,NA,2301 Commerce Drive,http://www.roguevalleymicro.com/,代工/MEMS,MEMS,"MEMS foundry, Wafer processing services, Biomedical devices, Optical device","MEMS, Si, Sapphire, Quartz, Ceramic",1.5,12,21000,47250,10000,100,50000,2026,2023,2026,2026,/Users/simon/Documents/Simon-OB/本体论/base/半导体/SEMI_WFF_2026_1Q.xlsx,Company Detail,http://www.roguevalleymicro.com/
Rohm - New Chikugo SiC 8-inch line,,晶圆制造工厂,"Rohm 的 New Chikugo SiC 8-inch line，位于 Chikugo, Fukuoka, 日本。",6552,晶圆厂,In production,Chikugo,Fukuoka,日本,日本,日本,"883 Kamikitajima,",http://www.rohm.com,Discrete/Power,Discrete,SiC based products,SiC,0.35,8,15000,15000,,,,2025,,2024,2025,/Users/simon/Documents/Simon-OB/本体论/base/半导体/SEMI_WFF_2026_1Q.xlsx,Company Detail,http://www.rohm.com
Rohm - Chikugo SiC 6-inch line,,晶圆制造工厂,"Rohm 的 Chikugo SiC 6-inch line，位于 Chikugo, Fukuoka, 日本。",5004,晶圆厂,In production,Chikugo,Fukuoka,日本,日本,日本,"883 Kamikitajima,",http://www.rohm.com,Discrete/Power,Discrete,"Power, SiC, SiC-SBD, SiC-MOSFET",SiC,0.35,6,10000,5625,,,118404,2022,2019,2021,2022,/Users/simon/Documents/Simon-OB/本体论/base/半导体/SEMI_WFF_2026_1Q.xlsx,Company Detail,http://www.rohm.com
Rohm - Rohm Shiga (was Renesas),,晶圆制造工厂,"Rohm 的 Rohm Shiga (was Renesas)，位于 Otsu, Shiga, 日本。",698,晶圆厂,In production,Otsu,Shiga,日本,日本,日本,"2-8-1, Seiran",http://www.rohm.com,Discrete/Power,Discrete,"Power semiconductor (IGBT), MOSFETs, Diodes, RASMID","CMOS, MEMS",0.15,8,20000,20000,51667,,171000,2000,,,,/Users/simon/Documents/Simon-OB/本体论/base/半导体/SEMI_WFF_2026_1Q.xlsx,Company Detail,http://www.rohm.com
Rohm - Apollo Chikugo (SiC Line),,晶圆制造工厂,"Rohm 的 Apollo Chikugo (SiC Line)，位于 Chikugo, Fukuoka, 日本。",3853,晶圆厂,In production,Chikugo,Fukuoka,日本,日本,日本,"883 Kamikitajima,",http://www.rohm.com,Discrete/Power,Discrete,"Power, SiC-SBD, SiC DMOSFET",SiC,0.35,6,4000,2250,,,,2010,,,,/Users/simon/Documents/Simon-OB/本体论/base/半导体/SEMI_WFF_2026_1Q.xlsx,Company Detail,http://www.rohm.com
Rohm - Hamamatsu (300mm Line),,晶圆制造工厂,"Rohm 的 Hamamatsu (300mm Line)，位于 Hamamatsu, Shizuoka, 日本。",4951,晶圆厂,In production,Hamamatsu,Shizuoka,日本,日本,日本,"10, Sanwa-cho, Minami-ku",http://www.rohm.com,Logic/System LSI,Logic&Micro,"System LSI, Power supply LSI, Motor drivers","BiCDMOS, BiCMOS",0.065,12,23000,51750,,,,2004,2003,2004,2004,/Users/simon/Documents/Simon-OB/本体论/base/半导体/SEMI_WFF_2026_1Q.xlsx,Company Detail,http://www.rohm.com
Rohm - Wako Device,,晶圆制造工厂,"Rohm 的 Wako Device，位于 Kasaoka, Okayama, 日本。",2077,晶圆厂,In production,Kasaoka,Okayama,日本,日本,日本,"100, Tomioka",http://www.rohm.com,Discrete/Power,Discrete,"Diodes, power ICs, semiconductor lasers, LED, LSI",CMOS,0.8,6,40000,22500,,,250000,1980,1979,1980,1980,/Users/simon/Documents/Simon-OB/本体论/base/半导体/SEMI_WFF_2026_1Q.xlsx,Company Detail,http://www.rohm.com
Rohm - Hamamatsu (200mm Line),,晶圆制造工厂,"Rohm 的 Hamamatsu (200mm Line)，位于 Hamamatsu, Shizuoka, 日本。",1409,晶圆厂,in production,Hamamatsu,Shizuoka,日本,日本,日本,"10, Sanwa-cho, Minami-ku",http://www.rohm.com,Logic/System LSI,Logic&Micro,"System LSI, Logic IC, Power IC, mixed signal, LED, Analog power device","CMOS, BiCMOS, BiC-DMOS, GaN",0.35,8,15000,15000,,1,226000,1998,1997,1998,1998,/Users/simon/Documents/Simon-OB/本体论/base/半导体/SEMI_WFF_2026_1Q.xlsx,Company Detail,http://www.rohm.com
Rohm - Apollo Chikugo (6-inch SiC line),,晶圆制造工厂,"Rohm 的 Apollo Chikugo (6-inch SiC line)，位于 Chikugo, Fukuoka, 日本。",1506,晶圆厂,In production-merged,Chikugo,Fukuoka,日本,日本,日本,"883, Oaza-Kamikitajima",http://www.rohm.com,Discrete/Other,Discrete,"Discretes, Bipolar Tranistors, MOSFET, Epi wafer processes for SiC,  Memory, Logic, Mixed Signal,","Bipolar, MOSFET, SiC",0.35,6,35000,19687.5,,,,1992,1991,1992,1992,/Users/simon/Documents/Simon-OB/本体论/base/半导体/SEMI_WFF_2026_1Q.xlsx,Company Detail,http://www.rohm.com
Rohm (Kionix Inc.) - Ithaca fab and HQ,,晶圆制造工厂,"Rohm (Kionix Inc.) 的 Ithaca fab and HQ，位于 Ithaca, New York, 美国。",1896,晶圆厂,in production,Ithaca,New York,美国,美洲,NA,36 Thornwood Drive,http://www.kionix.com,MEMS,MEMS,"MEMS Inertial Sensors, Accelerometers, Gyroscopes, Angular Rate Sensors","CMOS, MEMS (plasma micromachining)",1,8,15000,15000,,100,40000,2002,2010,,,/Users/simon/Documents/Simon-OB/本体论/base/半导体/SEMI_WFF_2026_1Q.xlsx,Company Detail,http://www.kionix.com
Rohm (Kionix Inc.) - Kyoto MEMS fab,,晶圆制造工厂,"Rohm (Kionix Inc.) 的 Kyoto MEMS fab，位于 Kyoto, Kyoto, 日本。",3682,晶圆厂,In production,Kyoto,Kyoto,日本,日本,日本,"21, Saiin, Mizosaki, Ukyo",http://www.kionix.com,MEMS,MEMS,"MEMS Inertial Sensors, Accelerometers Sensor, Gyroscopes, Angular Rate Sensors",MEMS (plasma micromachining),1,8,7000,7000,,,,2012,2011,2012,2012,/Users/simon/Documents/Simon-OB/本体论/base/半导体/SEMI_WFF_2026_1Q.xlsx,Company Detail,http://www.kionix.com
Rong Semi (former HIDM Tacoma) - Huaian 300mm fab (HIDM),,晶圆制造工厂,"Rong Semi (former HIDM Tacoma) 的 Huaian 300mm fab (HIDM)，位于 Huaian, Jiangsu, 中国。",3924,晶圆厂，中试线,In production,Huaian,Jiangsu,中国,中国,亚太,"599, Changjiang E Rd. Huaiyin District",http://www.rongsemi.com/en/index.php/welcome.html,Foundry/Opto,Opto,"CMOS Image Sensors, Foundry, DDIC, MOSFET","CIS, MOSFET",0.055,12,40000,90000,,,,2022,2016,2022,2022,/Users/simon/Documents/Simon-OB/本体论/base/半导体/SEMI_WFF_2026_1Q.xlsx,Company Detail,http://www.rongsemi.com/en/index.php/welcome.html
Rong Semi (former HIDM Tacoma) - Ningbo New 300mm Fab,,晶圆制造工厂,"Rong Semi (former HIDM Tacoma) 的 Ningbo New 300mm Fab，位于 Ningbo, Zhejiang, 中国。",6422,晶圆厂，中试线,Constructing,Ningbo,Zhejiang,中国,中国,亚太,"No. 1199 Haibang Road, Beilun District",http://www.rongsemi.com/en/index.php/welcome.html,Foundry/Opto,Opto,"CIS, Foundry",CIS,0.04,12,35000,78750,,,,2027,2022,2027,2027,/Users/simon/Documents/Simon-OB/本体论/base/半导体/SEMI_WFF_2026_1Q.xlsx,Company Detail,http://www.rongsemi.com/en/index.php/welcome.html
RTX (former Raytheon Company) - Collins Aerospace - Cedar Rapids facility,,晶圆制造工厂,"RTX (former Raytheon Company) 的 Collins Aerospace - Cedar Rapids facility，位于 Cedar Rapids, Iowa, 美国。",6686,晶圆厂，中试线，研发,In production,Cedar Rapids,Iowa,美国,美洲,NA,400 Collins Rd NE,https://www.rtx.com,Analog&Mixed Signal&Power,Analog,"Avionics systems (both commercial and government)- including aircraft sensors, cabin management systems, fire protection systems and other electronics. MEMS, development of semiconductors, GaN (gallium nitride) devices, and other high reliability mission systems","MEMS, GaN",0.5,4,3000,750,,100,,1975,2023,2025,2025,/Users/simon/Documents/Simon-OB/本体论/base/半导体/SEMI_WFF_2026_1Q.xlsx,Company Detail,https://www.rtx.com
RTX (former Raytheon Company) - Glenrothes facility,,晶圆制造工厂,"RTX (former Raytheon Company) 的 Glenrothes facility，位于 Glenrothes, Fife, Scotland。",323,晶圆厂,in production,Glenrothes,Fife,Scotland,Europe & Mideast,欧洲,Fullerton Road,https://www.rtx.com,Analog&Mixed Signal,Analog,"Mixed signal Application Specific IC, Analog, Silicon carbide (SiC) foundry, MOSFET","CMOS, MOS, SiC",1.2,4,5000,1250,12500,100,20000,1960,,,,/Users/simon/Documents/Simon-OB/本体论/base/半导体/SEMI_WFF_2026_1Q.xlsx,Company Detail,https://www.rtx.com
RTX (former Raytheon Company) - RF Components (RRFC),,晶圆制造工厂,"RTX (former Raytheon Company) 的 RF Components (RRFC)，位于 Andover, Massachusetts, 美国。",817,晶圆厂，研发,in production,Andover,Massachusetts,美国,美洲,NA,350 Lowell Street,https://www.rtx.com,Discrete/Power,Discrete,"Power, MMIC, MESFET, pHEMT, mHEMT, GaN","GaAs, GaN",0.15,4,10000,2500,,100,246000,1988,1986,1988,1988,/Users/simon/Documents/Simon-OB/本体论/base/半导体/SEMI_WFF_2026_1Q.xlsx,Company Detail,https://www.rtx.com
Ruttonsha International Rectifier - Fab 1,,晶圆制造工厂,"Ruttonsha International Rectifier 的 Fab 1，位于 Halol, Gujarat, 印度。",2168,晶圆厂,In production,Halol,Gujarat,印度,SE Asia,亚太,"338, International House, Baska, Panchmahals district",http://www.ruttonsha.com,Discrete/Power,Discrete,"High powered semiconductor devices: Bridges, Modules, Diodes, Thyristors","CMOS, BiPolar",2,6,1000,562.5,,,,1991,2013,2014,2014,/Users/simon/Documents/Simon-OB/本体论/base/半导体/SEMI_WFF_2026_1Q.xlsx,Company Detail,http://www.ruttonsha.com
Samsung - Line 6,,晶圆制造工厂,"Samsung 的 Line 6，位于 Giheung, Gyeonggi, 韩国。",853,晶圆厂,In production-merged,Giheung,Gyeonggi,韩国,韩国,亚太,"San #24 Nongseo-Ri, Giheung-Eup, Youngin-City",www.samsung.com,代工/IDM/逻辑与微器件,Logic&Micro,"Foundry service start 1Q17, System LSI;  DDI (Display Driver Ics), eFlash, PMIC (power management IC), RF for IOT","CMOS, Cu, CIS",0.065,8,100000,100000,,1,,1995,,,,/Users/simon/Documents/Simon-OB/本体论/base/半导体/SEMI_WFF_2026_1Q.xlsx,Company Detail,file:///Users/simon/Documents/Simon-OB/%E6%9C%AC%E4%BD%93%E8%AE%BA/base/%E5%8D%8A%E5%AF%BC%E4%BD%93/output/semiconductor_ontology.json
Samsung - Line 7,,晶圆制造工厂,"Samsung 的 Line 7，位于 Giheung, Gyeonggi, 韩国。",857,晶圆厂,In production-will be closed,Giheung,Gyeonggi,韩国,韩国,亚太,"San #24 Nongseo-Ri, Giheung-Eup, Youngin-City",www.samsung.com,代工/IDM/逻辑与微器件,Logic&Micro,"Foundry service; System LSI:  DDI (Display Driver Ics),  eFlash, PMIC (Power management IC), RF for IOT","CMOS, Cu, SOI",0.065,8,115000,115000,,1,,1996,,,,/Users/simon/Documents/Simon-OB/本体论/base/半导体/SEMI_WFF_2026_1Q.xlsx,Company Detail,file:///Users/simon/Documents/Simon-OB/%E6%9C%AC%E4%BD%93%E8%AE%BA/base/%E5%8D%8A%E5%AF%BC%E4%BD%93/output/semiconductor_ontology.json
Samsung - V1- EUV 1st floor (was EUV Fab),,晶圆制造工厂,"Samsung 的 V1- EUV 1st floor (was EUV Fab)，位于 Hwaseong, Gyeonggi, 韩国。",4930,晶圆厂,In production,Hwaseong,Gyeonggi,韩国,韩国,亚太,180 Seoku-dong,www.samsung.com,代工/IDM/逻辑与微器件,Logic&Micro,EUV section: Foundry / System LSI,EUV,0.003,12,,,,,3208899,2020,2017,2020,2020,/Users/simon/Documents/Simon-OB/本体论/base/半导体/SEMI_WFF_2026_1Q.xlsx,Company Detail,file:///Users/simon/Documents/Simon-OB/%E6%9C%AC%E4%BD%93%E8%AE%BA/base/%E5%8D%8A%E5%AF%BC%E4%BD%93/output/semiconductor_ontology.json
"Samsung - Line 17-3D NAND MEOL/BEOL (3rd floor) (was called Line 16-2, was called S3-9th floor)",,晶圆制造工厂,"Samsung 的 Line 17-3D NAND MEOL/BEOL (3rd floor) (was called Line 16-2, was called S3-9th floor)，位于 Hwaseong, Gyeonggi, 韩国。",3883,"Fab, Pilot, R&D/Split",In production/support,Hwaseong,Gyeonggi,韩国,韩国,亚太,"1, Samsungjeonja-ro",www.samsung.com,Memory/DRAM&Flash-3D NAND,Memory,R&D for EUV test and suppor for 3D MEOL/BEOL,"MEOL, BEOL",0.01,12,,,,,,2017,2015,2016,2017,/Users/simon/Documents/Simon-OB/本体论/base/半导体/SEMI_WFF_2026_1Q.xlsx,Company Detail,file:///Users/simon/Documents/Simon-OB/%E6%9C%AC%E4%BD%93%E8%AE%BA/base/%E5%8D%8A%E5%AF%BC%E4%BD%93/output/semiconductor_ontology.json
Samsung - S4 CIS (part of Line 11),,晶圆制造工厂,"Samsung 的 S4 CIS (part of Line 11)，位于 Hwaseong, Gyeonggi, 韩国。",4984,晶圆厂,In production,Hwaseong,Gyeonggi,韩国,韩国,亚太,"1, Samsungjeonja-ro",www.samsung.com,Opto/Image Sensors,Opto,"ISP (Image signal processor),  CMOS Image Sensor (CIS)",CMOS,0.017,12,37000,83250,,,,2018,,2017,2018,/Users/simon/Documents/Simon-OB/本体论/base/半导体/SEMI_WFF_2026_1Q.xlsx,Company Detail,file:///Users/simon/Documents/Simon-OB/%E6%9C%AC%E4%BD%93%E8%AE%BA/base/%E5%8D%8A%E5%AF%BC%E4%BD%93/output/semiconductor_ontology.json
Samsung - P1 Phase 2 DRAM (8th floor),,晶圆制造工厂,"Samsung 的 P1 Phase 2 DRAM (8th floor)，位于 Pyeongtaek, Gyeonggi, 韩国。",4979,晶圆厂,In production,Pyeongtaek,Gyeonggi,韩国,韩国,亚太,"114, Samsung-ro, Godeok-myeon",www.samsung.com,存储器/DRAM,Memory,DRAM,,0.014,12,75000,168750,,,,2018,2015,2018,2018,/Users/simon/Documents/Simon-OB/本体论/base/半导体/SEMI_WFF_2026_1Q.xlsx,Company Detail,file:///Users/simon/Documents/Simon-OB/%E6%9C%AC%E4%BD%93%E8%AE%BA/base/%E5%8D%8A%E5%AF%BC%E4%BD%93/output/semiconductor_ontology.json
Samsung - P2 Phase 1 (DRAM),,晶圆制造工厂,"Samsung 的 P2 Phase 1 (DRAM)，位于 Pyeongtaek, Gyeonggi, 韩国。",4980,晶圆厂,In production,Pyeongtaek,Gyeonggi,韩国,韩国,亚太,"114, Samseong-ro, Godeok-myeon",www.samsung.com,存储器/DRAM,Memory,"DRAM,  EUV (start 1anm ~14nm)","DRAM, EUV",0.012,12,139000,312750,355000,,,2020,2018,2020,2020,/Users/simon/Documents/Simon-OB/本体论/base/半导体/SEMI_WFF_2026_1Q.xlsx,Company Detail,file:///Users/simon/Documents/Simon-OB/%E6%9C%AC%E4%BD%93%E8%AE%BA/base/%E5%8D%8A%E5%AF%BC%E4%BD%93/output/semiconductor_ontology.json
Samsung - P2 Phase 2 (3D NAND),,晶圆制造工厂,"Samsung 的 P2 Phase 2 (3D NAND)，位于 Pyeongtaek, Gyeonggi, 韩国。",4981,晶圆厂,In production,Pyeongtaek,Gyeonggi,韩国,韩国,亚太,"114, Samseong-ro, Godeok-myeon",www.samsung.com,存储器/闪存-3D NAND,Memory,3D NAND,3D NAND,0.021,12,50000,112500,712000,,,2021,2018,2021,2021,/Users/simon/Documents/Simon-OB/本体论/base/半导体/SEMI_WFF_2026_1Q.xlsx,Company Detail,file:///Users/simon/Documents/Simon-OB/%E6%9C%AC%E4%BD%93%E8%AE%BA/base/%E5%8D%8A%E5%AF%BC%E4%BD%93/output/semiconductor_ontology.json
Samsung - Line 16 (DRAM),,晶圆制造工厂,"Samsung 的 Line 16 (DRAM)，位于 Hwaseong, Gyeonggi, 韩国。",4982,晶圆厂/拆分,In production,Hwaseong,Gyeonggi,韩国,韩国,亚太,267 Seoku-dong,www.samsung.com,存储器/DRAM,Memory,DRAM,"CMOS, Cu, low K, HKMG",0.014,12,70000,157500,350000,,,2018,,2018,2018,/Users/simon/Documents/Simon-OB/本体论/base/半导体/SEMI_WFF_2026_1Q.xlsx,Company Detail,file:///Users/simon/Documents/Simon-OB/%E6%9C%AC%E4%BD%93%E8%AE%BA/base/%E5%8D%8A%E5%AF%BC%E4%BD%93/output/semiconductor_ontology.json
Samsung - SCS Line 2 (former Xian Module 2),,晶圆制造工厂,"Samsung 的 SCS Line 2 (former Xian Module 2)，位于 Xian, Shaanxi, 中国。",3728,晶圆厂,In production,Xian,Shaanxi,中国,中国,亚太,"1999, North Xiaohe Rd, Gaoxin District,",www.samsung.com,存储器/闪存-3D NAND,Memory,3D NAND (VNAND),3D NAND,0.021,12,112000,252000,600000,,,2020,2017,2020,2020,/Users/simon/Documents/Simon-OB/本体论/base/半导体/SEMI_WFF_2026_1Q.xlsx,Company Detail,file:///Users/simon/Documents/Simon-OB/%E6%9C%AC%E4%BD%93%E8%AE%BA/base/%E5%8D%8A%E5%AF%BC%E4%BD%93/output/semiconductor_ontology.json
Samsung - S3-3rd floor (part of Line 17) EUV,,晶圆制造工厂,"Samsung 的 S3-3rd floor (part of Line 17) EUV，位于 Hwaseong, Gyeonggi, 韩国。",3698,晶圆厂,In production,Hwaseong,Gyeonggi,韩国,韩国,亚太,"1, Samsungjeonja-ro",www.samsung.com,代工/IDM/逻辑与微器件,Logic&Micro,"System LSI, EUV","FinFET, EUV",0.003,12,50000,112500,,,,2017,2014,2017,2017,/Users/simon/Documents/Simon-OB/本体论/base/半导体/SEMI_WFF_2026_1Q.xlsx,Company Detail,file:///Users/simon/Documents/Simon-OB/%E6%9C%AC%E4%BD%93%E8%AE%BA/base/%E5%8D%8A%E5%AF%BC%E4%BD%93/output/semiconductor_ontology.json
Samsung - Line 5 (LED line) 8-inch,,晶圆制造工厂,"Samsung 的 Line 5 (LED line) 8-inch，位于 Giheung, Gyeonggi, 韩国。",3634,Fab/EPI/Split,In production,Giheung,Gyeonggi,韩国,韩国,亚太,"San #24 Nongseo-Ri, Giheung-Eup, Youngin-City",www.samsung.com,光电器件/LED,Opto,"LEDs, GaN-on-Si epitaxy",GaN,2,8,3000,3000,,,,2015,2014,2015,2014,/Users/simon/Documents/Simon-OB/本体论/base/半导体/SEMI_WFF_2026_1Q.xlsx,Company Detail,file:///Users/simon/Documents/Simon-OB/%E6%9C%AC%E4%BD%93%E8%AE%BA/base/%E5%8D%8A%E5%AF%BC%E4%BD%93/output/semiconductor_ontology.json
Samsung - SCS Line 1 (former Xian Module 1),,晶圆制造工厂,"Samsung 的 SCS Line 1 (former Xian Module 1)，位于 Xian, Shaanxi, 中国。",3458,晶圆厂,In production,Xian,Shaanxi,中国,中国,亚太,"1999, North Xiaohe Rd, Gaoxin District,",www.samsung.com,存储器/闪存-3D NAND,Memory,3D NAND (VNAND),"CMOS, Cu, low K, HKMG, 3D NAND",0.021,12,100000,225000,380000,,2475720,2014,2012,2014,2014,/Users/simon/Documents/Simon-OB/本体论/base/半导体/SEMI_WFF_2026_1Q.xlsx,Company Detail,file:///Users/simon/Documents/Simon-OB/%E6%9C%AC%E4%BD%93%E8%AE%BA/base/%E5%8D%8A%E5%AF%BC%E4%BD%93/output/semiconductor_ontology.json
Samsung - S2 Logic Line (Main Fab),,晶圆制造工厂,"Samsung 的 S2 Logic Line (Main Fab)，位于 Austin, Texas, 美国。",3264,晶圆厂,In production-merged,Austin,Texas,美国,美洲,NA,12100 Samsung Boulevard,www.samsung.com,代工/IDM/逻辑与微器件,Logic&Micro,"System LSI Foundry: low-p system-on-chip (SOC); FDSOI, NAND Flash Controller, Automotive SoC, Display Driver iC","CMOS, Cu, SOI, strained Si, low-k, high-k/metal gate, FDSOI",0.011,12,60000,135000,370000,100,,2011,2010,2011,2011,/Users/simon/Documents/Simon-OB/本体论/base/半导体/SEMI_WFF_2026_1Q.xlsx,Company Detail,file:///Users/simon/Documents/Simon-OB/%E6%9C%AC%E4%BD%93%E8%AE%BA/base/%E5%8D%8A%E5%AF%BC%E4%BD%93/output/semiconductor_ontology.json
Samsung - S7 (in P4),,晶圆制造工厂,"Samsung 的 S7 (in P4)，位于 Pyeongtaek, Gyeonggi, 韩国。",6638,晶圆厂,Cancelled,Pyeongtaek,Gyeonggi,韩国,韩国,亚太,"114, Samseong-ro, Godeok-myeon",www.samsung.com,代工/IDM/逻辑与微器件,Logic&Micro,,CMOS,0.0014,12,35000,78750,,,,,,,,/Users/simon/Documents/Simon-OB/本体论/base/半导体/SEMI_WFF_2026_1Q.xlsx,Company Detail,file:///Users/simon/Documents/Simon-OB/%E6%9C%AC%E4%BD%93%E8%AE%BA/base/%E5%8D%8A%E5%AF%BC%E4%BD%93/output/semiconductor_ontology.json
Samsung - Line 13 (CIS Line),,晶圆制造工厂,"Samsung 的 Line 13 (CIS Line)，位于 Hwaseong, Gyeonggi, 韩国。",5115,晶圆厂/拆分,Cancelled,Hwaseong,Gyeonggi,韩国,韩国,亚太,"San #16 Banwol-Ri, Taean-Eup",www.samsung.com,Opto/Image Sensors,Opto,"ISP (Image signal processor),  CMOS Image Sensor (CIS)",,0.017,12,34000,76500,,,,,,,,/Users/simon/Documents/Simon-OB/本体论/base/半导体/SEMI_WFF_2026_1Q.xlsx,Company Detail,file:///Users/simon/Documents/Simon-OB/%E6%9C%AC%E4%BD%93%E8%AE%BA/base/%E5%8D%8A%E5%AF%BC%E4%BD%93/output/semiconductor_ontology.json
Samsung - S1 (former S1-A Line includes S1-C former Line 14start 1Q16),,晶圆制造工厂,"Samsung 的 S1 (former S1-A Line includes S1-C former Line 14start 1Q16)，位于 Giheung, Gyeonggi, 韩国。",2096,晶圆厂,In production-merged,Giheung,Gyeonggi,韩国,韩国,亚太,"San #24 Nongseo-Ri, Giheung-Eup, Youngin-City",www.samsung.com,代工/IDM/逻辑与微器件,Logic&Micro,"System LSI;  Foundry  (Common Platform) dedicated line (SOC, AP, Smart Card, and other advanced devices), 28nm FDSOI","CMOS, Cu, SOI, strained Si, low-k, high-k/metal gate, FDSOI",0.008,12,35000,78750,318612,,,2005,2004,2005,2005,/Users/simon/Documents/Simon-OB/本体论/base/半导体/SEMI_WFF_2026_1Q.xlsx,Company Detail,file:///Users/simon/Documents/Simon-OB/%E6%9C%AC%E4%BD%93%E8%AE%BA/base/%E5%8D%8A%E5%AF%BC%E4%BD%93/output/semiconductor_ontology.json
Samsung - Line 12 (2D NAND) + R&D,,晶圆制造工厂,"Samsung 的 Line 12 (2D NAND) + R&D，位于 Hwaseong, Gyeonggi, 韩国。",1815,晶圆厂，研发,"In production-will be closed for Front End, used for BackEnd",Hwaseong,Gyeonggi,韩国,韩国,亚太,"1, Samsungjeonja-ro",www.samsung.com,Memory/Flash,Memory,Flash (2D NAND),"CMOS, Cu",0.014,12,110000,247500,250000,1,,2003,2001,2003,2003,/Users/simon/Documents/Simon-OB/本体论/base/半导体/SEMI_WFF_2026_1Q.xlsx,Company Detail,file:///Users/simon/Documents/Simon-OB/%E6%9C%AC%E4%BD%93%E8%AE%BA/base/%E5%8D%8A%E5%AF%BC%E4%BD%93/output/semiconductor_ontology.json
Samsung - Line 15-2F & Line 15-1F (8th floor),,晶圆制造工厂,"Samsung 的 Line 15-2F & Line 15-1F (8th floor)，位于 Hwaseong, Gyeonggi, 韩国。",2049,晶圆厂,In production-merged,Hwaseong,Gyeonggi,韩国,韩国,亚太,171 Dongtan 1(il)-dong,www.samsung.com,存储器/DRAM,Memory,DRAM,"CMOS, Cu, low-K,",0.012,12,161000,362250,650000,10,,2006,2005,2006,2006,/Users/simon/Documents/Simon-OB/本体论/base/半导体/SEMI_WFF_2026_1Q.xlsx,Company Detail,file:///Users/simon/Documents/Simon-OB/%E6%9C%AC%E4%BD%93%E8%AE%BA/base/%E5%8D%8A%E5%AF%BC%E4%BD%93/output/semiconductor_ontology.json
"Samsung - Line 13 (DRAM, FEOL)",,晶圆制造工厂,"Samsung 的 Line 13 (DRAM, FEOL)，位于 Hwaseong, Gyeonggi, 韩国。",1948,晶圆厂,"In production-will be closed for Front End, used for BackEnd",Hwaseong,Gyeonggi,韩国,韩国,亚太,"San #16 Banwol-Ri, Taean-Eup",www.samsung.com,存储器/DRAM,Memory,"DRAM (SDRAM, DDR); R&D","CMOS, Cu, low-K",0.018,12,95000,213750,250000,10,,2004,2004,2004,2004,/Users/simon/Documents/Simon-OB/本体论/base/半导体/SEMI_WFF_2026_1Q.xlsx,Company Detail,file:///Users/simon/Documents/Simon-OB/%E6%9C%AC%E4%BD%93%E8%AE%BA/base/%E5%8D%8A%E5%AF%BC%E4%BD%93/output/semiconductor_ontology.json
Samsung - Line 17-DRAM (8th floor+3rd floor),,晶圆制造工厂,"Samsung 的 Line 17-DRAM (8th floor+3rd floor)，位于 Hwaseong, Gyeonggi, 韩国。",2224,晶圆厂，中试线,In production-merged,Hwaseong,Gyeonggi,韩国,韩国,亚太,180 Seoku-dong,www.samsung.com,存储器/DRAM,Memory,"DRAM,  EUV (start 1anm ~14nm)","CMOS, DRAM",0.012,12,112000,252000,,,,2015,2012,2014,2015,/Users/simon/Documents/Simon-OB/本体论/base/半导体/SEMI_WFF_2026_1Q.xlsx,Company Detail,file:///Users/simon/Documents/Simon-OB/%E6%9C%AC%E4%BD%93%E8%AE%BA/base/%E5%8D%8A%E5%AF%BC%E4%BD%93/output/semiconductor_ontology.json
Samsung - P1 Phase 1 3D NAND (3rd floor),,晶圆制造工厂,"Samsung 的 P1 Phase 1 3D NAND (3rd floor)，位于 Pyeongtaek, Gyeonggi, 韩国。",2225,晶圆厂,In production,Pyeongtaek,Gyeonggi,韩国,韩国,亚太,"114, Samseong-ro, Godeok-myeon",www.samsung.com,存储器/闪存-3D NAND,Memory,Memory 3D NAND,CMOS,0.021,12,81000,182250,596000,,,2017,2015,2017,2017,/Users/simon/Documents/Simon-OB/本体论/base/半导体/SEMI_WFF_2026_1Q.xlsx,Company Detail,file:///Users/simon/Documents/Simon-OB/%E6%9C%AC%E4%BD%93%E8%AE%BA/base/%E5%8D%8A%E5%AF%BC%E4%BD%93/output/semiconductor_ontology.json
Samsung - P1 Phase 2 3D NAND (8th floor),,晶圆制造工厂,"Samsung 的 P1 Phase 2 3D NAND (8th floor)，位于 Pyeongtaek, Gyeonggi, 韩国。",2226,晶圆厂,In production,Pyeongtaek,Gyeonggi,韩国,韩国,亚太,"114, Samseong-ro, Godeok-myeon",www.samsung.com,存储器/闪存-3D NAND,Memory,Memory 3D-NAND (V-NAND),CMOS,0.021,12,81000,182250,1193000,,,2018,2015,2018,2018,/Users/simon/Documents/Simon-OB/本体论/base/半导体/SEMI_WFF_2026_1Q.xlsx,Company Detail,file:///Users/simon/Documents/Simon-OB/%E6%9C%AC%E4%BD%93%E8%AE%BA/base/%E5%8D%8A%E5%AF%BC%E4%BD%93/output/semiconductor_ontology.json
Samsung - S2 CIS Line (Main Fab),,晶圆制造工厂,"Samsung 的 S2 CIS Line (Main Fab)，位于 Austin, Texas, 美国。",6663,晶圆厂,Equipping,Austin,Texas,美国,美洲,NA,12100 Samsung Boulevard,www.samsung.com,Opto/Image Sensors,Opto,CMOS Image Sensor (CIS),,0.017,12,10000,22500,,,,2026,,2026,2026,/Users/simon/Documents/Simon-OB/本体论/base/半导体/SEMI_WFF_2026_1Q.xlsx,Company Detail,file:///Users/simon/Documents/Simon-OB/%E6%9C%AC%E4%BD%93%E8%AE%BA/base/%E5%8D%8A%E5%AF%BC%E4%BD%93/output/semiconductor_ontology.json
Samsung - P3 Phase 1 Support (DRAM for P1 and P2),,晶圆制造工厂,"Samsung 的 P3 Phase 1 Support (DRAM for P1 and P2)，位于 Pyeongtaek, Gyeonggi, 韩国。",6624,晶圆厂,In production,Pyeongtaek,Gyeonggi,韩国,韩国,亚太,"114, Samseong-ro, Godeok-myeon",www.samsung.com,存储器/DRAM,Memory,DRAM support for P1 and P2,DRAM,0.011,12,50000,112500,,,,2025,,2025,2025,/Users/simon/Documents/Simon-OB/本体论/base/半导体/SEMI_WFF_2026_1Q.xlsx,Company Detail,file:///Users/simon/Documents/Simon-OB/%E6%9C%AC%E4%BD%93%E8%AE%BA/base/%E5%8D%8A%E5%AF%BC%E4%BD%93/output/semiconductor_ontology.json
Samsung - Line 12 (3D NAND),,晶圆制造工厂,"Samsung 的 Line 12 (3D NAND)，位于 Hwaseong, Gyeonggi, 韩国。",5086,晶圆厂/拆分,"In production-will be closed for Front End, used for BackEnd",Hwaseong,Gyeonggi,韩国,韩国,亚太,"1, Samsungjeonja-ro",www.samsung.com,存储器/闪存-3D NAND,Memory,3D NAND,CMOS,0.021,12,30000,67500,,,,2024,,2024,2024,/Users/simon/Documents/Simon-OB/本体论/base/半导体/SEMI_WFF_2026_1Q.xlsx,Company Detail,file:///Users/simon/Documents/Simon-OB/%E6%9C%AC%E4%BD%93%E8%AE%BA/base/%E5%8D%8A%E5%AF%BC%E4%BD%93/output/semiconductor_ontology.json
Samsung - Taylor Phase 2 (was S6 Phase 2),,晶圆制造工厂,"Samsung 的 Taylor Phase 2 (was S6 Phase 2)，位于 Taylor, Texas, 美国。",6442,晶圆厂,Announced,Taylor,Texas,美国,美洲,NA,1530 FM 973,www.samsung.com,代工/IDM/逻辑与微器件,Logic&Micro,"System LSI Foundry: low-p system-on-chip (SOC); FDSOI. Applications for mobile, 5G, high-performance computing and AI.","CMOS, Cu, SOI, strained Si, low-k, high-k/metal gate, FDSOI",0.0014,12,35000,78750,375000,100,,2029,2027,2029,2029,/Users/simon/Documents/Simon-OB/本体论/base/半导体/SEMI_WFF_2026_1Q.xlsx,Company Detail,file:///Users/simon/Documents/Simon-OB/%E6%9C%AC%E4%BD%93%E8%AE%BA/base/%E5%8D%8A%E5%AF%BC%E4%BD%93/output/semiconductor_ontology.json
Samsung - P5 Phase 1 (3D NAND was DRAM),,晶圆制造工厂,"Samsung 的 P5 Phase 1 (3D NAND was DRAM)，位于 Pyeongtaek, Gyeonggi, 韩国。",6371,晶圆厂,Constructing,Pyeongtaek,Gyeonggi,韩国,韩国,亚太,"114, Samseong-ro, Godeok-myeon",www.samsung.com,存储器/闪存-3D NAND,Memory,3D NAND,3D NAND,0.021,12,150000,337500,,,,2027,2023,2027,2027,/Users/simon/Documents/Simon-OB/本体论/base/半导体/SEMI_WFF_2026_1Q.xlsx,Company Detail,file:///Users/simon/Documents/Simon-OB/%E6%9C%AC%E4%BD%93%E8%AE%BA/base/%E5%8D%8A%E5%AF%BC%E4%BD%93/output/semiconductor_ontology.json
Samsung - P5 Phase 2 (DRAM was 3D NAND),,晶圆制造工厂,"Samsung 的 P5 Phase 2 (DRAM was 3D NAND)，位于 Pyeongtaek, Gyeonggi, 韩国。",6372,晶圆厂,Constructing,Pyeongtaek,Gyeonggi,韩国,韩国,亚太,"114, Samseong-ro, Godeok-myeon",www.samsung.com,存储器/DRAM,Memory,DRAM EUV in P5,"DRAM, EUV",0.01,12,150000,337500,,,,2027,2023,2027,2027,/Users/simon/Documents/Simon-OB/本体论/base/半导体/SEMI_WFF_2026_1Q.xlsx,Company Detail,file:///Users/simon/Documents/Simon-OB/%E6%9C%AC%E4%BD%93%E8%AE%BA/base/%E5%8D%8A%E5%AF%BC%E4%BD%93/output/semiconductor_ontology.json
Samsung - V2 (EUV) 1st floor (EUV Fab),,晶圆制造工厂,"Samsung 的 V2 (EUV) 1st floor (EUV Fab)，位于 Pyeongtaek, Gyeonggi, 韩国。",6148,晶圆厂,In production,Pyeongtaek,Gyeonggi,韩国,韩国,亚太,"114, Samseong-ro, Godeok-myeon",www.samsung.com,代工/IDM/逻辑与微器件,Logic&Micro,EUV for Logic and DRAM starting 1znm,Logic and DRAM,0.002,12,,,,,,2021,2018,2021,2021,/Users/simon/Documents/Simon-OB/本体论/base/半导体/SEMI_WFF_2026_1Q.xlsx,Company Detail,file:///Users/simon/Documents/Simon-OB/%E6%9C%AC%E4%BD%93%E8%AE%BA/base/%E5%8D%8A%E5%AF%BC%E4%BD%93/output/semiconductor_ontology.json
Samsung - S1 (CIS Line) (Line 9+Line14),,晶圆制造工厂,"Samsung 的 S1 (CIS Line) (Line 9+Line14)，位于 Giheung, Gyeonggi, 韩国。",5067,晶圆厂/拆分,In production,Giheung,Gyeonggi,韩国,韩国,亚太,"San #24 Nongseo-Ri, Giheung-Eup, Youngin-City",www.samsung.com,Opto/Image Sensors,Opto,"Foundry service; ISP (Image signal processor)  D/R of CMOS Image Sensor, CMOS image sensors (CIS)",CIS,0.028,12,30000,67500,,,,2015,,,,/Users/simon/Documents/Simon-OB/本体论/base/半导体/SEMI_WFF_2026_1Q.xlsx,Company Detail,file:///Users/simon/Documents/Simon-OB/%E6%9C%AC%E4%BD%93%E8%AE%BA/base/%E5%8D%8A%E5%AF%BC%E4%BD%93/output/semiconductor_ontology.json
Samsung - P3 Phase 1 Support (3D NAND for P1 and P2),,晶圆制造工厂,"Samsung 的 P3 Phase 1 Support (3D NAND for P1 and P2)，位于 Pyeongtaek, Gyeonggi, 韩国。",5116,晶圆厂,In production,Pyeongtaek,Gyeonggi,韩国,韩国,亚太,"114, Samseong-ro, Godeok-myeon",www.samsung.com,存储器/闪存-3D NAND,Memory,3D NAND support for P1 and P2,3D NAND,0.021,12,50000,112500,715000,,,2022,2020,2022,2022,/Users/simon/Documents/Simon-OB/本体论/base/半导体/SEMI_WFF_2026_1Q.xlsx,Company Detail,file:///Users/simon/Documents/Simon-OB/%E6%9C%AC%E4%BD%93%E8%AE%BA/base/%E5%8D%8A%E5%AF%BC%E4%BD%93/output/semiconductor_ontology.json
Samsung - P3 Phase 2 (DRAM),,晶圆制造工厂,"Samsung 的 P3 Phase 2 (DRAM)，位于 Pyeongtaek, Gyeonggi, 韩国。",5122,晶圆厂,In production,Pyeongtaek,Gyeonggi,韩国,韩国,亚太,"114, Samseong-ro, Godeok-myeon",www.samsung.com,存储器/DRAM,Memory,"DRAM, EUV (start 1anm ~14nm)","DRAM, EUV",0.011,12,116000,261000,,,,2022,2020,2022,2022,/Users/simon/Documents/Simon-OB/本体论/base/半导体/SEMI_WFF_2026_1Q.xlsx,Company Detail,file:///Users/simon/Documents/Simon-OB/%E6%9C%AC%E4%BD%93%E8%AE%BA/base/%E5%8D%8A%E5%AF%BC%E4%BD%93/output/semiconductor_ontology.json
Samsung - S5 (in P2 3rd floor) (was S5 Phase 1),,晶圆制造工厂,"Samsung 的 S5 (in P2 3rd floor) (was S5 Phase 1)，位于 Pyeongtaek, Gyeonggi, 韩国。",6160,晶圆厂,In production,Pyeongtaek,Gyeonggi,韩国,韩国,亚太,"114, Samseong-ro, Godeok-myeon",www.samsung.com,代工/IDM/逻辑与微器件,Logic&Micro,"Logic, Foundry.IDM",CMOS,0.003,12,35000,78750,357000,,,2021,2020,2021,2021,/Users/simon/Documents/Simon-OB/本体论/base/半导体/SEMI_WFF_2026_1Q.xlsx,Company Detail,file:///Users/simon/Documents/Simon-OB/%E6%9C%AC%E4%BD%93%E8%AE%BA/base/%E5%8D%8A%E5%AF%BC%E4%BD%93/output/semiconductor_ontology.json
"Samsung - S6 (in P3, 8th floor) (was S5 Phase 2)",,晶圆制造工厂,"Samsung 的 S6 (in P3, 8th floor) (was S5 Phase 2)，位于 Pyeongtaek, Gyeonggi, 韩国。",6171,晶圆厂,In production,Pyeongtaek,Gyeonggi,韩国,韩国,亚太,"114, Samseong-ro, Godeok-myeon",www.samsung.com,代工/IDM/逻辑与微器件,Logic&Micro,"Logic, Foundry.IDM",CMOS,0.002,12,30000,67500,,,,2025,2022,2025,2025,/Users/simon/Documents/Simon-OB/本体论/base/半导体/SEMI_WFF_2026_1Q.xlsx,Company Detail,file:///Users/simon/Documents/Simon-OB/%E6%9C%AC%E4%BD%93%E8%AE%BA/base/%E5%8D%8A%E5%AF%BC%E4%BD%93/output/semiconductor_ontology.json
Samsung - V1-Logic 2nd floor (was EUV Fab),,晶圆制造工厂,"Samsung 的 V1-Logic 2nd floor (was EUV Fab)，位于 Hwaseong, Gyeonggi, 韩国。",6173,晶圆厂,In production,Hwaseong,Gyeonggi,韩国,韩国,亚太,"1, Samsungjeonja-ro",www.samsung.com,代工/IDM/逻辑与微器件,Logic&Micro,Logic section of V1 with capacity,Logic,0.003,12,20000,45000,,,,2020,2017,2020,2020,/Users/simon/Documents/Simon-OB/本体论/base/半导体/SEMI_WFF_2026_1Q.xlsx,Company Detail,file:///Users/simon/Documents/Simon-OB/%E6%9C%AC%E4%BD%93%E8%AE%BA/base/%E5%8D%8A%E5%AF%BC%E4%BD%93/output/semiconductor_ontology.json
Samsung - Line 8 (200mm),,晶圆制造工厂,"Samsung 的 Line 8 (200mm)，位于 Giheung, Gyeonggi, 韩国。",1384,晶圆厂,In production,Giheung,Gyeonggi,韩国,韩国,亚太,"San #24 Nongseo-Ri, Giheung-Eup, Youngin-City",www.samsung.com,代工/IDM/逻辑与微器件,Logic&Micro,"System LSI, CMOS image sensors (CIS), eFlash, PMIC (power management IC); DDI (Display Driver Ics), RF for IOT",CMOS,0.065,8,50000,50000,,1,,1998,,,,/Users/simon/Documents/Simon-OB/本体论/base/半导体/SEMI_WFF_2026_1Q.xlsx,Company Detail,file:///Users/simon/Documents/Simon-OB/%E6%9C%AC%E4%BD%93%E8%AE%BA/base/%E5%8D%8A%E5%AF%BC%E4%BD%93/output/semiconductor_ontology.json
Samsung - Taylor Phase 1 (was S6 Phase 1),,晶圆制造工厂,"Samsung 的 Taylor Phase 1 (was S6 Phase 1)，位于 Taylor, Texas, 美国。",6212,晶圆厂,Equipping,Taylor,Texas,美国,美洲,NA,1530 FM 973,www.samsung.com,代工/IDM/逻辑与微器件,Logic&Micro,"System LSI Foundry: low-p system-on-chip (SOC); FDSOI. Applications for mobile, 5G, high-performance computing and AI.","CMOS, Cu, SOI, strained Si, low-k, high-k/metal gate, FDSOI",0.004,12,35000,78750,375000,100,,2026,2022,2026,2026,/Users/simon/Documents/Simon-OB/本体论/base/半导体/SEMI_WFF_2026_1Q.xlsx,Company Detail,file:///Users/simon/Documents/Simon-OB/%E6%9C%AC%E4%BD%93%E8%AE%BA/base/%E5%8D%8A%E5%AF%BC%E4%BD%93/output/semiconductor_ontology.json
Samsung - P4 Phase 2 Support (was planned for 3D NAND),,晶圆制造工厂,"Samsung 的 P4 Phase 2 Support (was planned for 3D NAND)，位于 Pyeongtaek, Gyeonggi, 韩国。",6213,晶圆厂,On hold,Pyeongtaek,Gyeonggi,韩国,韩国,亚太,"114, Samseong-ro, Godeok-myeon",www.samsung.com,存储器/DRAM,Memory,DRAM,DRAM,0.01,12,30000,67500,,,,2029,2022,2026,2026,/Users/simon/Documents/Simon-OB/本体论/base/半导体/SEMI_WFF_2026_1Q.xlsx,Company Detail,file:///Users/simon/Documents/Simon-OB/%E6%9C%AC%E4%BD%93%E8%AE%BA/base/%E5%8D%8A%E5%AF%BC%E4%BD%93/output/semiconductor_ontology.json
Samsung - P4 Phase 1 (DRAM),,晶圆制造工厂,"Samsung 的 P4 Phase 1 (DRAM)，位于 Pyeongtaek, Gyeonggi, 韩国。",6214,晶圆厂,In production,Pyeongtaek,Gyeonggi,韩国,韩国,亚太,"114, Samseong-ro, Godeok-myeon",www.samsung.com,存储器/DRAM,Memory,"DRAM, EUV","DRAM, EUV",0.011,12,150000,337500,,,,2025,2022,2025,2025,/Users/simon/Documents/Simon-OB/本体论/base/半导体/SEMI_WFF_2026_1Q.xlsx,Company Detail,file:///Users/simon/Documents/Simon-OB/%E6%9C%AC%E4%BD%93%E8%AE%BA/base/%E5%8D%8A%E5%AF%BC%E4%BD%93/output/semiconductor_ontology.json
Sanan Optoelectronics - Sanan IC Xiamen,,晶圆制造工厂,"Sanan Optoelectronics 的 Sanan IC Xiamen，位于 Xiamen, Fujian, 中国。",3827,晶圆厂，中试线，研发,In production,Xiamen,Fujian,中国,中国,亚太,"No. 753-799, Min'an Ave., Hongtang",http://www.sanan-e.com/,Discrete/Power,Discrete,"HBT, power pHEMT, FET, SBD, GaN HEMT","GaAs, GaN",0.5,6,30000,16875,,,,2016,,,,/Users/simon/Documents/Simon-OB/本体论/base/半导体/SEMI_WFF_2026_1Q.xlsx,Company Detail,http://www.sanan-e.com/
Sanan Optoelectronics - Changsha SiC device fab,,晶圆制造工厂,"Sanan Optoelectronics 的 Changsha SiC device fab，位于 Changsha, Hunan, 中国。",6282,晶圆厂,In production,Changsha,Hunan,中国,中国,亚太,"2450, Yuelu W Ave.",http://www.sanan-e.com/,Discrete/Power,Discrete,Power devices,"SiC, GaN, GaAs",0.25,6,60000,33750,,,,2021,2020,2021,2021,/Users/simon/Documents/Simon-OB/本体论/base/半导体/SEMI_WFF_2026_1Q.xlsx,Company Detail,http://www.sanan-e.com/
Sanan Optoelectronics - Sanan-ST SiC Device JV (Phase 1+2),,晶圆制造工厂,"Sanan Optoelectronics 的 Sanan-ST SiC Device JV (Phase 1+2)，位于 Chongqing, Chongqing, 中国。",6501,晶圆厂,In production,Chongqing,Chongqing,中国,中国,亚太,Chongqing High-Tech Zone,http://www.sanan-e.com/,Discrete/Power,Discrete,200mm Silicon Carbide (SiC) power devices such as for car electrification and industrial power and energy applications.,SiC,0.11,8,40000,40000,,,,2025,2023,2025,2025,/Users/simon/Documents/Simon-OB/本体论/base/半导体/SEMI_WFF_2026_1Q.xlsx,Company Detail,http://www.sanan-e.com/
"Sanken Electric Co., Ltd. - Fab 2-Line 2 (1st floor)",,晶圆制造工厂,"Sanken Electric Co., Ltd. 的 Fab 2-Line 2 (1st floor)，位于 Higashine, Yamagata, 日本。",1526,晶圆厂,in production,Higashine,Yamagata,日本,日本,日本,5600-2 Oaza-Higashine-Ko,http://www.sanken-ele.co.jp/en/index.php,Discrete/Power,Discrete,Power Management,CMOS,0.6,8,20000,20000,,,,1998,2011,2012,2012,/Users/simon/Documents/Simon-OB/本体论/base/半导体/SEMI_WFF_2026_1Q.xlsx,Company Detail,http://www.sanken-ele.co.jp/en/index.php
"Sanken Electric Co., Ltd. - Fab 1",,晶圆制造工厂,"Sanken Electric Co., Ltd. 的 Fab 1，位于 Higashine, Yamagata, 日本。",868,晶圆厂,in production,Higashine,Yamagata,日本,日本,日本,5600-2 Oaza-Higashine-Ko,http://www.sanken-ele.co.jp/en/index.php,Discrete/Power,Discrete,"Power IC, Control IC, Hall-effect IC, Bipolar Transistor, MOSFET, IGBT, Thyristor, rectifier Diode, LED",Bipolar,2,5,10000,3906.25,,1000,86111,1981,1979,1981,1981,/Users/simon/Documents/Simon-OB/本体论/base/半导体/SEMI_WFF_2026_1Q.xlsx,Company Detail,http://www.sanken-ele.co.jp/en/index.php
"Sanken Electric Co., Ltd. - Fab 2-Line 1",,晶圆制造工厂,"Sanken Electric Co., Ltd. 的 Fab 2-Line 1，位于 Higashine, Yamagata, 日本。",1507,晶圆厂,in production,Higashine,Yamagata,日本,日本,日本,5600-2 Oaza-Higashine-Ko,http://www.sanken-ele.co.jp/en/index.php,Discrete/Power,Discrete,"Discretes, Power IC (MOS/BiCMOS), BCD, IGBT",BiCMOS,0.8,6,26000,14625,,1000,86111,1989,1987,1989,1989,/Users/simon/Documents/Simon-OB/本体论/base/半导体/SEMI_WFF_2026_1Q.xlsx,Company Detail,http://www.sanken-ele.co.jp/en/index.php
Sansha Electric Manufacturing Co. - Building A and B,,晶圆制造工厂,"Sansha Electric Manufacturing Co. 的 Building A and B，位于 Katsuta, Okayama, 日本。",3120,晶圆厂,In production-merged,Katsuta,Okayama,日本,日本,日本,"1742, Kaki, Nagi-Machi",www.sansha.co.jp,Discrete/Power,Discrete,"Power semiconductors, Triac, Thyristor, Rectifier, Fast recovery diode, SBD, SiC","BiPolar, SiC",0.8,5,40000,15625,,,,2001,2000,2001,2001,/Users/simon/Documents/Simon-OB/本体论/base/半导体/SEMI_WFF_2026_1Q.xlsx,Company Detail,file:///Users/simon/Documents/Simon-OB/%E6%9C%AC%E4%BD%93%E8%AE%BA/base/%E5%8D%8A%E5%AF%BC%E4%BD%93/output/semiconductor_ontology.json
SCL (Semiconductor Laboratory) - MEMS Line,,晶圆制造工厂,"SCL (Semiconductor Laboratory) 的 MEMS Line，位于 Mohali - SAS Nagar (Chandigarh), Punjab, 印度。",3846,晶圆厂，研发,In production,Mohali - SAS Nagar (Chandigarh),Punjab,印度,SE Asia,亚太,"Sector 72, S.A.S Nagar",http://www.scl.gov.in/,MEMS,MEMS,"MEMS (Pressure Sensors, Gyroscope, RF Sensors), and process technologies related",MEMS,0.8,6,500,281.25,6000,10,,2004,2002,2004,2004,/Users/simon/Documents/Simon-OB/本体论/base/半导体/SEMI_WFF_2026_1Q.xlsx,Company Detail,http://www.scl.gov.in/
SCL (Semiconductor Laboratory) - Silicon Fab (CMOS),,晶圆制造工厂,"SCL (Semiconductor Laboratory) 的 Silicon Fab (CMOS)，位于 Mohali - SAS Nagar (Chandigarh), Punjab, 印度。",903,晶圆厂，研发,Will be closed,Mohali - SAS Nagar (Chandigarh),Punjab,印度,SE Asia,亚太,"Sector 72, S.A.S Nagar",http://www.scl.gov.in/,Discrete/Other,Discrete,"For space application: R&D in the field of semiconductor technology, process technologies relating to semiconductor processing.",CMOS,0.18,8,2000,2000,7360,1,100000,1997,2011,2014,2015,/Users/simon/Documents/Simon-OB/本体论/base/半导体/SEMI_WFF_2026_1Q.xlsx,Company Detail,http://www.scl.gov.in/
SCL (Semiconductor Laboratory) - New 28nm Line,,晶圆制造工厂,"SCL (Semiconductor Laboratory) 的 New 28nm Line，位于 Mohali - SAS Nagar (Chandigarh), Punjab, 印度。",6454,晶圆厂，研发,Planned,Mohali - SAS Nagar (Chandigarh),Punjab,印度,SE Asia,亚太,"Sector 72, S.A.S Nagar",http://www.scl.gov.in/,代工/IDM/逻辑与微器件,Logic&Micro,28nm chips,CMOS,0.028,12,5000,11250,,,,2028,2026,2028,2028,/Users/simon/Documents/Simon-OB/本体论/base/半导体/SEMI_WFF_2026_1Q.xlsx,Company Detail,http://www.scl.gov.in/
Seagate - Springtown Plant Northern Ireland,,晶圆制造工厂,"Seagate 的 Springtown Plant Northern Ireland，位于 Londonderry, North Yorkshire, 爱尔兰。",3636,晶圆厂，研发,In production,Londonderry,North Yorkshire,爱尔兰,Europe & Mideast,欧洲,"No. 1 Disc Drive, Buncrana Road",www.seagate.com,MEMS,MEMS,"Recording Wafer Design;  manufactures thin, film-recording head wafers MEMS","Si-substrate, AlTiC wafers, MEMS",0.06,8,20000,20000,,,,1993,2010,2012,2012,/Users/simon/Documents/Simon-OB/本体论/base/半导体/SEMI_WFF_2026_1Q.xlsx,Company Detail,file:///Users/simon/Documents/Simon-OB/%E6%9C%AC%E4%BD%93%E8%AE%BA/base/%E5%8D%8A%E5%AF%BC%E4%BD%93/output/semiconductor_ontology.json
Seagate - Bloomington Wafer Fab 2,,晶圆制造工厂,"Seagate 的 Bloomington Wafer Fab 2，位于 Bloomington, Minnesota, 美国。",3637,晶圆厂,In production,Bloomington,Minnesota,美国,美洲,NA,7801 Computer Ave,www.seagate.com,MEMS,MEMS,inductive thin-film and magnetoresistive (MR) heads MEMS,"Si-substrate, AlTiC wafers, MEMS",0.06,8,10000,10000,,,225000,1997,2013,2014,,/Users/simon/Documents/Simon-OB/本体论/base/半导体/SEMI_WFF_2026_1Q.xlsx,Company Detail,file:///Users/simon/Documents/Simon-OB/%E6%9C%AC%E4%BD%93%E8%AE%BA/base/%E5%8D%8A%E5%AF%BC%E4%BD%93/output/semiconductor_ontology.json
Seagate - Bloomington Wafer Fab 1 (RHO),,晶圆制造工厂,"Seagate 的 Bloomington Wafer Fab 1 (RHO)，位于 Bloomington, Minnesota, 美国。",3638,晶圆厂,In production,Bloomington,Minnesota,美国,美洲,NA,7801 Computer Ave,www.seagate.com,MEMS,MEMS,inductive thin-film and magnetoresistive (MR) heads MEMS,"Si-substrate, AlTiC wafers, MEMS",0.06,8,20000,20000,,,,1981,2013,2014,2014,/Users/simon/Documents/Simon-OB/本体论/base/半导体/SEMI_WFF_2026_1Q.xlsx,Company Detail,file:///Users/simon/Documents/Simon-OB/%E6%9C%AC%E4%BD%93%E8%AE%BA/base/%E5%8D%8A%E5%AF%BC%E4%BD%93/output/semiconductor_ontology.json
SeeYa Technology - Hefei Fab 1,,晶圆制造工厂,"SeeYa Technology 的 Hefei Fab 1，位于 Hefei, Anhui, 中国。",6598,晶圆厂，中试线，研发,In production,Hefei,Anhui,中国,中国,亚太,"No.99, Tonghuai Middle Road",https://www.seeya-tech.com/en/,光电器件/激光器及其他,Opto,MicroOLED (Silicon Base OLED),MicroOLED,0.13,12,12000,27000,,,578700,2019,2017,2019,2019,/Users/simon/Documents/Simon-OB/本体论/base/半导体/SEMI_WFF_2026_1Q.xlsx,Company Detail,https://www.seeya-tech.com/en/
Seiko Epson Corporation - T-Wing (8-inch),,晶圆制造工厂,"Seiko Epson Corporation 的 T-Wing (8-inch)，位于 Sakata, Yamagata, 日本。",1397,晶圆厂,In production-merged,Sakata,Yamagata,日本,日本,日本,166-3 Jyuritsuka,http://www.epson.co.jp/e,Logic/Other,Logic&Micro,"Foundry, System LSI, Logic, MCU, LCD drivers.","CMOS, W, Si",0.15,8,30000,30000,,,548959,1997,,2007,2007,/Users/simon/Documents/Simon-OB/本体论/base/半导体/SEMI_WFF_2026_1Q.xlsx,Company Detail,http://www.epson.co.jp/e
Seiko Epson Corporation - Miyazaki plant (Epson Toyocom),,晶圆制造工厂,"Seiko Epson Corporation 的 Miyazaki plant (Epson Toyocom)，位于 Miyazaki, Miyazaki, 日本。",3481,晶圆厂,In production,Miyazaki,Miyazaki,日本,日本,日本,"1860, Hei, Imaizumi, Kiyotake-cho,",http://www.epson.co.jp/e,MEMS,MEMS,Q MEMS. Quartz crystals: artificial Silicon crystal wafers  (SiO2 wafers) (10mm X 10mm to 34mm X 62mm),quartz (SiO2) wafers,3,4,5000,1250,,,,1949,1984,1985,1985,/Users/simon/Documents/Simon-OB/本体论/base/半导体/SEMI_WFF_2026_1Q.xlsx,Company Detail,http://www.epson.co.jp/e
Seiko Epson Corporation - Ina plant,,晶圆制造工厂,"Seiko Epson Corporation 的 Ina plant，位于 Kamiina, Nagano, 日本。",3482,晶圆厂，研发,In production,Kamiina,Nagano,日本,日本,日本,"8548, Nakaminowa, Minowa-machi",http://www.epson.co.jp/e,MEMS,MEMS,"Synthetic crystal quartz (SiO2) wafers (10mm X 10mm to 34mm X 62mm), Crsytal Oscillator, Filter, Q MEMS Sensors, Gyro sensor, using quartz (SiO2) wafers","Q MEMS, quartz (SiO2) wafers",3,4,3000,750,,,,1974,1973,1974,1974,/Users/simon/Documents/Simon-OB/本体论/base/半导体/SEMI_WFF_2026_1Q.xlsx,Company Detail,http://www.epson.co.jp/e
Seiko Epson Corporation - Suwa Minami 6-inch Line,,晶圆制造工厂,"Seiko Epson Corporation 的 Suwa Minami 6-inch Line，位于 Suwa-gun, Nagano, 日本。",4941,晶圆厂,In production,Suwa-gun,Nagano,日本,日本,日本,"1010 Fujimi, Fujimi-cho",http://www.epson.co.jp/e,MEMS,MEMS,MEMS: Printheads,,1,6,56000,31500,,,,2013,2011,2013,2013,/Users/simon/Documents/Simon-OB/本体论/base/半导体/SEMI_WFF_2026_1Q.xlsx,Company Detail,http://www.epson.co.jp/e
Seiko Epson Corporation - Hirooka Plant,,晶圆制造工厂,"Seiko Epson Corporation 的 Hirooka Plant，位于 Shiojiri, Nagano, 日本。",4942,晶圆厂，研发,In production,Shiojiri,Nagano,日本,日本,日本,80 Harashinden,http://www.epson.co.jp/e,MEMS,MEMS,"MEMS, printheads",,1,6,30000,16875,,,,2018,2016,2018,2018,/Users/simon/Documents/Simon-OB/本体论/base/半导体/SEMI_WFF_2026_1Q.xlsx,Company Detail,http://www.epson.co.jp/e
Seiko Epson Corporation - S-Wing (6-inch),,晶圆制造工厂,"Seiko Epson Corporation 的 S-Wing (6-inch)，位于 Sakata, Yamagata, 日本。",892,晶圆厂,in production,Sakata,Yamagata,日本,日本,日本,166-3 Jyuritsuka,http://www.epson.co.jp/e,Logic/Other,Logic&Micro,"Foundry, System LSI, Logic, MCU, LCD drivers.","CMOS, BiCMOS, MoSi, Wsi",0.35,6,30000,16875,,1,,1991,1990,1991,1991,/Users/simon/Documents/Simon-OB/本体论/base/半导体/SEMI_WFF_2026_1Q.xlsx,Company Detail,http://www.epson.co.jp/e
Seiko NPC (formaly Nippon Precision Circuits) - Shiobara Technology Center,,晶圆制造工厂,"Seiko NPC (formaly Nippon Precision Circuits) 的 Shiobara Technology Center，位于 Nasushiobara, Tochigi, 日本。",727,晶圆厂，中试线，研发,in production,Nasushiobara,Tochigi,日本,日本,日本,"531-1 Shimotano, Shiobara",http://www.npc.co.jp/en/,Discrete/Power,Discrete,"IC components, power management IC, temp sensors","CMOS, BiCMOS",0.8,6,8000,4500,32295,1000,,1984,1982,1994,1994,/Users/simon/Documents/Simon-OB/本体论/base/半导体/SEMI_WFF_2026_1Q.xlsx,Company Detail,http://www.npc.co.jp/en/
Semefab Ltd. - Fab 1 (CMOS1),,晶圆制造工厂,"Semefab Ltd. 的 Fab 1 (CMOS1)，位于 Glenrothes, Fife, Scotland。",901,晶圆厂,in production,Glenrothes,Fife,Scotland,Europe & Mideast,欧洲,"Newark Road South, Eastfield Ind. Estate",http://www.semefab.com,代工/IDM/功率,Discrete,"CMOS Bipolar products, Linear IC, JFET, RF MOSFET, Discrete diodes","CMOS; MOS, Bipolar",2.5,4,4200,1050,4575,100,22000,1986,1984,1986,1986,/Users/simon/Documents/Simon-OB/本体论/base/半导体/SEMI_WFF_2026_1Q.xlsx,Company Detail,http://www.semefab.com
Semefab Ltd. - Fab 3 (CMOS3),,晶圆制造工厂,"Semefab Ltd. 的 Fab 3 (CMOS3)，位于 Glenrothes, Fife, Scotland。",2437,晶圆厂,In production,Glenrothes,Fife,Scotland,Europe & Mideast,欧洲,"Unit E, Newark Road South, Eastfield Ind. Estate",http://www.semefab.com,Foundry/IDM/MEMS,MEMS,"complete 6-inch foundry of CMOS and MEMS technology, Opto IC, ASIC for applications such as ALS for CCTV and Blood Analyss","CMOS; MOS, Bipolar, MEMS",0.8,6,6250,3515.625,12917,10,15850,2011,2009,2011,2011,/Users/simon/Documents/Simon-OB/本体论/base/半导体/SEMI_WFF_2026_1Q.xlsx,Company Detail,http://www.semefab.com
Semefab Ltd. - Fab 2 (new MEMS 2),,晶圆制造工厂,"Semefab Ltd. 的 Fab 2 (new MEMS 2)，位于 Glenrothes, Fife, Scotland。",2897,晶圆厂，研发,In production,Glenrothes,Fife,Scotland,Europe & Mideast,欧洲,"Newark Road South, Eastfield Ind. Estate",http://www.semefab.com,代工/MEMS,MEMS,"MEMS Foundry, MEMS sensors, Pressure sensor, Accelerometer","MEMS, CMOS",0.8,6,2100,1181.25,6459,100,8450,2009,2008,2009,2009,/Users/simon/Documents/Simon-OB/本体论/base/半导体/SEMI_WFF_2026_1Q.xlsx,Company Detail,http://www.semefab.com
Semicoa Semiconductors - N/A,,晶圆制造工厂,"Semicoa Semiconductors 的 N/A，位于 Costa Mesa, California, 美国。",902,晶圆厂,in production,Costa Mesa,California,美国,美洲,NA,333 Mccormick,http://www.semicoa.com,Discrete/Power,Discrete,"Custom Hi-Reliability RF Power Photodiodes, (RF) small signal, power transistors",Bipolar,0.5,4,12000,3000,10000,,,1969,1967,1969,1969,/Users/simon/Documents/Simon-OB/本体论/base/半导体/SEMI_WFF_2026_1Q.xlsx,Company Detail,http://www.semicoa.com
Semiconductor Integrated Display Technology (SIDTEK) - 12inch MicroOLED Line,,晶圆制造工厂,"Semiconductor Integrated Display Technology (SIDTEK) 的 12inch MicroOLED Line，位于 Wuhu, Anhui, 中国。",6569,晶圆厂,In production/support,Wuhu,Anhui,中国,中国,亚太,"No.1 Foshan Road, Gao'an Street",http://en.sidtek.com.cn/,光电器件/激光器及其他,Opto,,,0.055,12,6000,13500,,,,2024,2022,2024,2024,/Users/simon/Documents/Simon-OB/本体论/base/半导体/SEMI_WFF_2026_1Q.xlsx,Company Detail,http://en.sidtek.com.cn/
Semikron Elektronik GmbH & Co. KG - SEMIKRON Vrbove,,晶圆制造工厂,"Semikron Elektronik GmbH & Co. KG 的 SEMIKRON Vrbove，位于 Vrbové, Piešťany, Slovakia。",3554,晶圆厂,In production,Vrbové,Piešťany,Slovakia,Europe & Mideast,欧洲,Steruská ul. 3,http://www.semikron.com,Discrete/Power,Discrete,"Power, IGBT, MOSFET, Thyristor, Diode","Bipolar, MOS",2,4,4000,1000,,1000,6728,1993,1992,1993,1993,/Users/simon/Documents/Simon-OB/本体论/base/半导体/SEMI_WFF_2026_1Q.xlsx,Company Detail,http://www.semikron.com
Semikron Elektronik GmbH & Co. KG - SEMICELL,,晶圆制造工厂,"Semikron Elektronik GmbH & Co. KG 的 SEMICELL，位于 Nürnberg, Bavaria, 德国。",3549,晶圆厂，研发,In production,Nürnberg,Bavaria,德国,Europe & Mideast,欧洲,Sigmundstr. 200,http://www.semikron.com,Discrete/Power,Discrete,"Power, diodes and thyristors",Bipolar,1,6,20000,11250,,,,1999,1998,1999,1999,/Users/simon/Documents/Simon-OB/本体论/base/半导体/SEMI_WFF_2026_1Q.xlsx,Company Detail,http://www.semikron.com
"SemiSouth Laboratories, Inc. - N/A",,晶圆制造工厂,"SemiSouth Laboratories, Inc. 的 N/A，位于 Starkville, Mississippi, 美国。",2173,晶圆厂，研发,In production,Starkville,Mississippi,美国,美洲,NA,201 Research Blvd,http://www.semisouth.com,Discrete/Power,Discrete,"Power Rectifiers, Power Transistors, SiC power JFET and power diode; EPI, SiC Foundry; Silicon Carbide (SiC) Schottky Barrier Rectifiers (SBRs)",CMOS; BiPolar; SiC; EPI,1.5,4,12000,3000,12000,,20000,2006,2005,2006,2006,/Users/simon/Documents/Simon-OB/本体论/base/半导体/SEMI_WFF_2026_1Q.xlsx,Company Detail,http://www.semisouth.com
Sensera - Woburn (inside Agiltron fab),,晶圆制造工厂,"Sensera 的 Woburn (inside Agiltron fab)，位于 Woburn, Massachusetts, 美国。",5005,晶圆厂，研发,In production,Woburn,Massachusetts,美国,美洲,NA,15 Presidential Way,www.sensera.com,MEMS,MEMS,"MEMS: high performance microsensors and micro-fabricated components for Healthcare, Industrial, Defense and Aerospace markets","MEMS, Si, Glass",0.5,6,417,234.5625,4000,100,,2011,2010,2011,2011,/Users/simon/Documents/Simon-OB/本体论/base/半导体/SEMI_WFF_2026_1Q.xlsx,Company Detail,file:///Users/simon/Documents/Simon-OB/%E6%9C%AC%E4%BD%93%E8%AE%BA/base/%E5%8D%8A%E5%AF%BC%E4%BD%93/output/semiconductor_ontology.json
SensFab Pte. Ltd. - Fab 1,,晶圆制造工厂,"SensFab Pte. Ltd. 的 Fab 1，位于 新加坡, 新加坡, 新加坡。",1906,晶圆厂,in production,新加坡,新加坡,新加坡,SE Asia,亚太,"85 Science Park Drive, #02-07 The Cavendish",http://www.sensfab.com.sg,MEMS,MEMS,"ASICs, MEMS: pressure sensors; accelerometer; silicon microphone; thermopile arrays, thermal cameras; Foundry service:(CMOS MEMS technology, bulk and surface processes, MEMS)","MEMS, BiCMOS",0.6,6,2000,1125,4200,10,,1995,1994,1995,1995,/Users/simon/Documents/Simon-OB/本体论/base/半导体/SEMI_WFF_2026_1Q.xlsx,Company Detail,http://www.sensfab.com.sg
Sensitron Semiconductor - N/A,,晶圆制造工厂,"Sensitron Semiconductor 的 N/A，位于 Deer Park, New York, 美国。",1641,晶圆厂,in production,Deer Park,New York,美国,美洲,NA,221 West Industry Court,http://www.sensitron.com,Discrete/Power,Discrete,"Rectifiers (Schottky, Power, Fast), Silicon Rectifier Dice, voltage contro, RF (amplifiers, switches, dividers), IGBT, MOSFETs, GaAs","GaAs, Bipolar, IGBT, MOSFET",2,4,15000,3750,2700,10000,23000,1972,1970,1972,1972,/Users/simon/Documents/Simon-OB/本体论/base/半导体/SEMI_WFF_2026_1Q.xlsx,Company Detail,http://www.sensitron.com
Sensonor - Horten,,晶圆制造工厂,"Sensonor 的 Horten，位于 Horten, Vestfold, Norway。",2359,晶圆厂，研发,In production,Horten,Vestfold,Norway,Europe & Mideast,欧洲,Knudsrødveien 7,www.sensonor.com,MEMS/RF,MEMS,"MEMS Sensors: Gyro and Pressure Sensors, Temperature Sensors,  Magnetic Field Sensors and SAW Filters",MEMS,1,6,1000,562.5,16146,100,,1986,2005,2005,2006,/Users/simon/Documents/Simon-OB/本体论/base/半导体/SEMI_WFF_2026_1Q.xlsx,Company Detail,file:///Users/simon/Documents/Simon-OB/%E6%9C%AC%E4%BD%93%E8%AE%BA/base/%E5%8D%8A%E5%AF%BC%E4%BD%93/output/semiconductor_ontology.json
Sercalo - MEMS Facility,,晶圆制造工厂,"Sercalo 的 MEMS Facility，位于 Neuchâtel, Neuchâtel, 瑞士。",5074,晶圆厂，中试线，研发,In production,Neuchâtel,Neuchâtel,瑞士,Europe & Mideast,欧洲,Rue des Draizes 5,"_x000D_
http://www.sercalo.com",MEMS/Opto,MEMS,"Foundry service; MOEMS (Micro-Opto- Electro-Mechanical Systems), MEMS micro mirrors, Galvanometer, Photonics, MEMS VOA (variable optical attenuators)","MEMS, MOEMS",0.5,4,2000,500,,,,1999,1998,1999,1999,/Users/simon/Documents/Simon-OB/本体论/base/半导体/SEMI_WFF_2026_1Q.xlsx,Company Detail,http://www.sercalo.com
Shaanxi Electronic Core Industry Times Technology - Fab 1,,晶圆制造工厂,"Shaanxi Electronic Core Industry Times Technology 的 Fab 1，位于 Xian, Shaanxi, 中国。",6649,晶圆厂,In production,Xian,Shaanxi,中国,中国,亚太,Intersection of Qinghe North Road and Cuiwei Road,,代工/功率,Discrete,,,0.35,8,50000,50000,,,,2026,2023,2025,2026,/Users/simon/Documents/Simon-OB/本体论/base/半导体/SEMI_WFF_2026_1Q.xlsx,Company Detail,file:///Users/simon/Documents/Simon-OB/%E6%9C%AC%E4%BD%93%E8%AE%BA/base/%E5%8D%8A%E5%AF%BC%E4%BD%93/SEMI_WFF_2026_1Q.xlsx
Shanghai Advanced Micro Semiconductors - Fab 2,,晶圆制造工厂,"Shanghai Advanced Micro Semiconductors 的 Fab 2，位于 Shanghai, Shanghai, 中国。",6540,晶圆厂，中试线，研发,1st silicon,Shanghai,Shanghai,中国,中国,亚太,"2020 Feidu Road, Pudong, Shanghai, China",https://www.advanced-microsemi.com/en/,代工/功率,Discrete,GaN HEMT,"InP, GaN, GaAs",0.15,6,10000,5625,,,28288,2026,2024,2026,2026,/Users/simon/Documents/Simon-OB/本体论/base/半导体/SEMI_WFF_2026_1Q.xlsx,Company Detail,https://www.advanced-microsemi.com/en/
Sharp - Fukuyama Plant 4,,晶圆制造工厂,"Sharp 的 Fukuyama Plant 4，位于 Fukuyama, Hiroshima, 日本。",1398,晶圆厂，研发,In production-merged,Fukuyama,Hiroshima,日本,日本,日本,"1 Asahi, Daimon-cho,",http://www.sharp-world.com/,Opto/Image Sensors,Opto,"CMOS Image Sensor, RF Device, Driver IC, Optronics Device (LED, Micro LED Display) and LD (Laser Diode) LD Business is operated by Sharp Fukuyama Laser.",CMOS SOI,0.13,8,20000,20000,,1,279862,1999,1997,1998,1999,/Users/simon/Documents/Simon-OB/本体论/base/半导体/SEMI_WFF_2026_1Q.xlsx,Company Detail,http://www.sharp-world.com/
Shenzhen MTC LED - Nanchang,,晶圆制造工厂,"Shenzhen MTC LED 的 Nanchang，位于 Nanchang, Jiangxi, 中国。",4970,晶圆厂,In production,Nanchang,Jiangxi,中国,中国,亚太,"No. 199 Hujia Road, Changdong Industrial Park",http://www.szmtc.com.cn/en,光电器件/LED,Opto,LED,"GaN, GaAs",2,4,1100000,275000,,,,2019,2018,2019,2019,/Users/simon/Documents/Simon-OB/本体论/base/半导体/SEMI_WFF_2026_1Q.xlsx,Company Detail,http://www.szmtc.com.cn/en
Shenzhen Sitan Technology - Xiamen Phase 1,,晶圆制造工厂,"Shenzhen Sitan Technology 的 Xiamen Phase 1，位于 Xiamen, Fujian, 中国。",6590,晶圆厂,In production,Xiamen,Fujian,中国,中国,亚太,"Room 501, Building 5, Torch Shinco Plaza, Huli District,",https://www.szsitan.com/st,光电器件/LED,Opto,,MicroLED,0.5,6,10000,5625,,,20000,2024,2023,2024,2024,/Users/simon/Documents/Simon-OB/本体论/base/半导体/SEMI_WFF_2026_1Q.xlsx,Company Detail,https://www.szsitan.com/st
"Shindengen Electric Manufacturing Co., Ltd. - Asuka Building #2 (125mm)",,晶圆制造工厂,"Shindengen Electric Manufacturing Co., Ltd. 的 Asuka Building #2 (125mm)，位于 Yurihonjo, Akita, 日本。",3727,晶圆厂,In production,Yurihonjo,Akita,日本,日本,日本,"39-1, Maeda, Tsuchiya",http://www.shindengen.co.jp,Discrete/Power,Discrete,"Diodes (Rectifier, Schottky),  MOS FET, Wafer chip (700M units per month) , Thyristor, Hybrid IC",,1,5,40000,15625,,,,2003,2002,2003,2003,/Users/simon/Documents/Simon-OB/本体论/base/半导体/SEMI_WFF_2026_1Q.xlsx,Company Detail,http://www.shindengen.co.jp
"Shindengen Electric Manufacturing Co., Ltd. - Higashine Bldg #1",,晶圆制造工厂,"Shindengen Electric Manufacturing Co., Ltd. 的 Higashine Bldg #1，位于 Higashine, Yamagata, 日本。",958,晶圆厂,in production,Higashine,Yamagata,日本,日本,日本,"Ko-5600-1, Higashine",http://www.shindengen.co.jp,Discrete/Power,Discrete,"Power Ics, Diodes",Bipolar MOS,2,6,25000,14062.5,30000,1000,,1982,2004,,,/Users/simon/Documents/Simon-OB/本体论/base/半导体/SEMI_WFF_2026_1Q.xlsx,Company Detail,http://www.shindengen.co.jp
"Shindengen Electric Manufacturing Co., Ltd. - Higashine Bldg #3-2",,晶圆制造工厂,"Shindengen Electric Manufacturing Co., Ltd. 的 Higashine Bldg #3-2，位于 Higashine, Yamagata, 日本。",957,晶圆厂,in production,Higashine,Yamagata,日本,日本,日本,"Ko-5600-1, Higashine",http://www.shindengen.co.jp,Discrete/Power,Discrete,"Power IC, Diodes, MOS IC",CMOS MOS,1.5,6,12000,6750,27311,,,2001,1999,2001,2001,/Users/simon/Documents/Simon-OB/本体论/base/半导体/SEMI_WFF_2026_1Q.xlsx,Company Detail,http://www.shindengen.co.jp
"Shindengen Electric Manufacturing Co., Ltd. - Higashine Bldg #3-1",,晶圆制造工厂,"Shindengen Electric Manufacturing Co., Ltd. 的 Higashine Bldg #3-1，位于 Higashine, Yamagata, 日本。",956,晶圆厂,in production,Higashine,Yamagata,日本,日本,日本,"Ko-5600-1, Higashine",http://www.shindengen.co.jp,Discrete/Power,Discrete,"Power IC, Diodes, MOS IC",CMOS MOS,2,5,30000,11718.75,25000,,,1993,1992,1993,1993,/Users/simon/Documents/Simon-OB/本体论/base/半导体/SEMI_WFF_2026_1Q.xlsx,Company Detail,http://www.shindengen.co.jp
"Shindengen Electric Manufacturing Co., Ltd. - Higashine Bldg #2",,晶圆制造工厂,"Shindengen Electric Manufacturing Co., Ltd. 的 Higashine Bldg #2，位于 Higashine, Yamagata, 日本。",959,晶圆厂,in production,Higashine,Yamagata,日本,日本,日本,"Ko-5600-1, Higashine",http://www.shindengen.co.jp,Discrete/Power,Discrete,"Power IC, Diodes",Bipolar,2,5,25000,9765.625,27311,,,1986,1984,1986,1986,/Users/simon/Documents/Simon-OB/本体论/base/半导体/SEMI_WFF_2026_1Q.xlsx,Company Detail,http://www.shindengen.co.jp
"Shindengen Electric Manufacturing Co., Ltd. - Asuka Building #1 (100mm)",,晶圆制造工厂,"Shindengen Electric Manufacturing Co., Ltd. 的 Asuka Building #1 (100mm)，位于 Yurihonjo, Akita, 日本。",960,晶圆厂,in production,Yurihonjo,Akita,日本,日本,日本,"39-1, Maeda, Tsuchiya",http://www.shindengen.co.jp,Discrete/Power,Discrete,"Diodes (Rectifier, Schottky),  MOSFET, Wafer chip (700M units per month), Thyristor, Hybrid IC",Bipolar; MOSFET,2,4,200000,50000,19377,,,1995,1994,1995,1995,/Users/simon/Documents/Simon-OB/本体论/base/半导体/SEMI_WFF_2026_1Q.xlsx,Company Detail,http://www.shindengen.co.jp
"Shindengen Electric Manufacturing Co., Ltd. - Higashine Bldg #4",,晶圆制造工厂,"Shindengen Electric Manufacturing Co., Ltd. 的 Higashine Bldg #4，位于 Higashine, Yamagata, 日本。",3213,晶圆厂,In production,Higashine,Yamagata,日本,日本,日本,"5600-1 Kou, Ooaza Higashine",http://www.shindengen.co.jp,Discrete/Power,Discrete,"Power IC, Diodes, MOS IC","Bipolar, MOS",1.5,6,15000,8437.5,,,,2005,2003,2004,2005,/Users/simon/Documents/Simon-OB/本体论/base/半导体/SEMI_WFF_2026_1Q.xlsx,Company Detail,http://www.shindengen.co.jp
"Shindengen Electric Manufacturing Co., Ltd. - Asuka Building #2 (100mm)",,晶圆制造工厂,"Shindengen Electric Manufacturing Co., Ltd. 的 Asuka Building #2 (100mm)，位于 Yurihonjo, Akita, 日本。",3214,晶圆厂,In production,Yurihonjo,Akita,日本,日本,日本,"39-1, Maeda, Tsuchiya",http://www.shindengen.co.jp,Discrete/Power,Discrete,"Diodes (Rectifier, Schottky),  MOS FET, Wafer chip (700M units per month) , Thyristor, Hybrid IC",Bipolar,2,4,150000,37500,,,,1999,1998,1999,1999,/Users/simon/Documents/Simon-OB/本体论/base/半导体/SEMI_WFF_2026_1Q.xlsx,Company Detail,http://www.shindengen.co.jp
Shougang - Front End Fab 1,,晶圆制造工厂,"Shougang 的 Front End Fab 1，位于 Beijing, Beijing, 中国。",1391,晶圆厂,In production,Beijing,Beijing,中国,中国,亚太,"No.45 Badachu Street, Shijingshan District",http://www.shougang.com.cn,Foundry/IDM/Analog&Mixed Signal&Power,Analog,"MCU, LED Driver IC, Foundry",CMOS,0.35,6,15000,8437.5,64583,100,107639,1994,,1995,1995,/Users/simon/Documents/Simon-OB/本体论/base/半导体/SEMI_WFF_2026_1Q.xlsx,Company Detail,http://www.shougang.com.cn
SI Semiconductors Co Ltd. - 5-inch,,晶圆制造工厂,"SI Semiconductors Co Ltd. 的 5-inch，位于 Shenzhen, Guangdong, 中国。",2107,晶圆厂,In production,Shenzhen,Guangdong,中国,中国,亚太,No. 3 Baolong 7th Road,http://www.sisemi.com.cn/english/aboutus.htm,Discrete/Power,Discrete,"Power MOSFET, VDMOS, IGBT, smart power IC.",CMOS,0.35,5,40000,15625,,,344445,2005,2002,2004,2005,/Users/simon/Documents/Simon-OB/本体论/base/半导体/SEMI_WFF_2026_1Q.xlsx,Company Detail,http://www.sisemi.com.cn/english/aboutus.htm
SI Semiconductors Co Ltd. - 4-inch,,晶圆制造工厂,"SI Semiconductors Co Ltd. 的 4-inch，位于 Shenzhen, Guangdong, 中国。",965,晶圆厂,in production,Shenzhen,Guangdong,中国,中国,亚太,"Bldg. No. 2, Fiber Optics Area, 3 Bagua Road, Futian District",http://www.sisemi.com.cn/english/aboutus.htm,Discrete/Power,Discrete,Power transistors,CMOS,3,4,40000,10000,,100,,1989,1987,1989,1989,/Users/simon/Documents/Simon-OB/本体论/base/半导体/SEMI_WFF_2026_1Q.xlsx,Company Detail,http://www.sisemi.com.cn/english/aboutus.htm
SiCamore Semi - Main Fab (cleanroom 2) SiC (was Microsemi),,晶圆制造工厂,"SiCamore Semi 的 Main Fab (cleanroom 2) SiC (was Microsemi)，位于 Bend, Oregon, 美国。",6131,晶圆厂,In production,Bend,Oregon,美国,美洲,NA,405 SW Columbia Street,www.sicamoresemi.com,代工/模拟与混合信号与功率,Analog,"high-power devices in silicon, silicon-carbide (SiC), and new materials","MOS CMOS, SiC, BiPolar RF",0.5,4,2000,500,4000,1000,,1995,,,,/Users/simon/Documents/Simon-OB/本体论/base/半导体/SEMI_WFF_2026_1Q.xlsx,Company Detail,file:///Users/simon/Documents/Simon-OB/%E6%9C%AC%E4%BD%93%E8%AE%BA/base/%E5%8D%8A%E5%AF%BC%E4%BD%93/output/semiconductor_ontology.json
SiCamore Semi - Gold Fab (cleanroom 3) Gold fab dedicated,,晶圆制造工厂,"SiCamore Semi 的 Gold Fab (cleanroom 3) Gold fab dedicated，位于 Bend, Oregon, 美国。",2310,晶圆厂,In production,Bend,Oregon,美国,美洲,NA,307 SW Columbia Street,www.sicamoresemi.com,代工/模拟与混合信号与功率,Analog,"high-power devices in silicon, silicon-carbide (SiC), and new materials","SiC, Au",0.5,4,1500,375,6000,1000,,2007,,,,/Users/simon/Documents/Simon-OB/本体论/base/半导体/SEMI_WFF_2026_1Q.xlsx,Company Detail,file:///Users/simon/Documents/Simon-OB/%E6%9C%AC%E4%BD%93%E8%AE%BA/base/%E5%8D%8A%E5%AF%BC%E4%BD%93/output/semiconductor_ontology.json
SiCamore Semi - Main Fab (cleanroom 1) Silicon (was Microsemi),,晶圆制造工厂,"SiCamore Semi 的 Main Fab (cleanroom 1) Silicon (was Microsemi)，位于 Bend, Oregon, 美国。",5,晶圆厂,In production,Bend,Oregon,美国,美洲,NA,405 SW Columbia Street,www.sicamoresemi.com,代工/模拟与混合信号与功率,Analog,"high-power devices in silicon, silicon-carbide (SiC), and new materials","MOS CMOS, SiC, BiPolar RF",0.5,4,2500,625,6000,1000,45000,1987,1985,1994,1994,/Users/simon/Documents/Simon-OB/本体论/base/半导体/SEMI_WFF_2026_1Q.xlsx,Company Detail,file:///Users/simon/Documents/Simon-OB/%E6%9C%AC%E4%BD%93%E8%AE%BA/base/%E5%8D%8A%E5%AF%BC%E4%BD%93/output/semiconductor_ontology.json
SiCamore Semi - Main Fab 6-inch line expansion,,晶圆制造工厂,"SiCamore Semi 的 Main Fab 6-inch line expansion，位于 Bend, Oregon, 美国。",6132,晶圆厂,In production,Bend,Oregon,美国,美洲,NA,405 SW Columbia Street,www.sicamoresemi.com,代工/模拟与混合信号与功率,Analog,"high-power devices in silicon, silicon-carbide (SiC), and new materials","MOS CMOS, SiC, BiPolar RF",0.5,6,1200,675,4000,1000,,2020,,2020,2020,/Users/simon/Documents/Simon-OB/本体论/base/半导体/SEMI_WFF_2026_1Q.xlsx,Company Detail,file:///Users/simon/Documents/Simon-OB/%E6%9C%AC%E4%BD%93%E8%AE%BA/base/%E5%8D%8A%E5%AF%BC%E4%BD%93/output/semiconductor_ontology.json
Sichuan General Microelectronics - Fab 1 (phase 1 of 2 or 3),,晶圆制造工厂,"Sichuan General Microelectronics 的 Fab 1 (phase 1 of 2 or 3)，位于 Suining, Sichuan, 中国。",5035,晶圆厂,In production,Suining,Sichuan,中国,中国,亚太,No. 188 Xiangshan West Road,http://www.gmelectronics.com.cn/,Discrete/Power,Discrete,"Power MOSFET, IGBT, Schottky, VDMOS, Bipolar IC","VDMOS, Bipolar, MOS",0.25,6,50000,28125,,10,64600,2017,2016,2017,2017,/Users/simon/Documents/Simon-OB/本体论/base/半导体/SEMI_WFF_2026_1Q.xlsx,Company Detail,http://www.gmelectronics.com.cn/
"SiEn Integrated Circuits Co., Ltd. - Fab 1 (300mm line)",,晶圆制造工厂,"SiEn Integrated Circuits Co., Ltd. 的 Fab 1 (300mm line)，位于 Qingdao, Shandong, 中国。",6504,晶圆厂,In production,Qingdao,Shandong,中国,中国,亚太,"No. 1088, Shanwanghe Road",http://www.sienidm.com/,代工/模拟与混合信号与功率,Analog,,,0.065,12,3000,6750,,,,2021,2018,2021,2021,/Users/simon/Documents/Simon-OB/本体论/base/半导体/SEMI_WFF_2026_1Q.xlsx,Company Detail,http://www.sienidm.com/
"SiEn Integrated Circuits Co., Ltd. - Fab 3",,晶圆制造工厂,"SiEn Integrated Circuits Co., Ltd. 的 Fab 3，位于 Qingdao, Shandong, 中国。",6545,晶圆厂,In production,Qingdao,Shandong,中国,中国,亚太,"No 1088, Shanwanghe Road",http://www.sienidm.com/,Foundry/Logic,Logic&Micro,MCU,Cu,0.016,12,15000,33750,,,,2024,2022,2024,2024,/Users/simon/Documents/Simon-OB/本体论/base/半导体/SEMI_WFF_2026_1Q.xlsx,Company Detail,http://www.sienidm.com/
"SiEn Integrated Circuits Co., Ltd. - Fab 4",,晶圆制造工厂,"SiEn Integrated Circuits Co., Ltd. 的 Fab 4，位于 Qingdao, Shandong, 中国。",6546,晶圆厂,In production,Qingdao,Shandong,中国,中国,亚太,"No 1088, Shanwanghe Road",http://www.sienidm.com/,Foundry/Logic,Logic&Micro,,Cu,0.016,12,10000,22500,,,,2025,2023,2025,2025,/Users/simon/Documents/Simon-OB/本体论/base/半导体/SEMI_WFF_2026_1Q.xlsx,Company Detail,http://www.sienidm.com/
"SiEn Integrated Circuits Co., Ltd. - Fab 1 (200mm)",,晶圆制造工厂,"SiEn Integrated Circuits Co., Ltd. 的 Fab 1 (200mm)，位于 Qingdao, Shandong, 中国。",5046,晶圆厂,In production,Qingdao,Shandong,中国,中国,亚太,"No 1088, Shanwanghe Road,",http://www.sienidm.com/,代工/模拟与混合信号与功率,Analog,"Foundry, MOSFET, IGBT, BCD, PMIC, MCU, Analog IC","MOSFET, IGBT, BCD",0.15,8,30000,30000,,,,2021,2018,2021,2021,/Users/simon/Documents/Simon-OB/本体论/base/半导体/SEMI_WFF_2026_1Q.xlsx,Company Detail,http://www.sienidm.com/
"SiEn Integrated Circuits Co., Ltd. - Fab 2",,晶圆制造工厂,"SiEn Integrated Circuits Co., Ltd. 的 Fab 2，位于 Qingdao, Shandong, 中国。",5104,晶圆厂,In production,Qingdao,Shandong,中国,中国,亚太,"No 1088, Shanwanghe Road",http://www.sienidm.com/,Foundry/Logic,Logic&Micro,Foundry,,0.016,12,17000,38250,,,,2022,2019,2022,2022,/Users/simon/Documents/Simon-OB/本体论/base/半导体/SEMI_WFF_2026_1Q.xlsx,Company Detail,http://www.sienidm.com/
SIGM PLUS Co. - Fab 1,,晶圆制造工厂,"SIGM PLUS Co. 的 Fab 1，位于 Moscow, Moscow, 俄罗斯。",2216,晶圆厂，研发,In production,Moscow,Moscow,俄罗斯,Europe & Mideast,欧洲,"3, Vvedenskogo str",www.siplus.ru,Discrete/Other,Discrete,"III-V, high-p high brightness (HB)semiconductor laser diodes and modules","III-V: GaAs, InP",1,2,500,31.25,,,,1992,1991,1992,1992,/Users/simon/Documents/Simon-OB/本体论/base/半导体/SEMI_WFF_2026_1Q.xlsx,Company Detail,file:///Users/simon/Documents/Simon-OB/%E6%9C%AC%E4%BD%93%E8%AE%BA/base/%E5%8D%8A%E5%AF%BC%E4%BD%93/output/semiconductor_ontology.json
"Silan Microelectronics Co., Ltd. - Fab 1",,晶圆制造工厂,"Silan Microelectronics Co., Ltd. 的 Fab 1，位于 Hangzhou, Zhejiang, 中国。",2088,晶圆厂,In production,Hangzhou,Zhejiang,中国,中国,亚太,No. 4 Huanggushan Road,http://www.silan.com.cn/,Discrete/Power,Discrete,"Schottky Barrier Diodes, Switching Diodes, Zener Diodes",BiPolar,2,5,80000,31250,37674,,,2002,2001,2002,2002,/Users/simon/Documents/Simon-OB/本体论/base/半导体/SEMI_WFF_2026_1Q.xlsx,Company Detail,http://www.silan.com.cn/
"Silan Microelectronics Co., Ltd. - Xiamen Compound fab (Phase 1)",,晶圆制造工厂,"Silan Microelectronics Co., Ltd. 的 Xiamen Compound fab (Phase 1)，位于 Xiamen, Fujian, 中国。",5082,晶圆厂,In production,Xiamen,Fujian,中国,中国,亚太,No. 99 Lanying Road,http://www.silan.com.cn/,光电器件/LED,Opto,"Compound semiconductors, optical devices, LED",LED,1,4,72000,18000,,,,2020,2018,2020,2020,/Users/simon/Documents/Simon-OB/本体论/base/半导体/SEMI_WFF_2026_1Q.xlsx,Company Detail,http://www.silan.com.cn/
"Silan Microelectronics Co., Ltd. - Xiamen 300mm Fab 1 (2 phases)",,晶圆制造工厂,"Silan Microelectronics Co., Ltd. 的 Xiamen 300mm Fab 1 (2 phases)，位于 Xiamen, Fujian, 中国。",4988,晶圆厂,In production,Xiamen,Fujian,中国,中国,亚太,"No. 89, Lanying Road, Haicang District",http://www.silan.com.cn/,Discrete/Power,Discrete,"Power semiconductors (IGBT), MEMS","IGBT (power), MEMS",0.09,12,80000,180000,,,,2020,2018,2020,2020,/Users/simon/Documents/Simon-OB/本体论/base/半导体/SEMI_WFF_2026_1Q.xlsx,Company Detail,http://www.silan.com.cn/
"Silan Microelectronics Co., Ltd. - 200mm line",,晶圆制造工厂,"Silan Microelectronics Co., Ltd. 的 200mm line，位于 Hangzhou, Zhejiang, 中国。",3773,晶圆厂,In production,Hangzhou,Zhejiang,中国,中国,亚太,"No. 4 HuangGuShan Road,",http://www.silan.com.cn/,Discrete/Power,Discrete,"Power Discrete, MOS, IGBT, Schottky",,0.35,8,90000,90000,,,,2017,2015,2017,2017,/Users/simon/Documents/Simon-OB/本体论/base/半导体/SEMI_WFF_2026_1Q.xlsx,Company Detail,http://www.silan.com.cn/
"Silan Microelectronics Co., Ltd. - Fab 2",,晶圆制造工厂,"Silan Microelectronics Co., Ltd. 的 Fab 2，位于 Hangzhou, Zhejiang, 中国。",2218,晶圆厂,In production,Hangzhou,Zhejiang,中国,中国,亚太,"No. 398, Yinhushan Road, Qiantang New District",http://www.silan.com.cn/,Discrete/Power,Discrete,"BiCMOS, MOSFET","BiCMOS, MOSFET",0.8,6,70000,39375,75347,,,2005,2010,2010,2010,/Users/simon/Documents/Simon-OB/本体论/base/半导体/SEMI_WFF_2026_1Q.xlsx,Company Detail,http://www.silan.com.cn/
"Silan Microelectronics Co., Ltd. - HangZhou new 300mm line",,晶圆制造工厂,"Silan Microelectronics Co., Ltd. 的 HangZhou new 300mm line，位于 Hangzhou, Zhejiang, 中国。",6415,晶圆厂,In production,Hangzhou,Zhejiang,中国,中国,亚太,"No. 398, Yinhushan Road, Qiantang New District",http://www.silan.com.cn/,Discrete/Power,Discrete,MosFET,"BiCMOS, MOSFET",0.13,12,30000,67500,,,,2024,2023,2024,2024,/Users/simon/Documents/Simon-OB/本体论/base/半导体/SEMI_WFF_2026_1Q.xlsx,Company Detail,http://www.silan.com.cn/
"Silan Microelectronics Co., Ltd. - Xiamen Compound SiC Line (Phase 2)",,晶圆制造工厂,"Silan Microelectronics Co., Ltd. 的 Xiamen Compound SiC Line (Phase 2)，位于 Xiamen, Fujian, 中国。",6416,晶圆厂,In production,Xiamen,Fujian,中国,中国,亚太,No. 99 Lanying Road,http://www.silan.com.cn/,Discrete/Power,Discrete,SiC MosFET,SiC,0.5,6,12000,6750,,,,2022,2022,2022,2022,/Users/simon/Documents/Simon-OB/本体论/base/半导体/SEMI_WFF_2026_1Q.xlsx,Company Detail,http://www.silan.com.cn/
"Silan Microelectronics Co., Ltd. - Xiamen 300mm Fab 2",,晶圆制造工厂,"Silan Microelectronics Co., Ltd. 的 Xiamen 300mm Fab 2，位于 Xiamen, Fujian, 中国。",5125,晶圆厂,In production,Xiamen,Fujian,中国,中国,亚太,"No. 89, Lanying Road, Haicang District",http://www.silan.com.cn/,Discrete/Power,Discrete,"Power semiconductors (IGBT), MEMS","IGBT (power), MEMS",0.065,12,80000,180000,,,,2025,2023,2025,2025,/Users/simon/Documents/Simon-OB/本体论/base/半导体/SEMI_WFF_2026_1Q.xlsx,Company Detail,http://www.silan.com.cn/
Silanna (was Sapphicon) - Fab 3 Compound R&D Facility,,晶圆制造工厂,"Silanna (was Sapphicon) 的 Fab 3 Compound R&D Facility，位于 Sydney, New South Wales, 澳大利亚。",3511,晶圆厂，研发,In production,Sydney,New South Wales,澳大利亚,SE Asia,亚太,8 Herb Elliott Avenue,http://www.silanna.com/,代工/研发,Other,Compound semiconductor R&D using GaN,"SoS (Silicon-on-Sapphire), Bipolar, GaAs, SiGe, GaN",0.25,6,100,56.25,,1,,2010,2009,2010,2010,/Users/simon/Documents/Simon-OB/本体论/base/半导体/SEMI_WFF_2026_1Q.xlsx,Company Detail,http://www.silanna.com/
Silanna (was Sapphicon) - Fab 1,,晶圆制造工厂,"Silanna (was Sapphicon) 的 Fab 1，位于 Sydney, New South Wales, 澳大利亚。",3623,晶圆厂,In production,Sydney,New South Wales,澳大利亚,SE Asia,亚太,8 Herb Elliott Avenue,http://www.silanna.com/,代工/功率,Discrete,Foundry Service for RF & Mixed Signal; Logic; UTSi; SoS (Silicon-on-Sapphire),"SoS (Silicon-on-Sapphire), Bipolar, Ga As, SiGe,",0.25,6,600,337.5,5382,10,,1988,1987,1988,1988,/Users/simon/Documents/Simon-OB/本体论/base/半导体/SEMI_WFF_2026_1Q.xlsx,Company Detail,http://www.silanna.com/
Silanna (was Sapphicon) - Fab 2 (upgrade of Fab 1),,晶圆制造工厂,"Silanna (was Sapphicon) 的 Fab 2 (upgrade of Fab 1)，位于 Sydney, New South Wales, 澳大利亚。",3579,晶圆厂,In production,Sydney,New South Wales,澳大利亚,SE Asia,亚太,8 Herb Elliott Avenue,http://www.silanna.com/,代工/功率,Discrete,Foundry Service for RF & Mixed Signal; Logic; UTSi; SoS (Silicon-on-Sapphire),"SoS (Silicon-on-Sapphire), Bipolar, Ga As, SiGe,",0.25,6,600,337.5,5382,1,41000,2001,2001,2001,2001,/Users/simon/Documents/Simon-OB/本体论/base/半导体/SEMI_WFF_2026_1Q.xlsx,Company Detail,http://www.silanna.com/
Silex Microsystems AB - Fab 3 (Beijing),,晶圆制造工厂,"Silex Microsystems AB 的 Fab 3 (Beijing)，位于 Beijing, Beijing, 中国。",3818,晶圆厂,In production,Beijing,Beijing,中国,中国,亚太,"11, Jinghai 2nd Rd.",http://www.silexmicrosystems.com/,代工/MEMS,MEMS,"MEMS foundry: micro mirrors, piezo MEMS; Sil-Via TSV, Met-Via TSV, TGV, Sil-CAP, Met-CAP, TGV-Cap, Microfluids, electroplating (AuSn, Au, Cu, Ni), high performance piezoresistors and diodes","BICMOS, MEMS, TSV, SiO2, Si, AuSn, Au, Cu, Ni",0.35,8,30000,30000,96876,,,2021,2016,2020,2021,/Users/simon/Documents/Simon-OB/本体论/base/半导体/SEMI_WFF_2026_1Q.xlsx,Company Detail,http://www.silexmicrosystems.com/
"Silex Microsystems AB - Fab 1&2 (was Fab 2, Jarfalla 8-inch MEMS)",,晶圆制造工厂,"Silex Microsystems AB 的 Fab 1&2 (was Fab 2, Jarfalla 8-inch MEMS)，位于 Jarfalla, Uppland, 瑞典。",3140,晶圆厂,In production-merged,Jarfalla,Uppland,瑞典,Europe & Mideast,欧洲,Bruttovägen 1,http://www.silexmicrosystems.com/,代工/MEMS,MEMS,"MEMS foundry: micro mirrors, piezo MEMS; Sil-Via TSV, Met-Via TSV, TGV, Sil-CAP, Met-CAP, TGV-Cap, Microfluids, electroplating (AuSn, Au, Cu, Ni), high performance piezoresistors and diodes","BICMOS, MEMS, TSV, SiO2, Si, AuSn, Au, Cu, Ni",0.35,8,10000,10000,10000,1,,2009,2008,2009,2009,/Users/simon/Documents/Simon-OB/本体论/base/半导体/SEMI_WFF_2026_1Q.xlsx,Company Detail,http://www.silexmicrosystems.com/
SilTerra Malaysia Sdn. Bhd. - Fab 1,,晶圆制造工厂,"SilTerra Malaysia Sdn. Bhd. 的 Fab 1，位于 Kulim, Kedah, 马来西亚。",1521,晶圆厂,in production,Kulim,Kedah,马来西亚,SE Asia,亚太,"Lot 8, Phase II",http://www.silterra.com,代工/功率,Discrete,"Foundry, BCD/Power, CMOS Logic, RFCMOS, High Voltage, MEMS (optical, RF MEMS SAW and BAW)","CMOS; BiCMOS; MEMS; RFCMOS, BCD MOS, HV",0.09,8,55000,55000,122000,100,,2001,1999,2000,2001,/Users/simon/Documents/Simon-OB/本体论/base/半导体/SEMI_WFF_2026_1Q.xlsx,Company Detail,http://www.silterra.com
Sino-Semiconductor - Zhuhai Fab,,晶圆制造工厂,"Sino-Semiconductor 的 Zhuhai Fab，位于 Zhuhai, Guangdong, 中国。",6531,晶圆厂，研发,In production,Zhuhai,Guangdong,中国,中国,亚太,"Intersection of Jintang Road Extension Line and National Highway 228 in Xiangzhou District,",http://www.sinosemic.com/,光电器件/激光器及其他,Opto,,GaAs,0.25,6,15000,8437.5,,,,2025,2023,2025,2025,/Users/simon/Documents/Simon-OB/本体论/base/半导体/SEMI_WFF_2026_1Q.xlsx,Company Detail,http://www.sinosemic.com/
SINTEF - NiNaLab,,晶圆制造工厂,"SINTEF 的 NiNaLab，位于 Oslo, Oslo, Norway。",3142,晶圆厂，研发,In production,Oslo,Oslo,Norway,Europe & Mideast,欧洲,Gaustadalleen 23 C,http://www.sintef.no/Home/Information-and-Communication-Technology-ICT/Microsystems-and-Nanotechnology/,代工/研发,Other,"Silicon radiation detectors, MEMS",,0.8,6,850,478.125,8611,1000,53820,2004,2003,2004,2004,/Users/simon/Documents/Simon-OB/本体论/base/半导体/SEMI_WFF_2026_1Q.xlsx,Company Detail,http://www.sintef.no/Home/Information-and-Communication-Technology-ICT/Microsystems-and-Nanotechnology/
SITAR (Bangalore & Hyderabad) - GAETEC - GaAs Foundry,,晶圆制造工厂,"SITAR (Bangalore & Hyderabad) 的 GAETEC - GaAs Foundry，位于 Hyderabad, Telangana, 印度。",2427,晶圆厂，研发,In production,Hyderabad,Telangana,印度,SE Asia,亚太,"GAETEC RCI Road, Vignyana Kancha Post, Ranga Reddy",www.sitar.org.in,代工/研发,Other,"GaAs foundry: design , fabrication, packaging and other services for lDefense/Space/Atomic Energy","MESFET, GaAs",0.5,3,400,56.25,12000,10,,1996,1995,1996,1996,/Users/simon/Documents/Simon-OB/本体论/base/半导体/SEMI_WFF_2026_1Q.xlsx,Company Detail,file:///Users/simon/Documents/Simon-OB/%E6%9C%AC%E4%BD%93%E8%AE%BA/base/%E5%8D%8A%E5%AF%BC%E4%BD%93/output/semiconductor_ontology.json
SITAR (Bangalore & Hyderabad) - STARC (MEMS was ASIC),,晶圆制造工厂,"SITAR (Bangalore & Hyderabad) 的 STARC (MEMS was ASIC)，位于 Bengaluru, Karnataka, 印度。",2170,晶圆厂，研发,In production,Bengaluru,Karnataka,印度,SE Asia,亚太,"No. 1640, Krishnarajpuram Road, Dooravani Nagar",www.sitar.org.in,MEMS,MEMS,"MEMS (started in 2012); was: digital CMOS ASIC devices, Discretes","CMOS, MEMS",1,6,500,281.25,6000,10,,1994,1997,1998,1998,/Users/simon/Documents/Simon-OB/本体论/base/半导体/SEMI_WFF_2026_1Q.xlsx,Company Detail,file:///Users/simon/Documents/Simon-OB/%E6%9C%AC%E4%BD%93%E8%AE%BA/base/%E5%8D%8A%E5%AF%BC%E4%BD%93/output/semiconductor_ontology.json
SiTo Microelectronics Technology - Hefei,,晶圆制造工厂,"SiTo Microelectronics Technology 的 Hefei，位于 Hefei, Anhui, 中国。",6533,晶圆厂，研发,In production,Hefei,Anhui,中国,中国,亚太,"360 Mingzhu Avenue, Shushan District, Hefei City",http://site.gzwhir.com/xtwdzk202202105728/en/index.html,Discrete/Other,Discrete,"RF, SAW","RF, SAW",0.5,6,20000,11250,,,,2024,2022,2024,2024,/Users/simon/Documents/Simon-OB/本体论/base/半导体/SEMI_WFF_2026_1Q.xlsx,Company Detail,http://site.gzwhir.com/xtwdzk202202105728/en/index.html
SK Hynix - M11+M12 (3D NAND) CF,,晶圆制造工厂,"SK Hynix 的 M11+M12 (3D NAND) CF，位于 Cheongju, Chungcheongbuk, 韩国。",3768,晶圆厂/拆分,In production-merged,Cheongju,Chungcheongbuk,韩国,韩国,亚太,"215, Daesin-ro, Heungdeok-gu,",www.skhynix.com,存储器/闪存-3D NAND,Memory,3D NAND,,0.02,12,95000,213750,527000,,,2015,,,,/Users/simon/Documents/Simon-OB/本体论/base/半导体/SEMI_WFF_2026_1Q.xlsx,Company Detail,file:///Users/simon/Documents/Simon-OB/%E6%9C%AC%E4%BD%93%E8%AE%BA/base/%E5%8D%8A%E5%AF%BC%E4%BD%93/output/semiconductor_ontology.json
SK Hynix - M14 Phase 2 (DRAM support),,晶圆制造工厂,"SK Hynix 的 M14 Phase 2 (DRAM support)，位于 Icheon, Gyeonggi, 韩国。",6443,晶圆厂,In production,Icheon,Gyeonggi,韩国,韩国,亚太,"2091, Gyeongchung-daero, Bubal-eup",www.skhynix.com,存储器/DRAM,Memory,DRAM,,0.013,12,13000,29250,412000,10,,2026,2025,2025,2025,/Users/simon/Documents/Simon-OB/本体论/base/半导体/SEMI_WFF_2026_1Q.xlsx,Company Detail,file:///Users/simon/Documents/Simon-OB/%E6%9C%AC%E4%BD%93%E8%AE%BA/base/%E5%8D%8A%E5%AF%BC%E4%BD%93/output/semiconductor_ontology.json
SK Hynix - Solidigm Fab 3 (New Fab),,晶圆制造工厂,"SK Hynix 的 Solidigm Fab 3 (New Fab)，位于 Dalian, Liaoning, 中国。",6363,晶圆厂,On hold,Dalian,Liaoning,中国,中国,亚太,"No. 1999, North Xiaohe Road",www.skhynix.com,存储器/闪存-3D NAND,Memory,"3D NAND, Flash","3D NAND, Flash",0.02,12,70000,157500,,,,2031,2022,2031,2031,/Users/simon/Documents/Simon-OB/本体论/base/半导体/SEMI_WFF_2026_1Q.xlsx,Company Detail,file:///Users/simon/Documents/Simon-OB/%E6%9C%AC%E4%BD%93%E8%AE%BA/base/%E5%8D%8A%E5%AF%BC%E4%BD%93/output/semiconductor_ontology.json
SK Hynix - M15X (Phase 1 + 2),,晶圆制造工厂,"SK Hynix 的 M15X (Phase 1 + 2)，位于 Cheongju, Chungcheongbuk, 韩国。",6389,晶圆厂,1st silicon,Cheongju,Chungcheongbuk,韩国,韩国,亚太,"215, Daesin-ro, Heungdeok-gu",www.skhynix.com,存储器/DRAM,Memory,DRAM,DRAM,0.013,12,80000,180000,,,,2026,2022,2026,2026,/Users/simon/Documents/Simon-OB/本体论/base/半导体/SEMI_WFF_2026_1Q.xlsx,Company Detail,file:///Users/simon/Documents/Simon-OB/%E6%9C%AC%E4%BD%93%E8%AE%BA/base/%E5%8D%8A%E5%AF%BC%E4%BD%93/output/semiconductor_ontology.json
SK Hynix - Y1 DRAM was M17 (phase 2),,晶圆制造工厂,"SK Hynix 的 Y1 DRAM was M17 (phase 2)，位于 Yongin, Gyeonggi, 韩国。",5114,晶圆厂,Constructing,Yongin,Gyeonggi,韩国,韩国,亚太,"Jungneung-ri, Dokseong-ri, and Godang-ri of Wonsam-myeon",www.skhynix.com,存储器/DRAM,Memory,DRAM,DRAM,0.001,12,150000,337500,,,,2027,2026,2028,2028,/Users/simon/Documents/Simon-OB/本体论/base/半导体/SEMI_WFF_2026_1Q.xlsx,Company Detail,file:///Users/simon/Documents/Simon-OB/%E6%9C%AC%E4%BD%93%E8%AE%BA/base/%E5%8D%8A%E5%AF%BC%E4%BD%93/output/semiconductor_ontology.json
SK Hynix - M16 (EUV),,晶圆制造工厂,"SK Hynix 的 M16 (EUV)，位于 Icheon, Gyeonggi, 韩国。",6656,晶圆厂,In production,Icheon,Gyeonggi,韩国,韩国,亚太,"2091, Gyeongchung-daero, Bubal-eup",www.skhynix.com,存储器/DRAM,Memory,EUV dedicated space in M16 for DRAM,"DRAM, EUV",0.001,12,,,,,,2025,2024,2025,2025,/Users/simon/Documents/Simon-OB/本体论/base/半导体/SEMI_WFF_2026_1Q.xlsx,Company Detail,file:///Users/simon/Documents/Simon-OB/%E6%9C%AC%E4%BD%93%E8%AE%BA/base/%E5%8D%8A%E5%AF%BC%E4%BD%93/output/semiconductor_ontology.json
SK Hynix - M14 Phase 2 (3D NAND),,晶圆制造工厂,"SK Hynix 的 M14 Phase 2 (3D NAND)，位于 Icheon, Gyeonggi, 韩国。",3823,晶圆厂,In production,Icheon,Gyeonggi,韩国,韩国,亚太,"2091, Gyeongchung-daero, Bubal-eup",www.skhynix.com,存储器/闪存-3D NAND,Memory,3D NAND,,0.02,12,50000,112500,412000,10,,2017,2016,2017,2017,/Users/simon/Documents/Simon-OB/本体论/base/半导体/SEMI_WFF_2026_1Q.xlsx,Company Detail,file:///Users/simon/Documents/Simon-OB/%E6%9C%AC%E4%BD%93%E8%AE%BA/base/%E5%8D%8A%E5%AF%BC%E4%BD%93/output/semiconductor_ontology.json
SK Hynix - Solidigm Fab 1 was Intel Fab 68 (Phase 1),,晶圆制造工厂,"SK Hynix 的 Solidigm Fab 1 was Intel Fab 68 (Phase 1)，位于 Dalian, Liaoning, 中国。",2393,晶圆厂，中试线,In production,Dalian,Liaoning,中国,中国,亚太,"109 Huaihe E Rd, Jinzhou Qu",www.skhynix.com,存储器/闪存-3D NAND,Memory,3D NAND and 3D Xpoint NAND,"CMOS, Cu, low K, strained Si",0.02,12,30000,67500,203000,,1754517,2010,2015,2016,2016,/Users/simon/Documents/Simon-OB/本体论/base/半导体/SEMI_WFF_2026_1Q.xlsx,Company Detail,file:///Users/simon/Documents/Simon-OB/%E6%9C%AC%E4%BD%93%E8%AE%BA/base/%E5%8D%8A%E5%AF%BC%E4%BD%93/output/semiconductor_ontology.json
SK Hynix - C2F (new Fab Wuxi originally C2 expansion),,晶圆制造工厂,"SK Hynix 的 C2F (new Fab Wuxi originally C2 expansion)，位于 Wuxi, Jiangsu, 中国。",4931,晶圆厂,In production,Wuxi,Jiangsu,中国,中国,亚太,"Lot K7, Wuxi Export Processing Zone,  Wuxi New District",www.skhynix.com,存储器/DRAM,Memory,DRAM,DRAM,0.015,12,82000,184500,356000,,624312,2019,2017,2019,2019,/Users/simon/Documents/Simon-OB/本体论/base/半导体/SEMI_WFF_2026_1Q.xlsx,Company Detail,file:///Users/simon/Documents/Simon-OB/%E6%9C%AC%E4%BD%93%E8%AE%BA/base/%E5%8D%8A%E5%AF%BC%E4%BD%93/output/semiconductor_ontology.json
SK Hynix - M15 (phase 1),,晶圆制造工厂,"SK Hynix 的 M15 (phase 1)，位于 Cheongju, Chungcheongbuk, 韩国。",3912,晶圆厂,In production,Cheongju,Chungcheongbuk,韩国,韩国,亚太,"215, Daesin-ro, Heungdeok-gu",www.skhynix.com,存储器/闪存-3D NAND,Memory,3D NAND flash,NAND,0.02,12,71000,159750,356000,10,,2019,2017,2018,2019,/Users/simon/Documents/Simon-OB/本体论/base/半导体/SEMI_WFF_2026_1Q.xlsx,Company Detail,file:///Users/simon/Documents/Simon-OB/%E6%9C%AC%E4%BD%93%E8%AE%BA/base/%E5%8D%8A%E5%AF%BC%E4%BD%93/output/semiconductor_ontology.json
SK Hynix - Solidigm Fab 2 was Intel Fab 88 (was called Fab 68 Phase 2),,晶圆制造工厂,"SK Hynix 的 Solidigm Fab 2 was Intel Fab 88 (was called Fab 68 Phase 2)，位于 Dalian, Liaoning, 中国。",3913,晶圆厂,In production,Dalian,Liaoning,中国,中国,亚太,"109 Huaihe E Rd, Jinzhou Qu,",www.skhynix.com,存储器/闪存-3D NAND,Memory,"3D-XPoint, 3D-NAND","3D-Xpoint, 3D NAND",0.02,12,70000,157500,325000,,,2018,2017,2018,2018,/Users/simon/Documents/Simon-OB/本体论/base/半导体/SEMI_WFF_2026_1Q.xlsx,Company Detail,file:///Users/simon/Documents/Simon-OB/%E6%9C%AC%E4%BD%93%E8%AE%BA/base/%E5%8D%8A%E5%AF%BC%E4%BD%93/output/semiconductor_ontology.json
SK Hynix - M16 (phase 1) (first floor),,晶圆制造工厂,"SK Hynix 的 M16 (phase 1) (first floor)，位于 Icheon, Gyeonggi, 韩国。",5025,晶圆厂,In production,Icheon,Gyeonggi,韩国,韩国,亚太,"2091, Gyeongchung-daero, Bubal-eup",www.skhynix.com,存储器/DRAM,Memory,"DRAM, (EUV start 1a ~15nm)","DRAM, EUV",0.012,12,80000,180000,444000,10,,2021,2018,2021,2021,/Users/simon/Documents/Simon-OB/本体论/base/半导体/SEMI_WFF_2026_1Q.xlsx,Company Detail,file:///Users/simon/Documents/Simon-OB/%E6%9C%AC%E4%BD%93%E8%AE%BA/base/%E5%8D%8A%E5%AF%BC%E4%BD%93/output/semiconductor_ontology.json
SK Hynix - M16 (phase 2),,晶圆制造工厂,"SK Hynix 的 M16 (phase 2)，位于 Icheon, Gyeonggi, 韩国。",5088,晶圆厂,In production,Icheon,Gyeonggi,韩国,韩国,亚太,"2091, Gyeongchung-daero, Bubal-eup",www.skhynix.com,存储器/DRAM,Memory,"DRAM, (EUV start 1a ~15nm)","DRAM, EUV",0.012,12,80000,180000,444000,10,,2024,2022,2024,2024,/Users/simon/Documents/Simon-OB/本体论/base/半导体/SEMI_WFF_2026_1Q.xlsx,Company Detail,file:///Users/simon/Documents/Simon-OB/%E6%9C%AC%E4%BD%93%E8%AE%BA/base/%E5%8D%8A%E5%AF%BC%E4%BD%93/output/semiconductor_ontology.json
SK Hynix - Y1 3D NAND was M17 (phase 1),,晶圆制造工厂,"SK Hynix 的 Y1 3D NAND was M17 (phase 1)，位于 Yongin, Gyeonggi, 韩国。",5089,晶圆厂,Constructing,Yongin,Gyeonggi,韩国,韩国,亚太,"Jungneung-ri, Dokseong-ri, and Godang-ri of Wonsam-myeon",www.skhynix.com,存储器/闪存-3D NAND,Memory,3D NAND,3D NAND,0.02,12,150000,337500,,,,2027,2025,2027,2027,/Users/simon/Documents/Simon-OB/本体论/base/半导体/SEMI_WFF_2026_1Q.xlsx,Company Detail,file:///Users/simon/Documents/Simon-OB/%E6%9C%AC%E4%BD%93%E8%AE%BA/base/%E5%8D%8A%E5%AF%BC%E4%BD%93/output/semiconductor_ontology.json
SK Hynix - Y2 DRAM,,晶圆制造工厂,"SK Hynix 的 Y2 DRAM，位于 Yongin, Gyeonggi, 韩国。",5090,晶圆厂,Planned,Yongin,Gyeonggi,韩国,韩国,亚太,"Jungneung-ri, Dokseong-ri, and Godang-ri of Wonsam-myeon",www.skhynix.com,存储器/DRAM,Memory,could be DRAM-type or 3D-type,if DRAM then EUV,0.009,12,150000,337500,,,,2030,2028,2030,2030,/Users/simon/Documents/Simon-OB/本体论/base/半导体/SEMI_WFF_2026_1Q.xlsx,Company Detail,file:///Users/simon/Documents/Simon-OB/%E6%9C%AC%E4%BD%93%E8%AE%BA/base/%E5%8D%8A%E5%AF%BC%E4%BD%93/output/semiconductor_ontology.json
SK Hynix - Y2 3D NAND,,晶圆制造工厂,"SK Hynix 的 Y2 3D NAND，位于 Yongin, Gyeonggi, 韩国。",5091,晶圆厂,Planned,Yongin,Gyeonggi,韩国,韩国,亚太,"Jungneung-ri, Dokseong-ri, and Godang-ri of Wonsam-myeon",www.skhynix.com,存储器/闪存-3D NAND,Memory,3D NAND,3D,0.02,12,150000,337500,,,,2031,2028,2031,2031,/Users/simon/Documents/Simon-OB/本体论/base/半导体/SEMI_WFF_2026_1Q.xlsx,Company Detail,file:///Users/simon/Documents/Simon-OB/%E6%9C%AC%E4%BD%93%E8%AE%BA/base/%E5%8D%8A%E5%AF%BC%E4%BD%93/output/semiconductor_ontology.json
SK Hynix - Y3 P1+P2,,晶圆制造工厂,"SK Hynix 的 Y3 P1+P2，位于 Yongin, Gyeonggi, 韩国。",5092,晶圆厂,Planned,Yongin,Gyeonggi,韩国,韩国,亚太,"Jungneung-ri, Dokseong-ri, and Godang-ri of Wonsam-myeon",www.skhynix.com,Memory/DRAM&Flash-3D NAND,Memory,DRAM and/or NAND,DRAM or NAND,0.005,12,250000,562500,,,,2034,2031,2034,2034,/Users/simon/Documents/Simon-OB/本体论/base/半导体/SEMI_WFF_2026_1Q.xlsx,Company Detail,file:///Users/simon/Documents/Simon-OB/%E6%9C%AC%E4%BD%93%E8%AE%BA/base/%E5%8D%8A%E5%AF%BC%E4%BD%93/output/semiconductor_ontology.json
SK Hynix - Y4 P1+P2,,晶圆制造工厂,"SK Hynix 的 Y4 P1+P2，位于 Yongin, Gyeonggi, 韩国。",5093,晶圆厂,Planned,Yongin,Gyeonggi,韩国,韩国,亚太,"Jungneung-ri, Dokseong-ri, and Godang-ri of Wonsam-myeon",www.skhynix.com,Memory/DRAM&Flash-3D NAND,Memory,DRAM and/or NAND,DRAm or NAND,0.003,12,250000,562500,,,,2037,2034,2037,2037,/Users/simon/Documents/Simon-OB/本体论/base/半导体/SEMI_WFF_2026_1Q.xlsx,Company Detail,file:///Users/simon/Documents/Simon-OB/%E6%9C%AC%E4%BD%93%E8%AE%BA/base/%E5%8D%8A%E5%AF%BC%E4%BD%93/output/semiconductor_ontology.json
SK Hynix - Hystars Semiconductors (was Wuxi JV fab for System IC),,晶圆制造工厂,"SK Hynix 的 Hystars Semiconductors (was Wuxi JV fab for System IC)，位于 Wuxi, Jiangsu, 中国。",4997,晶圆厂,In production,Wuxi,Jiangsu,中国,中国,亚太,"702, Zhide Ave. Xinwu District",www.skhynix.com,代工/模拟与混合信号与功率,Analog,"Foundry service: Opto, CMOS Image sensor (CIS), Driver IC, Power management IC (PMIC), Display Driver IC (DDI)",,0.057,8,120000,120000,,,,2020,2018,2020,2020,/Users/simon/Documents/Simon-OB/本体论/base/半导体/SEMI_WFF_2026_1Q.xlsx,Company Detail,file:///Users/simon/Documents/Simon-OB/%E6%9C%AC%E4%BD%93%E8%AE%BA/base/%E5%8D%8A%E5%AF%BC%E4%BD%93/output/semiconductor_ontology.json
SK Hynix - M15 (phase 2),,晶圆制造工厂,"SK Hynix 的 M15 (phase 2)，位于 Cheongju, Chungcheongbuk, 韩国。",4999,晶圆厂,In production,Cheongju,Chungcheongbuk,韩国,韩国,亚太,"215, Daesin-ro, Heungdeok-gu",www.skhynix.com,存储器/闪存-3D NAND,Memory,3D NAND,3D NAND,0.02,12,70000,157500,356000,10,,2024,2022,2024,2024,/Users/simon/Documents/Simon-OB/本体论/base/半导体/SEMI_WFF_2026_1Q.xlsx,Company Detail,file:///Users/simon/Documents/Simon-OB/%E6%9C%AC%E4%BD%93%E8%AE%BA/base/%E5%8D%8A%E5%AF%BC%E4%BD%93/output/semiconductor_ontology.json
SK Hynix - M14 Phase 1 (DRAM),,晶圆制造工厂,"SK Hynix 的 M14 Phase 1 (DRAM)，位于 Icheon, Gyeonggi, 韩国。",3615,晶圆厂,In production,Icheon,Gyeonggi,韩国,韩国,亚太,"2091, Gyeongchung-daero, Bubal-eup",www.skhynix.com,存储器/DRAM,Memory,DRAM,,0.013,12,135000,303750,412000,10,,2015,2014,2015,2015,/Users/simon/Documents/Simon-OB/本体论/base/半导体/SEMI_WFF_2026_1Q.xlsx,Company Detail,file:///Users/simon/Documents/Simon-OB/%E6%9C%AC%E4%BD%93%E8%AE%BA/base/%E5%8D%8A%E5%AF%BC%E4%BD%93/output/semiconductor_ontology.json
SK Hynix - M11+M12 (2D NAND) CF,,晶圆制造工厂,"SK Hynix 的 M11+M12 (2D NAND) CF，位于 Cheongju, Chungcheongbuk, 韩国。",2394,晶圆厂,Will be closed,Cheongju,Chungcheongbuk,韩国,韩国,亚太,"1, Hyangjeong-dong, Hungduk-gu",www.skhynix.com,Memory/Flash,Memory,NAND Flash,"CMOS, Cu",0.014,12,30000,67500,527000,,600680,2008,2007,2008,2008,/Users/simon/Documents/Simon-OB/本体论/base/半导体/SEMI_WFF_2026_1Q.xlsx,Company Detail,file:///Users/simon/Documents/Simon-OB/%E6%9C%AC%E4%BD%93%E8%AE%BA/base/%E5%8D%8A%E5%AF%BC%E4%BD%93/output/semiconductor_ontology.json
SK Hynix - C2,,晶圆制造工厂,"SK Hynix 的 C2，位于 Wuxi, Jiangsu, 中国。",2114,晶圆厂,In production,Wuxi,Jiangsu,中国,中国,亚太,"Lot K7, Wuxi Export Processing Zone,  Wuxi New District",www.skhynix.com,存储器/DRAM,Memory,DRAM; embedded memory,CMOS,0.021,12,110000,247500,392000,,,2006,2005,2006,2006,/Users/simon/Documents/Simon-OB/本体论/base/半导体/SEMI_WFF_2026_1Q.xlsx,Company Detail,file:///Users/simon/Documents/Simon-OB/%E6%9C%AC%E4%BD%93%E8%AE%BA/base/%E5%8D%8A%E5%AF%BC%E4%BD%93/output/semiconductor_ontology.json
SK Hynix - M10 (DRAM) + R3 (R&D),,晶圆制造工厂,"SK Hynix 的 M10 (DRAM) + R3 (R&D)，位于 Icheon, Gyeonggi, 韩国。",343,晶圆厂，研发,"In production-will be closed for Front End, used for BackEnd",Icheon,Gyeonggi,韩国,韩国,亚太,"136-1 Ami-ri, Bubal-eub",www.skhynix.com,存储器/DRAM,Memory,"DRAM (SDRAM, DDR-SDRAM, Graphic DDR-SDRAM, EDO/FP DRAM and Handy DRAM)",CMOS,0.018,12,30000,67500,,1,,1996,2003,2004,2005,/Users/simon/Documents/Simon-OB/本体论/base/半导体/SEMI_WFF_2026_1Q.xlsx,Company Detail,file:///Users/simon/Documents/Simon-OB/%E6%9C%AC%E4%BD%93%E8%AE%BA/base/%E5%8D%8A%E5%AF%BC%E4%BD%93/output/semiconductor_ontology.json
"SK keyfoundry (was Key Foundry) - F4 (and F5 combined) was SK Hynix, was Key Foundry, was Magnachip",,晶圆制造工厂,"SK keyfoundry (was Key Foundry) 的 F4 (and F5 combined) was SK Hynix, was Key Foundry, was Magnachip，位于 Cheongju, Chungcheongbuk, 韩国。",462,晶圆厂,In production-merged,Cheongju,Chungcheongbuk,韩国,韩国,亚太,"215 Daeshin-ro, Heungdeok-gu",https://www.key-foundry.com/,代工/模拟与混合信号与功率,Analog,"Specialty Foundry: analog/mixed signal, HV CMOS, Power IC (PMIC), NY Memory (EEPROM, Flash, OTP, RAM, EETM)","CMOS, BCD, PMIC, analog/mixed signal, HV CMOS, RF, NVM,",0.11,8,93000,93000,,1,,1991,1989,,,/Users/simon/Documents/Simon-OB/本体论/base/半导体/SEMI_WFF_2026_1Q.xlsx,Company Detail,https://www.key-foundry.com/
"Skorpios - Austin Fab (was Novati, was ATDF)",,晶圆制造工厂,"Skorpios 的 Austin Fab (was Novati, was ATDF)，位于 Austin, Texas, 美国。",900,晶圆厂，中试线,in production,Austin,Texas,美国,美洲,NA,2706 Montopolis Drive,http://www.skorpiosinc.com,代工/MEMS,MEMS,"Founrdy service for 200 & 300mm;  2.5 and 3D packaging, WLP & TSV, MEMS & microfluidics, sensors, novel transistor architectures, photonics, III-V integration on Silicon, novel memory and materials implementa","PLC, MEMS, CMOS, Cu, low-K, EPI, II-VI: strained Si, SiC, GaN, InP, CMOS, GaAs, SiGe",0.065,12,6000,13500,68000,10,,1989,2002,2002,2003,/Users/simon/Documents/Simon-OB/本体论/base/半导体/SEMI_WFF_2026_1Q.xlsx,Company Detail,http://www.skorpiosinc.com
"Skywater - Minnesota Fab combined with expansion (was Cypress, was Fab 4)",,晶圆制造工厂,"Skywater 的 Minnesota Fab combined with expansion (was Cypress, was Fab 4)，位于 Bloomington, Minnesota, 美国。",114,晶圆厂，研发,In production-merged,Bloomington,Minnesota,美国,美洲,NA,2401 East 86Th Street,https://www.skywatertechnology.com/,代工/模拟与混合信号与功率,Analog,"Specialty technology foundry: MOSFET, SRAM/Logic (0.35µm, 0.25µm, 0.18µm, 0.13µm 90nm ), Analog/Mixed Signal (0.13um, 0.35um), SONOS/NVSRAM (0.13µm, 0.35µm), Unique non-CMOS process flows","MOSFET, CMOS, Nb, Ge, Vanadium Oxide [V2O5], Carbon Nanotubes, Graphene",0.09,8,33000,33000,91000,10,174724,1988,1990,1991,1991,/Users/simon/Documents/Simon-OB/本体论/base/半导体/SEMI_WFF_2026_1Q.xlsx,Company Detail,https://www.skywatertechnology.com/
"Skywater - Fab 25 (was Cypress, was  Spansion, was Infineon)",,晶圆制造工厂,"Skywater 的 Fab 25 (was Cypress, was  Spansion, was Infineon)，位于 Austin, Texas, 美国。",18,晶圆厂,In production,Austin,Texas,美国,美洲,NA,5204 East Ben White Blvd.,https://www.skywatertechnology.com/,代工/模拟与混合信号与功率,Logic&Micro,"Pure play foundry with Skywater starting 2025: MCUs, memory, mixed signal, RF and power applications","CMOS, Al,  Cu, MirrorBit, high-voltage Bipolar-CMOS-DMOS (BCD)",0.065,8,31000,31000,120000,1,950000,1995,,,,/Users/simon/Documents/Simon-OB/本体论/base/半导体/SEMI_WFF_2026_1Q.xlsx,Company Detail,https://www.skywatertechnology.com/
Skyworks Solutions Inc. - Kadoma fab 4-inch line,,晶圆制造工厂,"Skyworks Solutions Inc. 的 Kadoma fab 4-inch line，位于 Kadoma, Osaka, 日本。",6196,晶圆厂，研发,In production,Kadoma,Osaka,日本,日本,日本,1006 Kadoma,www.skyworksinc.com,MEMS/RF,MEMS,SAW／BAW Filter,"LiNbO3 wafer, LiTaO3 wafer",1,4,3000,750,,,,1978,1977,1978,1978,/Users/simon/Documents/Simon-OB/本体论/base/半导体/SEMI_WFF_2026_1Q.xlsx,Company Detail,file:///Users/simon/Documents/Simon-OB/%E6%9C%AC%E4%BD%93%E8%AE%BA/base/%E5%8D%8A%E5%AF%BC%E4%BD%93/output/semiconductor_ontology.json
Skyworks Solutions Inc. - Osaka fab 6-inch line,,晶圆制造工厂,"Skyworks Solutions Inc. 的 Osaka fab 6-inch line，位于 Osaka, Osaka, 日本。",6197,晶圆厂,In production,Osaka,Osaka,日本,日本,日本,"1-2-150 Kitabaya-shi, Suminoe-ku",www.skyworksinc.com,MEMS/RF,MEMS,SAW／BAW Filter,"LiNbO3 wafer, LiTaO3 wafer",0.4,6,6000,3375,,,,2015,2014,2015,2015,/Users/simon/Documents/Simon-OB/本体论/base/半导体/SEMI_WFF_2026_1Q.xlsx,Company Detail,file:///Users/simon/Documents/Simon-OB/%E6%9C%AC%E4%BD%93%E8%AE%BA/base/%E5%8D%8A%E5%AF%BC%E4%BD%93/output/semiconductor_ontology.json
Skyworks Solutions Inc. - Osaka fab 8-inch line,,晶圆制造工厂,"Skyworks Solutions Inc. 的 Osaka fab 8-inch line，位于 Osaka, Osaka, 日本。",6200,晶圆厂,In production,Osaka,Osaka,日本,日本,日本,"1-2-150 Kitabaya-shi, Suminoe-ku",www.skyworksinc.com,MEMS/RF,MEMS,SAW/BAW filters,"LiNbO3 wafer, LiTaO3 wafer",0.4,8,5000,5000,,,,2019,2019,2019,2019,/Users/simon/Documents/Simon-OB/本体论/base/半导体/SEMI_WFF_2026_1Q.xlsx,Company Detail,file:///Users/simon/Documents/Simon-OB/%E6%9C%AC%E4%BD%93%E8%AE%BA/base/%E5%8D%8A%E5%AF%BC%E4%BD%93/output/semiconductor_ontology.json
Skyworks Solutions Inc. - Newbury Park (GaAs),,晶圆制造工厂,"Skyworks Solutions Inc. 的 Newbury Park (GaAs)，位于 Newbury Park, California, 美国。",838,晶圆厂,in production,Newbury Park,California,美国,美洲,NA,2427 West Hillcrest Drive,www.skyworksinc.com,Discrete/Power,Discrete,Transceivers Sonet Preamps GPS HBT MESFET/PHEMT,"GaAs; AlGaAs, InGaP HBT",1,6,8000,4500,6140,10,215000,1986,,2025,2025,/Users/simon/Documents/Simon-OB/本体论/base/半导体/SEMI_WFF_2026_1Q.xlsx,Company Detail,file:///Users/simon/Documents/Simon-OB/%E6%9C%AC%E4%BD%93%E8%AE%BA/base/%E5%8D%8A%E5%AF%BC%E4%BD%93/output/semiconductor_ontology.json
Skyworks Solutions Inc. - Woburn fab phase 2 Expansion 6-inch,,晶圆制造工厂,"Skyworks Solutions Inc. 的 Woburn fab phase 2 Expansion 6-inch，位于 Woburn, Massachusetts, 美国。",1724,晶圆厂,Will be closed,Woburn,Massachusetts,美国,美洲,NA,20 Sylvan Rd,www.skyworksinc.com,Discrete/Power,Discrete,"Power, discretes for switches, control devices, amplifiers, and millimeter-wave devices., GaAs",GaAs,0.4,6,7000,3937.5,,100,158000,2000,2000,2002,2002,/Users/simon/Documents/Simon-OB/本体论/base/半导体/SEMI_WFF_2026_1Q.xlsx,Company Detail,file:///Users/simon/Documents/Simon-OB/%E6%9C%AC%E4%BD%93%E8%AE%BA/base/%E5%8D%8A%E5%AF%BC%E4%BD%93/output/semiconductor_ontology.json
Skyworks Solutions Inc. - Woburn fab 6-inch,,晶圆制造工厂,"Skyworks Solutions Inc. 的 Woburn fab 6-inch，位于 Woburn, Massachusetts, 美国。",15,晶圆厂,Will be closed,Woburn,Massachusetts,美国,美洲,NA,20 Sylvan Rd,www.skyworksinc.com,Discrete/Power,Discrete,"Power, MESFET/PHEMT, HBT, GaAs","GaAs, HBT",0.5,6,7000,3937.5,10000,100,158000,1987,,,,/Users/simon/Documents/Simon-OB/本体论/base/半导体/SEMI_WFF_2026_1Q.xlsx,Company Detail,file:///Users/simon/Documents/Simon-OB/%E6%9C%AC%E4%BD%93%E8%AE%BA/base/%E5%8D%8A%E5%AF%BC%E4%BD%93/output/semiconductor_ontology.json
SMIC - Fab 8 P2 (SN1),,晶圆制造工厂,"SMIC 的 Fab 8 P2 (SN1)，位于 Shanghai, Shanghai, 中国。",3889,晶圆厂，中试线，研发,In production,Shanghai,Shanghai,中国,中国,亚太,"18, Zhangjiang Rd.",http://www.smics.com,Foundry/MPU,Logic&Micro,Foundry,,0.007,12,35000,78750,,,,2019,2016,2019,2019,/Users/simon/Documents/Simon-OB/本体论/base/半导体/SEMI_WFF_2026_1Q.xlsx,Company Detail,http://www.smics.com
SMIC - Fab 7-2 (T2/T3),,晶圆制造工厂,"SMIC 的 Fab 7-2 (T2/T3)，位于 Tianjin, Tianjin, 中国。",3894,晶圆厂,In production,Tianjin,Tianjin,中国,中国,亚太,"19, Xinghua Rd.",http://www.smics.com,代工/模拟与混合信号与功率,Analog,Foundry,"BCD, BICMOS, CMOS, Al",0.09,8,150000,150000,,,,2018,2017,2018,2018,/Users/simon/Documents/Simon-OB/本体论/base/半导体/SEMI_WFF_2026_1Q.xlsx,Company Detail,http://www.smics.com
SMIC - Fab 8 P3 (SN2),,晶圆制造工厂,"SMIC 的 Fab 8 P3 (SN2)，位于 Shanghai, Shanghai, 中国。",4965,晶圆厂,In production,Shanghai,Shanghai,中国,中国,亚太,"18, Zhangjiang Rd.",http://www.smics.com,Foundry/MPU,Logic&Micro,Foundry,,0.005,12,15000,33750,,,,2024,2022,2024,2024,/Users/simon/Documents/Simon-OB/本体论/base/半导体/SEMI_WFF_2026_1Q.xlsx,Company Detail,http://www.smics.com
SMIC - Fab 2 P2-B (B3),,晶圆制造工厂,"SMIC 的 Fab 2 P2-B (B3)，位于 Beijing, Beijing, 中国。",3497,晶圆厂,In production,Beijing,Beijing,中国,中国,亚太,"18, Wenchang Ave.",http://www.smics.com,Foundry/Logic,Logic&Micro,Foundry,"CMOS, Cu, low-K",0.028,12,45000,101250,,,,2019,2015,2019,2019,/Users/simon/Documents/Simon-OB/本体论/base/半导体/SEMI_WFF_2026_1Q.xlsx,Company Detail,http://www.smics.com
SMIC - Fab 2 P2-A (B2),,晶圆制造工厂,"SMIC 的 Fab 2 P2-A (B2)，位于 Beijing, Beijing, 中国。",3394,晶圆厂,In production,Beijing,Beijing,中国,中国,亚太,18 Wenchang Road,http://www.smics.com,Foundry/Logic,Logic&Micro,Foundry,"CMOS, Cu, low-K",0.028,12,45000,101250,,,,2015,2013,2015,2015,/Users/simon/Documents/Simon-OB/本体论/base/半导体/SEMI_WFF_2026_1Q.xlsx,Company Detail,http://www.smics.com
SMIC - Fab 2 P1-B (Fab 5),,晶圆制造工厂,"SMIC 的 Fab 2 P1-B (Fab 5)，位于 Beijing, Beijing, 中国。",1946,晶圆厂,In production,Beijing,Beijing,中国,中国,亚太,18 Wenchang Road,http://www.smics.com,Foundry/Logic,Logic&Micro,Foundry; Logic,"CMOS, BiCMOS, BiPolar, Cu, low-K",0.04,12,26000,58500,88835,1000,,2011,,2011,2011,/Users/simon/Documents/Simon-OB/本体论/base/半导体/SEMI_WFF_2026_1Q.xlsx,Company Detail,http://www.smics.com
SMIC - S1 MegaFab (Fab 1),,晶圆制造工厂,"SMIC 的 S1 MegaFab (Fab 1)，位于 Shanghai, Shanghai, 中国。",1806,晶圆厂,in production,Shanghai,Shanghai,中国,中国,亚太,18 Zhanjiang Road,http://www.smics.com,代工/模拟与混合信号与功率,Analog,"Foundry; Logic, mixed signal, high voltage, SRAM, EEPROM, mask ROM, LCoS, CMOS image sensors (CIS), OTP ROM, NOR Flash; CMOS based MEMS (microphones), MOSFET","CMOS, FSG as insulator",0.11,8,60000,60000,129167,,,2002,2000,2001,2002,/Users/simon/Documents/Simon-OB/本体论/base/半导体/SEMI_WFF_2026_1Q.xlsx,Company Detail,http://www.smics.com
SMIC - Fab 7,,晶圆制造工厂,"SMIC 的 Fab 7，位于 Tianjin, Tianjin, 中国。",638,晶圆厂,in production,Tianjin,Tianjin,中国,中国,亚太,"19, Xinghua Rd.",http://www.smics.com,代工/功率,Discrete,Foundry; MCU Telecom Consumer Cell Phone SOC,"BCD, BICMOS, CMOS, Al",0.13,8,55000,55000,90740,1,670000,2002,2000,2002,2002,/Users/simon/Documents/Simon-OB/本体论/base/半导体/SEMI_WFF_2026_1Q.xlsx,Company Detail,http://www.smics.com
SMIC - MegaFab (Fab 3 B-C),,晶圆制造工厂,"SMIC 的 MegaFab (Fab 3 B-C)，位于 Shanghai, Shanghai, 中国。",2053,Fab/Wafer Processing,In production-merged,Shanghai,Shanghai,中国,中国,亚太,18 Zhanjiang Road,http://www.smics.com,Foundry/Other,Other,"Metallization, Advanced Copper process, Bumping, Power discrete, PMIC","CMOS, Cu",0.5,8,,,64583,,,2003,2000,2002,2003,/Users/simon/Documents/Simon-OB/本体论/base/半导体/SEMI_WFF_2026_1Q.xlsx,Company Detail,http://www.smics.com
SMIC - S1 MegaFab (Fab 2),,晶圆制造工厂,"SMIC 的 S1 MegaFab (Fab 2)，位于 Shanghai, Shanghai, 中国。",1854,晶圆厂,In production,Shanghai,Shanghai,中国,中国,亚太,18 Zhanjiang Road,http://www.smics.com,代工/模拟与混合信号与功率,Analog,"Foundry; Logic, mixed signal, high voltage, SRAM, EEPROM, mask ROM; Niche such as: LCoS, CMOS image sensors (CIS), OTP ROM, NOR Flash, MOSFET","CMOS, FSG as insulator",0.11,8,60000,60000,93775,,,2003,2001,2002,2003,/Users/simon/Documents/Simon-OB/本体论/base/半导体/SEMI_WFF_2026_1Q.xlsx,Company Detail,http://www.smics.com
SMIC - Fab 2 P1-A (Fab 4),,晶圆制造工厂,"SMIC 的 Fab 2 P1-A (Fab 4)，位于 Beijing, Beijing, 中国。",1944,晶圆厂，研发,In production,Beijing,Beijing,中国,中国,亚太,18 Wenchang Road,http://www.smics.com,代工/模拟与混合信号与功率,Analog,Foundry; Logic,"CMOS, BiCMOS, BiPolar; Cu, low-K",0.04,12,26000,58500,88835,1000,,2004,2002,2004,2004,/Users/simon/Documents/Simon-OB/本体论/base/半导体/SEMI_WFF_2026_1Q.xlsx,Company Detail,http://www.smics.com
SMIC - MegaFab Fab 6,,晶圆制造工厂,"SMIC 的 MegaFab Fab 6，位于 Beijing, Beijing, 中国。",1976,Fab/Wafer Processing,In production/support,Beijing,Beijing,中国,中国,亚太,18 Wenchang Road,http://www.smics.com,Foundry/Other,Other,Foundry; Metallization,"Metalization; CMOS, Cu, Al",0.5,12,,,111611,10,,2005,2002,2005,2005,/Users/simon/Documents/Simon-OB/本体论/base/半导体/SEMI_WFF_2026_1Q.xlsx,Company Detail,http://www.smics.com
SMIC - Fab 5,,晶圆制造工厂,"SMIC 的 Fab 5，位于 Shenzhen, Guangdong, 中国。",2450,晶圆厂,In production,Shenzhen,Guangdong,中国,中国,亚太,"No.18 Gaoxin Road, Pingshan New Area_x000D_
No.18 Gaoxin Road,",http://www.smics.com,代工/功率,Discrete,"Foundry, MOSFET",CMOS,0.15,8,70000,70000,,,,2015,2008,2014,2015,/Users/simon/Documents/Simon-OB/本体论/base/半导体/SEMI_WFF_2026_1Q.xlsx,Company Detail,http://www.smics.com
SMIC - Fab 3 Phase 1 (SMBC P1),,晶圆制造工厂,"SMIC 的 Fab 3 Phase 1 (SMBC P1)，位于 Beijing, Beijing, 中国。",6165,晶圆厂,In production,Beijing,Beijing,中国,中国,亚太,No. 18 Wen Chang Road,http://www.smics.com,Foundry/Logic,Logic&Micro,Foundry,,0.028,12,50000,112500,,,,2023,2021,2022,2023,/Users/simon/Documents/Simon-OB/本体论/base/半导体/SEMI_WFF_2026_1Q.xlsx,Company Detail,http://www.smics.com
SMIC - Fab 16 (was Fab 6),,晶圆制造工厂,"SMIC 的 Fab 16 (was Fab 6)，位于 Shenzhen, Guangdong, 中国。",2451,晶圆厂,In production,Shenzhen,Guangdong,中国,中国,亚太,"No.18 Gaoxin Road, Pingshan New Area",http://www.smics.com,Foundry/Logic,Logic&Micro,Foundry,CMOS,0.04,12,40000,90000,,,,2022,2021,2022,2022,/Users/simon/Documents/Simon-OB/本体论/base/半导体/SEMI_WFF_2026_1Q.xlsx,Company Detail,http://www.smics.com
SMIC - Fab 9 Phase 1 (Lingang P1),,晶圆制造工厂,"SMIC 的 Fab 9 Phase 1 (Lingang P1)，位于 Shanghai, Shanghai, 中国。",6254,晶圆厂,In production,Shanghai,Shanghai,中国,中国,亚太,No. 200 Shengang Avenue,http://www.smics.com,Foundry/Logic,Logic&Micro,Foundry,,0.028,12,50000,112500,,,,2024,2022,2024,2024,/Users/simon/Documents/Simon-OB/本体论/base/半导体/SEMI_WFF_2026_1Q.xlsx,Company Detail,http://www.smics.com
SMIC - Fab 9 Phase 2 (Lingang P2),,晶圆制造工厂,"SMIC 的 Fab 9 Phase 2 (Lingang P2)，位于 Shanghai, Shanghai, 中国。",6255,晶圆厂,Constructing,Shanghai,Shanghai,中国,中国,亚太,No. 200 Shengang Avenue,http://www.smics.com,Foundry/Logic,Logic&Micro,Foundry,,0.028,12,50000,112500,,,,2027,2024,2027,2027,/Users/simon/Documents/Simon-OB/本体论/base/半导体/SEMI_WFF_2026_1Q.xlsx,Company Detail,http://www.smics.com
SMIC - Fab 10 Phase 1 (SMTC P1),,晶圆制造工厂,"SMIC 的 Fab 10 Phase 1 (SMTC P1)，位于 Tianjin, Tianjin, 中国。",6384,晶圆厂,On hold,Tianjin,Tianjin,中国,中国,亚太,No. 19 Xing Hua Avenue,http://www.smics.com,代工/模拟与混合信号与功率,Analog,"Foundry; For communication, automotive electronics, industrial control and consumer devices applications. MOFET","CMOS, MOSFET",0.028,12,50000,112500,,,,2027,2022,2027,2027,/Users/simon/Documents/Simon-OB/本体论/base/半导体/SEMI_WFF_2026_1Q.xlsx,Company Detail,http://www.smics.com
SMIC - Fab 9 Phase 3 (Lingang P3),,晶圆制造工厂,"SMIC 的 Fab 9 Phase 3 (Lingang P3)，位于 Shanghai, Shanghai, 中国。",6516,晶圆厂,Planned,Shanghai,Shanghai,中国,中国,亚太,No. 200 Shengang Avenue,http://www.smics.com,Foundry/Logic,Logic&Micro,,,0.028,12,50000,112500,,,,2030,2027,2029,2030,/Users/simon/Documents/Simon-OB/本体论/base/半导体/SEMI_WFF_2026_1Q.xlsx,Company Detail,http://www.smics.com
SMIC - Fab 9 Phase 4 (Lingang P4),,晶圆制造工厂,"SMIC 的 Fab 9 Phase 4 (Lingang P4)，位于 Shanghai, Shanghai, 中国。",6517,晶圆厂,Planned,Shanghai,Shanghai,中国,中国,亚太,No. 200 Shengang Avenue,http://www.smics.com,Foundry/Logic,Logic&Micro,Foundry,,0.028,12,50000,112500,,,,2031,2029,2031,2031,/Users/simon/Documents/Simon-OB/本体论/base/半导体/SEMI_WFF_2026_1Q.xlsx,Company Detail,http://www.smics.com
SMIC - Fab 3 Phase 3 (SMBC P3),,晶圆制造工厂,"SMIC 的 Fab 3 Phase 3 (SMBC P3)，位于 Beijing, Beijing, 中国。",6518,晶圆厂,Planned,Beijing,Beijing,中国,中国,亚太,No. 18 Wen Chang Road,http://www.smics.com,Foundry/Logic,Logic&Micro,,,0.028,12,50000,112500,,,,2029,2026,2029,2029,/Users/simon/Documents/Simon-OB/本体论/base/半导体/SEMI_WFF_2026_1Q.xlsx,Company Detail,http://www.smics.com
SMIC - Fab 3 Phase 4 (SMBC P4),,晶圆制造工厂,"SMIC 的 Fab 3 Phase 4 (SMBC P4)，位于 Beijing, Beijing, 中国。",6519,晶圆厂,Planned,Beijing,Beijing,中国,中国,亚太,No. 18 Wen Chang Road,http://www.smics.com,Foundry/Logic,Logic&Micro,,,0.028,12,50000,112500,,,,2032,2028,2030,2030,/Users/simon/Documents/Simon-OB/本体论/base/半导体/SEMI_WFF_2026_1Q.xlsx,Company Detail,http://www.smics.com
SMIC - Fab 3 Phase 2 (SMBC P2),,晶圆制造工厂,"SMIC 的 Fab 3 Phase 2 (SMBC P2)，位于 Beijing, Beijing, 中国。",6490,晶圆厂,In production,Beijing,Beijing,中国,中国,亚太,No. 18 Wen Chang Road,http://www.smics.com,Foundry/Logic,Logic&Micro,,,0.028,12,50000,112500,,,,2025,2022,2025,2025,/Users/simon/Documents/Simon-OB/本体论/base/半导体/SEMI_WFF_2026_1Q.xlsx,Company Detail,http://www.smics.com
SMIC - Fab 10 Phase 2 (SMTC P2),,晶圆制造工厂,"SMIC 的 Fab 10 Phase 2 (SMTC P2)，位于 Tianjin, Tianjin, 中国。",6491,晶圆厂,Constructing,Tianjin,Tianjin,中国,中国,亚太,No. 19 Xing Hua Avenue,http://www.smics.com,代工/模拟与混合信号与功率,Analog,,,0.028,12,50000,112500,,,,2030,2026,2029,2030,/Users/simon/Documents/Simon-OB/本体论/base/半导体/SEMI_WFF_2026_1Q.xlsx,Company Detail,http://www.smics.com
"Solid State Devices, Inc. - N/A",,晶圆制造工厂,"Solid State Devices, Inc. 的 N/A，位于 La Mirada, California, 美国。",992,晶圆厂，中试线,in production,La Mirada,California,美国,美洲,NA,14701 Firestone Blvd,http://www.ssdi-power.com,Discrete/Power,Discrete,"Schottky Rectifiers, MOSFETs and IGBTs, Power Transistors, Thyristors, Zeners",Bipolar,3,4,4000,1000,10000,,,1972,1970,1972,1972,/Users/simon/Documents/Simon-OB/本体论/base/半导体/SEMI_WFF_2026_1Q.xlsx,Company Detail,http://www.ssdi-power.com
Sony - Building #4 (GaAs Line),,晶圆制造工厂,"Sony 的 Building #4 (GaAs Line)，位于 Kirishima (former Kokubu), Kagoshima, 日本。",1011,晶圆厂,in production,Kirishima (former Kokubu),Kagoshima,日本,日本,日本,"5-1, Kokubunoguchi Kita",http://www.sony.co.jp/semicon/,光电器件/激光器及其他,Opto,"Discrete Opto, MMIC, image sensors, GaAs switch IC","MOS, MMIC, GaAs",0.35,6,10000,5625,,,,1982,1981,1982,1982,/Users/simon/Documents/Simon-OB/本体论/base/半导体/SEMI_WFF_2026_1Q.xlsx,Company Detail,http://www.sony.co.jp/semicon/
Sony - Building #3,,晶圆制造工厂,"Sony 的 Building #3，位于 Kirishima, Kagoshima, 日本。",1008,晶圆厂,In production,Kirishima,Kagoshima,日本,日本,日本,"5-1 Kokubunoguchikita,",http://www.sony.co.jp/semicon/,Analog/Linear,Analog,"Analog Linear A/D D/A, Logic Clock IC, Discretes, MEMS foundry",Bipolar,0.35,6,20000,11250,,,,1978,1975,1977,1978,/Users/simon/Documents/Simon-OB/本体论/base/半导体/SEMI_WFF_2026_1Q.xlsx,Company Detail,http://www.sony.co.jp/semicon/
Sony - Building #4 (MEMS Line),,晶圆制造工厂,"Sony 的 Building #4 (MEMS Line)，位于 Kirishima (former Kokubu), Kagoshima, 日本。",1007,晶圆厂,In production,Kirishima (former Kokubu),Kagoshima,日本,日本,日本,"5-1, Kokubunoguchi Kita",http://www.sony.co.jp/semicon/,代工/MEMS,MEMS,"MEMS Foundry,","CMOS, MEMS",0.35,6,10000,5625,,10,,1982,1981,1982,1982,/Users/simon/Documents/Simon-OB/本体论/base/半导体/SEMI_WFF_2026_1Q.xlsx,Company Detail,http://www.sony.co.jp/semicon/
Sony - Kumamoto TEC 1,,晶圆制造工厂,"Sony 的 Kumamoto TEC 1，位于 Kumamoto, Kumamoto, 日本。",1814,晶圆厂,in production,Kumamoto,Kumamoto,日本,日本,日本,"4000-1 Haramizu, Kikuyo-machi, Kikuchi-gun",http://www.sony.co.jp/semicon/,Opto/Image Sensors,Opto,"H-LCD, CCD image sensors, CMOS image sensors,","CMOS, FD-SOI, InGaAs-InP",0.065,12,15000,33750,215278,1000,,2001,2000,2001,2001,/Users/simon/Documents/Simon-OB/本体论/base/半导体/SEMI_WFF_2026_1Q.xlsx,Company Detail,http://www.sony.co.jp/semicon/
Sony - Building #6-4F,,晶圆制造工厂,"Sony 的 Building #6-4F，位于 Kirishima (former Kokubu), Kagoshima, 日本。",1002,晶圆厂，研发,in production,Kirishima (former Kokubu),Kagoshima,日本,日本,日本,"5-1, Kokubunoguchi Kita",http://www.sony.co.jp/semicon/,Logic/System LSI,Logic&Micro,"Foundry, System LSI, MOS, Analog Mixed-Signal, SXRD, LCD(HTPS Display)",CMOS BiCMOS SiGe,0.09,8,23000,23000,,1,,1993,1991,1992,1993,/Users/simon/Documents/Simon-OB/本体论/base/半导体/SEMI_WFF_2026_1Q.xlsx,Company Detail,http://www.sony.co.jp/semicon/
Sony - Building #6-2F,,晶圆制造工厂,"Sony 的 Building #6-2F，位于 Kirishima (former Kokubu), Kagoshima, 日本。",1396,晶圆厂,In production,Kirishima (former Kokubu),Kagoshima,日本,日本,日本,"5-1, Kokubunoguchi Kita",http://www.sony.co.jp/semicon/,Logic/System LSI,Logic&Micro,"Foundry, MCU, CCD image sensor, MCU, System LSIs for digital video and audio signal processing, SXRD, LCD(HTPS Display)",CMOS BiCMOS SiGe,0.15,8,23000,23000,,1,,1998,1996,1997,1997,/Users/simon/Documents/Simon-OB/本体论/base/半导体/SEMI_WFF_2026_1Q.xlsx,Company Detail,http://www.sony.co.jp/semicon/
Sony - Kumamoto TEC 2,,晶圆制造工厂,"Sony 的 Kumamoto TEC 2，位于 Kumamoto, Kumamoto, 日本。",2143,晶圆厂,In production,Kumamoto,Kumamoto,日本,日本,日本,"4000-1 Haramizu, Kikuyo-machi, Kikuchi-gun",http://www.sony.co.jp/semicon/,Opto/Image Sensors,Opto,"CCD image sensors, CMOS image sensors,","CMOS, FD-SOI, InGaAs-InP",0.065,12,15000,33750,215278,,,2006,2005,2006,2006,/Users/simon/Documents/Simon-OB/本体论/base/半导体/SEMI_WFF_2026_1Q.xlsx,Company Detail,http://www.sony.co.jp/semicon/
"Sony - Fab 3 (TEC 2 bldg., 1st floor)-former JV",,晶圆制造工厂,"Sony 的 Fab 3 (TEC 2 bldg., 1st floor)-former JV，位于 Isahaya, Nagasaki, 日本。",1542,晶圆厂，中试线,In production,Isahaya,Nagasaki,日本,日本,日本,1183-43 Tsukuba,http://www.sony.co.jp/semicon/,Opto/Image Sensors,Opto,"MOS System LSI, CMOS image sensors,","CMOS, MOS, LSI",0.065,12,20000,45000,,,,2004,,2011,2011,/Users/simon/Documents/Simon-OB/本体论/base/半导体/SEMI_WFF_2026_1Q.xlsx,Company Detail,http://www.sony.co.jp/semicon/
Sony - Building #7,,晶圆制造工厂,"Sony 的 Building #7，位于 Kirishima, Kagoshima, 日本。",2144,晶圆厂,In production,Kirishima,Kagoshima,日本,日本,日本,5-1 Kokubunoguchikita,http://www.sony.co.jp/semicon/,Opto/Image Sensors,Opto,"Bipolar IC, MOS IC, Crystal LED, LCD (LCD projection-use device ""SXRD"", and LCD driver IC), HTPS display",CMOS; MOS; Biploar,0.09,8,24000,24000,53820,,,2006,,,,/Users/simon/Documents/Simon-OB/本体论/base/半导体/SEMI_WFF_2026_1Q.xlsx,Company Detail,http://www.sony.co.jp/semicon/
Sony - Oita (was Toshiba),,晶圆制造工厂,"Sony 的 Oita (was Toshiba)，位于 Oita, Oita, 日本。",1969,晶圆厂,In production,Oita,Oita,日本,日本,日本,"3500, Oaza Matsuoka",http://www.sony.co.jp/semicon/,Opto/Image Sensors,Opto,"Systems LSI, SoC, CMOS image sensors (CIS), MPU","CMOS, SoC",0.04,12,25000,56250,168993,10,525279,2005,,,,/Users/simon/Documents/Simon-OB/本体论/base/半导体/SEMI_WFF_2026_1Q.xlsx,Company Detail,http://www.sony.co.jp/semicon/
Sony - Yamagata TEC (was Renesas Tsuruoka),,晶圆制造工厂,"Sony 的 Yamagata TEC (was Renesas Tsuruoka)，位于 Tsuruoka, Yamagata, 日本。",2032,晶圆厂,In production,Tsuruoka,Yamagata,日本,日本,日本,1-11-73 Takarada,http://www.sony.co.jp/semicon/,Opto/Image Sensors,Opto,"CMOS image sensors (CIS). Was for Reneas until March 2014: System-on-chip (SOC), ASIC, ASSP, System LSIs","CMOS, Cu",0.045,12,24000,54000,118403,1,,2005,,,,/Users/simon/Documents/Simon-OB/本体论/base/半导体/SEMI_WFF_2026_1Q.xlsx,Company Detail,http://www.sony.co.jp/semicon/
"Sony - Fab 2 (TEC 2 bldg., 2nd floor)",,晶圆制造工厂,"Sony 的 Fab 2 (TEC 2 bldg., 2nd floor)，位于 Isahaya, Nagasaki, 日本。",1803,晶圆厂,In production,Isahaya,Nagasaki,日本,日本,日本,1183-43 Tsukuba,http://www.sony.co.jp/semicon/,Opto/Image Sensors,Opto,"MOS System LSI, CMOS image sensors","CMOS, MOS, LSI",0.065,12,20000,45000,215278,,,2001,2011,2012,2012,/Users/simon/Documents/Simon-OB/本体论/base/半导体/SEMI_WFF_2026_1Q.xlsx,Company Detail,http://www.sony.co.jp/semicon/
Sony - Fab 4 (former NP3),,晶圆制造工厂,"Sony 的 Fab 4 (former NP3)，位于 Isahaya, Nagasaki, 日本。",1001,晶圆厂,In production,Isahaya,Nagasaki,日本,日本,日本,1183-43 Tsukuba,http://www.sony.co.jp/semicon/,Opto/Image Sensors,Opto,"MOS LSI, CMOS image sensors, 40nm for ISP",CMOS,0.04,12,26000,58500,,1,,1993,2011,2011,2011,/Users/simon/Documents/Simon-OB/本体论/base/半导体/SEMI_WFF_2026_1Q.xlsx,Company Detail,http://www.sony.co.jp/semicon/
Sony - Fab 5 Phase 1,,晶圆制造工厂,"Sony 的 Fab 5 Phase 1，位于 Isahaya, Nagasaki, 日本。",5109,晶圆厂,In production,Isahaya,Nagasaki,日本,日本,日本,1183-43 Tsukuba,http://www.sony.co.jp/semicon/,Opto/Image Sensors,Opto,CMOS Image Sensor (CIS),,0.04,12,12000,27000,107640,,516700,2021,2019,2021,2021,/Users/simon/Documents/Simon-OB/本体论/base/半导体/SEMI_WFF_2026_1Q.xlsx,Company Detail,http://www.sony.co.jp/semicon/
Sony - Kumamoto Koshi New Fab,,晶圆制造工厂,"Sony 的 Kumamoto Koshi New Fab，位于 Koshi, Kumamoto, 日本。",6470,晶圆厂,Constructing,Koshi,Kumamoto,日本,日本,日本,"1139-163 Hara, Kikuyo-machi",http://www.sony.co.jp/semicon/,Opto/Image Sensors,Opto,CMOS Image Sensor,CiS,0.028,12,35000,78750,,,270000,2027,2024,2027,2027,/Users/simon/Documents/Simon-OB/本体论/base/半导体/SEMI_WFF_2026_1Q.xlsx,Company Detail,http://www.sony.co.jp/semicon/
Sony - Fab 5 Phase 2,,晶圆制造工厂,"Sony 的 Fab 5 Phase 2，位于 Isahaya, Nagasaki, 日本。",6476,晶圆厂,In production,Isahaya,Nagasaki,日本,日本,日本,1183-43 Tsukuba,http://www.sony.co.jp/semicon/,Opto/Image Sensors,Opto,CMOS Image Sensor (CIS),,0.04,12,11000,24750,100000,,,2023,2021,2023,2023,/Users/simon/Documents/Simon-OB/本体论/base/半导体/SEMI_WFF_2026_1Q.xlsx,Company Detail,http://www.sony.co.jp/semicon/
Sony - Fab 5 Phase 3,,晶圆制造工厂,"Sony 的 Fab 5 Phase 3，位于 Isahaya, Nagasaki, 日本。",6477,晶圆厂,In production,Isahaya,Nagasaki,日本,日本,日本,1883-43 Tsukuba-machi,http://www.sony.co.jp/semicon/,Opto/Image Sensors,Opto,CMOS Image Sensor (CIS),,0.04,12,12000,27000,110000,,,2026,2022,2025,2026,/Users/simon/Documents/Simon-OB/本体论/base/半导体/SEMI_WFF_2026_1Q.xlsx,Company Detail,http://www.sony.co.jp/semicon/
Spectro Labs - N/A,,晶圆制造工厂,"Spectro Labs 的 N/A，位于 Sylmar, California, 美国。",1021,晶圆厂,in production,Sylmar,California,美国,美洲,NA,12500 Gladstone,http://www.spectrolab.com,光电器件/激光器及其他,Opto,"EPI; InGaAs, GaAs and Ge photodetectors;  Solar Cells","GaAS; GaAs/Ge; InGaAs, EPI",0.6,4,30000,7500,10000,100,,1982,1980,1982,1982,/Users/simon/Documents/Simon-OB/本体论/base/半导体/SEMI_WFF_2026_1Q.xlsx,Company Detail,http://www.spectrolab.com
SRI International - SRI - Menlo Park,,晶圆制造工厂,"SRI International 的 SRI - Menlo Park，位于 Menlo Park, California, 美国。",2110,晶圆厂，中试线，研发,In production,Menlo Park,California,美国,美洲,NA,333 Ravenwood Avenue,http://www.sri.com/,代工/MEMS,MEMS,"Sensors, Optical Microelectronics, Optical MEMS",CMOS,3,6,2000,1125,5000,10,,1996,1994,1996,1996,/Users/simon/Documents/Simon-OB/本体论/base/半导体/SEMI_WFF_2026_1Q.xlsx,Company Detail,http://www.sri.com/
SRI International - SRI - St Petersburg,,晶圆制造工厂,"SRI International 的 SRI - St Petersburg，位于 St. Petersburg, Florida, 美国。",3522,晶圆厂，中试线，研发,In production,St. Petersburg,Florida,美国,美洲,NA,450 8th Avenue SE,http://www.sri.com/,MEMS/Opto,MEMS,"MEMS sensors, Optical sensors","Thin-film, MEMS",2,6,1000,562.5,5500,10,,2007,2006,2007,2007,/Users/simon/Documents/Simon-OB/本体论/base/半导体/SEMI_WFF_2026_1Q.xlsx,Company Detail,http://www.sri.com/
SRISA (Russian Academy of Sciences) - N/A,,晶圆制造工厂,"SRISA (Russian Academy of Sciences) 的 N/A，位于 Moscow, Moscow, 俄罗斯。",1716,晶圆厂，中试线,in production,Moscow,Moscow,俄罗斯,Europe & Mideast,欧洲,1 ploshchad I.V Kurchatova,,Analog&Mixed Signal,Analog,Mixed Signal ASIC,"CMOS, BiCMOS, BiPolar",0.35,6,3000,1687.5,,1,,1999,1999,1999,1999,/Users/simon/Documents/Simon-OB/本体论/base/半导体/SEMI_WFF_2026_1Q.xlsx,Company Detail,file:///Users/simon/Documents/Simon-OB/%E6%9C%AC%E4%BD%93%E8%AE%BA/base/%E5%8D%8A%E5%AF%BC%E4%BD%93/SEMI_WFF_2026_1Q.xlsx
Stark Semiconductor - Micro LED fab,,晶圆制造工厂,"Stark Semiconductor 的 Micro LED fab，位于 Wuhan, Hubei, 中国。",6665,晶圆厂,In production,Wuhan,Hubei,中国,中国,亚太,Wuhan Optics Valley,,光电器件/LED,Opto,Gan-on-Si MicroLED for AR/MR,GaN-on-Si,0.5,8,1000,1000,,,17222,2025,2024,2025,2025,/Users/simon/Documents/Simon-OB/本体论/base/半导体/SEMI_WFF_2026_1Q.xlsx,Company Detail,file:///Users/simon/Documents/Simon-OB/%E6%9C%AC%E4%BD%93%E8%AE%BA/base/%E5%8D%8A%E5%AF%BC%E4%BD%93/SEMI_WFF_2026_1Q.xlsx
STMicroelectronics - AG200 (R2-MEMS),,晶圆制造工厂,"STMicroelectronics 的 AG200 (R2-MEMS)，位于 Agrate Brianza, Monza and Brianza, 意大利。",6671,晶圆厂，研发,In production,Agrate Brianza,Monza and Brianza,意大利,Europe & Mideast,欧洲,Via Camillo Olivetti 2,http://www.st.com,MEMS,MEMS,MEMS,MEMS,0.8,8,25000,25000,80100,1,,2025,,2025,2025,/Users/simon/Documents/Simon-OB/本体论/base/半导体/SEMI_WFF_2026_1Q.xlsx,Company Detail,http://www.st.com
"STMicroelectronics - AG200 (AG8-MEMS), was Fab 1",,晶圆制造工厂,"STMicroelectronics 的 AG200 (AG8-MEMS), was Fab 1，位于 Agrate Brianza, Monza and Brianza, 意大利。",912,晶圆厂，研发,In production-merged,Agrate Brianza,Monza and Brianza,意大利,Europe & Mideast,欧洲,Via Camillo Olivetti 2,http://www.st.com,MEMS,MEMS,"MEMS foundry service; Motion MEMS, Microphone, Pressure Sensors; BCD, Microfluids","MEMS, BCD, Microfluids",0.8,8,48000,48000,22000,10,,1985,,2026,2026,/Users/simon/Documents/Simon-OB/本体论/base/半导体/SEMI_WFF_2026_1Q.xlsx,Company Detail,http://www.st.com
STMicroelectronics - Fab 1 8-inch fab: SiC Line,,晶圆制造工厂,"STMicroelectronics 的 Fab 1 8-inch fab: SiC Line，位于 Catania, Catania, 意大利。",6673,晶圆厂,Planned,Catania,Catania,意大利,Europe & Mideast,欧洲,"Stradale Primosole, 50, P.O. Box 435",http://www.st.com,Discrete/Power,Discrete,"Power MOSFET, Diodes, SiC","SiC, BCD, MOSFET",0.11,8,19000,19000,,,,2027,2026,2027,2027,/Users/simon/Documents/Simon-OB/本体论/base/半导体/SEMI_WFF_2026_1Q.xlsx,Company Detail,http://www.st.com
STMicroelectronics - SGFAB-AMK (8-inch line conversion from 6-inch 2138)  was AMK 2E (8-inch line),,晶圆制造工厂,"STMicroelectronics 的 SGFAB-AMK (8-inch line conversion from 6-inch 2138)  was AMK 2E (8-inch line)，位于 新加坡, 新加坡, 新加坡。",6190,晶圆厂/拆分,In production,新加坡,新加坡,新加坡,SE Asia,亚太,"28, Ang Mo Kio Industrial Park 2",http://www.st.com,Discrete/Power,Discrete,BCD and Power MOS,"CMOS, BCD",0.09,8,50000,50000,53820,1,,2010,2022,2022,2022,/Users/simon/Documents/Simon-OB/本体论/base/半导体/SEMI_WFF_2026_1Q.xlsx,Company Detail,http://www.st.com
STMicroelectronics - SiC Device Fab (Phase 1+2),,晶圆制造工厂,"STMicroelectronics 的 SiC Device Fab (Phase 1+2)，位于 Catania, Catania, 意大利。",6280,晶圆厂,In production,Catania,Catania,意大利,Europe & Mideast,欧洲,"Stradale Primosole, 50",http://www.st.com,Discrete/Power,Discrete,"devices using:  power MOSFET IGBT (using 110nm), BCD, advanced BiCMOS, ViPower","SiC, MOSFET, IGBT, BCD, advanced BCD, ViPower",0.11,8,65000,65000,,,,2025,2023,2025,2025,/Users/simon/Documents/Simon-OB/本体论/base/半导体/SEMI_WFF_2026_1Q.xlsx,Company Detail,http://www.st.com
STMicroelectronics - Crolles 2-ext. mod 2,,晶圆制造工厂,"STMicroelectronics 的 Crolles 2-ext. mod 2，位于 Crolles, Auvergne-Rhône-Alpes, 法国。",6184,晶圆厂,In production,Crolles,Auvergne-Rhône-Alpes,法国,Europe & Mideast,欧洲,"850, rue Jean Monnet - BP 16",http://www.st.com,逻辑/嵌入式,Logic&Micro,"specialized imagers, automotive ICs such as Mobileye, 40nm MCU, 28nm FD-SOI MCU.","CMOS; SOI; Cu; Low-K; Al;  High-K; BiCMOS; SoC, FDSOI",0.018,12,4500,10125,16000,,,2022,2021,2022,2022,/Users/simon/Documents/Simon-OB/本体论/base/半导体/SEMI_WFF_2026_1Q.xlsx,Company Detail,http://www.st.com
STMicroelectronics - SGFAB-AMK 6 (8-inch line conversion from 6-inch 1790),,晶圆制造工厂,"STMicroelectronics 的 SGFAB-AMK 6 (8-inch line conversion from 6-inch 1790)，位于 新加坡, 新加坡, 新加坡。",6189,晶圆厂/拆分,In production,新加坡,新加坡,新加坡,SE Asia,亚太,28 Ang Mo Kio Industrial Park 2,http://www.st.com,Analog&Mixed Signal&Power,Analog,"Smart Power, Power MOS, mixed signal, and Bipolar","Bipolar, Power MOS, BICMOS, CMOS, BCD, MEMS, EEPROMs",0.09,8,60000,60000,86000,1,161458,2016,2016,2016,2016,/Users/simon/Documents/Simon-OB/本体论/base/半导体/SEMI_WFF_2026_1Q.xlsx,Company Detail,http://www.st.com
STMicroelectronics - Castelletto,,晶圆制造工厂,"STMicroelectronics 的 Castelletto，位于 Castelletto, Novara, 意大利。",915,Was a Fab,In production,Castelletto,Novara,意大利,Europe & Mideast,欧洲,"Via Tolomeo 1, Cornaredo Milano, Casella",http://www.st.com,研发,Other,"design, R&D and testing lab for motion sensors",,,,,,,,,1968,1966,1968,1968,/Users/simon/Documents/Simon-OB/本体论/base/半导体/SEMI_WFF_2026_1Q.xlsx,Company Detail,http://www.st.com
STMicroelectronics - RST 8,,晶圆制造工厂,"STMicroelectronics 的 RST 8，位于 Rousset, Bouches-du-Rhône, 法国。",1295,晶圆厂，中试线,in production,Rousset,Bouches-du-Rhône,法国,Europe & Mideast,欧洲,190 Avenue Célestin Coq,http://www.st.com,Logic/Other,Logic&Micro,"mainly MCUs, embedded Flash, EEPROM, other Logic","CMOS, Cu",0.08,8,50000,50000,247569,,,2000,1996,1999,2000,/Users/simon/Documents/Simon-OB/本体论/base/半导体/SEMI_WFF_2026_1Q.xlsx,Company Detail,http://www.st.com
STMicroelectronics - Crolles 1,,晶圆制造工厂,"STMicroelectronics 的 Crolles 1，位于 Crolles, Auvergne-Rhône-Alpes, 法国。",919,晶圆厂，中试线，研发,"In production-will be closed for Front End, used for BackEnd",Crolles,Auvergne-Rhône-Alpes,法国,Europe & Mideast,欧洲,"850, rue Jean Monnet - BP 16",http://www.st.com,Logic/MCU,Logic&Micro,"MCU, MCU for MEMS products made in Agrate, Analog",CMOS BiCMOS SiGe HCMOS-7,0.11,8,30000,30000,86000,1,269098,1993,1992,1993,1993,/Users/simon/Documents/Simon-OB/本体论/base/半导体/SEMI_WFF_2026_1Q.xlsx,Company Detail,http://www.st.com
"STMicroelectronics - AG200 (R2-Power), was Fab 14 with Micron",,晶圆制造工厂,"STMicroelectronics 的 AG200 (R2-Power), was Fab 14 with Micron，位于 Agrate Brianza, Monza and Brianza, 意大利。",1373,晶圆厂，研发,In production-will be closed,Agrate Brianza,Monza and Brianza,意大利,Europe & Mideast,欧洲,Via Camillo Olivetti 2,http://www.st.com,Discrete/Power,Discrete,"Smart power, BCD technologies, embedded Flash (NOR flash), R&D on nonvolatile memories;","CMOS, BCD, Cu,",0.09,8,14000,14000,86100,1,,2000,1998,1999,2000,/Users/simon/Documents/Simon-OB/本体论/base/半导体/SEMI_WFF_2026_1Q.xlsx,Company Detail,http://www.st.com
STMicroelectronics - Crolles 2,,晶圆制造工厂,"STMicroelectronics 的 Crolles 2，位于 Crolles, Auvergne-Rhône-Alpes, 法国。",1568,晶圆厂，中试线，研发,in production,Crolles,Auvergne-Rhône-Alpes,法国,Europe & Mideast,欧洲,"850, rue Jean Monnet - BP 16",http://www.st.com,逻辑/嵌入式,Logic&Micro,"Products for automotives: FD-SOI, High speed SOI, Advanced Embedded Logic, MCU;  image sensors (CIS), Analog, RF, MRAM; Flash/EEPROM, RFCMOS","CMOS; SOI; Cu; Low-K; Al;  High-K; BiCMOS; SoC, FDSOI",0.018,12,24000,54000,107000,1,,2004,2000,2003,2004,/Users/simon/Documents/Simon-OB/本体论/base/半导体/SEMI_WFF_2026_1Q.xlsx,Company Detail,http://www.st.com
STMicroelectronics - Crolles 2-ext. mod 1,,晶圆制造工厂,"STMicroelectronics 的 Crolles 2-ext. mod 1，位于 Crolles, Auvergne-Rhône-Alpes, 法国。",3718,晶圆厂，中试线，研发,In production,Crolles,Auvergne-Rhône-Alpes,法国,Europe & Mideast,欧洲,"850, rue Jean Monnet - BP 16",http://www.st.com,逻辑/嵌入式,Logic&Micro,"specialized imagers, automotive ICs such as Mobileye, 40nm MCU, 28nm FD-SOI MCU.","CMOS; SOI; Cu; Low-K; Al;  High-K; BiCMOS; SoC, FDSOI",0.018,12,4500,10125,16000,,,2020,,,,/Users/simon/Documents/Simon-OB/本体论/base/半导体/SEMI_WFF_2026_1Q.xlsx,Company Detail,http://www.st.com
STMicroelectronics - Fab 2 (M9) expansion,,晶圆制造工厂,"STMicroelectronics 的 Fab 2 (M9) expansion，位于 Catania, Catania, 意大利。",5036,晶圆厂,In production,Catania,Catania,意大利,Europe & Mideast,欧洲,"Stradale Primosole, 50, P.O. Box 435",http://www.st.com,Discrete/Power,Discrete,"Power Semiconductors: MOSFET, IGBTs, advanced Analog (BCD), Advanced  PMOS, Advanced  Power; MCU,","CMOS, MOSFET, IGBTs, BCD, GaN, (Silicon)",0.11,8,20000,20000,34445,1,,2018,,,,/Users/simon/Documents/Simon-OB/本体论/base/半导体/SEMI_WFF_2026_1Q.xlsx,Company Detail,http://www.st.com
STMicroelectronics - Crolles 2-ext. mod 3 (was Phase 0 of JV ST/GF),,晶圆制造工厂,"STMicroelectronics 的 Crolles 2-ext. mod 3 (was Phase 0 of JV ST/GF)，位于 Crolles, Auvergne-Rhône-Alpes, 法国。",6185,晶圆厂,In production,Crolles,Auvergne-Rhône-Alpes,法国,Europe & Mideast,欧洲,"850, rue Jean Monnet - BP 16",http://www.st.com,逻辑/嵌入式,Logic&Micro,22nm FDX (FD-SOI),"CMOS; SOI; Cu; Low-K; Al;  High-K; BiCMOS; SoC, FDSOI (FDX)",0.018,12,10000,22500,32292,,,2023,,,,/Users/simon/Documents/Simon-OB/本体论/base/半导体/SEMI_WFF_2026_1Q.xlsx,Company Detail,http://www.st.com
STMicroelectronics - Crolles 2-ext. mod 4 (was JV Phase 1-3),,晶圆制造工厂,"STMicroelectronics 的 Crolles 2-ext. mod 4 (was JV Phase 1-3)，位于 Crolles, Auvergne-Rhône-Alpes, 法国。",6187,晶圆厂,Equipping,Crolles,Auvergne-Rhône-Alpes,法国,Europe & Mideast,欧洲,"850, rue Jean Monnet - BP 16",http://www.st.com,逻辑/嵌入式,Logic&Micro,"22nm FDX (FD-SOI) and later 18nm; specialized imagers, automotive ICs such as Mobileye, 40nm MCU, 28nm FD-SOI MCU.","CMOS; SOI; Cu; Low-K; Al;  High-K; BiCMOS; SoC, FDSOI (FDX)",0.018,12,10000,22500,32292,,,2026,,,,/Users/simon/Documents/Simon-OB/本体论/base/半导体/SEMI_WFF_2026_1Q.xlsx,Company Detail,http://www.st.com
STMicroelectronics - Crolles 2-ext. mod 5,,晶圆制造工厂,"STMicroelectronics 的 Crolles 2-ext. mod 5，位于 Crolles, Auvergne-Rhône-Alpes, 法国。",6188,晶圆厂,Constructing,Crolles,Auvergne-Rhône-Alpes,法国,Europe & Mideast,欧洲,"850, rue Jean Monnet - BP 16",http://www.st.com,逻辑/嵌入式,Logic&Micro,"22nm FDX (FD-SOI) and later 18nm; specialized imagers, automotive ICs such as Mobileye, 40nm MCU, 28nm FD-SOI MCU.","CMOS; SOI; Cu; Low-K; Al;  High-K; BiCMOS; SoC, FDSOI",0.018,12,10000,22500,32292,,,2027,,,,/Users/simon/Documents/Simon-OB/本体论/base/半导体/SEMI_WFF_2026_1Q.xlsx,Company Detail,http://www.st.com
STMicroelectronics - Crolles 2-ext. mod 6,,晶圆制造工厂,"STMicroelectronics 的 Crolles 2-ext. mod 6，位于 Crolles, Auvergne-Rhône-Alpes, 法国。",6695,晶圆厂,Constructing,Crolles,Auvergne-Rhône-Alpes,法国,Europe & Mideast,欧洲,"850, rue Jean Monnet - BP 16",http://www.st.com,逻辑/嵌入式,Logic&Micro,"22nm FDX (FD-SOI) and later 18nm; specialized imagers, automotive ICs such as Mobileye, 40nm MCU, 28nm FD-SOI MCU.","CMOS; SOI; Cu; Low-K; Al;  High-K; BiCMOS; SoC, FDSOI (FDX)",0.018,12,10000,22500,,,,2028,,,,/Users/simon/Documents/Simon-OB/本体论/base/半导体/SEMI_WFF_2026_1Q.xlsx,Company Detail,http://www.st.com
"STMicroelectronics - AG200 (AG8-Logic), was Fab 1",,晶圆制造工厂,"STMicroelectronics 的 AG200 (AG8-Logic), was Fab 1，位于 Agrate Brianza, Monza and Brianza, 意大利。",911,晶圆厂，研发,In production-will be closed,Agrate Brianza,Monza and Brianza,意大利,Europe & Mideast,欧洲,Via Camillo Olivetti 2,http://www.st.com,Discrete/Power,Discrete,"Power IC, BCD (BIPOLAR-CMOS-DMOS),","BCD, NV Memory, SiGe, SOI, Al",0.09,8,34000,34000,26910,10,,1987,2004,2004,2005,/Users/simon/Documents/Simon-OB/本体论/base/半导体/SEMI_WFF_2026_1Q.xlsx,Company Detail,http://www.st.com
STMicroelectronics - AG300 (R3) ST and Tower JV  (phase 1 + phase 2),,晶圆制造工厂,"STMicroelectronics 的 AG300 (R3) ST and Tower JV  (phase 1 + phase 2)，位于 Agrate Brianza, Monza and Brianza, 意大利。",3717,晶圆厂，中试线，研发,In production,Agrate Brianza,Monza and Brianza,意大利,Europe & Mideast,欧洲,"Via C Olivetti 2, Agrate Brianzi, Milan",http://www.st.com,Analog&Mixed Signal&Power,Analog,"manufacturing and R&D for advanced  BCD, IGBT, and Power devices (MOSFET), analog and mixed Signal RF","BCD, IGBT, Power Discrete (MOSFET), RF",0.065,12,17000,38250,140000,,731952,2022,2018,2022,2022,/Users/simon/Documents/Simon-OB/本体论/base/半导体/SEMI_WFF_2026_1Q.xlsx,Company Detail,http://www.st.com
STMicroelectronics - Fab 2 (M9) 8-inch line (was 6-inch called CT 6),,晶圆制造工厂,"STMicroelectronics 的 Fab 2 (M9) 8-inch line (was 6-inch called CT 6)，位于 Catania, Catania, 意大利。",917,晶圆厂，中试线,In production,Catania,Catania,意大利,Europe & Mideast,欧洲,"Stradale Primosole, 50, P.O. Box 435",http://www.st.com,Discrete/Power,Discrete,"Power (MOS), VIPpower, MO-3, MO-5 and Pilot Line RF","BCD, BiPolar, Power MOS; MPG",0.11,8,25000,25000,89341,10,,1980,,,,/Users/simon/Documents/Simon-OB/本体论/base/半导体/SEMI_WFF_2026_1Q.xlsx,Company Detail,http://www.st.com
STMicroelectronics - Fab 1 (+ old name Fab 2 merged),,晶圆制造工厂,"STMicroelectronics 的 Fab 1 (+ old name Fab 2 merged)，位于 Tours, Centre-Val de Loire, 法国。",928,晶圆厂,"In production-will be closed for Front End, used for BackEnd",Tours,Centre-Val de Loire,法国,Europe & Mideast,欧洲,"16, Rue Pierre et Marie Curie",http://www.st.com,Discrete/Power,Discrete,"Thyristors, Triac (TRIode for Alternating Current)",Bipolar,5,6,55000,30937.5,,100,,1978,,2006,2006,/Users/simon/Documents/Simon-OB/本体论/base/半导体/SEMI_WFF_2026_1Q.xlsx,Company Detail,http://www.st.com
STMicroelectronics - Fab 2 (M5+M5 extension) Catania  (was called CTM 8),,晶圆制造工厂,"STMicroelectronics 的 Fab 2 (M5+M5 extension) Catania  (was called CTM 8)，位于 Catania, Catania, 意大利。",916,晶圆厂,in production,Catania,Catania,意大利,Europe & Mideast,欧洲,"Stradale Primosole, 50, P.O. Box 435",http://www.st.com,Discrete/Power,Discrete,"Discrete/Power: advanced Analog (BCD), Advanced  PMOS, Advanced  VIPower, MCU, some MEMS","CMOS, Cu, MEMS",0.11,8,30000,30000,92570,1,172000,1997,,2010,,/Users/simon/Documents/Simon-OB/本体论/base/半导体/SEMI_WFF_2026_1Q.xlsx,Company Detail,http://www.st.com
STMicroelectronics - SGFAB-AMK 6E (6-inch line),,晶圆制造工厂,"STMicroelectronics 的 SGFAB-AMK 6E (6-inch line)，位于 新加坡, 新加坡, 新加坡。",2138,晶圆厂,In production,新加坡,新加坡,新加坡,SE Asia,亚太,28 Ang Mo Kio Industrial Park 2,http://www.st.com,Analog&Mixed Signal&Power,Discrete,"BCD, EEPROM, Smart card, Micros","BiPolar, CMOS, BCD",0.5,6,145000,81562.5,130000,,,2003,2002,2003,2003,/Users/simon/Documents/Simon-OB/本体论/base/半导体/SEMI_WFF_2026_1Q.xlsx,Company Detail,http://www.st.com
"STMicroelectronics - SGFAB-AMJ 9 (former AMK 5, AMJ 9 cluster, former Fab 1)",,晶圆制造工厂,"STMicroelectronics 的 SGFAB-AMJ 9 (former AMK 5, AMJ 9 cluster, former Fab 1)，位于 新加坡, 新加坡, 新加坡。",925,晶圆厂,In production-merged,新加坡,新加坡,新加坡,SE Asia,亚太,28 Ang Mo Kio Industrial Park 2,http://www.st.com,Discrete/Other,Discrete,"Printhead IC, MOS IC, Power Schottky, and MEMS slides","Power MOS, Bipolar, MEMS",1.5,6,152000,85500,132935,10,,1984,2008,2010,2010,/Users/simon/Documents/Simon-OB/本体论/base/半导体/SEMI_WFF_2026_1Q.xlsx,Company Detail,http://www.st.com
STMicroelectronics - SGFAB-AMK 8 (was Numonyx/Micron Fab 13),,晶圆制造工厂,"STMicroelectronics 的 SGFAB-AMK 8 (was Numonyx/Micron Fab 13)，位于 新加坡, 新加坡, 新加坡。",1372,晶圆厂,In production,新加坡,新加坡,新加坡,SE Asia,亚太,8 Ang Mo Kio Industrial Park 2,http://www.st.com,Discrete/Power,Discrete,"BCD and Power MOS,","CMOS, Cu, low-K, high-K",0.09,8,30000,30000,138000,100,700000,2001,,,,/Users/simon/Documents/Simon-OB/本体论/base/半导体/SEMI_WFF_2026_1Q.xlsx,Company Detail,http://www.st.com
STMicroelectronics - Fab 1 6-inch fab: SiC Line,,晶圆制造工厂,"STMicroelectronics 的 Fab 1 6-inch fab: SiC Line，位于 Catania, Catania, 意大利。",4955,晶圆厂,In production-will be closed,Catania,Catania,意大利,Europe & Mideast,欧洲,"Stradale Primosole, 50, P.O. Box 435",http://www.st.com,Discrete/Power,Discrete,"Power MOSFET, Diodes, SiC","SiC, BCD, MOSFET",0.35,6,24000,13500,,,,2013,,2017,2017,/Users/simon/Documents/Simon-OB/本体论/base/半导体/SEMI_WFF_2026_1Q.xlsx,Company Detail,http://www.st.com
STMicroelectronics - SiC 6-inch line in Singapore,,晶圆制造工厂,"STMicroelectronics 的 SiC 6-inch line in Singapore，位于 新加坡, 新加坡, 新加坡。",5105,晶圆厂,In production,新加坡,新加坡,新加坡,SE Asia,亚太,"28, Ang Mo Kio Industrial Park 2",http://www.st.com,Discrete/Power,Discrete,SiC for power MOSFET and Diodes,"SiC, power MOSFET, Diodes",0.35,6,50000,28125,,,,2021,2020,2021,2021,/Users/simon/Documents/Simon-OB/本体论/base/半导体/SEMI_WFF_2026_1Q.xlsx,Company Detail,http://www.st.com
STMicroelectronics - Fab 1 6-inch fab: GaN Line,,晶圆制造工厂,"STMicroelectronics 的 Fab 1 6-inch fab: GaN Line，位于 Catania, Catania, 意大利。",5107,晶圆厂，中试线,In production,Catania,Catania,意大利,Europe & Mideast,欧洲,"Stradale Primosole, 50",http://www.st.com,Discrete/Power,Discrete,GaN-on-Silicon for RF and 5G applications,"GaN-on-Silicon, (Silicon)",0.35,6,15000,8437.5,,,,2022,,2019,2022,/Users/simon/Documents/Simon-OB/本体论/base/半导体/SEMI_WFF_2026_1Q.xlsx,Company Detail,http://www.st.com
STMicroelectronics - Fab 2: 200mm GaN Device Pilot,,晶圆制造工厂,"STMicroelectronics 的 Fab 2: 200mm GaN Device Pilot，位于 Tours, Centre-Val de Loire, 法国。",5108,晶圆厂，中试线,In production,Tours,Centre-Val de Loire,法国,Europe & Mideast,欧洲,"16, Rue Pierre et Marie Curie",http://www.st.com,Discrete/Power,Discrete,"GaN hetero-epitaxy (EPI), and GaN for RF and power application","GaN, EPI",0.35,8,8000,8000,,,,2021,2019,2020,2021,/Users/simon/Documents/Simon-OB/本体论/base/半导体/SEMI_WFF_2026_1Q.xlsx,Company Detail,http://www.st.com
Sumitomo Electric Device Innovations Inc. - Fab 2,,晶圆制造工厂,"Sumitomo Electric Device Innovations Inc. 的 Fab 2，位于 Nakakoma, Yamanashi, 日本。",194,晶圆厂,in production,Nakakoma,Yamanashi,日本,日本,日本,"783 Nakadate, Chuo-shi,",http://www.sedi.co.jp/,Discrete/Power,Discrete,"Power GaAs, MMICs, Laser, Optical amplifier/receiver,  GaAs FET, Power GaN","III-V: GaAs, GaN",0.25,4,5200,1300,10000,10,,1991,1989,1991,1991,/Users/simon/Documents/Simon-OB/本体论/base/半导体/SEMI_WFF_2026_1Q.xlsx,Company Detail,http://www.sedi.co.jp/
Sumitomo Electric Device Innovations Inc. - Fab 1,,晶圆制造工厂,"Sumitomo Electric Device Innovations Inc. 的 Fab 1，位于 Nakakoma, Yamanashi, 日本。",1492,晶圆厂,in production,Nakakoma,Yamanashi,日本,日本,日本,"1000, Kamishiawara Showa-cho",http://www.sedi.co.jp/,光电器件/激光器及其他,Opto,"Power GaAs, MMICs, Laser, Optical amplifier/receiver,  GaAs FET, Power GaN","III-V: GaAs, GaN",1.5,3,15000,2109.375,10000,10,,1985,1984,1985,1985,/Users/simon/Documents/Simon-OB/本体论/base/半导体/SEMI_WFF_2026_1Q.xlsx,Company Detail,http://www.sedi.co.jp/
Suzhou Goodark Electronics - Fab 2 (4-inch line),,晶圆制造工厂,"Suzhou Goodark Electronics 的 Fab 2 (4-inch line)，位于 Suzhou, Jiangsu, 中国。",2821,晶圆厂,In production,Suzhou,Jiangsu,中国,中国,亚太,"200, Huajin Rd.",http://www.goodark.com/,Discrete/Power,Discrete,"Schottky diodes, Zener diodes, Rectifiers, MOSFET",,1,4,60000,15000,,,,2004,2003,2004,2004,/Users/simon/Documents/Simon-OB/本体论/base/半导体/SEMI_WFF_2026_1Q.xlsx,Company Detail,http://www.goodark.com/
Suzhou Goodark Electronics - Fab 1 (3-inch line),,晶圆制造工厂,"Suzhou Goodark Electronics 的 Fab 1 (3-inch line)，位于 Suzhou, Jiangsu, 中国。",2820,晶圆厂,In production,Suzhou,Jiangsu,中国,中国,亚太,"200, Huajin Rd.",http://www.goodark.com/,Discrete/Power,Discrete,"Schottky diodes, Zener diodes, Rectifiers, MOSFET",,1,3,90000,12656.25,,,,1995,1994,1995,1995,/Users/simon/Documents/Simon-OB/本体论/base/半导体/SEMI_WFF_2026_1Q.xlsx,Company Detail,http://www.goodark.com/
"Suzhou Tongguan Microelectronics Co., Ltd. - Zhangjiagang fab",,晶圆制造工厂,"Suzhou Tongguan Microelectronics Co., Ltd. 的 Zhangjiagang fab，位于 Zhangjiagang, Jiangsu, 中国。",3789,晶圆厂,In production,Zhangjiagang,Jiangsu,中国,中国,亚太,"No. 3, Xinfeng East Road",http://www.tgmc.com.cn/,Discrete/Power,Discrete,"Power, IGBT, CMOS, FRED",,0.5,6,30000,16875,,,,2015,2013,2015,2015,/Users/simon/Documents/Simon-OB/本体论/base/半导体/SEMI_WFF_2026_1Q.xlsx,Company Detail,http://www.tgmc.com.cn/
Swaysure Technology - SwaySure Fab 1,,晶圆制造工厂,"Swaysure Technology 的 SwaySure Fab 1，位于 Shenzhen, Guandong, 中国。",6488,晶圆厂,In production,Shenzhen,Guandong,中国,中国,亚太,No. 1 Guiping Road,http://www.swaysure.com/,Foundry/DRAM,Memory,,,0.025,12,10000,22500,,,,2025,2023,2024,2025,/Users/simon/Documents/Simon-OB/本体论/base/半导体/SEMI_WFF_2026_1Q.xlsx,Company Detail,http://www.swaysure.com/
Systems on Silicon Manufacturing Co. Pte. Ltd. (SSMC) - Annex 10 (JV with NXP),,晶圆制造工厂,"Systems on Silicon Manufacturing Co. Pte. Ltd. (SSMC) 的 Annex 10 (JV with NXP)，位于 新加坡, 新加坡, 新加坡。",5068,晶圆厂,In production,新加坡,新加坡,新加坡,SE Asia,亚太,70 Pasir Ris Industrial Drive 1,http://www.ssmc.com.sg,代工/模拟与混合信号与功率,Analog,"Foundry (automotive and specialty); Logic (RF,PMU power management unit, ,MM, embedded Flash), automotive chips","CMOS; Flash, Al (Aluminum); 0.25um BiCMOS & BCD, 0.18um BCD & Flash & 0.11um logic",0.11,8,30000,30000,47361,,,2019,2017,2018,2019,/Users/simon/Documents/Simon-OB/本体论/base/半导体/SEMI_WFF_2026_1Q.xlsx,Company Detail,http://www.ssmc.com.sg
Systems on Silicon Manufacturing Co. Pte. Ltd. (SSMC) - SSMC (JV with NXP),,晶圆制造工厂,"Systems on Silicon Manufacturing Co. Pte. Ltd. (SSMC) 的 SSMC (JV with NXP)，位于 新加坡, 新加坡, 新加坡。",1674,晶圆厂,in production,新加坡,新加坡,新加坡,SE Asia,亚太,70 Pasir Ris Industrial Drive 1,http://www.ssmc.com.sg,代工/模拟与混合信号与功率,Analog,"Logic (RF,PMU,MM, embedded Flash), automotive chips","CMOS; Flash, Al (Aluminum); 0.25um BiCMOS & BCD, 0.18um BCD & Flash & 0.11um logic",0.11,8,68000,68000,75347,1,180000,2001,1999,2000,2001,/Users/simon/Documents/Simon-OB/本体论/base/半导体/SEMI_WFF_2026_1Q.xlsx,Company Detail,http://www.ssmc.com.sg
Taiwan Semiconductor - Yilan fab,,晶圆制造工厂,"Taiwan Semiconductor 的 Yilan fab，位于 Yilan, Northern Taiwan, 中国台湾。",2513,晶圆厂,In production,Yilan,Northern Taiwan,中国台湾,中国台湾,亚太,"No. 96, Meizhou 2nd Rd.,",http://www.ts.com.tw/,Discrete/Power,Discrete,"Rectifiers, Analog IC and MOSFET","MOS, Super Junction",1,5,22000,8593.75,,,6333,2003,2002,2003,2003,/Users/simon/Documents/Simon-OB/本体论/base/半导体/SEMI_WFF_2026_1Q.xlsx,Company Detail,http://www.ts.com.tw/
Taiwan-Asia Semiconductor Corporation (TASC) - Fab 1,,晶圆制造工厂,"Taiwan-Asia Semiconductor Corporation (TASC) 的 Fab 1，位于 Hsinchu, Northern Taiwan, 中国台湾。",2818,晶圆厂,In production,Hsinchu,Northern Taiwan,中国台湾,中国台湾,亚太,"No. 8, Innovation Rd 1",https://en.tascsemi.com/,光电器件/激光器及其他,Opto,"LED chips, Sensor chips (Photo diode, Photo transistor, Zenar diode, Schottky diode), FET chips","Sapphire, AlNGaP",2,4,150000,37500,,,,1994,2012,,,/Users/simon/Documents/Simon-OB/本体论/base/半导体/SEMI_WFF_2026_1Q.xlsx,Company Detail,https://en.tascsemi.com/
Taiwan-Asia Semiconductor Corporation (TASC) - Fab 2,,晶圆制造工厂,"Taiwan-Asia Semiconductor Corporation (TASC) 的 Fab 2，位于 Hsinchu, Northern Taiwan, 中国台湾。",2819,晶圆厂,In production,Hsinchu,Northern Taiwan,中国台湾,中国台湾,亚太,"No. 1, Li-Hsin Rd. V",https://en.tascsemi.com/,光电器件/激光器及其他,Opto,"LED chips, Sensor chips (Photo diode, Photo transistor, Zenar diode, Schottky diode), FET chips","Sapphire, InGaN, AllnGaP",1.5,4,150000,37500,,,,2000,,,,/Users/simon/Documents/Simon-OB/本体论/base/半导体/SEMI_WFF_2026_1Q.xlsx,Company Detail,https://en.tascsemi.com/
Taiwan-Asia Semiconductor Corporation (TASC) - Fab 2 SiC Line (ProAsia),,晶圆制造工厂,"Taiwan-Asia Semiconductor Corporation (TASC) 的 Fab 2 SiC Line (ProAsia)，位于 Hsinchu, Northern Taiwan, 中国台湾。",6634,晶圆厂,In production,Hsinchu,Northern Taiwan,中国台湾,中国台湾,亚太,"No. 1, Li-Hsin Rd. V",https://en.tascsemi.com/,代工/功率,Discrete,,SiC,0.35,6,5000,2812.5,,,,2024,2023,2024,2024,/Users/simon/Documents/Simon-OB/本体论/base/半导体/SEMI_WFF_2026_1Q.xlsx,Company Detail,https://en.tascsemi.com/
Taiwan-Asia Semiconductor Corporation (TASC) - Fab 2 GaN Line (Champ-Asia),,晶圆制造工厂,"Taiwan-Asia Semiconductor Corporation (TASC) 的 Fab 2 GaN Line (Champ-Asia)，位于 Hsinchu, Northern Taiwan, 中国台湾。",6635,晶圆厂,In production,Hsinchu,Northern Taiwan,中国台湾,中国台湾,亚太,"No. 1, Li-Hsin Rd. V",https://en.tascsemi.com/,代工/功率,Discrete,GaN,GaN,0.35,8,2000,2000,,,,2025,2024,2024,2025,/Users/simon/Documents/Simon-OB/本体论/base/半导体/SEMI_WFF_2026_1Q.xlsx,Company Detail,https://en.tascsemi.com/
Taiyo Yuden - Tokorozawa Plant,,晶圆制造工厂,"Taiyo Yuden 的 Tokorozawa Plant，位于 Saitama, Saitama, 日本。",3850,晶圆厂,In production,Saitama,Saitama,日本,日本,日本,"1-1, Chikumazawahigashi, Miyoshi-machi, Iruma-gun",http://www.yuden.co.jp/tymt/,MEMS/RF,MEMS,MEMS: SAW (Surface Acoustic Wave) and FBAR (Film Bulk Acoustic Resonator),Thin-film,1,5,5000,1953.125,,,570500,2011,2010,2011,2011,/Users/simon/Documents/Simon-OB/本体论/base/半导体/SEMI_WFF_2026_1Q.xlsx,Company Detail,http://www.yuden.co.jp/tymt/
Taiyo Yuden - Ome fab,,晶圆制造工厂,"Taiyo Yuden 的 Ome fab，位于 Ome, Tokyo, 日本。",296,晶圆厂,In production,Ome,Tokyo,日本,日本,日本,"6-16-3, Shinmachi, Ome-shi,",http://www.yuden.co.jp/tymt/,MEMS/RF,MEMS,MEMS: SAW (Surface Acoustic Wave) and FBAR (Film Bulk Acoustic Resonator),"CMOS, SiGe",0.5,6,10000,5625,,1,,1989,2014,,,/Users/simon/Documents/Simon-OB/本体论/base/半导体/SEMI_WFF_2026_1Q.xlsx,Company Detail,http://www.yuden.co.jp/tymt/
Tallinn Electrical Engineering Factory Estel - N/A,,晶圆制造工厂,"Tallinn Electrical Engineering Factory Estel 的 N/A，位于 Tallinn, Harju, Estonia。",1478,晶圆厂,in production,Tallinn,Harju,Estonia,Europe & Mideast,欧洲,"Kuuli 6,",http://www.tet-estel.com/,Discrete/Other,Discrete,"Converters, Rectifiers, Diodes, Thyristors,","Bipolar, Avalanche",3,4,1000,250,,,,1962,1961,1962,1962,/Users/simon/Documents/Simon-OB/本体论/base/半导体/SEMI_WFF_2026_1Q.xlsx,Company Detail,http://www.tet-estel.com/
Tata Electronics - Dholera fab (Phase 1 & 2),,晶圆制造工厂,"Tata Electronics 的 Dholera fab (Phase 1 & 2)，位于 Dholera, Gujarat, 印度。",6527,晶圆厂,Constructing,Dholera,Gujarat,印度,SE Asia,亚太,"65HX+F6C, Dholera, Gujarat",https://www.tata.com/,Foundry/Logic,Logic&Micro,"power management IC, display drivers, microcontrollers (MCU) and high-performance computing logic",,0.014,12,50000,112500,,,,2028,2024,2028,2028,/Users/simon/Documents/Simon-OB/本体论/base/半导体/SEMI_WFF_2026_1Q.xlsx,Company Detail,https://www.tata.com/
TDK Corporation - Asama Techno Factory,,晶圆制造工厂,"TDK Corporation 的 Asama Techno Factory，位于 Saku, Nagano, 日本。",3830,晶圆厂,In production,Saku,Nagano,日本,日本,日本,"543 Otai,",http://www.global.tdk.com/,MEMS,MEMS,MEMS: development and manufacture of wafers for thin-film magnetic heads,"Thin-film, MEMS",1,4,20000,5000,,,86000,1986,1985,1986,1986,/Users/simon/Documents/Simon-OB/本体论/base/半导体/SEMI_WFF_2026_1Q.xlsx,Company Detail,http://www.global.tdk.com/
TDK Corporation - Tsuruoka Plant (was Renesas),,晶圆制造工厂,"TDK Corporation 的 Tsuruoka Plant (was Renesas)，位于 Tsuruoka, Yamagata, 日本。",709,Was a Fab,In production,Tsuruoka,Yamagata,日本,日本,日本,1-14-38 Takarada,http://www.global.tdk.com/,Analog/Other,Analog,"Analog IC; Discretes, MR heads, ferrite heads, thin-film heads, thin-film thermal heads","Bipolar MOS, Thin-film",0.6,,,,40000,,,1976,1974,1976,1976,/Users/simon/Documents/Simon-OB/本体论/base/半导体/SEMI_WFF_2026_1Q.xlsx,Company Detail,http://www.global.tdk.com/
TDK Corporation - Freiburg fab (was Micronas),,晶圆制造工厂,"TDK Corporation 的 Freiburg fab (was Micronas)，位于 Freiburg, Baden-Württemberg, 德国。",1610,晶圆厂,In production-merged,Freiburg,Baden-Württemberg,德国,Europe & Mideast,欧洲,Hans-Bunte-Strasse 19,http://www.global.tdk.com/,Analog&Mixed Signal,Analog,"Analog/Mixed Signal, Logic, Digital,, Hall-effect sensors, embedded micro controllers, gas sensors",CMOS,0.18,8,15000,15000,42000,1,,1998,2000,2001,2001,/Users/simon/Documents/Simon-OB/本体论/base/半导体/SEMI_WFF_2026_1Q.xlsx,Company Detail,http://www.global.tdk.com/
TDK Corporation - TDK-Tronics Fab 1 (Crolles),,晶圆制造工厂,"TDK Corporation 的 TDK-Tronics Fab 1 (Crolles)，位于 Crolles, Auvergne-Rhône-Alpes, 法国。",2008,晶圆厂,In production,Crolles,Auvergne-Rhône-Alpes,法国,Europe & Mideast,欧洲,98 rue du pre de l’Horme,http://www.global.tdk.com/,代工/MEMS,MEMS,"High performance inertial sensors: accelerometers and gyros; Foundry services for custom MEMS inertial sensors, Optical MEMS mirrors and gratings and Micromechanical devices","MEMS, MEMS on SOI, Optical MEMS",0.25,6,1000,562.5,6458,10,26910,2003,,2006,2006,/Users/simon/Documents/Simon-OB/本体论/base/半导体/SEMI_WFF_2026_1Q.xlsx,Company Detail,http://www.global.tdk.com/
Teledyne DALSA - Edmonton fab (8-inch line) - was Micralyne,,晶圆制造工厂,"Teledyne DALSA 的 Edmonton fab (8-inch line) - was Micralyne，位于 Edmonton, Alberta, 加拿大。",5028,晶圆厂,In production,Edmonton,Alberta,加拿大,美洲,NA,1911 - 94 Street,http://www.teledynedalsa.com/semi,代工/MEMS,MEMS,"Pure MEMS: pressure sensors, optical switching devices, accelerometers, Thins Films, Micragem (SOI-based MEMS fabrication),  Protolyne (MEMS development platform for semi-custom glass microfluidic chips),","MEMS, Si, Glass, Quartz",0.5,8,10000,10000,,,,2018,2017,2018,2018,/Users/simon/Documents/Simon-OB/本体论/base/半导体/SEMI_WFF_2026_1Q.xlsx,Company Detail,http://www.teledynedalsa.com/semi
Teledyne DALSA - Fab 4 - 6-inch line,,晶圆制造工厂,"Teledyne DALSA 的 Fab 4 - 6-inch line，位于 Bromont, Quebec, 加拿大。",2895,晶圆厂,In production,Bromont,Quebec,加拿大,美洲,NA,18 Bd de l'Aéroport,http://www.teledynedalsa.com/semi,代工/MEMS,MEMS,MEMS,"MEMS, Silicon, glass",0.5,6,3000,1687.5,5800,100,,2006,2005,2006,2006,/Users/simon/Documents/Simon-OB/本体论/base/半导体/SEMI_WFF_2026_1Q.xlsx,Company Detail,http://www.teledynedalsa.com/semi
Teledyne DALSA - Fab 4 - 8-inch line,,晶圆制造工厂,"Teledyne DALSA 的 Fab 4 - 8-inch line，位于 Bromont, Quebec, 加拿大。",3179,晶圆厂，中试线,In production,Bromont,Quebec,加拿大,美洲,NA,18 Bd de l'Aéroport,http://www.teledynedalsa.com/semi,代工/MEMS,MEMS,MEMS,"MEMS, Silicon, glass",0.5,8,1000,1000,3200,,,2010,2009,2010,2010,/Users/simon/Documents/Simon-OB/本体论/base/半导体/SEMI_WFF_2026_1Q.xlsx,Company Detail,http://www.teledynedalsa.com/semi
Teledyne DALSA - Fab 1,,晶圆制造工厂,"Teledyne DALSA 的 Fab 1，位于 Bromont, Quebec, 加拿大。",1454,晶圆厂,in production,Bromont,Quebec,加拿大,美洲,NA,"18, boul. de l'Aéroport",http://www.teledynedalsa.com/semi,Foundry/Opto,Opto,"MEMS, CCD image, and high voltage CMOS.","CMOS, MEMS",0.5,6,4000,2250,9800,100,,1973,2008,2009,2009,/Users/simon/Documents/Simon-OB/本体论/base/半导体/SEMI_WFF_2026_1Q.xlsx,Company Detail,http://www.teledynedalsa.com/semi
Teledyne DALSA - Fab 3,,晶圆制造工厂,"Teledyne DALSA 的 Fab 3，位于 Bromont, Quebec, 加拿大。",2896,晶圆厂,In production,Bromont,Quebec,加拿大,美洲,NA,"18, boul. de l'Aéroport",http://www.teledynedalsa.com/semi,Foundry/Opto,Opto,"CMOS, CCD Image Sensors, HV CMOS, MEMS","CMOS, MEMS",0.5,6,4000,2250,9500,10,,1998,1997,1998,1998,/Users/simon/Documents/Simon-OB/本体论/base/半导体/SEMI_WFF_2026_1Q.xlsx,Company Detail,http://www.teledynedalsa.com/semi
Teledyne DALSA - Fab 2,,晶圆制造工厂,"Teledyne DALSA 的 Fab 2，位于 Bromont, Quebec, 加拿大。",1455,晶圆厂,in production,Bromont,Quebec,加拿大,美洲,NA,18 Boul.De L' Aeroport,http://www.teledynedalsa.com/semi,Foundry/Opto,Opto,"MEMS, CCD image, and high voltage CMOS.","CMOS, MEMS",0.5,6,6000,3375,16000,10,,1982,,2009,2009,/Users/simon/Documents/Simon-OB/本体论/base/半导体/SEMI_WFF_2026_1Q.xlsx,Company Detail,http://www.teledynedalsa.com/semi
Teledyne DALSA - Edmonton fab (6-inch line) - was Micralyne,,晶圆制造工厂,"Teledyne DALSA 的 Edmonton fab (6-inch line) - was Micralyne，位于 Edmonton, Alberta, 加拿大。",9,晶圆厂，研发,in production,Edmonton,Alberta,加拿大,美洲,NA,1911 - 94 Street,http://www.teledynedalsa.com/semi,代工/MEMS,MEMS,"Pure MEMS: pressure sensors, optical switching devices, accelerometers, Thins Films, Micragem (SOI-based MEMS fabrication),  Protolyne (MEMS development platform for semi-custom glass microfluidic chips),","MEMS, SOI, Si, Glass, Quartz",0.5,6,10000,5625,22000,10,59000,2000,1999,2000,2000,/Users/simon/Documents/Simon-OB/本体论/base/半导体/SEMI_WFF_2026_1Q.xlsx,Company Detail,http://www.teledynedalsa.com/semi
TESTAS (Turkish Electronics Industry & Trade Corp.) - N/A,,晶圆制造工厂,"TESTAS (Turkish Electronics Industry & Trade Corp.) 的 N/A，位于 Ankara, Ankara, Turkey。",1574,晶圆厂,in production,Ankara,Ankara,Turkey,Europe & Mideast,欧洲,Mustafa Kemal Mah. Dumlupınar Bulvarı No: 280-B 06530 Çankaya,,Discrete/Power,Discrete,"Power, Signal Transistors",,10,3,5000,703.125,10763,100,48437,1993,1991,1993,1993,/Users/simon/Documents/Simon-OB/本体论/base/半导体/SEMI_WFF_2026_1Q.xlsx,Company Detail,file:///Users/simon/Documents/Simon-OB/%E6%9C%AC%E4%BD%93%E8%AE%BA/base/%E5%8D%8A%E5%AF%BC%E4%BD%93/SEMI_WFF_2026_1Q.xlsx
Texas Instruments - MFab (was National),,晶圆制造工厂,"Texas Instruments 的 MFab (was National)，位于 South Portland, Maine, 美国。",1326,晶圆厂,In production,South Portland,Maine,美国,美洲,NA,5 Foden Road,http://www.ti.com,Analog&Mixed Signal,Analog,"Analog, Mixed Signal",CMOS; BiCMOS; SiGe,0.18,8,32000,32000,80000,1,575000,1997,1995,1997,1997,/Users/simon/Documents/Simon-OB/本体论/base/半导体/SEMI_WFF_2026_1Q.xlsx,Company Detail,http://www.ti.com
Texas Instruments - DFAB 200mm (South building),,晶圆制造工厂,"Texas Instruments 的 DFAB 200mm (South building)，位于 Dallas, Texas, 美国。",1067,晶圆厂，研发,In production,Dallas,Texas,美国,美洲,NA,"13500 North Central Expressway, P.O. Box 655303",http://www.ti.com,Analog&Mixed Signal,Analog,"Analog, Mixed Signal, MEMS and MEMS foundry. GaN development","BICMOS; Cu, MEMS, GaN",0.4,8,47000,47000,165000,100,,1999,1999,1999,1999,/Users/simon/Documents/Simon-OB/本体论/base/半导体/SEMI_WFF_2026_1Q.xlsx,Company Detail,http://www.ti.com
Texas Instruments - DMOS 6,,晶圆制造工厂,"Texas Instruments 的 DMOS 6，位于 Dallas, Texas, 美国。",1390,晶圆厂，研发,in production,Dallas,Texas,美国,美洲,NA,"13500 North Central Expressway, P.O. Box 655303",http://www.ti.com,Analog&Mixed Signal,Analog,"Analog and digital products; digital signal wireless chipsets, DSP","CMOS, Cu, Low-K",0.065,12,25000,56250,190000,10,1100000,2002,1996,2001,2002,/Users/simon/Documents/Simon-OB/本体论/base/半导体/SEMI_WFF_2026_1Q.xlsx,Company Detail,http://www.ti.com
Texas Instruments - DMOS 5,,晶圆制造工厂,"Texas Instruments 的 DMOS 5，位于 Dallas, Texas, 美国。",1062,晶圆厂，中试线，研发,In production,Dallas,Texas,美国,美洲,NA,13500 North Central Expressway,http://www.ti.com,Analog&Mixed Signal,Analog,"Analog, wireless, embedded processing, custom DSP, DLP  (DMD = digital micro mirrors); MEMS and MEMS development","CMOS, Cu, MEMS",0.13,8,75000,75000,142000,1,500000,1995,1993,1995,1995,/Users/simon/Documents/Simon-OB/本体论/base/半导体/SEMI_WFF_2026_1Q.xlsx,Company Detail,http://www.ti.com
Texas Instruments - Miho 8 (was Miho 6)+ Miho 5,,晶圆制造工厂,"Texas Instruments 的 Miho 8 (was Miho 6)+ Miho 5，位于 Inashiki, Ibaraki, 日本。",1076,晶圆厂,In production-merged,Inashiki,Ibaraki,日本,日本,日本,"2350 Kihara, Miho-Mura",http://www.ti.com,MEMS/Opto,MEMS,"DLP (DMD = digital micro mirrors), Analog","CMOS, MEMS, DLP",0.18,8,43000,43000,90000,1,,1980,1999,2000,2000,/Users/simon/Documents/Simon-OB/本体论/base/半导体/SEMI_WFF_2026_1Q.xlsx,Company Detail,http://www.ti.com
Texas Instruments - SFAB 1,,晶圆制造工厂,"Texas Instruments 的 SFAB 1，位于 Sherman, Texas, 美国。",1079,晶圆厂,Will be closed,Sherman,Texas,美国,美洲,NA,6412 U.S. Highway 75 South,http://www.ti.com,Analog/Other,Analog,Analog Logic,Bipolar,0.8,6,91000,51187.5,36000,100,350000,1966,1964,1966,1966,/Users/simon/Documents/Simon-OB/本体论/base/半导体/SEMI_WFF_2026_1Q.xlsx,Company Detail,http://www.ti.com
"Texas Instruments - FFAB (8-inch line, inside former 6-inch)",,晶圆制造工厂,"Texas Instruments 的 FFAB (8-inch line, inside former 6-inch)，位于 Freising, Bavaria, 德国。",1793,晶圆厂,In production-merged,Freising,Bavaria,德国,Europe & Mideast,欧洲,Haggertystrasse 1,http://www.ti.com,Analog/Other,Analog,"Analog, standard linear and Logic (SLL) devices, BiCOM products, linear BiCMOS for power management.","CMOS, BiPolar, BiCMOS, SiGe",0.13,8,37000,37000,102000,1,,2001,2001,2001,2001,/Users/simon/Documents/Simon-OB/本体论/base/半导体/SEMI_WFF_2026_1Q.xlsx,Company Detail,http://www.ti.com
Texas Instruments - RFab 2,,晶圆制造工厂,"Texas Instruments 的 RFab 2，位于 Richardson, Texas, 美国。",5034,晶圆厂,In production,Richardson,Texas,美国,美洲,NA,300 W Renner Rd,http://www.ti.com,Analog&Mixed Signal,Analog,analog and embedded processing products,"CMOS, BiCMOS, Cu, Al",0.13,12,60000,135000,346000,,,2022,2020,2022,2022,/Users/simon/Documents/Simon-OB/本体论/base/半导体/SEMI_WFF_2026_1Q.xlsx,Company Detail,http://www.ti.com
"Texas Instruments - LFab 1 (+ Bldg 60), was Fab 2 Micron (3D X Point, part (IMFT)",,晶圆制造工厂,"Texas Instruments 的 LFab 1 (+ Bldg 60), was Fab 2 Micron (3D X Point, part (IMFT)，位于 Lehi, Utah, 美国。",3834,晶圆厂/拆分,In production-merged,Lehi,Utah,美国,美洲,NA,"1550 East 3400 North, Bldg 100",http://www.ti.com,Analog&Mixed Signal,Analog,Analog and digital embedded products;,"CMOS, Cu, low-k, high-K",0.028,12,55000,123750,275000,,,2015,2021,2022,2022,/Users/simon/Documents/Simon-OB/本体论/base/半导体/SEMI_WFF_2026_1Q.xlsx,Company Detail,http://www.ti.com
Texas Instruments - RFab 1,,晶圆制造工厂,"Texas Instruments 的 RFab 1，位于 Richardson, Texas, 美国。",2010,晶圆厂,In production,Richardson,Texas,美国,美洲,NA,300 W Renner Rd,http://www.ti.com,Analog&Mixed Signal,Analog,Analog products only,"CMOS, BiCMOS, Cu, Al",0.13,12,40000,90000,284000,10,1100000,2010,2009,2010,2010,/Users/simon/Documents/Simon-OB/本体论/base/半导体/SEMI_WFF_2026_1Q.xlsx,Company Detail,http://www.ti.com
Texas Instruments - JV3,,晶圆制造工厂,"Texas Instruments 的 JV3，位于 Aizu Wakamatsu, Fukushima, 日本。",1789,晶圆厂,in production,Aizu Wakamatsu,Fukushima,日本,日本,日本,"2 Takaku, Kogyo Danchi",http://www.ti.com,Analog&Mixed Signal,Analog,"Analog, Mixed Signal, NOR Flash, Foundry, GaN","CMOS, Cu, GaN",0.13,8,45000,45000,118403,1,367049,2001,,2010,2010,/Users/simon/Documents/Simon-OB/本体论/base/半导体/SEMI_WFF_2026_1Q.xlsx,Company Detail,http://www.ti.com
Texas Instruments - CFAB (was SMIC Fab 11A),,晶圆制造工厂,"Texas Instruments 的 CFAB (was SMIC Fab 11A)，位于 Chengdu, Sichuan, 中国。",2298,晶圆厂,In production,Chengdu,Sichuan,中国,中国,亚太,"8-8 Kexin Road, West Garden, High-Tech Zone",http://www.ti.com,Analog&Mixed Signal,Analog,"Analog, Mixed Signal","CMOS, BiCMOS, PMIC, MOSFET",0.13,8,30000,30000,118403,,120000,2007,,2011,,/Users/simon/Documents/Simon-OB/本体论/base/半导体/SEMI_WFF_2026_1Q.xlsx,Company Detail,http://www.ti.com
Texas Instruments - DFAB 150mm (South building),,晶圆制造工厂,"Texas Instruments 的 DFAB 150mm (South building)，位于 Dallas, Texas, 美国。",6668,晶圆厂,In production-will be closed,Dallas,Texas,美国,美洲,NA,"13500 North Central Expressway, P.O. Box 655303",http://www.ti.com,Analog&Mixed Signal,Analog,"Analog, Mixed Signal, MEMS and MEMS foundry","BICMOS; Cu, MEMS",0.8,6,40000,22500,,,,1966,1964,1966,1966,/Users/simon/Documents/Simon-OB/本体论/base/半导体/SEMI_WFF_2026_1Q.xlsx,Company Detail,http://www.ti.com
Texas Instruments - LFab 2,,晶圆制造工厂,"Texas Instruments 的 LFab 2，位于 Lehi, Utah, 美国。",6435,晶圆厂,Constructing,Lehi,Utah,美国,美洲,NA,1550 East 3400 North,http://www.ti.com,Analog&Mixed Signal,Analog,Analog and digital embedded products;,"CMOS, BiCMOS, Cu",0.028,12,70000,157500,345000,,,2027,2023,2027,2027,/Users/simon/Documents/Simon-OB/本体论/base/半导体/SEMI_WFF_2026_1Q.xlsx,Company Detail,http://www.ti.com
Texas Instruments - SM 1 (was S FAB 2),,晶圆制造工厂,"Texas Instruments 的 SM 1 (was S FAB 2)，位于 Sherman, Texas, 美国。",6266,晶圆厂,In production,Sherman,Texas,美国,美洲,NA,501 W Shepherd Dr,http://www.ti.com,Analog&Mixed Signal,Analog,analog and embedded processing products,"CMOS, BiCMOS, Al",0.065,12,55000,123750,325000,,,2025,2022,2025,2025,/Users/simon/Documents/Simon-OB/本体论/base/半导体/SEMI_WFF_2026_1Q.xlsx,Company Detail,http://www.ti.com
Texas Instruments - SM 2 (was S FAB 3),,晶圆制造工厂,"Texas Instruments 的 SM 2 (was S FAB 3)，位于 Sherman, Texas, 美国。",6267,晶圆厂,On hold,Sherman,Texas,美国,美洲,NA,501 W Shepherd Dr,http://www.ti.com,Analog&Mixed Signal,Analog,Analog and digital embedded products;,"CMOS, BiCMOS, Cu, Al",0.065,12,55000,123750,325000,,,2029,2022,2029,2029,/Users/simon/Documents/Simon-OB/本体论/base/半导体/SEMI_WFF_2026_1Q.xlsx,Company Detail,http://www.ti.com
Texas Instruments - SM 3,,晶圆制造工厂,"Texas Instruments 的 SM 3，位于 Sherman, Texas, 美国。",6587,晶圆厂,Planned,Sherman,Texas,美国,美洲,NA,501 W Shepherd Dr,http://www.ti.com,Analog&Mixed Signal,Analog,Analog and digital embedded products.,"CMOS, BiCMOS, Cu, Al",0.028,12,55000,123750,325000,,,2032,2029,2032,2032,/Users/simon/Documents/Simon-OB/本体论/base/半导体/SEMI_WFF_2026_1Q.xlsx,Company Detail,http://www.ti.com
Texas Instruments - SM 4,,晶圆制造工厂,"Texas Instruments 的 SM 4，位于 Sherman, Texas, 美国。",6588,晶圆厂,Planned,Sherman,Texas,美国,美洲,NA,501 W Shepherd Dr,http://www.ti.com,Analog&Mixed Signal,Analog,Analog and digital embedded products;,"CMOS, BiCMOS, Cu, Al",0.028,12,55000,123750,325000,,,2035,2029,2034,2035,/Users/simon/Documents/Simon-OB/本体论/base/半导体/SEMI_WFF_2026_1Q.xlsx,Company Detail,http://www.ti.com
Thai Microelectronics Center (TMEC) - Thai Microeclectronics Center (TMEC),,晶圆制造工厂,"Thai Microelectronics Center (TMEC) 的 Thai Microeclectronics Center (TMEC)，位于 Amphur Muang, Chachoengsao, 泰国。",2101,晶圆厂，研发,In production,Amphur Muang,Chachoengsao,泰国,SE Asia,亚太,"51/4 Moo 1, Suwintawong Rd",http://tmec.nectec.or.th,代工/研发,Other,"Foundry for academic R&D;  MEMS, CMOS sensors and Discrete/Power","CMOS, MEMS, Power",0.5,6,1000,562.5,10764,100,37103,2002,1997,2001,2002,/Users/simon/Documents/Simon-OB/本体论/base/半导体/SEMI_WFF_2026_1Q.xlsx,Company Detail,http://tmec.nectec.or.th
THAT Corporation - N/A,,晶圆制造工厂,"THAT Corporation 的 N/A，位于 Milpitas, California, 美国。",1465,晶圆厂,in production,Milpitas,California,美国,美洲,NA,505 Fairview Way,http://www.thatcorp.com,Analog/Other,Analog,"Audio chips, Amplifiers, Receivers, Controller, Preamplifiers, foundry","Bipolar, BICMOS, CMOS, DI",2,4,2000,500,,1000,30500,2000,,2000,2000,/Users/simon/Documents/Simon-OB/本体论/base/半导体/SEMI_WFF_2026_1Q.xlsx,Company Detail,http://www.thatcorp.com
Thin Film Electronics ASA - NFC Innovation Center (wafer processing),,晶圆制造工厂,"Thin Film Electronics ASA 的 NFC Innovation Center (wafer processing)，位于 San Jose, California, 美国。",3647,其他,In production,San Jose,California,美国,美洲,NA,2855 Zanker Road,http://www.thinfilm.no,Analog&Mixed Signal,Analog,"printed electronics: electronic inks, NFC and RF applications and protocols, process technologies, devices and circuits","printed electronics: electronic inks, NFC and RF applications",10,,,,10000,100,61656,1981,1980,1981,1981,/Users/simon/Documents/Simon-OB/本体论/base/半导体/SEMI_WFF_2026_1Q.xlsx,Company Detail,http://www.thinfilm.no
Thorlabs Inc - Thorlabs Quantum Electronics,,晶圆制造工厂,"Thorlabs Inc 的 Thorlabs Quantum Electronics，位于 Jessup, Maryland, 美国。",1941,晶圆厂，中试线，研发,In production,Jessup,Maryland,美国,美洲,NA,10335 Guilford Road,http://www.covega.com/Foundry_Services/,光电器件/激光器及其他,Opto,Foundry service: optoelectronic components and subsystems; custom Indium Phosphate & Lithium Niobate processes,LiNbO3III-V: InP,0.65,4,1000,250,5900,100,40000,2002,,2005,2005,/Users/simon/Documents/Simon-OB/本体论/base/半导体/SEMI_WFF_2026_1Q.xlsx,Company Detail,http://www.covega.com/Foundry_Services/
"Tianjin Zhonghuan Semiconductor CO.,LTD - N/A",,晶圆制造工厂,"Tianjin Zhonghuan Semiconductor CO.,LTD 的 N/A，位于 Tianjin, Tianjin, 中国。",2556,晶圆厂,In production,Tianjin,Tianjin,中国,中国,亚太,"No.12, Haitaidong Road,",http://www.tjsemi.com/,Discrete/Power,Discrete,"Schottky, MOSFET, IGBT, Power IC",,0.35,6,25000,14062.5,,,204514,2007,2006,2008,2008,/Users/simon/Documents/Simon-OB/本体论/base/半导体/SEMI_WFF_2026_1Q.xlsx,Company Detail,http://www.tjsemi.com/
Toshiba (TDSC) - Kaga 150mm Power Fab 1 (KCR-1 + KCR-2),,晶圆制造工厂,"Toshiba (TDSC) 的 Kaga 150mm Power Fab 1 (KCR-1 + KCR-2)，位于 Nomi, Ishikawa, 日本。",3514,晶圆厂,In production-merged,Nomi,Ishikawa,日本,日本,日本,"1-1, Iwauchi-cho",http://www.semicon.toshiba.co.jp/eng/index.html,Discrete/Power,Discrete,"Discrete semiconductors, Power devices",,1,6,60000,33750,,,,2002,2000,2002,2002,/Users/simon/Documents/Simon-OB/本体论/base/半导体/SEMI_WFF_2026_1Q.xlsx,Company Detail,http://www.semicon.toshiba.co.jp/eng/index.html
Toshiba (TDSC) - Himeji facility (150mm line),,晶圆制造工厂,"Toshiba (TDSC) 的 Himeji facility (150mm line)，位于 Himeji, Hyogo, 日本。",1100,晶圆厂,in production,Himeji,Hyogo,日本,日本,日本,"300 Ikaruga, Taishi-cyo Ibo-gun",http://www.semicon.toshiba.co.jp/eng/index.html,Discrete/Power,Discrete,"Small signal devices, High power devices, Power MOSFET, IGBT, SiC SBD.","Discrete, SiC",0.25,6,50000,28125,50000,100,,1985,,,,/Users/simon/Documents/Simon-OB/本体论/base/半导体/SEMI_WFF_2026_1Q.xlsx,Company Detail,http://www.semicon.toshiba.co.jp/eng/index.html
Toshiba (TDSC) - Kaga 200mm Power Line KCR-3,,晶圆制造工厂,"Toshiba (TDSC) 的 Kaga 200mm Power Line KCR-3，位于 Nomi, Ishikawa, 日本。",2319,晶圆厂,In production,Nomi,Ishikawa,日本,日本,日本,"1-1, Iwauchi-cho",http://www.semicon.toshiba.co.jp/eng/index.html,Analog/Power,Analog,"Analog and power devices for consumer electronics and automobiles, MOSFET, IGBT, Bipolar transistor","CMOS, Bipolar, MOSFET, IGBT, GaN, (Silicon)",0.18,8,120000,120000,86100,,247000,2007,2006,2007,2007,/Users/simon/Documents/Simon-OB/本体论/base/半导体/SEMI_WFF_2026_1Q.xlsx,Company Detail,http://www.semicon.toshiba.co.jp/eng/index.html
Toshiba (TDSC) - Kaga 300mm Power Fab Second Line (Phase 1),,晶圆制造工厂,"Toshiba (TDSC) 的 Kaga 300mm Power Fab Second Line (Phase 1)，位于 Nomi, Ishikawa, 日本。",6275,晶圆厂,In production,Nomi,Ishikawa,日本,日本,日本,"1-1, Iwauchi-cho",http://www.semicon.toshiba.co.jp/eng/index.html,Discrete/Power,Discrete,"Power devices (PMIC, low-voltage MOSFET, IGBT)","MOSFET, IGBT, GaN, AlN",1,12,44000,99000,,,,2024,2023,2024,2024,/Users/simon/Documents/Simon-OB/本体论/base/半导体/SEMI_WFF_2026_1Q.xlsx,Company Detail,http://www.semicon.toshiba.co.jp/eng/index.html
Toshiba (TDSC) - Kaga 300mm Power Fab Third Line (Phase 2),,晶圆制造工厂,"Toshiba (TDSC) 的 Kaga 300mm Power Fab Third Line (Phase 2)，位于 Nomi, Ishikawa, 日本。",6276,晶圆厂,Constructing,Nomi,Ishikawa,日本,日本,日本,"1-1, Iwauchi-cho",http://www.semicon.toshiba.co.jp/eng/index.html,Discrete/Power,Discrete,"Power devices (PMIC, low-voltage MOSFET, IGBT)","MOSFET, IGBT, AlN",1,12,44000,99000,,,,2026,2026,2026,2026,/Users/simon/Documents/Simon-OB/本体论/base/半导体/SEMI_WFF_2026_1Q.xlsx,Company Detail,http://www.semicon.toshiba.co.jp/eng/index.html
Toshiba (TDSC) - Kaga 300mm Power Line First Line,,晶圆制造工厂,"Toshiba (TDSC) 的 Kaga 300mm Power Line First Line，位于 Nomi, Ishikawa, 日本。",6180,晶圆厂,In production,Nomi,Ishikawa,日本,日本,日本,"1-1, Iwauchi-cho",http://www.semicon.toshiba.co.jp/eng/index.html,Discrete/Power,Discrete,"Power devices (PMIC, low-voltage MOSFET, IGBT)","MOSFET, IGBT, AlN",1,12,16000,36000,,,,2022,2021,2022,2022,/Users/simon/Documents/Simon-OB/本体论/base/半导体/SEMI_WFF_2026_1Q.xlsx,Company Detail,http://www.semicon.toshiba.co.jp/eng/index.html
"Tower Partners Semiconductor (TPSCo) - Tonami CD (was Intel, was Tower Partners TPSCo, was Fab 5 Tonami, was Building 1: A/B-Line)",,晶圆制造工厂,"Tower Partners Semiconductor (TPSCo) 的 Tonami CD (was Intel, was Tower Partners TPSCo, was Fab 5 Tonami, was Building 1: A/B-Line)，位于 Tonami, Toyama, 日本。",517,晶圆厂,In production-merged,Tonami,Toyama,日本,日本,日本,"271 Higashi, Kaihatsu",https://www.tpsemico.com/,代工/模拟与混合信号与功率,Analog,"Foundry service; Power Discretes (BCD, FET, IGBT), NVM (non volatile memory), FeRAM","CMOS, Bipolar, BCD",0.15,8,60000,60000,150000,1,,1994,,,,/Users/simon/Documents/Simon-OB/本体论/base/半导体/SEMI_WFF_2026_1Q.xlsx,Company Detail,https://www.tpsemico.com/
"Tower Partners Semiconductor (TPSCo) - Uozo E (was Intel, was Tower Partners TPSCo, was Fab 7)",,晶圆制造工厂,"Tower Partners Semiconductor (TPSCo) 的 Uozo E (was Intel, was Tower Partners TPSCo, was Fab 7)，位于 Uozu, Toyama, 日本。",2047,晶圆厂,In production,Uozu,Toyama,日本,日本,日本,800 Higashiyama,https://www.tpsemico.com/,代工/模拟与混合信号与功率,Analog,"Foundry service; SOC, CMOS, SOI, Analog/Mixed-Signal, CCD, CMOS image sensors CIS, RF CMOS LP, 65LP and 45LP, RF-SOI","CMOS, SiGe BCD, RF CMOS, RF-SOI, Ni-Silicide; Cu, low-K,",0.045,12,12000,27000,129167,,828821,2005,2004,2005,2005,/Users/simon/Documents/Simon-OB/本体论/base/半导体/SEMI_WFF_2026_1Q.xlsx,Company Detail,https://www.tpsemico.com/
"Tower Partners Semiconductor (TPSCo) - Arai E (was Intel, was Tower Partners TPSCo,, was Fab 6, was Fab E)",,晶圆制造工厂,"Tower Partners Semiconductor (TPSCo) 的 Arai E (was Intel, was Tower Partners TPSCo,, was Fab 6, was Fab E)，位于 Myoko, Niigata, 日本。",1800,晶圆厂,Will be closed,Myoko,Niigata,日本,日本,日本,"4-5-1, Kurihara",https://www.tpsemico.com/,代工/模拟与混合信号与功率,Analog,"Foundry service, Sytem LSI, Analog, CMOS Image sensors (CIS), RF CMOS, RF SOI","CMOS, Thick Cu RDL, RF CMOS, RF SOI",0.11,8,15000,15000,129166,1,,2002,,,,/Users/simon/Documents/Simon-OB/本体论/base/半导体/SEMI_WFF_2026_1Q.xlsx,Company Detail,https://www.tpsemico.com/
"TowerJazz Semiconductors Ltd. - Fab 9 (was Intel, was Tower Jazz, was Maxim)",,晶圆制造工厂,"TowerJazz Semiconductors Ltd. 的 Fab 9 (was Intel, was Tower Jazz, was Maxim)，位于 San Antonio, Texas, 美国。",1191,晶圆厂,In production-may be closed,San Antonio,Texas,美国,美洲,NA,9641 Westover Hills Boulevard,http://www.towerjazz.com/,代工/模拟与混合信号与功率,Analog,"specialty analog foundry; analog, mixed signal, RF SOI","BCD (bipolar/CMOS/DMOS), BiCMOS, and Bipolar (SOI and SiGe). RF SOI",0.18,8,43000,43000,80000,1,240000,1989,,,,/Users/simon/Documents/Simon-OB/本体论/base/半导体/SEMI_WFF_2026_1Q.xlsx,Company Detail,http://www.towerjazz.com/
"TowerJazz Semiconductors Ltd. - Fab 2 (was Intel, was Tower Jazz Migdal Haemek",,晶圆制造工厂,"TowerJazz Semiconductors Ltd. 的 Fab 2 (was Intel, was Tower Jazz Migdal Haemek，位于 Migdal Haemek, Northern District, 以色列。",1277,晶圆厂，中试线,In production-merged,Migdal Haemek,Northern District,以色列,Europe & Mideast,欧洲,Sha'ul Amor Ave 20,http://www.towerjazz.com/,代工/模拟与混合信号与功率,Analog,"Foundry;  Core-CMOS (logic); CMOS image-sensors (CIS); Power, Power Discretes, MEMS, mixed signal, RF-CMOS, RF-SOI","CMOS; Cu; Low-K; SOI, MEMS",0.11,8,55000,55000,100000,1,107639,2003,2001,2002,2003,/Users/simon/Documents/Simon-OB/本体论/base/半导体/SEMI_WFF_2026_1Q.xlsx,Company Detail,http://www.towerjazz.com/
"TowerJazz Semiconductors Ltd. - Fab 1 (was Intel, was Tower Jazz Migdal Haemek",,晶圆制造工厂,"TowerJazz Semiconductors Ltd. 的 Fab 1 (was Intel, was Tower Jazz Migdal Haemek，位于 Migdal Haemek, Northern District, 以色列。",1136,晶圆厂,in production,Migdal Haemek,Northern District,以色列,Europe & Mideast,欧洲,Sha'ul Amor Ave 20,http://www.towerjazz.com/,代工/模拟与混合信号与功率,Analog,"Foundry; Core-CMOS (logic);  mixed-signal; CMOS image-sensors (CIS). Photonics, Power, Discretes",CMOS; Al,0.35,6,16000,9000,51900,10,,1986,1984,1986,1986,/Users/simon/Documents/Simon-OB/本体论/base/半导体/SEMI_WFF_2026_1Q.xlsx,Company Detail,http://www.towerjazz.com/
"TowerJazz Semiconductors Ltd. - Fab 3 (was Intel, was Tower Jazz Newport Beach)",,晶圆制造工厂,"TowerJazz Semiconductors Ltd. 的 Fab 3 (was Intel, was Tower Jazz Newport Beach)，位于 Newport Beach, California, 美国。",840,晶圆厂,In production-may be closed,Newport Beach,California,美国,美洲,NA,4321 Jamboree Road P.O. Box C,http://www.towerjazz.com/,代工/模拟与混合信号与功率,Analog,"Foundry; CMOS,  CMOS images sensors (CIS), Mixed Signal, RF Analog, RF-MEMS, MEMS Chip Sets","CMOS, Cu, SiGe, BiCMOS; BCD, MEMS, Power CMOS, Bipolar, RF-CMOS;",0.13,8,32000,32000,120000,1,320000,1995,1994,1994,1995,/Users/simon/Documents/Simon-OB/本体论/base/半导体/SEMI_WFF_2026_1Q.xlsx,Company Detail,http://www.towerjazz.com/
Transcom Inc. - Fab 1,,晶圆制造工厂,"Transcom Inc. 的 Fab 1，位于 Tainan, Southern Taiwan, 中国台湾。",1853,晶圆厂,in production,Tainan,Southern Taiwan,中国台湾,中国台湾,亚太,"90 Dasoong 7th Road, Hsin-She Shiang,",http://www.transcominc.com.tw/,Discrete/Power,Discrete,"pHEMT, HFET, MESFET, GaAs FET, MMICs",GaAs,0.25,4,850,212.5,5000,100,27000,2001,1999,2000,2001,/Users/simon/Documents/Simon-OB/本体论/base/半导体/SEMI_WFF_2026_1Q.xlsx,Company Detail,http://www.transcominc.com.tw/
"Transphorm, Inc. - Goleta fab",,晶圆制造工厂,"Transphorm, Inc. 的 Goleta fab，位于 Goleta, California, 美国。",3566,晶圆厂，中试线，研发,In production,Goleta,California,美国,美洲,NA,115 Castilian Drive,http://www.transphormusa.com/,Discrete/Power,Discrete,"GaN Schottky diode, GaN HEMT","GaN-on-Si, (Silicon)",2,8,500,500,,,,2010,2009,2010,2010,/Users/simon/Documents/Simon-OB/本体论/base/半导体/SEMI_WFF_2026_1Q.xlsx,Company Detail,http://www.transphormusa.com/
Transys Electronics - Birmingham fab,,晶圆制造工厂,"Transys Electronics 的 Birmingham fab，位于 Coleshill, Warwickshire, England。",3806,晶圆厂,In production,Coleshill,Warwickshire,England,Europe & Mideast,欧洲,"3 Forge Mills Park, Station Road,",http://www.transyselectronics.com/,Discrete/Power,Discrete,"Power, Thyristor SCR, Triac, High Voltage Rectifiers, Ultra Fast Recovery Rectifiers, Zeners, Transient Voltage Suppressors, TVS",,1,5,20000,7812.5,,,4000,1993,1992,1993,1993,/Users/simon/Documents/Simon-OB/本体论/base/半导体/SEMI_WFF_2026_1Q.xlsx,Company Detail,http://www.transyselectronics.com/
TRUMPF Photonics Inc. - TUSP,,晶圆制造工厂,"TRUMPF Photonics Inc. 的 TUSP，位于 Cranbury, New Jersey, 美国。",3516,晶圆厂,In production,Cranbury,New Jersey,美国,美洲,NA,2601 US Route 130 South,http://www.us.trumpf.com/,光电器件/激光器及其他,Opto,High power laser diodes,,2,2,10000,625,15000,,,2000,1999,2000,2000,/Users/simon/Documents/Simon-OB/本体论/base/半导体/SEMI_WFF_2026_1Q.xlsx,Company Detail,http://www.us.trumpf.com/
TSMC - Fab 14 Phase 6,,晶圆制造工厂,"TSMC 的 Fab 14 Phase 6，位于 Tainan, Southern Taiwan, 中国台湾。",3485,晶圆厂，研发,In production,Tainan,Southern Taiwan,中国台湾,中国台湾,亚太,"No. 17, Nanke 9th Rd., Sbip",www.tsmc.com,Foundry/Logic,Logic&Micro,Foundry,"CMOS, Cu, Low-K, SoC, strained Si, FinFET",0.012,12,40000,90000,,,,2014,2012,2014,2014,/Users/simon/Documents/Simon-OB/本体论/base/半导体/SEMI_WFF_2026_1Q.xlsx,Company Detail,file:///Users/simon/Documents/Simon-OB/%E6%9C%AC%E4%BD%93%E8%AE%BA/base/%E5%8D%8A%E5%AF%BC%E4%BD%93/output/semiconductor_ontology.json
TSMC - Fab 14 Phase 5,,晶圆制造工厂,"TSMC 的 Fab 14 Phase 5，位于 Tainan, Southern Taiwan, 中国台湾。",3478,晶圆厂,In production,Tainan,Southern Taiwan,中国台湾,中国台湾,亚太,"No. 17, Nanke 9th Rd.,",www.tsmc.com,Foundry/Logic,Logic&Micro,Foundry,"CMOS, Cu, Low-K, SoC, strained Si",0.012,12,40000,90000,,,,2014,2012,2013,2014,/Users/simon/Documents/Simon-OB/本体论/base/半导体/SEMI_WFF_2026_1Q.xlsx,Company Detail,file:///Users/simon/Documents/Simon-OB/%E6%9C%AC%E4%BD%93%E8%AE%BA/base/%E5%8D%8A%E5%AF%BC%E4%BD%93/output/semiconductor_ontology.json
TSMC - Fab 15 Phase 4,,晶圆制造工厂,"TSMC 的 Fab 15 Phase 4，位于 Taichung, Central Taiwan, 中国台湾。",3270,晶圆厂,In production,Taichung,Central Taiwan,中国台湾,中国台湾,亚太,"No.1, Keya 6th Rd., Daya Dist.,",www.tsmc.com,Foundry/Logic,Logic&Micro,Foundry,"CMOS, Cu, Low-K, SoC, strained Si",0.022,12,50000,112500,,,,2013,2011,2013,2013,/Users/simon/Documents/Simon-OB/本体论/base/半导体/SEMI_WFF_2026_1Q.xlsx,Company Detail,file:///Users/simon/Documents/Simon-OB/%E6%9C%AC%E4%BD%93%E8%AE%BA/base/%E5%8D%8A%E5%AF%BC%E4%BD%93/output/semiconductor_ontology.json
TSMC - Fab 15 Phase 5,,晶圆制造工厂,"TSMC 的 Fab 15 Phase 5，位于 Taichung, Central Taiwan, 中国台湾。",3360,晶圆厂,In production,Taichung,Central Taiwan,中国台湾,中国台湾,亚太,"No.1, Xinke Rd., Xitun Dist.",www.tsmc.com,Foundry/Logic,Logic&Micro,Foundry,"CMOS, FinFET, Cu, Low-K, SoC",0.006,12,40000,90000,,,,2016,2015,2016,2016,/Users/simon/Documents/Simon-OB/本体论/base/半导体/SEMI_WFF_2026_1Q.xlsx,Company Detail,file:///Users/simon/Documents/Simon-OB/%E6%9C%AC%E4%BD%93%E8%AE%BA/base/%E5%8D%8A%E5%AF%BC%E4%BD%93/output/semiconductor_ontology.json
TSMC - Fab 14 Phase 7,,晶圆制造工厂,"TSMC 的 Fab 14 Phase 7，位于 Tainan, Southern Taiwan, 中国台湾。",3536,晶圆厂,In production,Tainan,Southern Taiwan,中国台湾,中国台湾,亚太,"No. 1, Sanbaozhu Rd. Shanhua Dist.",www.tsmc.com,Foundry/Logic,Logic&Micro,Foundry,"CMOS, Cu, Low-K, SoC, strained Si, FinFET",0.012,12,40000,90000,,,,2015,2013,2014,2015,/Users/simon/Documents/Simon-OB/本体论/base/半导体/SEMI_WFF_2026_1Q.xlsx,Company Detail,file:///Users/simon/Documents/Simon-OB/%E6%9C%AC%E4%BD%93%E8%AE%BA/base/%E5%8D%8A%E5%AF%BC%E4%BD%93/output/semiconductor_ontology.json
TSMC - Fab 18 Phase 1,,晶圆制造工厂,"TSMC 的 Fab 18 Phase 1，位于 Tainan, Southern Taiwan, 中国台湾。",3584,晶圆厂,In production,Tainan,Southern Taiwan,中国台湾,中国台湾,亚太,Sanbaozhu Rd. Shanhua Dist.,www.tsmc.com,Foundry/MPU,Logic&Micro,Foundries,"CMOS, Cu, Low-K, SoC, strained Si",0.004,12,40000,90000,,,2654615,2020,2017,2019,2020,/Users/simon/Documents/Simon-OB/本体论/base/半导体/SEMI_WFF_2026_1Q.xlsx,Company Detail,file:///Users/simon/Documents/Simon-OB/%E6%9C%AC%E4%BD%93%E8%AE%BA/base/%E5%8D%8A%E5%AF%BC%E4%BD%93/output/semiconductor_ontology.json
TSMC - Fab 15 Phase 7,,晶圆制造工厂,"TSMC 的 Fab 15 Phase 7，位于 Taichung, Central Taiwan, 中国台湾。",3710,晶圆厂,In production,Taichung,Central Taiwan,中国台湾,中国台湾,亚太,"No.1, Keya 6th Rd., Daya Dist.,",www.tsmc.com,Foundry/Logic,Logic&Micro,Foundries,EUV,0.006,12,40000,90000,,,,2019,2017,2019,2019,/Users/simon/Documents/Simon-OB/本体论/base/半导体/SEMI_WFF_2026_1Q.xlsx,Company Detail,file:///Users/simon/Documents/Simon-OB/%E6%9C%AC%E4%BD%93%E8%AE%BA/base/%E5%8D%8A%E5%AF%BC%E4%BD%93/output/semiconductor_ontology.json
TSMC - Fab 15 Phase 6,,晶圆制造工厂,"TSMC 的 Fab 15 Phase 6，位于 Taichung, Central Taiwan, 中国台湾。",3681,晶圆厂,In production,Taichung,Central Taiwan,中国台湾,中国台湾,亚太,"No.1, Xinke Rd., Xitun Dist.",www.tsmc.com,Foundry/Logic,Logic&Micro,Foundry,"CMOS, FinFET, Cu, Low-K, SoC",0.006,12,40000,90000,,,,2017,2016,2017,2017,/Users/simon/Documents/Simon-OB/本体论/base/半导体/SEMI_WFF_2026_1Q.xlsx,Company Detail,file:///Users/simon/Documents/Simon-OB/%E6%9C%AC%E4%BD%93%E8%AE%BA/base/%E5%8D%8A%E5%AF%BC%E4%BD%93/output/semiconductor_ontology.json
TSMC - Fab 6 Phase 2,,晶圆制造工厂,"TSMC 的 Fab 6 Phase 2，位于 Tainan, Southern Taiwan, 中国台湾。",5020,晶圆厂,In production,Tainan,Southern Taiwan,中国台湾,中国台湾,亚太,"1, Nan-Ke North Rd.,",www.tsmc.com,代工/MEMS,MEMS,"Foundry, PMIC, Power semiconductor",CMOS; Cu; Low-K,0.11,8,20000,20000,,,,2019,2018,2019,2019,/Users/simon/Documents/Simon-OB/本体论/base/半导体/SEMI_WFF_2026_1Q.xlsx,Company Detail,file:///Users/simon/Documents/Simon-OB/%E6%9C%AC%E4%BD%93%E8%AE%BA/base/%E5%8D%8A%E5%AF%BC%E4%BD%93/output/semiconductor_ontology.json
TSMC - Fab 18 Phase 4,,晶圆制造工厂,"TSMC 的 Fab 18 Phase 4，位于 Tainan, Southern Taiwan, 中国台湾。",4975,晶圆厂,In production,Tainan,Southern Taiwan,中国台湾,中国台湾,亚太,Sanbaozhu Rd. Shanhua Dist.,www.tsmc.com,Foundry/MPU,Logic&Micro,Foundry,,0.003,12,35000,78750,,,,2022,2020,2022,2022,/Users/simon/Documents/Simon-OB/本体论/base/半导体/SEMI_WFF_2026_1Q.xlsx,Company Detail,file:///Users/simon/Documents/Simon-OB/%E6%9C%AC%E4%BD%93%E8%AE%BA/base/%E5%8D%8A%E5%AF%BC%E4%BD%93/output/semiconductor_ontology.json
TSMC - Fab 18 Phase 5,,晶圆制造工厂,"TSMC 的 Fab 18 Phase 5，位于 Tainan, Southern Taiwan, 中国台湾。",4976,晶圆厂,In production,Tainan,Southern Taiwan,中国台湾,中国台湾,亚太,Sanbaozhu Rd. Shanhua Dist.,www.tsmc.com,Foundry/MPU,Logic&Micro,Foundry,,0.003,12,35000,78750,,,,2022,2020,2022,2022,/Users/simon/Documents/Simon-OB/本体论/base/半导体/SEMI_WFF_2026_1Q.xlsx,Company Detail,file:///Users/simon/Documents/Simon-OB/%E6%9C%AC%E4%BD%93%E8%AE%BA/base/%E5%8D%8A%E5%AF%BC%E4%BD%93/output/semiconductor_ontology.json
TSMC - Fab 16 P1B (Nanjing),,晶圆制造工厂,"TSMC 的 Fab 16 P1B (Nanjing)，位于 Nanjing, Jiangsu, 中国。",4944,晶圆厂,In production,Nanjing,Jiangsu,中国,中国,亚太,"16, Zifeng Rd.",www.tsmc.com,Foundry/Logic,Logic&Micro,Foundries,,0.022,12,50000,112500,,,,2022,2019,2022,2022,/Users/simon/Documents/Simon-OB/本体论/base/半导体/SEMI_WFF_2026_1Q.xlsx,Company Detail,file:///Users/simon/Documents/Simon-OB/%E6%9C%AC%E4%BD%93%E8%AE%BA/base/%E5%8D%8A%E5%AF%BC%E4%BD%93/output/semiconductor_ontology.json
TSMC - Fab 16 P1A (Nanjing),,晶圆制造工厂,"TSMC 的 Fab 16 P1A (Nanjing)，位于 Nanjing, Jiangsu, 中国。",3814,晶圆厂,In production,Nanjing,Jiangsu,中国,中国,亚太,"16, Zifeng Rd.",www.tsmc.com,Foundry/Logic,Logic&Micro,Foundries,,0.012,12,31500,70875,,,,2018,2016,2018,2018,/Users/simon/Documents/Simon-OB/本体论/base/半导体/SEMI_WFF_2026_1Q.xlsx,Company Detail,file:///Users/simon/Documents/Simon-OB/%E6%9C%AC%E4%BD%93%E8%AE%BA/base/%E5%8D%8A%E5%AF%BC%E4%BD%93/output/semiconductor_ontology.json
TSMC - Fab 18 Phase 2,,晶圆制造工厂,"TSMC 的 Fab 18 Phase 2，位于 Tainan, Southern Taiwan, 中国台湾。",3854,晶圆厂,In production,Tainan,Southern Taiwan,中国台湾,中国台湾,亚太,Sanbaozhu Rd. Shanhua Dist.,www.tsmc.com,Foundry/MPU,Logic&Micro,Foundry,,0.004,12,40000,90000,,,2622100,2020,2018,2020,2020,/Users/simon/Documents/Simon-OB/本体论/base/半导体/SEMI_WFF_2026_1Q.xlsx,Company Detail,file:///Users/simon/Documents/Simon-OB/%E6%9C%AC%E4%BD%93%E8%AE%BA/base/%E5%8D%8A%E5%AF%BC%E4%BD%93/output/semiconductor_ontology.json
TSMC - Fab 18 Phase 3,,晶圆制造工厂,"TSMC 的 Fab 18 Phase 3，位于 Tainan, Southern Taiwan, 中国台湾。",3908,晶圆厂,In production,Tainan,Southern Taiwan,中国台湾,中国台湾,亚太,Sanbaozhu Rd. Shanhua Dist.,www.tsmc.com,Foundry/MPU,Logic&Micro,Foundry,,0.004,12,40000,90000,,,,2021,2019,2021,2021,/Users/simon/Documents/Simon-OB/本体论/base/半导体/SEMI_WFF_2026_1Q.xlsx,Company Detail,file:///Users/simon/Documents/Simon-OB/%E6%9C%AC%E4%BD%93%E8%AE%BA/base/%E5%8D%8A%E5%AF%BC%E4%BD%93/output/semiconductor_ontology.json
TSMC - Fab 10 (Songjiang),,晶圆制造工厂,"TSMC 的 Fab 10 (Songjiang)，位于 Shanghai, Shanghai, 中国。",1921,晶圆厂,In production,Shanghai,Shanghai,中国,中国,亚太,"No. 4000, Wen-Xiang Rd. Songjiang Industrial Zone",www.tsmc.com,代工/模拟与混合信号与功率,Analog,"Foundry;  LCD Driver IC, consumer IC; communication IC; Smart-card IC","BCD, BiCMOS, CMOS, Al",0.15,8,130000,130000,,100,,2004,2002,2004,2004,/Users/simon/Documents/Simon-OB/本体论/base/半导体/SEMI_WFF_2026_1Q.xlsx,Company Detail,file:///Users/simon/Documents/Simon-OB/%E6%9C%AC%E4%BD%93%E8%AE%BA/base/%E5%8D%8A%E5%AF%BC%E4%BD%93/output/semiconductor_ontology.json
TSMC - Fab 14 Phase 3,,晶圆制造工厂,"TSMC 的 Fab 14 Phase 3，位于 Tainan, Southern Taiwan, 中国台湾。",2320,晶圆厂,In production,Tainan,Southern Taiwan,中国台湾,中国台湾,亚太,"No. 1-1, Nan-Ke North Rd., Sbip",www.tsmc.com,Foundry/Logic,Logic&Micro,"Foundry; embedded Flash, embedded DRAM, Logic/Mixed Signal, RF-CMOS, High Voltage, BCD,","CMOS, Cu, Low K",0.04,12,60000,135000,333681,,,2008,2006,2008,2008,/Users/simon/Documents/Simon-OB/本体论/base/半导体/SEMI_WFF_2026_1Q.xlsx,Company Detail,file:///Users/simon/Documents/Simon-OB/%E6%9C%AC%E4%BD%93%E8%AE%BA/base/%E5%8D%8A%E5%AF%BC%E4%BD%93/output/semiconductor_ontology.json
TSMC - Fab 15 Phase 2,,晶圆制造工厂,"TSMC 的 Fab 15 Phase 2，位于 Taichung, Central Taiwan, 中国台湾。",2205,晶圆厂,In production,Taichung,Central Taiwan,中国台湾,中国台湾,亚太,"No.1, Keya 6th Rd, Daya Dist.",www.tsmc.com,Foundry/Logic,Logic&Micro,"Foundry; Application processors (Aps), baseband, graphics processing units (GPUs), central processing units (CPUs), and field programmable gate arrays (FPGAs)","CMOS, Cu, Low-K, strained Si",0.022,12,50000,112500,,,,2012,2011,2012,2012,/Users/simon/Documents/Simon-OB/本体论/base/半导体/SEMI_WFF_2026_1Q.xlsx,Company Detail,file:///Users/simon/Documents/Simon-OB/%E6%9C%AC%E4%BD%93%E8%AE%BA/base/%E5%8D%8A%E5%AF%BC%E4%BD%93/output/semiconductor_ontology.json
TSMC - Fab 15 Phase 3,,晶圆制造工厂,"TSMC 的 Fab 15 Phase 3，位于 Taichung, Central Taiwan, 中国台湾。",2206,晶圆厂,In production,Taichung,Central Taiwan,中国台湾,中国台湾,亚太,"No.1, Keya 6th Rd, Daya Dist.",www.tsmc.com,Foundry/Logic,Logic&Micro,"Foundry; application processors (APs), baseband, graphics processing units (GPUs), central processing units (CPUs), and field programmable gate arrays (FPGAs)","CMOS, Cu, Low-K, strained Si",0.022,12,50000,112500,,,,2013,2011,2013,2013,/Users/simon/Documents/Simon-OB/本体论/base/半导体/SEMI_WFF_2026_1Q.xlsx,Company Detail,file:///Users/simon/Documents/Simon-OB/%E6%9C%AC%E4%BD%93%E8%AE%BA/base/%E5%8D%8A%E5%AF%BC%E4%BD%93/output/semiconductor_ontology.json
TSMC - Fab 15 Phase 1,,晶圆制造工厂,"TSMC 的 Fab 15 Phase 1，位于 Taichung, Central Taiwan, 中国台湾。",2186,晶圆厂,In production,Taichung,Central Taiwan,中国台湾,中国台湾,亚太,"No.1, Keya 6th Rd, Daya Dist.",www.tsmc.com,Foundry/Logic,Logic&Micro,"Foundry; application processors (Aps), baseband, graphics processing units (GPUs), central processing units (CPUs), and field programmable gate arrays (FPGAs)","CMOS, Cu, Low-K, strained Si",0.022,12,50000,112500,,,,2011,2010,2011,2012,/Users/simon/Documents/Simon-OB/本体论/base/半导体/SEMI_WFF_2026_1Q.xlsx,Company Detail,file:///Users/simon/Documents/Simon-OB/%E6%9C%AC%E4%BD%93%E8%AE%BA/base/%E5%8D%8A%E5%AF%BC%E4%BD%93/output/semiconductor_ontology.json
TSMC - Fab 12 Phase 7 (was Powerchip P4/P5),,晶圆制造工厂,"TSMC 的 Fab 12 Phase 7 (was Powerchip P4/P5)，位于 Hsinchu, Northern Taiwan, 中国台湾。",2388,晶圆厂，中试线,In production,Hsinchu,Northern Taiwan,中国台湾,中国台湾,亚太,"170, Park Avenue 2nd Rd.",www.tsmc.com,Foundry/MPU,Logic&Micro,Foundry,"EUV, CMOS",0.003,12,40000,90000,,1,,2016,2013,2015,2016,/Users/simon/Documents/Simon-OB/本体论/base/半导体/SEMI_WFF_2026_1Q.xlsx,Company Detail,file:///Users/simon/Documents/Simon-OB/%E6%9C%AC%E4%BD%93%E8%AE%BA/base/%E5%8D%8A%E5%AF%BC%E4%BD%93/output/semiconductor_ontology.json
TSMC - Fab 12 Phase 4 and 5,,晶圆制造工厂,"TSMC 的 Fab 12 Phase 4 and 5，位于 Hsinchu, Northern Taiwan, 中国台湾。",2385,晶圆厂，中试线，研发,In production-merged,Hsinchu,Northern Taiwan,中国台湾,中国台湾,亚太,"No.168, Park Avenue 2nd Rd.",www.tsmc.com,Foundry/Logic,Logic&Micro,Foundry,"CMOS, Cu, Low-K, SoC, strained Si",0.005,12,50000,112500,236806,10,2484643,2009,2008,2009,2009,/Users/simon/Documents/Simon-OB/本体论/base/半导体/SEMI_WFF_2026_1Q.xlsx,Company Detail,file:///Users/simon/Documents/Simon-OB/%E6%9C%AC%E4%BD%93%E8%AE%BA/base/%E5%8D%8A%E5%AF%BC%E4%BD%93/output/semiconductor_ontology.json
TSMC - Fab 14 Phase 4,,晶圆制造工厂,"TSMC 的 Fab 14 Phase 4，位于 Tainan, Southern Taiwan, 中国台湾。",2463,晶圆厂,In production,Tainan,Southern Taiwan,中国台湾,中国台湾,亚太,"No. 1-1, Nan-Ke North Rd., Sbip",www.tsmc.com,Foundry/Logic,Logic&Micro,"Foundry; embedded Flash, embedded DRAM, Logic/Mixed Signal, RF-CMOS, High Voltage, BCD",CMOS,0.04,12,60000,135000,,,,2011,2010,2011,2011,/Users/simon/Documents/Simon-OB/本体论/base/半导体/SEMI_WFF_2026_1Q.xlsx,Company Detail,file:///Users/simon/Documents/Simon-OB/%E6%9C%AC%E4%BD%93%E8%AE%BA/base/%E5%8D%8A%E5%AF%BC%E4%BD%93/output/semiconductor_ontology.json
TSMC - Fab 8,,晶圆制造工厂,"TSMC 的 Fab 8，位于 Hsinchu, Northern Taiwan, 中国台湾。",1288,晶圆厂,In production,Hsinchu,Northern Taiwan,中国台湾,中国台湾,亚太,"No.25, Li-Hsin Rd., Sbip",www.tsmc.com,代工/模拟与混合信号与功率,Analog,"Foundry Logic SRAM DRAM, PMIC, Power semiconductor",CMOS; Cu; Low-K,0.11,8,72000,72000,,1,85000,1998,1997,1998,1998,/Users/simon/Documents/Simon-OB/本体论/base/半导体/SEMI_WFF_2026_1Q.xlsx,Company Detail,file:///Users/simon/Documents/Simon-OB/%E6%9C%AC%E4%BD%93%E8%AE%BA/base/%E5%8D%8A%E5%AF%BC%E4%BD%93/output/semiconductor_ontology.json
TSMC - Fab 12 Phase 1 and 2,,晶圆制造工厂,"TSMC 的 Fab 12 Phase 1 and 2，位于 Hsinchu, Northern Taiwan, 中国台湾。",1445,晶圆厂,In production-merged,Hsinchu,Northern Taiwan,中国台湾,中国台湾,亚太,"No. 8, Li-Hsin Rd. 6, Hsinchu Science Park",www.tsmc.com,Foundry/Logic,Logic&Micro,"Foundry; embedded Flash, embedded DRAM, Logic/Mixed Signal, RF-CMOS, High Voltage, BCD","CMOS, Cu, Low-K, SoC, strained Si",0.04,12,80000,180000,236806,10,3073908,2001,1999,2001,2001,/Users/simon/Documents/Simon-OB/本体论/base/半导体/SEMI_WFF_2026_1Q.xlsx,Company Detail,file:///Users/simon/Documents/Simon-OB/%E6%9C%AC%E4%BD%93%E8%AE%BA/base/%E5%8D%8A%E5%AF%BC%E4%BD%93/output/semiconductor_ontology.json
TSMC - Fab 14 Phase 1&2,,晶圆制造工厂,"TSMC 的 Fab 14 Phase 1&2，位于 Tainan, Southern Taiwan, 中国台湾。",1582,晶圆厂,In production-merged,Tainan,Southern Taiwan,中国台湾,中国台湾,亚太,"No.1-1, Nan-Ke North Rd.",www.tsmc.com,Foundry/Logic,Logic&Micro,"Foundry; embedded Flash, embedded DRAM, Logic/Mixed Signal, RF-CMOS, High Voltage, BCD","CMOS, Cu, Low-K, strained Si",0.04,12,100000,225000,247570,10,,2004,2000,2004,2004,/Users/simon/Documents/Simon-OB/本体论/base/半导体/SEMI_WFF_2026_1Q.xlsx,Company Detail,file:///Users/simon/Documents/Simon-OB/%E6%9C%AC%E4%BD%93%E8%AE%BA/base/%E5%8D%8A%E5%AF%BC%E4%BD%93/output/semiconductor_ontology.json
TSMC - Fab 6 Phase 1,,晶圆制造工厂,"TSMC 的 Fab 6 Phase 1，位于 Tainan, Southern Taiwan, 中国台湾。",1535,晶圆厂,in production,Tainan,Southern Taiwan,中国台湾,中国台湾,亚太,No.1 Nan-Ke North Rd.,www.tsmc.com,代工/模拟与混合信号与功率,Analog,"Foundry, PMIC, Power semiconductor",CMOS; Cu; Low-K,0.09,8,145000,145000,190000,100,161459,2000,1997,1999,2000,/Users/simon/Documents/Simon-OB/本体论/base/半导体/SEMI_WFF_2026_1Q.xlsx,Company Detail,file:///Users/simon/Documents/Simon-OB/%E6%9C%AC%E4%BD%93%E8%AE%BA/base/%E5%8D%8A%E5%AF%BC%E4%BD%93/output/semiconductor_ontology.json
TSMC - Fab 21 P2B (Arizona phase 2),,晶圆制造工厂,"TSMC 的 Fab 21 P2B (Arizona phase 2)，位于 Phoenix, Arizona, 美国。",6432,晶圆厂,Cancelled,Phoenix,Arizona,美国,美洲,NA,303 Bob Stump Memorial Pkwy,www.tsmc.com,Foundry/MPU,Logic&Micro,"CPU, GPU, ASIC","CMOS, GAA, Forksheet FET, Cu, Co",0.0014,12,25000,56250,,,,,,,,/Users/simon/Documents/Simon-OB/本体论/base/半导体/SEMI_WFF_2026_1Q.xlsx,Company Detail,file:///Users/simon/Documents/Simon-OB/%E6%9C%AC%E4%BD%93%E8%AE%BA/base/%E5%8D%8A%E5%AF%BC%E4%BD%93/output/semiconductor_ontology.json
TSMC - Fab 21 P1B (Arizona Phase 1 3nm line),,晶圆制造工厂,"TSMC 的 Fab 21 P1B (Arizona Phase 1 3nm line)，位于 Phoenix, Arizona, 美国。",6525,晶圆厂,Merged,Phoenix,Arizona,美国,美洲,NA,303 Bob Stump Memorial Pkwy,www.tsmc.com,Foundry/MPU,Logic&Micro,Foundry,,0.003,12,10000,22500,,,,,,,,/Users/simon/Documents/Simon-OB/本体论/base/半导体/SEMI_WFF_2026_1Q.xlsx,Company Detail,file:///Users/simon/Documents/Simon-OB/%E6%9C%AC%E4%BD%93%E8%AE%BA/base/%E5%8D%8A%E5%AF%BC%E4%BD%93/output/semiconductor_ontology.json
TSMC - Fab 2,,晶圆制造工厂,"TSMC 的 Fab 2，位于 Hsinchu, Northern Taiwan, 中国台湾。",1147,晶圆厂,"In production-will be closed for Front End, used for BackEnd",Hsinchu,Northern Taiwan,中国台湾,中国台湾,亚太,"No.121, Park Avenue 3",www.tsmc.com,代工/模拟与混合信号与功率,Analog,"Foundry SRAM ROM Log Custom LCD Drivers, MEMS, GaN-On-Silicon devices","CMOS, GaN-On-Silicon, (Silicon)",0.45,6,94400,53100,40000,1,,1990,1989,1990,1990,/Users/simon/Documents/Simon-OB/本体论/base/半导体/SEMI_WFF_2026_1Q.xlsx,Company Detail,file:///Users/simon/Documents/Simon-OB/%E6%9C%AC%E4%BD%93%E8%AE%BA/base/%E5%8D%8A%E5%AF%BC%E4%BD%93/output/semiconductor_ontology.json
TSMC - Fab 3,,晶圆制造工厂,"TSMC 的 Fab 3，位于 Hsinchu, Northern Taiwan, 中国台湾。",1151,晶圆厂,In production-merged,Hsinchu,Northern Taiwan,中国台湾,中国台湾,亚太,"No.9 Creation Road 1, Sbip",www.tsmc.com,代工/模拟与混合信号与功率,Analog,"Foundry SRAM ROM Log Custom Embedded DRAM, MEMS","CMOS, SiGe, BICMOS",0.15,8,100000,100000,,1,,1995,1993,1995,1995,/Users/simon/Documents/Simon-OB/本体论/base/半导体/SEMI_WFF_2026_1Q.xlsx,Company Detail,file:///Users/simon/Documents/Simon-OB/%E6%9C%AC%E4%BD%93%E8%AE%BA/base/%E5%8D%8A%E5%AF%BC%E4%BD%93/output/semiconductor_ontology.json
TSMC - Fab 5,,晶圆制造工厂,"TSMC 的 Fab 5，位于 Hsinchu, Northern Taiwan, 中国台湾。",1287,晶圆厂,Will be closed,Hsinchu,Northern Taiwan,中国台湾,中国台湾,亚太,"No.121, Park Avenue 3, Sbip",www.tsmc.com,代工/模拟与混合信号与功率,Analog,"Foundry, MEMS","CMOS,",0.15,8,35000,35000,,100,87000,1997,1995,1997,1997,/Users/simon/Documents/Simon-OB/本体论/base/半导体/SEMI_WFF_2026_1Q.xlsx,Company Detail,file:///Users/simon/Documents/Simon-OB/%E6%9C%AC%E4%BD%93%E8%AE%BA/base/%E5%8D%8A%E5%AF%BC%E4%BD%93/output/semiconductor_ontology.json
TSMC - Fab 11 (WaferTech) (used also by Everspin),,晶圆制造工厂,"TSMC 的 Fab 11 (WaferTech) (used also by Everspin)，位于 Camas, Washington, 美国。",1330,晶圆厂,in production,Camas,Washington,美国,美洲,NA,5509 NW Parker Street,www.tsmc.com,代工/模拟与混合信号与功率,Analog,"Foundry: Logic, SRAM, mixed signal, embedded Flash, HV","CMOS, Embedded flash",0.16,8,38000,38000,130000,1,500000,1998,1996,1998,1998,/Users/simon/Documents/Simon-OB/本体论/base/半导体/SEMI_WFF_2026_1Q.xlsx,Company Detail,file:///Users/simon/Documents/Simon-OB/%E6%9C%AC%E4%BD%93%E8%AE%BA/base/%E5%8D%8A%E5%AF%BC%E4%BD%93/output/semiconductor_ontology.json
TSMC - Fab 20 Phase 1,,晶圆制造工厂,"TSMC 的 Fab 20 Phase 1，位于 Hsinchu, Northern Taiwan, 中国台湾。",6215,晶圆厂,In production,Hsinchu,Northern Taiwan,中国台湾,中国台湾,亚太,"1, Kehuan Rd., Baoshan area",www.tsmc.com,Foundry/MPU,Logic&Micro,Foundry,GAA,0.002,12,25000,56250,,,,2025,2022,2024,2025,/Users/simon/Documents/Simon-OB/本体论/base/半导体/SEMI_WFF_2026_1Q.xlsx,Company Detail,file:///Users/simon/Documents/Simon-OB/%E6%9C%AC%E4%BD%93%E8%AE%BA/base/%E5%8D%8A%E5%AF%BC%E4%BD%93/output/semiconductor_ontology.json
TSMC - Fab 20 Phase 2,,晶圆制造工厂,"TSMC 的 Fab 20 Phase 2，位于 Hsinchu, Northern Taiwan, 中国台湾。",6216,晶圆厂,In production,Hsinchu,Northern Taiwan,中国台湾,中国台湾,亚太,"1, Kehuan Rd.",www.tsmc.com,Foundry/MPU,Logic&Micro,Foundry,,0.002,12,25000,56250,,,,2026,2024,2025,2026,/Users/simon/Documents/Simon-OB/本体论/base/半导体/SEMI_WFF_2026_1Q.xlsx,Company Detail,file:///Users/simon/Documents/Simon-OB/%E6%9C%AC%E4%BD%93%E8%AE%BA/base/%E5%8D%8A%E5%AF%BC%E4%BD%93/output/semiconductor_ontology.json
TSMC - Fab 18 Phase 7,,晶圆制造工厂,"TSMC 的 Fab 18 Phase 7，位于 Tainan, Southern Taiwan, 中国台湾。",6223,晶圆厂,In production,Tainan,Southern Taiwan,中国台湾,中国台湾,亚太,Sanbaozhu Rd. Shanhua Dist.,www.tsmc.com,Foundry/MPU,Logic&Micro,Foundry,,0.003,12,35000,78750,,,,2024,2021,2024,2024,/Users/simon/Documents/Simon-OB/本体论/base/半导体/SEMI_WFF_2026_1Q.xlsx,Company Detail,file:///Users/simon/Documents/Simon-OB/%E6%9C%AC%E4%BD%93%E8%AE%BA/base/%E5%8D%8A%E5%AF%BC%E4%BD%93/output/semiconductor_ontology.json
TSMC - Fab 18 Phase 8,,晶圆制造工厂,"TSMC 的 Fab 18 Phase 8，位于 Tainan, Southern Taiwan, 中国台湾。",6229,晶圆厂,In production,Tainan,Southern Taiwan,中国台湾,中国台湾,亚太,Sanbaozhu Rd. Shanhua Dist.,www.tsmc.com,Foundry/MPU,Logic&Micro,Foundry,,0.003,12,35000,78750,,,,2024,2021,2024,2024,/Users/simon/Documents/Simon-OB/本体论/base/半导体/SEMI_WFF_2026_1Q.xlsx,Company Detail,file:///Users/simon/Documents/Simon-OB/%E6%9C%AC%E4%BD%93%E8%AE%BA/base/%E5%8D%8A%E5%AF%BC%E4%BD%93/output/semiconductor_ontology.json
TSMC - Fab 22 Phase 1,,晶圆制造工厂,"TSMC 的 Fab 22 Phase 1，位于 Kaohsiung, Southern Taiwan, 中国台湾。",6258,晶圆厂,In production,Kaohsiung,Southern Taiwan,中国台湾,中国台湾,亚太,"1, Yuanqu N. Rd., Nanzi Dist.",www.tsmc.com,Foundry/MPU,Logic&Micro,"MCU, AIoT",GAA,0.002,12,25000,56250,,,,2025,2022,2025,2025,/Users/simon/Documents/Simon-OB/本体论/base/半导体/SEMI_WFF_2026_1Q.xlsx,Company Detail,file:///Users/simon/Documents/Simon-OB/%E6%9C%AC%E4%BD%93%E8%AE%BA/base/%E5%8D%8A%E5%AF%BC%E4%BD%93/output/semiconductor_ontology.json
TSMC - Fab 22 Phase 2,,晶圆制造工厂,"TSMC 的 Fab 22 Phase 2，位于 Kaohsiung, Southern Taiwan, 中国台湾。",6259,晶圆厂,Equipping,Kaohsiung,Southern Taiwan,中国台湾,中国台湾,亚太,"1, Yuanqu N. Rd., Nanzi Dist.",www.tsmc.com,Foundry/MPU,Logic&Micro,Foundry,GAA,0.002,12,25000,56250,,,,2026,2024,2026,2026,/Users/simon/Documents/Simon-OB/本体论/base/半导体/SEMI_WFF_2026_1Q.xlsx,Company Detail,file:///Users/simon/Documents/Simon-OB/%E6%9C%AC%E4%BD%93%E8%AE%BA/base/%E5%8D%8A%E5%AF%BC%E4%BD%93/output/semiconductor_ontology.json
TSMC - Fab 23 Phase 1 (JASM P1),,晶圆制造工厂,"TSMC 的 Fab 23 Phase 1 (JASM P1)，位于 Kumamoto, Kumamoto, 日本。",6251,晶圆厂,In production,Kumamoto,Kumamoto,日本,日本,日本,4106-1 Haramizu,www.tsmc.com,Foundry/Logic,Logic&Micro,"Foundry, CIS (CMOS Image Sensors), SoC; automotive applications","CIS (CMOS Image Sensors), SoC",0.028,12,55000,123750,,,,2024,2022,2024,2024,/Users/simon/Documents/Simon-OB/本体论/base/半导体/SEMI_WFF_2026_1Q.xlsx,Company Detail,file:///Users/simon/Documents/Simon-OB/%E6%9C%AC%E4%BD%93%E8%AE%BA/base/%E5%8D%8A%E5%AF%BC%E4%BD%93/output/semiconductor_ontology.json
TSMC - Fab 24 - ESMC Phase 1 (22/28nm),,晶圆制造工厂,"TSMC 的 Fab 24 - ESMC Phase 1 (22/28nm)，位于 Dresden, Saxony, 德国。",6252,晶圆厂,Constructing,Dresden,Saxony,德国,Europe & Mideast,欧洲,"Robert-Bosch-Ring 4, Gate 5",www.tsmc.com,Foundry/Logic,Logic&Micro,"automotive MCUs, powertrain, ADAS, industrial & IoT",,0.022,12,25000,56250,,,,2027,2024,2027,2027,/Users/simon/Documents/Simon-OB/本体论/base/半导体/SEMI_WFF_2026_1Q.xlsx,Company Detail,file:///Users/simon/Documents/Simon-OB/%E6%9C%AC%E4%BD%93%E8%AE%BA/base/%E5%8D%8A%E5%AF%BC%E4%BD%93/output/semiconductor_ontology.json
TSMC - Fab 14 Phase 8,,晶圆制造工厂,"TSMC 的 Fab 14 Phase 8，位于 Tainan, Southern Taiwan, 中国台湾。",6167,晶圆厂,In production,Tainan,Southern Taiwan,中国台湾,中国台湾,亚太,"17, Nan-Ke 9th Rd",www.tsmc.com,Foundry/Logic,Logic&Micro,"Foundry (CIS, image sensor)",CIS,0.022,12,50000,112500,,,,2023,2021,2022,2023,/Users/simon/Documents/Simon-OB/本体论/base/半导体/SEMI_WFF_2026_1Q.xlsx,Company Detail,file:///Users/simon/Documents/Simon-OB/%E6%9C%AC%E4%BD%93%E8%AE%BA/base/%E5%8D%8A%E5%AF%BC%E4%BD%93/output/semiconductor_ontology.json
TSMC - Fab 21 Phase 2 (Arizona),,晶圆制造工厂,"TSMC 的 Fab 21 Phase 2 (Arizona)，位于 Phoenix, Arizona, 美国。",6168,晶圆厂,Constructing,Phoenix,Arizona,美国,美洲,NA,303 Bob Stump Memorial Pkwy,www.tsmc.com,Foundry/MPU,Logic&Micro,Foundry,,0.003,12,30000,67500,,,,2027,2022,2027,2027,/Users/simon/Documents/Simon-OB/本体论/base/半导体/SEMI_WFF_2026_1Q.xlsx,Company Detail,file:///Users/simon/Documents/Simon-OB/%E6%9C%AC%E4%BD%93%E8%AE%BA/base/%E5%8D%8A%E5%AF%BC%E4%BD%93/output/semiconductor_ontology.json
TSMC - Fab 21 Phase 1 (P1A+P1B),,晶圆制造工厂,"TSMC 的 Fab 21 Phase 1 (P1A+P1B)，位于 Phoenix, Arizona, 美国。",6159,晶圆厂,In production-merged,Phoenix,Arizona,美国,美洲,NA,303 Bob Stump Memorial Pkwy,www.tsmc.com,Foundry/MPU,Logic&Micro,Foundry,,0.004,12,30000,67500,,,,2024,2021,2024,2024,/Users/simon/Documents/Simon-OB/本体论/base/半导体/SEMI_WFF_2026_1Q.xlsx,Company Detail,file:///Users/simon/Documents/Simon-OB/%E6%9C%AC%E4%BD%93%E8%AE%BA/base/%E5%8D%8A%E5%AF%BC%E4%BD%93/output/semiconductor_ontology.json
TSMC - Fab 18 Phase 6,,晶圆制造工厂,"TSMC 的 Fab 18 Phase 6，位于 Tainan, Southern Taiwan, 中国台湾。",5123,晶圆厂,In production,Tainan,Southern Taiwan,中国台湾,中国台湾,亚太,Sanbaozhu Rd. Shanhua Dist.,www.tsmc.com,Foundry/MPU,Logic&Micro,Foundry,,0.003,12,35000,78750,,,,2023,2020,2023,2023,/Users/simon/Documents/Simon-OB/本体论/base/半导体/SEMI_WFF_2026_1Q.xlsx,Company Detail,file:///Users/simon/Documents/Simon-OB/%E6%9C%AC%E4%BD%93%E8%AE%BA/base/%E5%8D%8A%E5%AF%BC%E4%BD%93/output/semiconductor_ontology.json
TSMC - Fab 25 Phase 1,,晶圆制造工厂,"TSMC 的 Fab 25 Phase 1，位于 Taichung, Central Taiwan, 中国台湾。",6429,晶圆厂,Constructing,Taichung,Central Taiwan,中国台湾,中国台湾,亚太,"1, Keya Rd. 6",www.tsmc.com,Foundry/MPU,Logic&Micro,"Foundries, application processors (Aps), baseband, graphics processing units (GPUs), central processing units (CPUs)","CFET, Cu, Co",0.0014,12,25000,56250,,,,2028,2026,2028,2028,/Users/simon/Documents/Simon-OB/本体论/base/半导体/SEMI_WFF_2026_1Q.xlsx,Company Detail,file:///Users/simon/Documents/Simon-OB/%E6%9C%AC%E4%BD%93%E8%AE%BA/base/%E5%8D%8A%E5%AF%BC%E4%BD%93/output/semiconductor_ontology.json
TSMC - Fab 25 Phase 2,,晶圆制造工厂,"TSMC 的 Fab 25 Phase 2，位于 Taichung, Central Taiwan, 中国台湾。",6430,晶圆厂,Announced,Taichung,Central Taiwan,中国台湾,中国台湾,亚太,"1, Keya Rd. 6",www.tsmc.com,Foundry/MPU,Logic&Micro,"Foundries, application processors (Aps), baseband, graphics processing units (GPUs), central processing units (CPUs)","GAA, Cu, Co",0.0014,12,22000,49500,,,,2029,2026,2028,2029,/Users/simon/Documents/Simon-OB/本体论/base/半导体/SEMI_WFF_2026_1Q.xlsx,Company Detail,file:///Users/simon/Documents/Simon-OB/%E6%9C%AC%E4%BD%93%E8%AE%BA/base/%E5%8D%8A%E5%AF%BC%E4%BD%93/output/semiconductor_ontology.json
TSMC - Fab 21 Phase 3 (Arizona),,晶圆制造工厂,"TSMC 的 Fab 21 Phase 3 (Arizona)，位于 Phoenix, Arizona, 美国。",6431,晶圆厂,Constructing,Phoenix,Arizona,美国,美洲,NA,303 Bob Stump Memorial Pkwy,www.tsmc.com,Foundry/MPU,Logic&Micro,"CPU, GPU, ASIC","CMOS, GAA, Cu, Co",0.002,12,30000,67500,,,,2028,2025,2028,2028,/Users/simon/Documents/Simon-OB/本体论/base/半导体/SEMI_WFF_2026_1Q.xlsx,Company Detail,file:///Users/simon/Documents/Simon-OB/%E6%9C%AC%E4%BD%93%E8%AE%BA/base/%E5%8D%8A%E5%AF%BC%E4%BD%93/output/semiconductor_ontology.json
TSMC - Fab 23 Phase 3,,晶圆制造工厂,"TSMC 的 Fab 23 Phase 3，位于 Kumamoto, Kumamoto, 日本。",6433,晶圆厂,Planned,Kumamoto,Kumamoto,日本,日本,日本,"4106-1 Haramizu, Kikuyo-machi, Kikuchi-gun",www.tsmc.com,Foundry/MPU,Logic&Micro,"Foundry, logic","CMOS, GAA, Cu, Co",0.002,12,20000,45000,,,,2031,2028,2031,2031,/Users/simon/Documents/Simon-OB/本体论/base/半导体/SEMI_WFF_2026_1Q.xlsx,Company Detail,file:///Users/simon/Documents/Simon-OB/%E6%9C%AC%E4%BD%93%E8%AE%BA/base/%E5%8D%8A%E5%AF%BC%E4%BD%93/output/semiconductor_ontology.json
TSMC - Fab 20 Phase 3,,晶圆制造工厂,"TSMC 的 Fab 20 Phase 3，位于 Hsinchu, Northern Taiwan, 中国台湾。",6289,晶圆厂,Constructing,Hsinchu,Northern Taiwan,中国台湾,中国台湾,亚太,"1, Kehuan Rd., Baoshan area",www.tsmc.com,Foundry/MPU,Logic&Micro,Foundry,"GAA, Forksheet FET, Cu",0.0014,12,25000,56250,,,,2028,2025,2027,2027,/Users/simon/Documents/Simon-OB/本体论/base/半导体/SEMI_WFF_2026_1Q.xlsx,Company Detail,file:///Users/simon/Documents/Simon-OB/%E6%9C%AC%E4%BD%93%E8%AE%BA/base/%E5%8D%8A%E5%AF%BC%E4%BD%93/output/semiconductor_ontology.json
TSMC - Fab 20 Phase 4,,晶圆制造工厂,"TSMC 的 Fab 20 Phase 4，位于 Hsinchu, Northern Taiwan, 中国台湾。",6297,晶圆厂,Constructing,Hsinchu,Northern Taiwan,中国台湾,中国台湾,亚太,"1, Kehuan Rd., Baoshan area",www.tsmc.com,Foundry/MPU,Logic&Micro,Foundry,"GAA, Forksheet FET, Cu",0.0014,12,25000,56250,,,,2028,2026,2028,2028,/Users/simon/Documents/Simon-OB/本体论/base/半导体/SEMI_WFF_2026_1Q.xlsx,Company Detail,file:///Users/simon/Documents/Simon-OB/%E6%9C%AC%E4%BD%93%E8%AE%BA/base/%E5%8D%8A%E5%AF%BC%E4%BD%93/output/semiconductor_ontology.json
TSMC - Fab 18 Phase 9,,晶圆制造工厂,"TSMC 的 Fab 18 Phase 9，位于 Tainan, Southern Taiwan, 中国台湾。",6288,晶圆厂,On hold,Tainan,Southern Taiwan,中国台湾,中国台湾,亚太,Sanbaozhu Rd. Shanhua Dist.,www.tsmc.com,Foundry/MPU,Logic&Micro,Foundry,"Cu, GAA",0.002,12,20000,45000,,,,2028,2024,2027,2028,/Users/simon/Documents/Simon-OB/本体论/base/半导体/SEMI_WFF_2026_1Q.xlsx,Company Detail,file:///Users/simon/Documents/Simon-OB/%E6%9C%AC%E4%BD%93%E8%AE%BA/base/%E5%8D%8A%E5%AF%BC%E4%BD%93/output/semiconductor_ontology.json
TSMC - Fab 23 Phase 2 (JASM P2),,晶圆制造工厂,"TSMC 的 Fab 23 Phase 2 (JASM P2)，位于 Kumamoto, Kumamoto, 日本。",6524,晶圆厂,Constructing,Kumamoto,Kumamoto,日本,日本,日本,4106-1 Haramizu,www.tsmc.com,Foundry/Logic,Logic&Micro,"CIS, ISP, SoC, MCU","CIS (CMOS Image Sensors), SoC",0.006,12,35000,78750,,,,2028,2025,2028,2028,/Users/simon/Documents/Simon-OB/本体论/base/半导体/SEMI_WFF_2026_1Q.xlsx,Company Detail,file:///Users/simon/Documents/Simon-OB/%E6%9C%AC%E4%BD%93%E8%AE%BA/base/%E5%8D%8A%E5%AF%BC%E4%BD%93/output/semiconductor_ontology.json
TSMC - Fab 22 Phase 3,,晶圆制造工厂,"TSMC 的 Fab 22 Phase 3，位于 Kaohsiung, Southern Taiwan, 中国台湾。",6534,晶圆厂,Constructing,Kaohsiung,Southern Taiwan,中国台湾,中国台湾,亚太,"1, Yuanqu N. Rd., Nanzi Dist.",www.tsmc.com,Foundry/MPU,Logic&Micro,,"GAA, Co , Cu",0.0016,12,25000,56250,,,,2027,2025,2026,2027,/Users/simon/Documents/Simon-OB/本体论/base/半导体/SEMI_WFF_2026_1Q.xlsx,Company Detail,file:///Users/simon/Documents/Simon-OB/%E6%9C%AC%E4%BD%93%E8%AE%BA/base/%E5%8D%8A%E5%AF%BC%E4%BD%93/output/semiconductor_ontology.json
TSMC - Fab 22 Phase 4,,晶圆制造工厂,"TSMC 的 Fab 22 Phase 4，位于 Kaohsiung, Southern Taiwan, 中国台湾。",6535,晶圆厂,Constructing,Kaohsiung,Southern Taiwan,中国台湾,中国台湾,亚太,"1, Yuanqu N. Rd., Nanzi Dist.",www.tsmc.com,Foundry/MPU,Logic&Micro,,"GAA, ForksheetFET, Co , Cu",0.0016,12,25000,56250,,,,2027,2025,2027,2027,/Users/simon/Documents/Simon-OB/本体论/base/半导体/SEMI_WFF_2026_1Q.xlsx,Company Detail,file:///Users/simon/Documents/Simon-OB/%E6%9C%AC%E4%BD%93%E8%AE%BA/base/%E5%8D%8A%E5%AF%BC%E4%BD%93/output/semiconductor_ontology.json
TSMC - Fab 24 - ESMC Phase 1 (12/16nm),,晶圆制造工厂,"TSMC 的 Fab 24 - ESMC Phase 1 (12/16nm)，位于 Dresden, Saxony, 德国。",6481,晶圆厂,Announced,Dresden,Saxony,德国,Europe & Mideast,欧洲,"Robert-Bosch-Ring 4, Gate 5",www.tsmc.com,Foundry/Logic,Logic&Micro,"automotive MCUs, powertrain, ADAS, industrial & IoT","FinFET, Cu",0.012,12,15000,33750,,,,2029,2028,2029,2029,/Users/simon/Documents/Simon-OB/本体论/base/半导体/SEMI_WFF_2026_1Q.xlsx,Company Detail,file:///Users/simon/Documents/Simon-OB/%E6%9C%AC%E4%BD%93%E8%AE%BA/base/%E5%8D%8A%E5%AF%BC%E4%BD%93/output/semiconductor_ontology.json
TSMC - Fab 21 Phase 6 (Arizona),,晶圆制造工厂,"TSMC 的 Fab 21 Phase 6 (Arizona)，位于 Phoenix, Arizona, 美国。",6687,晶圆厂,Planned,Phoenix,Arizona,美国,美洲,NA,303 Bob Stump Memorial Pkwy,www.tsmc.com,Foundry/MPU,Logic&Micro,"xPU, ASIC, SoC","CMOS, GAA, Nanosheet",0.001,12,25000,56250,,,,2033,2030,2032,2033,/Users/simon/Documents/Simon-OB/本体论/base/半导体/SEMI_WFF_2026_1Q.xlsx,Company Detail,file:///Users/simon/Documents/Simon-OB/%E6%9C%AC%E4%BD%93%E8%AE%BA/base/%E5%8D%8A%E5%AF%BC%E4%BD%93/output/semiconductor_ontology.json
TSMC - Fab 25 Phase 3,,晶圆制造工厂,"TSMC 的 Fab 25 Phase 3，位于 Taichung, Central Taiwan, 中国台湾。",6669,晶圆厂,Planned,Taichung,Central Taiwan,中国台湾,中国台湾,亚太,,www.tsmc.com,Foundry/MPU,Logic&Micro,Foundry/MPU,"CFET, GAA",0.0014,12,22000,49500,,,,2029,2027,2029,2029,/Users/simon/Documents/Simon-OB/本体论/base/半导体/SEMI_WFF_2026_1Q.xlsx,Company Detail,file:///Users/simon/Documents/Simon-OB/%E6%9C%AC%E4%BD%93%E8%AE%BA/base/%E5%8D%8A%E5%AF%BC%E4%BD%93/output/semiconductor_ontology.json
TSMC - Fab 25 Phase 4,,晶圆制造工厂,"TSMC 的 Fab 25 Phase 4，位于 Taichung, Central Taiwan, 中国台湾。",6670,晶圆厂,Announced,Taichung,Central Taiwan,中国台湾,中国台湾,亚太,,www.tsmc.com,Foundry/MPU,Logic&Micro,"Foundries, application processors (Aps), baseband, graphics processing units (GPUs), central processing units (CPUs)","CFET, GAA",0.0014,12,22000,49500,,,,2030,2027,2030,2030,/Users/simon/Documents/Simon-OB/本体论/base/半导体/SEMI_WFF_2026_1Q.xlsx,Company Detail,file:///Users/simon/Documents/Simon-OB/%E6%9C%AC%E4%BD%93%E8%AE%BA/base/%E5%8D%8A%E5%AF%BC%E4%BD%93/output/semiconductor_ontology.json
TSMC - Fab 21 Phase 4 (Arizona),,晶圆制造工厂,"TSMC 的 Fab 21 Phase 4 (Arizona)，位于 Phoenix, Arizona, 美国。",6563,晶圆厂,Announced,Phoenix,Arizona,美国,美洲,NA,303 Bob Stump Memorial Pkwy,www.tsmc.com,Foundry/MPU,Logic&Micro,,"GAA, Cu, Co",0.0016,12,25000,56250,,,,2030,2027,2030,2030,/Users/simon/Documents/Simon-OB/本体论/base/半导体/SEMI_WFF_2026_1Q.xlsx,Company Detail,file:///Users/simon/Documents/Simon-OB/%E6%9C%AC%E4%BD%93%E8%AE%BA/base/%E5%8D%8A%E5%AF%BC%E4%BD%93/output/semiconductor_ontology.json
TSMC - Fab 22 Phase 5,,晶圆制造工厂,"TSMC 的 Fab 22 Phase 5，位于 Kaohsiung, Southern Taiwan, 中国台湾。",6586,晶圆厂,Planned,Kaohsiung,Southern Taiwan,中国台湾,中国台湾,亚太,"1, Yuanqu N. Rd.",www.tsmc.com,Foundry/MPU,Logic&Micro,,"GAA, Forksheet",0.0016,12,25000,56250,,,,2028,2026,2028,2028,/Users/simon/Documents/Simon-OB/本体论/base/半导体/SEMI_WFF_2026_1Q.xlsx,Company Detail,file:///Users/simon/Documents/Simon-OB/%E6%9C%AC%E4%BD%93%E8%AE%BA/base/%E5%8D%8A%E5%AF%BC%E4%BD%93/output/semiconductor_ontology.json
TSMC - Fab 21 Phase 5 (Arizona),,晶圆制造工厂,"TSMC 的 Fab 21 Phase 5 (Arizona)，位于 Phoenix, Arizona, 美国。",6636,晶圆厂,Planned,Phoenix,Arizona,美国,美洲,NA,303 Bob Stump Memorial Pkwy,www.tsmc.com,Foundry/MPU,Logic&Micro,,"CMOS, GAA, Forksheet, Cu",0.0014,12,25000,56250,,,,2031,2028,2031,2031,/Users/simon/Documents/Simon-OB/本体论/base/半导体/SEMI_WFF_2026_1Q.xlsx,Company Detail,file:///Users/simon/Documents/Simon-OB/%E6%9C%AC%E4%BD%93%E8%AE%BA/base/%E5%8D%8A%E5%AF%BC%E4%BD%93/output/semiconductor_ontology.json
Tyntek Corporation - Kejung Plant (new Chunan fab),,晶圆制造工厂,"Tyntek Corporation 的 Kejung Plant (new Chunan fab)，位于 Chunan (Miaoli County), Western Taiwan, 中国台湾。",4998,晶圆厂,In production,Chunan (Miaoli County),Western Taiwan,中国台湾,中国台湾,亚太,"No.15, Kejung Rd.",https://www.tyntek.com.tw/en/index.php,光电器件/激光器及其他,Opto,"IR LED, Opto sensing devices",,0.5,6,60000,33750,,,,2020,2017,2019,2020,/Users/simon/Documents/Simon-OB/本体论/base/半导体/SEMI_WFF_2026_1Q.xlsx,Company Detail,https://www.tyntek.com.tw/en/index.php
Tyntek Corporation - Renai Plant,,晶圆制造工厂,"Tyntek Corporation 的 Renai Plant，位于 Chunan (Miaoli County), Western Taiwan, 中国台湾。",2996,晶圆厂,In production,Chunan (Miaoli County),Western Taiwan,中国台湾,中国台湾,亚太,1387 Ren-Ay Rd. Chunan (Jhunan),https://www.tyntek.com.tw/en/index.php,光电器件/激光器及其他,Opto,"AlGaInP LED, Infrared LED, Zener diode, Si chip, photo diodes, photo transistor, power transistor",Sapphire,1,5,60000,23437.5,,,284662,1999,2014,,,/Users/simon/Documents/Simon-OB/本体论/base/半导体/SEMI_WFF_2026_1Q.xlsx,Company Detail,https://www.tyntek.com.tw/en/index.php
UMC - Fab 12M B2 (was Fujitsu Mie Fab),,晶圆制造工厂,"UMC 的 Fab 12M B2 (was Fujitsu Mie Fab)，位于 Kuwana, Mie, 日本。",2262,晶圆厂,In production,Kuwana,Mie,日本,日本,日本,1500 Mizono,http://www.umc.com,Foundry/Logic,Logic&Micro,"Foundry service; logic LSI devices, System LSI, NRAM, ReRAM, CIS, IGBT","CMOS; Cu; low-K, Low power, IGBT",0.04,12,25000,56250,236808,,861120,2007,,,,/Users/simon/Documents/Simon-OB/本体论/base/半导体/SEMI_WFF_2026_1Q.xlsx,Company Detail,http://www.umc.com
UMC - Fab 6A GaN Line (Wavetek),,晶圆制造工厂,"UMC 的 Fab 6A GaN Line (Wavetek)，位于 Hsinchu, Northern Taiwan, 中国台湾。",6374,晶圆厂,In production,Hsinchu,Northern Taiwan,中国台湾,中国台湾,亚太,"No.10, Innovation Road 1, Science Based Industrial Park",http://www.umc.com,代工/功率,Discrete,GaN,GaN,0.35,6,5000,2812.5,,,,2021,2021,2021,2021,/Users/simon/Documents/Simon-OB/本体论/base/半导体/SEMI_WFF_2026_1Q.xlsx,Company Detail,http://www.umc.com
UMC - UMC new Japan 300mm Fab,,晶圆制造工厂,"UMC 的 UMC new Japan 300mm Fab，位于 Kuwana, Mie, 日本。",6436,晶圆厂,Planned,Kuwana,Mie,日本,日本,日本,"2000, Mizono, Tado-cho",http://www.umc.com,Foundry/Logic,Logic&Micro,"MCU,","CMOS,",0.022,12,40000,90000,,,,2030,2028,2030,2030,/Users/simon/Documents/Simon-OB/本体论/base/半导体/SEMI_WFF_2026_1Q.xlsx,Company Detail,http://www.umc.com
UMC - Fab 12i P3,,晶圆制造工厂,"UMC 的 Fab 12i P3，位于 新加坡, 新加坡, 新加坡。",6261,晶圆厂,In production,新加坡,新加坡,新加坡,SE Asia,亚太,"No. 3, Pasir Ris Drive 12,",http://www.umc.com,Foundry/Logic,Logic&Micro,"Foundry, Logic SOC",,0.022,12,30000,67500,,,,2026,2022,2025,2026,/Users/simon/Documents/Simon-OB/本体论/base/半导体/SEMI_WFF_2026_1Q.xlsx,Company Detail,http://www.umc.com
UMC - Fab 12A P6,,晶圆制造工厂,"UMC 的 Fab 12A P6，位于 Tainan, Southern Taiwan, 中国台湾。",6237,晶圆厂,In production,Tainan,Southern Taiwan,中国台湾,中国台湾,亚太,"No. 57, Nanke 3nd Rd., Xinshi Dist.,",http://www.umc.com,Foundry/Logic,Logic&Micro,Foundry,,0.022,12,35000,78750,,,,2023,2022,2023,2023,/Users/simon/Documents/Simon-OB/本体论/base/半导体/SEMI_WFF_2026_1Q.xlsx,Company Detail,http://www.umc.com
UMC - Fab 12X,,晶圆制造工厂,"UMC 的 Fab 12X，位于 Xiamen, Fujian, 中国。",3694,晶圆厂,In production,Xiamen,Fujian,中国,中国,亚太,"No. 56, Huoju Rd.",http://www.umc.com,Foundry/Logic,Logic&Micro,"Foundries, CIS, TDDI","CMOS, Cu",0.022,12,32000,72000,,,,2016,2015,2016,2016,/Users/simon/Documents/Simon-OB/本体论/base/半导体/SEMI_WFF_2026_1Q.xlsx,Company Detail,http://www.umc.com
UMC - Fab 12A P5,,晶圆制造工厂,"UMC 的 Fab 12A P5，位于 Tainan, Southern Taiwan, 中国台湾。",3479,晶圆厂,In production,Tainan,Southern Taiwan,中国台湾,中国台湾,亚太,"No. 57, Nanke 3nd Rd., Xinshi Dist.,",http://www.umc.com,Foundry/Logic,Logic&Micro,Foundry,"CMOS, Cu, Low-K, SoC, strained Si",0.022,12,30500,68625,570000,10,,2016,2012,2016,2016,/Users/simon/Documents/Simon-OB/本体论/base/半导体/SEMI_WFF_2026_1Q.xlsx,Company Detail,http://www.umc.com
UMC - Fab 8N (former HeJian),,晶圆制造工厂,"UMC 的 Fab 8N (former HeJian)，位于 Suzhou, Jiangsu, 中国。",1938,晶圆厂,In production-merged,Suzhou,Jiangsu,中国,中国,亚太,"No. 333, Xing Hua Street",http://www.umc.com,代工/模拟与混合信号与功率,Analog,"Niche DRAM products (NVM); Flash products; Logic (LCD driver IC, Xilinx's programmable-logic devices); mobile communication power management chips (PMC), RF front-end chips, medium and large size LCD screen driver chips, microcontrollers, audio chips, automotive electronics","CMOS, Cu, MCU, Logic/MS, RFCMOS, RFSOI, eHV, BCD, CIS, eFlash, eE2PROM, SRAM, NVM, MTP",0.11,8,81000,81000,64583,1,,2003,2001,2003,2003,/Users/simon/Documents/Simon-OB/本体论/base/半导体/SEMI_WFF_2026_1Q.xlsx,Company Detail,http://www.umc.com
UMC - Fab 12M B1 (was Fujitsu Mie Fab),,晶圆制造工厂,"UMC 的 Fab 12M B1 (was Fujitsu Mie Fab)，位于 Kuwana, Mie, 日本。",2057,晶圆厂,In production,Kuwana,Mie,日本,日本,日本,1500 Mizono,http://www.umc.com,Foundry/Logic,Logic&Micro,"Foundry service. Logic LSI devices, System LSI, CIS, IGBT","CMOS, Cu, IGBT",0.09,12,18000,40500,182988,,409032,2005,2004,2005,2005,/Users/simon/Documents/Simon-OB/本体论/base/半导体/SEMI_WFF_2026_1Q.xlsx,Company Detail,http://www.umc.com
UMC - Fab 8F,,晶圆制造工厂,"UMC 的 Fab 8F，位于 Hsinchu, Northern Taiwan, 中国台湾。",1623,晶圆厂,in production,Hsinchu,Northern Taiwan,中国台湾,中国台湾,亚太,"No.3, Li-Hsin Road 2 Science Based Industrial Park",http://www.umc.com,代工/模拟与混合信号与功率,Analog,"mobile communication power management chips (PMC), RF front-end chips, medium and large size LCD screen driver chips, microcontrollers, audio chips, automotive electronics","CMOS, Al, FSG, MCU, Logic/MS, RFCMOS, RFSOI, eHV, BCD, CIS, eFlash, eE2PROM, SRAM, NVM, MTP",0.09,8,48000,48000,,1,,2000,1997,1999,2000,/Users/simon/Documents/Simon-OB/本体论/base/半导体/SEMI_WFF_2026_1Q.xlsx,Company Detail,http://www.umc.com
UMC - Fab 8E,,晶圆制造工厂,"UMC 的 Fab 8E，位于 Hsinchu, Northern Taiwan, 中国台湾。",1251,晶圆厂,in production,Hsinchu,Northern Taiwan,中国台湾,中国台湾,亚太,"No.5 Creation Road II, Science Based Industrial Park",http://www.umc.com,代工/模拟与混合信号与功率,Analog,"mobile communication power management chips (PMC), RF front-end chips, medium and large size LCD screen driver chips, microcontrollers, audio chips, automotive electronics","CMOS, Al, FSG, MCU, Logic/MS, RFCMOS, RFSOI, eHV, BCD, CIS, eFlash, eE2PROM, SRAM, NVM, MTP",0.15,8,44000,44000,,1,,1998,1996,1997,1998,/Users/simon/Documents/Simon-OB/本体论/base/半导体/SEMI_WFF_2026_1Q.xlsx,Company Detail,http://www.umc.com
UMC - Fab 12A P1/P2,,晶圆制造工厂,"UMC 的 Fab 12A P1/P2，位于 Tainan, Southern Taiwan, 中国台湾。",1586,晶圆厂，研发,in production,Tainan,Southern Taiwan,中国台湾,中国台湾,亚太,"No.18, Nanke 2nd Rd., Xinshi Dist.,",http://www.umc.com,Foundry/Logic,Logic&Micro,"Foundry; Logic, Analog, Mixed-mode RF, BCD","CMOS, Cu, Al, FSG, low K, SoC",0.04,12,35000,78750,107639,100,2000000,2001,1999,2001,2001,/Users/simon/Documents/Simon-OB/本体论/base/半导体/SEMI_WFF_2026_1Q.xlsx,Company Detail,http://www.umc.com
UMC - Fab 8S,,晶圆制造工厂,"UMC 的 Fab 8S，位于 Hsinchu, Northern Taiwan, 中国台湾。",1710,晶圆厂,In production,Hsinchu,Northern Taiwan,中国台湾,中国台湾,亚太,"No. 16 R&D Road I, Science Based Industrial Park",http://www.umc.com,代工/模拟与混合信号与功率,Analog,"mobile communication power management chips (PMC), RF front-end chips, medium and large size LCD screen driver chips, microcontrollers, audio chips, automotive electronics","CMOS, Al, FSG, MCU, Logic/MS, RFCMOS, RFSOI, eHV, BCD, CIS, eFlash, eE2PROM, SRAM, NVM, MTP",0.11,8,37000,37000,,1,,2004,1999,2000,2000,/Users/simon/Documents/Simon-OB/本体论/base/半导体/SEMI_WFF_2026_1Q.xlsx,Company Detail,http://www.umc.com
UMC - Fab 8D,,晶圆制造工厂,"UMC 的 Fab 8D，位于 Hsinchu, Northern Taiwan, 中国台湾。",1296,晶圆厂,in production,Hsinchu,Northern Taiwan,中国台湾,中国台湾,亚太,"No. 8 Li-Hsin Rd.2, Science Based Industrial Park",http://www.umc.com,代工/模拟与混合信号与功率,Analog,"mobile communication power management chips (PMC), RF front-end chips, medium and large size LCD screen driver chips, microcontrollers, audio chips, automotive electronics","CMOS, Cu, FSG, low K, MCU, Logic/MS, RFCMOS, RFSOI, eHV, BCD, CIS, eFlash, eE2PROM, SRAM, NVM, MTP",0.09,8,39500,39500,85000,1,,2000,1998,1999,2000,/Users/simon/Documents/Simon-OB/本体论/base/半导体/SEMI_WFF_2026_1Q.xlsx,Company Detail,http://www.umc.com
UMC - Fab 8A,,晶圆制造工厂,"UMC 的 Fab 8A，位于 Hsinchu, Northern Taiwan, 中国台湾。",1155,晶圆厂,In production-merged,Hsinchu,Northern Taiwan,中国台湾,中国台湾,亚太,"No.3, Li-Hsin Road 2 Science Based Industrial Park",http://www.umc.com,代工/模拟与混合信号与功率,Analog,"mobile communication power management chips (PMC), RF front-end chips, medium and large size LCD screen driver chips, microcontrollers, audio chips, automotive electronics","CMOS, Al, MCU, Logic/MS, RFCMOS, RFSOI, eHV, BCD, CIS, eFlash, eE2PROM, SRAM, NVM, MTP",0.18,8,70000,70000,70000,1,904169,1995,1994,1995,1995,/Users/simon/Documents/Simon-OB/本体论/base/半导体/SEMI_WFF_2026_1Q.xlsx,Company Detail,http://www.umc.com
UMC - Fab 8C,,晶圆制造工厂,"UMC 的 Fab 8C，位于 Hsinchu, Northern Taiwan, 中国台湾。",1270,晶圆厂,in production,Hsinchu,Northern Taiwan,中国台湾,中国台湾,亚太,"No. 6, Li-Hsin Road 3, Science Based Industrial Park",http://www.umc.com,代工/模拟与混合信号与功率,Analog,"mobile communication power management chips (PMC), RF front-end chips, medium and large size LCD screen driver chips, microcontrollers, audio chips, automotive electronics","CMOS, Al, MCU, Logic/MS, RFCMOS, RFSOI, eHV, BCD, CIS, eFlash, eE2PROM, SRAM, NVM, MTP",0.11,8,40000,40000,85000,1,,1998,1996,1998,1998,/Users/simon/Documents/Simon-OB/本体论/base/半导体/SEMI_WFF_2026_1Q.xlsx,Company Detail,http://www.umc.com
UMC - Fab 12A P3/P4,,晶圆制造工厂,"UMC 的 Fab 12A P3/P4，位于 Tainan, Southern Taiwan, 中国台湾。",1587,晶圆厂,In production,Tainan,Southern Taiwan,中国台湾,中国台湾,亚太,"No.18, Nanke 2nd Rd., Xinshi Dist.,",http://www.umc.com,Foundry/Logic,Logic&Micro,"Foundry, BCD","CMOS, Cu",0.022,12,45000,101250,,1,,2010,2006,2010,2010,/Users/simon/Documents/Simon-OB/本体论/base/半导体/SEMI_WFF_2026_1Q.xlsx,Company Detail,http://www.umc.com
UMC - Fab 6A (Wavetek),,晶圆制造工厂,"UMC 的 Fab 6A (Wavetek)，位于 Hsinchu, Northern Taiwan, 中国台湾。",1152,晶圆厂,in production,Hsinchu,Northern Taiwan,中国台湾,中国台湾,亚太,"No.10, Innovation Road 1, Science Based Industrial Park",http://www.umc.com,代工/模拟与混合信号与功率,Analog,"GaN, GaAs MMICs (Monolithic Microwave Ics), GaAs pHEMT, RFIC (Radio-frequency Ics), InGaP HBT, IPD (Integrate Passive Devices)","GaN, CMOS, Al, FSG, Mosfet",0.35,6,26500,14906.25,47540,10,,1989,1987,1989,1989,/Users/simon/Documents/Simon-OB/本体论/base/半导体/SEMI_WFF_2026_1Q.xlsx,Company Detail,http://www.umc.com
UMC - Fab 12i,,晶圆制造工厂,"UMC 的 Fab 12i，位于 新加坡, 新加坡, 新加坡。",1841,晶圆厂,In production,新加坡,新加坡,新加坡,SE Asia,亚太,"3, Pasir Ris Drive 12,",http://www.umc.com,Foundry/Logic,Logic&Micro,"Foundry, Logic SOC","CMOS, Cu, FSG, Low-K, SoC",0.04,12,57000,128250,107640,100,,2004,2001,2003,2004,/Users/simon/Documents/Simon-OB/本体论/base/半导体/SEMI_WFF_2026_1Q.xlsx,Company Detail,http://www.umc.com
UniCompound Semiconductor Corporation - GaAs fab,,晶圆制造工厂,"UniCompound Semiconductor Corporation 的 GaAs fab，位于 Putian, Fujian, 中国。",5071,晶圆厂,In production,Putian,Fujian,中国,中国,亚太,"368, Hangang West Rd. Hanjiang",http://www.unicompound.com/,Discrete/Other,Discrete,"GaAs, HBT, pHEMT, InP, GaAs","GaAs, HBT, pHEMT",0.15,6,6000,3375,,,107640,2017,2016,2017,2017,/Users/simon/Documents/Simon-OB/本体论/base/半导体/SEMI_WFF_2026_1Q.xlsx,Company Detail,http://www.unicompound.com/
Unisonic Technologies - Jaysun Fab1,,晶圆制造工厂,"Unisonic Technologies 的 Jaysun Fab1，位于 Xiamen, Fujian, 中国。",3276,晶圆厂,In production,Xiamen,Fujian,中国,中国,亚太,"No. 899, Wan Jia Chun Road, Xiamen Torch Development Zone",https://en.unisonic.com.tw/,代工/功率,Discrete,"Consumer logic IC, Power IC, LCD Driver IC",,0.35,6,100000,56250,69965,,161459,2011,2009,2010,2011,/Users/simon/Documents/Simon-OB/本体论/base/半导体/SEMI_WFF_2026_1Q.xlsx,Company Detail,https://en.unisonic.com.tw/
Unisonic Technologies - Fushun Fab 2,,晶圆制造工厂,"Unisonic Technologies 的 Fushun Fab 2，位于 Fuzhou, Fujian, 中国。",3007,晶圆厂,In production,Fuzhou,Fujian,中国,中国,亚太,"260, Chenglou, Chengmen Town",https://en.unisonic.com.tw/,Discrete/Other,Discrete,"Regulators, Power Management IC, Radio IC, Motor IC",Bipolar,0.5,6,60000,33750,,,,2007,2005,2007,2007,/Users/simon/Documents/Simon-OB/本体论/base/半导体/SEMI_WFF_2026_1Q.xlsx,Company Detail,https://en.unisonic.com.tw/
Unisonic Technologies - Fushun Fab 1,,晶圆制造工厂,"Unisonic Technologies 的 Fushun Fab 1，位于 Fuzhou, Fujian, 中国。",3006,晶圆厂,In production,Fuzhou,Fujian,中国,中国,亚太,"260, Chenglou, Chengmen Town",https://en.unisonic.com.tw/,Discrete/Power,Discrete,"Regulators, Power Management IC, Radio IC, Motor IC",Bipolar,1,6,40000,22500,,,,1998,,,,/Users/simon/Documents/Simon-OB/本体论/base/半导体/SEMI_WFF_2026_1Q.xlsx,Company Detail,https://en.unisonic.com.tw/
Unisonic Technologies - Fushun Gaoxin Fab1,,晶圆制造工厂,"Unisonic Technologies 的 Fushun Gaoxin Fab1，位于 Fuzhou, Fujian, 中国。",6530,晶圆厂,In production,Fuzhou,Fujian,中国,中国,亚太,"No.1 Xinyuan Road, Minhou County, Fuzhou City",https://en.unisonic.com.tw/,代工/功率,Discrete,"Discrete power, Diode",,0.35,6,90000,50625,,,,2023,2022,2023,2023,/Users/simon/Documents/Simon-OB/本体论/base/半导体/SEMI_WFF_2026_1Q.xlsx,Company Detail,https://en.unisonic.com.tw/
United Monolithic Semiconductors (UMS) - UMS,,晶圆制造工厂,"United Monolithic Semiconductors (UMS) 的 UMS，位于 Ulm, ‎Baden-Württemberg, 德国。",8,晶圆厂，研发,in production,Ulm,‎Baden-Württemberg,德国,Europe & Mideast,欧洲,Wilhelm-Runge-Strasse 11,http://www.ums-gaas.com,Analog&Mixed Signal&Power,Analog,"Automotive radars, sensors, Foundry, MOSFET, Power PHEMT MMIC and HBT","GaAs, GaInP, GaN, HBT, SiC",0.15,4,4000,1000,15069,10,,1996,1994,1996,1996,/Users/simon/Documents/Simon-OB/本体论/base/半导体/SEMI_WFF_2026_1Q.xlsx,Company Detail,http://www.ums-gaas.com
"United Nova Technology (UNT, was SMEC, was SMIC Shaoxing) - Fab 1 (UNT Phase 1)",,晶圆制造工厂,"United Nova Technology (UNT, was SMEC, was SMIC Shaoxing) 的 Fab 1 (UNT Phase 1)，位于 Shaoxing, Zhejiang, 中国。",5001,晶圆厂,In production,Shaoxing,Zhejiang,中国,中国,亚太,"518, Lin Jiang Rd, Yue Cheng Area",www.unt-c.com/,代工/功率,Discrete,"Specialty technologies: power devices (MOSFET, IGBT) and MEMS (microphone)",MEMS & Power,0.35,8,100000,100000,,,1489587,2020,2018,2020,2020,/Users/simon/Documents/Simon-OB/本体论/base/半导体/SEMI_WFF_2026_1Q.xlsx,Company Detail,file:///Users/simon/Documents/Simon-OB/%E6%9C%AC%E4%BD%93%E8%AE%BA/base/%E5%8D%8A%E5%AF%BC%E4%BD%93/output/semiconductor_ontology.json
"United Nova Technology (UNT, was SMEC, was SMIC Shaoxing) - Fab 2 300mm MP Line (UNT Phase 3)",,晶圆制造工厂,"United Nova Technology (UNT, was SMEC, was SMIC Shaoxing) 的 Fab 2 300mm MP Line (UNT Phase 3)，位于 Shaoxing, Zhejiang, 中国。",6505,晶圆厂,In production,Shaoxing,Zhejiang,中国,中国,亚太,"No. 518, Linjiang Road, Yuecheng District",www.unt-c.com/,代工/模拟与混合信号与功率,Analog,Mixed-signal IC,,0.09,12,90000,202500,,,,2024,2023,2024,2024,/Users/simon/Documents/Simon-OB/本体论/base/半导体/SEMI_WFF_2026_1Q.xlsx,Company Detail,file:///Users/simon/Documents/Simon-OB/%E6%9C%AC%E4%BD%93%E8%AE%BA/base/%E5%8D%8A%E5%AF%BC%E4%BD%93/output/semiconductor_ontology.json
"United Nova Technology (UNT, was SMEC, was SMIC Shaoxing) - Fab 2 300mm Pilot Line (UNT Phase 2)",,晶圆制造工厂,"United Nova Technology (UNT, was SMEC, was SMIC Shaoxing) 的 Fab 2 300mm Pilot Line (UNT Phase 2)，位于 Shaoxing, Zhejiang, 中国。",6472,晶圆厂，中试线，研发,In production,Shaoxing,Zhejiang,中国,中国,亚太,"No 329, Yinqiao Rd, Yuecheng District, Shaoxing,Zhejiang",www.unt-c.com/,代工/功率,Discrete,,,0.09,12,10000,22500,,,,2023,,2023,2023,/Users/simon/Documents/Simon-OB/本体论/base/半导体/SEMI_WFF_2026_1Q.xlsx,Company Detail,file:///Users/simon/Documents/Simon-OB/%E6%9C%AC%E4%BD%93%E8%AE%BA/base/%E5%8D%8A%E5%AF%BC%E4%BD%93/output/semiconductor_ontology.json
"United Nova Technology (UNT, was SMEC, was SMIC Shaoxing) - Fab 2 200mm Line (UNT Phase 2)",,晶圆制造工厂,"United Nova Technology (UNT, was SMEC, was SMIC Shaoxing) 的 Fab 2 200mm Line (UNT Phase 2)，位于 Shaoxing, Zhejiang, 中国。",6423,晶圆厂,In production,Shaoxing,Zhejiang,中国,中国,亚太,"518, Lin Jiang Rd, Yue Cheng Area",www.unt-c.com/,代工/功率,Discrete,"MEMS and Power Discrete, MOSFET",MEMS & Power,0.35,8,70000,70000,,,,2023,2022,2023,2023,/Users/simon/Documents/Simon-OB/本体论/base/半导体/SEMI_WFF_2026_1Q.xlsx,Company Detail,file:///Users/simon/Documents/Simon-OB/%E6%9C%AC%E4%BD%93%E8%AE%BA/base/%E5%8D%8A%E5%AF%BC%E4%BD%93/output/semiconductor_ontology.json
"United Nova Technology (UNT, was SMEC, was SMIC Shaoxing) - Fab 2 150mm Compound Line",,晶圆制造工厂,"United Nova Technology (UNT, was SMEC, was SMIC Shaoxing) 的 Fab 2 150mm Compound Line，位于 Shaoxing, Zhejiang, 中国。",6177,晶圆厂,In production,Shaoxing,Zhejiang,中国,中国,亚太,"518, Lin Jiang Rd, Yue Cheng Area",www.unt-c.com/,代工/功率,Discrete,"SiC MOSFET, Power MOSFET",SiC,0.35,6,20000,11250,,,,2023,2022,2023,2023,/Users/simon/Documents/Simon-OB/本体论/base/半导体/SEMI_WFF_2026_1Q.xlsx,Company Detail,file:///Users/simon/Documents/Simon-OB/%E6%9C%AC%E4%BD%93%E8%AE%BA/base/%E5%8D%8A%E5%AF%BC%E4%BD%93/output/semiconductor_ontology.json
Universal Semiconductor Inc (USI) - N/A,,晶圆制造工厂,"Universal Semiconductor Inc (USI) 的 N/A，位于 San Jose, California, 美国。",1159,晶圆厂,in production,San Jose,California,美国,美洲,NA,1925 Zanker Rd.,www.universalsemiconductor.com,Foundry/IDM/Analog&Mixed Signal&Power,Analog,"Foundry Service (MEMS, Films); High Voltage ASIC; Mixed Signal and Custom IC; Bipolar Arrays",CMOS; MOS; BiPolar; MEMS,1.5,4,10000,2500,30000,10,,1978,1976,1978,1978,/Users/simon/Documents/Simon-OB/本体论/base/半导体/SEMI_WFF_2026_1Q.xlsx,Company Detail,file:///Users/simon/Documents/Simon-OB/%E6%9C%AC%E4%BD%93%E8%AE%BA/base/%E5%8D%8A%E5%AF%BC%E4%BD%93/output/semiconductor_ontology.json
University - NPK Technological Center - NPK Technological Center,,晶圆制造工厂,"University - NPK Technological Center 的 NPK Technological Center，位于 Zelenograd, Moscow, 俄罗斯。",598,晶圆厂，研发,in production,Zelenograd,Moscow,俄罗斯,Europe & Mideast,欧洲,"Shokina Square , house.1, bld. 7 off. 7237",http://www.tcen.ru/,Discrete/Other,Discrete,"Censors, Gate Arrays",N/A,0.5,6,3000,1687.5,,10,,1991,1989,1991,1991,/Users/simon/Documents/Simon-OB/本体论/base/半导体/SEMI_WFF_2026_1Q.xlsx,Company Detail,http://www.tcen.ru/
University of Central Florida - Fab 54,,晶圆制造工厂,"University of Central Florida 的 Fab 54，位于 Palm Bay, Florida, 美国。",240,晶圆厂，研发,in production,Palm Bay,Florida,美国,美洲,NA,2401 Palm Bay Road,http://news.ucf.edu.,Analog&Mixed Signal&Power,Analog,"Analog/Mixed Signal, Power Mgmt","CMOS, BiCMOS, Bipolar,BCD",2,4,12000,3000,12000,100,,1978,1976,1978,1978,/Users/simon/Documents/Simon-OB/本体论/base/半导体/SEMI_WFF_2026_1Q.xlsx,Company Detail,http://news.ucf.edu.
UTC Aerospace Systems - Goodrich Aerospace,,晶圆制造工厂,"UTC Aerospace Systems 的 Goodrich Aerospace，位于 Burnsville, Minnesota, 美国。",2285,晶圆厂，研发,In production,Burnsville,Minnesota,美国,美洲,NA,14300 Judicial Rd,http://utcaerospacesystems.com/,MEMS,MEMS,"MEMS for aerospace, MEMS Pressure and Inertial Sensors",MEMS,1,4,1000,250,10000,200,,1998,1997,1998,1998,/Users/simon/Documents/Simon-OB/本体论/base/半导体/SEMI_WFF_2026_1Q.xlsx,Company Detail,http://utcaerospacesystems.com/
Vanguard International Semiconductor (VIS) - Fab 3 (was Sumpro),,晶圆制造工厂,"Vanguard International Semiconductor (VIS) 的 Fab 3 (was Sumpro)，位于 Taoyuan, Northern Taiwan, 中国台湾。",653,晶圆厂,In production,Taoyuan,Northern Taiwan,中国台湾,中国台湾,亚太,"168, Zhangrong Rd, Luchu",http://www.vis.com.tw,代工/模拟与混合信号与功率,Analog,"Foundry, MEMS & Sensors, Driver IC, Power management IC, Specialty DRAM, Discrete products","CMOS, MEMS, Sensors",0.11,8,65000,65000,135600,1,387500,1996,,,,/Users/simon/Documents/Simon-OB/本体论/base/半导体/SEMI_WFF_2026_1Q.xlsx,Company Detail,http://www.vis.com.tw
Vanguard International Semiconductor (VIS) - Fab VS1 (was GF Fab 3E),,晶圆制造工厂,"Vanguard International Semiconductor (VIS) 的 Fab VS1 (was GF Fab 3E)，位于 新加坡, 新加坡, 新加坡。",1377,晶圆厂,In production,新加坡,新加坡,新加坡,SE Asia,亚太,1 Tampines Industrial Avenue 5,http://www.vis.com.tw,代工/MEMS,MEMS,"MEMS and Sensors, Hi voltage, display controllers, and MCU","CMOS, MEMS, Sensor",0.11,8,40000,40000,129167,1,,1998,,,,/Users/simon/Documents/Simon-OB/本体论/base/半导体/SEMI_WFF_2026_1Q.xlsx,Company Detail,http://www.vis.com.tw
Vanguard International Semiconductor (VIS) - VSMC (VIS & NXP JV),,晶圆制造工厂,"Vanguard International Semiconductor (VIS) 的 VSMC (VIS & NXP JV)，位于 新加坡, 新加坡, 新加坡。",1731,晶圆厂,Equipping,新加坡,新加坡,新加坡,SE Asia,亚太,1 Tampines Industrial Ave 5,http://www.vis.com.tw,代工/模拟与混合信号与功率,Analog,"Foundry, Analog, Power (BCD)","CMOS, Analog, Power (BCD)",0.04,12,55000,123750,,,,2026,2024,2026,2026,/Users/simon/Documents/Simon-OB/本体论/base/半导体/SEMI_WFF_2026_1Q.xlsx,Company Detail,http://www.vis.com.tw
Vanguard International Semiconductor (VIS) - Fab 1,,晶圆制造工厂,"Vanguard International Semiconductor (VIS) 的 Fab 1，位于 Hsinchu, Northern Taiwan, 中国台湾。",1185,晶圆厂，研发,In production-merged,Hsinchu,Northern Taiwan,中国台湾,中国台湾,亚太,"No.123, Park Ave. III, Sbip",http://www.vis.com.tw,代工/功率,Discrete,"Logic Foundry; LCD driver IC, Power Management IC","CMOS, Cu",0.13,8,90000,90000,,1,,1994,1993,1994,1994,/Users/simon/Documents/Simon-OB/本体论/base/半导体/SEMI_WFF_2026_1Q.xlsx,Company Detail,http://www.vis.com.tw
Vanguard International Semiconductor (VIS) - Fab 2,,晶圆制造工厂,"Vanguard International Semiconductor (VIS) 的 Fab 2，位于 Hsinchu, Northern Taiwan, 中国台湾。",1504,晶圆厂,in production,Hsinchu,Northern Taiwan,中国台湾,中国台湾,亚太,"No. 9, Li-Shin Rd.,",http://www.vis.com.tw,代工/功率,Discrete,"Logic Foundry; LCD driver IC; Power management IC, CMOS image sensors (CIS)","CMOS, Cu",0.11,8,84500,84500,,1,,1998,1996,1997,1998,/Users/simon/Documents/Simon-OB/本体论/base/半导体/SEMI_WFF_2026_1Q.xlsx,Company Detail,http://www.vis.com.tw
Vanguard International Semiconductor (VIS) - Fab 5,,晶圆制造工厂,"Vanguard International Semiconductor (VIS) 的 Fab 5，位于 Hsinchu, Northern Taiwan, 中国台湾。",6224,晶圆厂,In production,Hsinchu,Northern Taiwan,中国台湾,中国台湾,亚太,"1, Li Hsin Rd 2, East District",http://www.vis.com.tw,代工/模拟与混合信号与功率,Analog,"Logic Foundry; LCD driver IC; Power management IC, CMOS image sensors (CIS)","CMOS, Cu",0.11,8,40000,40000,,,521000,2023,2021,2022,2023,/Users/simon/Documents/Simon-OB/本体论/base/半导体/SEMI_WFF_2026_1Q.xlsx,Company Detail,http://www.vis.com.tw
Vanguard International Semiconductor (VIS) - Fab 2 SiC Line,,晶圆制造工厂,"Vanguard International Semiconductor (VIS) 的 Fab 2 SiC Line，位于 Hsinchu, Northern Taiwan, 中国台湾。",6614,晶圆厂，研发,1st silicon,Hsinchu,Northern Taiwan,中国台湾,中国台湾,亚太,"No. 9, Li-Shin Rd.,",http://www.vis.com.tw,代工/功率,Discrete,,SiC,0.35,8,3000,3000,,,,2026,,2025,2026,/Users/simon/Documents/Simon-OB/本体论/base/半导体/SEMI_WFF_2026_1Q.xlsx,Company Detail,http://www.vis.com.tw
Vedanta - Dholera Wafer Fab,,晶圆制造工厂,"Vedanta 的 Dholera Wafer Fab，位于 Dholera, Gujarat, 印度。",6453,晶圆厂,Announced,Dholera,Gujarat,印度,SE Asia,亚太,Dholera Industrial City,,Foundry/Logic,Logic&Micro,"logic chips, microprocessors (MPU), and controllers (MCU)",CMOS,0.028,12,40000,90000,,,,2029,2026,2029,2029,/Users/simon/Documents/Simon-OB/本体论/base/半导体/SEMI_WFF_2026_1Q.xlsx,Company Detail,file:///Users/simon/Documents/Simon-OB/%E6%9C%AC%E4%BD%93%E8%AE%BA/base/%E5%8D%8A%E5%AF%BC%E4%BD%93/SEMI_WFF_2026_1Q.xlsx
"Vishay Intertechnology - 300mm MOSFET Fab (phase 1,2 ,3)",,晶圆制造工厂,"Vishay Intertechnology 的 300mm MOSFET Fab (phase 1,2 ,3)，位于 Itzehoe, Schleswig-Holstein, 德国。",6287,晶圆厂,1st silicon,Itzehoe,Schleswig-Holstein,德国,Europe & Mideast,欧洲,Fraunhoferstr. 1,http://www.vishay.com,Discrete/Power,Discrete,"MOSFET for automotive applications, IC s (Integrated Circuits)","Power, MOSFET, Ics",0.35,12,24000,54000,43056,,,2026,2023,2026,2026,/Users/simon/Documents/Simon-OB/本体论/base/半导体/SEMI_WFF_2026_1Q.xlsx,Company Detail,http://www.vishay.com
"Vishay Intertechnology - Newport (was Nexperia, Wingtech, was Nexperia, was Newport Wafer Fab, was Infineon, was IRF)",,晶圆制造工厂,"Vishay Intertechnology 的 Newport (was Nexperia, Wingtech, was Nexperia, was Newport Wafer Fab, was Infineon, was IRF)，位于 Newport, Gwent, Wales。",1380,晶圆厂,In production-for sale,Newport,Gwent,Wales,Europe & Mideast,欧洲,"Cardiff Road, Duffryn",http://www.vishay.com,Discrete/Power,Discrete,"MOSFET, SiC, GaN, Opto, Thin Film Resistors, SiC EPI","MOSFET, SiC, GaN, Opto, Thin Film Resistors, EPI",0.35,8,60000,60000,39224,1000,212000,1998,,,,/Users/simon/Documents/Simon-OB/本体论/base/半导体/SEMI_WFF_2026_1Q.xlsx,Company Detail,http://www.vishay.com
Vishay Intertechnology - US Fab 3 (Vishay),,晶圆制造工厂,"Vishay Intertechnology 的 US Fab 3 (Vishay)，位于 Santa Clara, California, 美国。",988,晶圆厂,in production,Santa Clara,California,美国,美洲,NA,2201 Laurelwood Rd,http://www.vishay.com,Discrete/Power,Discrete,"Power Discretes Smart Power, integrated circuits IC s","CMOS, MOSFET",0.35,6,24500,13781.25,25000,1,,1986,1984,1986,1986,/Users/simon/Documents/Simon-OB/本体论/base/半导体/SEMI_WFF_2026_1Q.xlsx,Company Detail,http://www.vishay.com
Vishay Intertechnology - US Fab 2 (Vishay),,晶圆制造工厂,"Vishay Intertechnology 的 US Fab 2 (Vishay)，位于 Santa Clara, California, 美国。",989,晶圆厂,in production,Santa Clara,California,美国,美洲,NA,2201 Laurelwood Rd,http://www.vishay.com,Discrete/Power,Discrete,"Power MOSFET,  diodes, optoelectronic components, power and analog switching integrated circuits  IC s.","TrenchFET, MOSFET",0.35,4,8000,2000,13000,1,,1972,1970,1972,1972,/Users/simon/Documents/Simon-OB/本体论/base/半导体/SEMI_WFF_2026_1Q.xlsx,Company Detail,http://www.vishay.com
Vishay Intertechnology - Austria (Vishay),,晶圆制造工厂,"Vishay Intertechnology 的 Austria (Vishay)，位于 Vöcklabruck, Oberösterreich, 奥地利。",1523,晶圆厂,in production,Vöcklabruck,Oberösterreich,奥地利,Europe & Mideast,欧洲,Telefunken Strasse 5,http://www.vishay.com,Discrete/Power,Discrete,"Resistors/Inductors, Diodes, MOSFET, Capacitors and Infrared Opto","Bipolar, MOSFET",2,4,25000,6250,,,,1984,1982,1983,1984,/Users/simon/Documents/Simon-OB/本体论/base/半导体/SEMI_WFF_2026_1Q.xlsx,Company Detail,http://www.vishay.com
Vishay Intertechnology - Italy Fab 8 (Vishay),,晶圆制造工厂,"Vishay Intertechnology 的 Italy Fab 8 (Vishay)，位于 Torino, Turin, 意大利。",417,晶圆厂,in production,Torino,Turin,意大利,Europe & Mideast,欧洲,"Via Privata Liguria 49, Borgaro",http://www.vishay.com,Discrete/Power,Discrete,Power Jans Schottky Diodes FRED Rectifiers,"CMOS, BiPolar, MOSFET",2,5,15000,5859.375,13000,1000,135000,1961,1959,1961,1961,/Users/simon/Documents/Simon-OB/本体论/base/半导体/SEMI_WFF_2026_1Q.xlsx,Company Detail,http://www.vishay.com
Vishay Intertechnology - Taiwan (Vishay),,晶圆制造工厂,"Vishay Intertechnology 的 Taiwan (Vishay)，位于 Hsintien, Northern Taiwan, 中国台湾。",220,晶圆厂，研发,in production,Hsintien,Northern Taiwan,中国台湾,中国台湾,亚太,No. 233 Pao Chiao Road,http://www.vishay.com,Discrete/Power,Discrete,"Diodes, Schottky, Rectifiers, TSV",Bipolar,2,3,12000,1687.5,,1000,350000,1967,1965,1967,1967,/Users/simon/Documents/Simon-OB/本体论/base/半导体/SEMI_WFF_2026_1Q.xlsx,Company Detail,http://www.vishay.com
Vishay Intertechnology - Israel (Vishay),,晶圆制造工厂,"Vishay Intertechnology 的 Israel (Vishay)，位于 Yokneam Illit, Northern District, 以色列。",2180,晶圆厂，研发,In production,Yokneam Illit,Northern District,以色列,Europe & Mideast,欧洲,HaCarmel St. and HaKidma St.,http://www.vishay.com,光电器件/激光器及其他,Opto,"Diodes (Infra-red Emitter, Lasers, GaAs-based); optical detectors; EPI; wafer processing & design; Foundry services","InP, GaAs, EPI",2,3,400,56.25,11000,100,,2000,1999,2000,2000,/Users/simon/Documents/Simon-OB/本体论/base/半导体/SEMI_WFF_2026_1Q.xlsx,Company Detail,http://www.vishay.com
VZPP Mikron (former Electronica) - N/A,,晶圆制造工厂,"VZPP Mikron (former Electronica) 的 N/A，位于 Voronezh, Voronezh Oblast, 俄罗斯。",1323,晶圆厂,in production,Voronezh,Voronezh Oblast,俄罗斯,Europe & Mideast,欧洲,"119A Leninsky Prospect (Ленинский пр-т., 119 а)",http://www.Electronica.ru,Discrete/Power,Discrete,DSP MCU IC Power MOSFET Microwave Trans,CMOS BiCMOS,1.2,6,40000,22500,,,,1963,1961,1963,1963,/Users/simon/Documents/Simon-OB/本体论/base/半导体/SEMI_WFF_2026_1Q.xlsx,Company Detail,http://www.Electronica.ru
WeEn Semiconductors - Jilin 5-inch fab (was NXP),,晶圆制造工厂,"WeEn Semiconductors 的 Jilin 5-inch fab (was NXP)，位于 Jilin, Jilin, 中国。",1992,晶圆厂,In production,Jilin,Jilin,中国,中国,亚太,"No. 99, Shenzhen Street",http://www.ween-semi.com/,Discrete/Power,Discrete,"Silicon Controlled Rectifier, IGBT, Power, Bipolar (EPI, Diode, Deflection Transistor, Damper Diode, TRIAC and Thyristor)","CMOS, BiCMOS, BCD, BiPolar",3,5,45000,17578.125,,,,2004,2003,2004,2004,/Users/simon/Documents/Simon-OB/本体论/base/半导体/SEMI_WFF_2026_1Q.xlsx,Company Detail,http://www.ween-semi.com/
Western Digital - Fremont,,晶圆制造工厂,"Western Digital 的 Fremont，位于 Fremont, California, 美国。",3411,晶圆厂，中试线，研发,In production,Fremont,California,美国,美洲,NA,44100 Osgood Road,www.wdc.com,MEMS,MEMS,MEMS: magnetic heads using 248nm DUV for litho,"MEMS, AlTiC as substrate material",0.03,8,30000,30000,135000,100,345246,1994,2007,2008,2008,/Users/simon/Documents/Simon-OB/本体论/base/半导体/SEMI_WFF_2026_1Q.xlsx,Company Detail,file:///Users/simon/Documents/Simon-OB/%E6%9C%AC%E4%BD%93%E8%AE%BA/base/%E5%8D%8A%E5%AF%BC%E4%BD%93/output/semiconductor_ontology.json
Western Digital - San Jose,,晶圆制造工厂,"Western Digital 的 San Jose，位于 San Jose, California, 美国。",4940,晶圆厂，中试线，研发,In production,San Jose,California,美国,美洲,NA,5601 Great Oaks Parkway,www.wdc.com,MEMS,MEMS,MEMS: magnetic heads using 248nm DUV for litho,"MEMS, AlTiC as substrate material",0.03,6,20000,11250,60000,100,150000,1966,2011,2012,2012,/Users/simon/Documents/Simon-OB/本体论/base/半导体/SEMI_WFF_2026_1Q.xlsx,Company Detail,file:///Users/simon/Documents/Simon-OB/%E6%9C%AC%E4%BD%93%E8%AE%BA/base/%E5%8D%8A%E5%AF%BC%E4%BD%93/output/semiconductor_ontology.json
Win Semiconductor Corp. - Fab C,,晶圆制造工厂,"Win Semiconductor Corp. 的 Fab C，位于 Taoyuan, Northern Taiwan, 中国台湾。",3791,晶圆厂,In production,Taoyuan,Northern Taiwan,中国台湾,中国台湾,亚太,"No. 69, Keji 7th Rd., Guishan Dist.,",http://www.winfoundry.com,Foundry/Opto,Opto,"HBT, HEMT, GaN HEMT, Foundry, RF devices, VCSEL (vertical-cavity surface-emitting laser)","HBT, HEMT, GaAs, GaN",0.1,6,26000,14625,,,782826,2016,2014,2016,2016,/Users/simon/Documents/Simon-OB/本体论/base/半导体/SEMI_WFF_2026_1Q.xlsx,Company Detail,http://www.winfoundry.com
Win Semiconductor Corp. - Fab B,,晶圆制造工厂,"Win Semiconductor Corp. 的 Fab B，位于 Taoyuan, Northern Taiwan, 中国台湾。",3189,晶圆厂,In production,Taoyuan,Northern Taiwan,中国台湾,中国台湾,亚太,"No.358, Huaya 2nd Rd.,",http://www.winfoundry.com,Foundry/Opto,Opto,"GaAs HBT, MMIC, GaN HEMT, RF devices, VCSEL (vertical-cavity surface-emitting laser)","GaAs, GaN, HBT, pHEMT",0.1,6,14000,7875,,,286667,2009,2007,2008,2009,/Users/simon/Documents/Simon-OB/本体论/base/半导体/SEMI_WFF_2026_1Q.xlsx,Company Detail,http://www.winfoundry.com
Win Semiconductor Corp. - Fab A,,晶圆制造工厂,"Win Semiconductor Corp. 的 Fab A，位于 Taoyuan, Northern Taiwan, 中国台湾。",1819,晶圆厂,in production,Taoyuan,Northern Taiwan,中国台湾,中国台湾,亚太,"No. 69 Technology 7th Road, Hwaya Park",http://www.winfoundry.com,Foundry/Opto,Opto,"Foundry; HBT, pHEMTs, mHEMTs, RF devices, VCSEL (vertical-cavity surface-emitting laser)","GaAs, InGaP, pHEMT, HBT, GaN",0.1,6,10000,5625,20000,1000,113388,2000,1999,2000,2000,/Users/simon/Documents/Simon-OB/本体论/base/半导体/SEMI_WFF_2026_1Q.xlsx,Company Detail,http://www.winfoundry.com
Winbond Electronic Corporation - Fab 6 (Module 1),,晶圆制造工厂,"Winbond Electronic Corporation 的 Fab 6 (Module 1)，位于 Taichung, Central Taiwan, 中国台湾。",1577,晶圆厂,In production,Taichung,Central Taiwan,中国台湾,中国台湾,亚太,"No. 8, Keya 1st Rd.,Daya Dist.,",http://www.winbond.com,Memory/Flash,Memory,"Mobile RAM (PSRAM, LPSDRAM), Specialty DRAM, Commodity DRAM, NOR Flash, Graphics DDR (GDDR), SLC NAND Flash",CMOS,0.032,12,25000,56250,107639,10,,2006,2004,2005,2006,/Users/simon/Documents/Simon-OB/本体论/base/半导体/SEMI_WFF_2026_1Q.xlsx,Company Detail,http://www.winbond.com
Winbond Electronic Corporation - Fab 6 (Module 2),,晶圆制造工厂,"Winbond Electronic Corporation 的 Fab 6 (Module 2)，位于 Taichung, Central Taiwan, 中国台湾。",2085,晶圆厂,In production,Taichung,Central Taiwan,中国台湾,中国台湾,亚太,"No. 8, Keya 1st Rd.,Daya Dist.,",http://www.winbond.com,Memory/Flash,Memory,"Mobile RAM (PSRAM, LPSDRAM), Specialty DRAM, Commodity DRAM, NOR Flash, Graphics DDR (GDDR), NAND Flash",CMOS,0.032,12,24000,54000,107639,10,,2008,2004,2008,2008,/Users/simon/Documents/Simon-OB/本体论/base/半导体/SEMI_WFF_2026_1Q.xlsx,Company Detail,http://www.winbond.com
Winbond Electronic Corporation - Fab C,,晶圆制造工厂,"Winbond Electronic Corporation 的 Fab C，位于 Taichung, Central Taiwan, 中国台湾。",3819,晶圆厂,In production,Taichung,Central Taiwan,中国台湾,中国台湾,亚太,"No. 8, Keya 1st Rd.",http://www.winbond.com,存储器/DRAM,Memory,"DRAM (primarly), NOR Flash, NAND Flash",,0.02,12,14000,31500,,,449850,2017,2015,2017,2017,/Users/simon/Documents/Simon-OB/本体论/base/半导体/SEMI_WFF_2026_1Q.xlsx,Company Detail,http://www.winbond.com
Winbond Electronic Corporation - Lujhu fab (Phase 1),,晶圆制造工厂,"Winbond Electronic Corporation 的 Lujhu fab (Phase 1)，位于 Kaohsiung, Southern Taiwan, 中国台湾。",4950,晶圆厂,In production,Kaohsiung,Southern Taiwan,中国台湾,中国台湾,亚太,"No. 35, Luke 5th Rd., Kaohsiung Science Park, Luzhu Dist.",http://www.winbond.com,存储器/DRAM,Memory,DRAM (DDR4 DRAM),"CMOS, DRAM",0.016,12,25000,56250,172000,,,2022,2018,2022,2022,/Users/simon/Documents/Simon-OB/本体论/base/半导体/SEMI_WFF_2026_1Q.xlsx,Company Detail,http://www.winbond.com
Winbond Electronic Corporation - Lujhu fab (Phase 2),,晶圆制造工厂,"Winbond Electronic Corporation 的 Lujhu fab (Phase 2)，位于 Kaohsiung, Southern Taiwan, 中国台湾。",5056,晶圆厂,Planned,Kaohsiung,Southern Taiwan,中国台湾,中国台湾,亚太,"No. 35, Luke 5th Rd., Kaohsiung Science Park, Luzhu Dist.",http://www.winbond.com,存储器/DRAM,Memory,DRAM,"CMOS, DRAM",0.016,12,25000,56250,,,,2029,2026,2028,2029,/Users/simon/Documents/Simon-OB/本体论/base/半导体/SEMI_WFF_2026_1Q.xlsx,Company Detail,http://www.winbond.com
Winbond Electronic Corporation - Lujhu fab (Phase 3),,晶圆制造工厂,"Winbond Electronic Corporation 的 Lujhu fab (Phase 3)，位于 Kaohsiung, Southern Taiwan, 中国台湾。",5057,晶圆厂,Planned,Kaohsiung,Southern Taiwan,中国台湾,中国台湾,亚太,"No. 35, Luke 5th Rd., Kaohsiung Science Park, Luzhu Dist.",http://www.winbond.com,存储器/DRAM,Memory,DRAM,"CMOS, DRAM",0.014,12,25000,56250,,,,2032,2029,2031,2032,/Users/simon/Documents/Simon-OB/本体论/base/半导体/SEMI_WFF_2026_1Q.xlsx,Company Detail,http://www.winbond.com
Wingtech - Shanghai fab,,晶圆制造工厂,"Wingtech 的 Shanghai fab，位于 Shanghai, Shanghai, 中国。",6166,晶圆厂,Constructing,Shanghai,Shanghai,中国,中国,亚太,Shanghai Lingang Special Area,,Foundry/IDM/Analog&Mixed Signal&Power,Analog,"High performance mixed signal, RF, Analog, Power Management, MOSFET",,0.25,12,100000,225000,,,,2022,2021,2022,2022,/Users/simon/Documents/Simon-OB/本体论/base/半导体/SEMI_WFF_2026_1Q.xlsx,Company Detail,file:///Users/simon/Documents/Simon-OB/%E6%9C%AC%E4%BD%93%E8%AE%BA/base/%E5%8D%8A%E5%AF%BC%E4%BD%93/SEMI_WFF_2026_1Q.xlsx
Wisol - Osan fab,,晶圆制造工厂,"Wisol 的 Osan fab，位于 Osan, Gyeonggi, 韩国。",3852,晶圆厂,In production,Osan,Gyeonggi,韩国,韩国,亚太,373-7 Gajang-dong,http://www.wisol.co.kr/,MEMS/RF,MEMS,"MEMS SAW filter, Duplexer, RF module",,0.5,6,30000,16875,,100,72100,2010,2009,2010,2011,/Users/simon/Documents/Simon-OB/本体论/base/半导体/SEMI_WFF_2026_1Q.xlsx,Company Detail,http://www.wisol.co.kr/
Wolfspeed - Huizhou fab,,晶圆制造工厂,"Wolfspeed 的 Huizhou fab，位于 Huizhou, Guangdong, 中国。",3192,晶圆厂,In production,Huizhou,Guangdong,中国,中国,亚太,"No.21 Shijiangbei yunshan East Rd.,",https://www.wolfspeed.com/,光电器件/LED,Opto,HB-LED,Sapphire,2,6,25000,14062.5,,,565000,2010,,,,/Users/simon/Documents/Simon-OB/本体论/base/半导体/SEMI_WFF_2026_1Q.xlsx,Company Detail,https://www.wolfspeed.com/
"Wolfspeed - MVF Fab (was Mohawk Valley Fab, was SiC Fab or Utica Fab)",,晶圆制造工厂,"Wolfspeed 的 MVF Fab (was Mohawk Valley Fab, was SiC Fab or Utica Fab)，位于 Utica, New York, 美国。",6130,晶圆厂，中试线，研发,In production,Utica,New York,美国,美洲,NA,5757 Marcy-SUNY Pkwy,https://www.wolfspeed.com/,Discrete/Power,Discrete,"MFT and Schottky, SiC for automotive, power and radio frequency semiconductors for electric vehicles and 5G networks","SiC, MFT, Schottky",0.25,8,65000,65000,150000,100,674000,2022,2020,2022,2022,/Users/simon/Documents/Simon-OB/本体论/base/半导体/SEMI_WFF_2026_1Q.xlsx,Company Detail,https://www.wolfspeed.com/
Wolfspeed - North Fab (Building 21),,晶圆制造工厂,"Wolfspeed 的 North Fab (Building 21)，位于 Durham, North Carolina, 美国。",5102,晶圆厂,On hold,Durham,North Carolina,美国,美洲,NA,4600 Silicon Drive,https://www.wolfspeed.com/,Discrete/Power,Discrete,power and RF wafer fabrication using SiC for Wolfspeed silicon carbide business,"SiC, GaN",0.25,8,,,,,253000,,2014,,,/Users/simon/Documents/Simon-OB/本体论/base/半导体/SEMI_WFF_2026_1Q.xlsx,Company Detail,https://www.wolfspeed.com/
Wolfspeed - Device Manufacturing,,晶圆制造工厂,"Wolfspeed 的 Device Manufacturing，位于 Durham, North Carolina, 美国。",2012,晶圆厂,Closed,Durham,North Carolina,美国,美洲,NA,4600 Silicon Drive,https://www.wolfspeed.com/,Discrete/Power,Discrete,"MFT, Power, RF transistors, SiC Schottky diodes, SiC MOSFET, GaN-on-SiC transistors;  RF foundry","GaAs, GaN-on-SiC, SiC, MFT, Schottky",0.25,6,35000,19687.5,53281,10,502000,1998,,,,/Users/simon/Documents/Simon-OB/本体论/base/半导体/SEMI_WFF_2026_1Q.xlsx,Company Detail,https://www.wolfspeed.com/
Wuhan Chuxing Technology - Fab 2,,晶圆制造工厂,"Wuhan Chuxing Technology 的 Fab 2，位于 Wuhan, Hubei, 中国。",6511,晶圆厂,On hold,Wuhan,Hubei,中国,中国,亚太,"No. 7, Wang'an Avenue",https://www.cxtwh.com/site/aboutUsIntroduction,Foundry/Opto,Opto,,,0.028,12,50000,112500,,,26693,2029,2023,2028,2029,/Users/simon/Documents/Simon-OB/本体论/base/半导体/SEMI_WFF_2026_1Q.xlsx,Company Detail,https://www.cxtwh.com/site/aboutUsIntroduction
Wuhan Chuxing Technology - Fab 1,,晶圆制造工厂,"Wuhan Chuxing Technology 的 Fab 1，位于 Wuhan, Hubei, 中国。",5044,晶圆厂,In production,Wuhan,Hubei,中国,中国,亚太,"No. 7, Wang'an Avenue",https://www.cxtwh.com/site/aboutUsIntroduction,Foundry/Opto,Opto,Foundry,,0.04,12,50000,112500,,,,2024,2018,2023,2024,/Users/simon/Documents/Simon-OB/本体论/base/半导体/SEMI_WFF_2026_1Q.xlsx,Company Detail,https://www.cxtwh.com/site/aboutUsIntroduction
Xaar - Huntingdon fab,,晶圆制造工厂,"Xaar 的 Huntingdon fab，位于 Huntingdon, Cambridgeshire, England。",3861,晶圆厂,In production,Huntingdon,Cambridgeshire,England,Europe & Mideast,欧洲,"1 Hurricane Close,",http://www.xaar.com/,MEMS,MEMS,MEMS: Piezoelectric Inkjet printhead,MEMS,1,4,10000,2500,,,53820,2006,2005,2006,2006,/Users/simon/Documents/Simon-OB/本体论/base/半导体/SEMI_WFF_2026_1Q.xlsx,Company Detail,http://www.xaar.com/
X-FAB Silicon Foundries - Lubbock (includes SiC line),,晶圆制造工厂,"X-FAB Silicon Foundries 的 Lubbock (includes SiC line)，位于 Lubbock, Texas, 美国。",1075,晶圆厂,in production,Lubbock,Texas,美国,美洲,NA,2301 North University Ave.,www.xfab.com,Foundry/Analog&Mixed Signal,Analog,"SiC foundry, RF-SOI, Analog/Mixed Signal: modular CMOS mixed signal (high voltage, CMOS, BiCMOS, EEPROM, low voltage),","CMOS; BiCMOS; Bipolar, SiC, SOI, HV",0.6,6,27000,15187.5,53000,10,723000,1977,,,,/Users/simon/Documents/Simon-OB/本体论/base/半导体/SEMI_WFF_2026_1Q.xlsx,Company Detail,file:///Users/simon/Documents/Simon-OB/%E6%9C%AC%E4%BD%93%E8%AE%BA/base/%E5%8D%8A%E5%AF%BC%E4%BD%93/output/semiconductor_ontology.json
X-FAB Silicon Foundries - Dresden 200mm (includes GaN),,晶圆制造工厂,"X-FAB Silicon Foundries 的 Dresden 200mm (includes GaN)，位于 Dresden, Saxony, 德国。",6555,晶圆厂，中试线，研发,In production,Dresden,Saxony,德国,Europe & Mideast,欧洲,Grenz-Strasse 28,www.xfab.com,代工/模拟与混合信号与功率,Analog,"ultra-high-voltage CMOS, analog/mixed signal CMOS, customer specific. GaN-on-Si (since about 2023)","CMOS, BiCMOS, BiPolar, GaN-on-Si (since 2023), HV",0.35,8,10000,10000,17222,1,139930,2010,2009,2012,2013,/Users/simon/Documents/Simon-OB/本体论/base/半导体/SEMI_WFF_2026_1Q.xlsx,Company Detail,file:///Users/simon/Documents/Simon-OB/%E6%9C%AC%E4%BD%93%E8%AE%BA/base/%E5%8D%8A%E5%AF%BC%E4%BD%93/output/semiconductor_ontology.json
X-FAB Silicon Foundries - Erfurt MEMS 8-inch (Fab 2),,晶圆制造工厂,"X-FAB Silicon Foundries 的 Erfurt MEMS 8-inch (Fab 2)，位于 Erfurt, Thüringen, 德国。",3568,晶圆厂,In production,Erfurt,Thüringen,德国,Europe & Mideast,欧洲,Haarbergstrasse 67,www.xfab.com,代工/MEMS,MEMS,pure MEMS: special MEMS,MEMS (pure),1,8,6000,6000,13993,10,,2011,2010,2011,2011,/Users/simon/Documents/Simon-OB/本体论/base/半导体/SEMI_WFF_2026_1Q.xlsx,Company Detail,file:///Users/simon/Documents/Simon-OB/%E6%9C%AC%E4%BD%93%E8%AE%BA/base/%E5%8D%8A%E5%AF%BC%E4%BD%93/output/semiconductor_ontology.json
X-FAB Silicon Foundries - Corbeil-Essonnes (was Altis Building 3-2),,晶圆制造工厂,"X-FAB Silicon Foundries 的 Corbeil-Essonnes (was Altis Building 3-2)，位于 Corbeil-Essonnes, Île-de-France, 法国。",1343,晶圆厂,In production,Corbeil-Essonnes,Île-de-France,法国,Europe & Mideast,欧洲,"224 Blvd John Kennedy,Po Box 58 F-91102",www.xfab.com,代工/模拟与混合信号与功率,Analog,Specialized foundry company: analog/mixed-signal CMOS process; RF-SOI processes,"CMOS, RF-SOI, RFCMOS, BiCMOS, SOI, LP/HP Power Mgt, Core Logic, Mixed Signal, RF, MRAM, RF-low power",0.11,8,36000,36000,258336,1,,1985,,,,/Users/simon/Documents/Simon-OB/本体论/base/半导体/SEMI_WFF_2026_1Q.xlsx,Company Detail,file:///Users/simon/Documents/Simon-OB/%E6%9C%AC%E4%BD%93%E8%AE%BA/base/%E5%8D%8A%E5%AF%BC%E4%BD%93/output/semiconductor_ontology.json
"X-FAB Silicon Foundries - Kuching, Sarawak (was 1st Silicon)",,晶圆制造工厂,"X-FAB Silicon Foundries 的 Kuching, Sarawak (was 1st Silicon)，位于 Kuching, Sarawak, 马来西亚。",1347,晶圆厂,In production,Kuching,Sarawak,马来西亚,SE Asia,亚太,"1, Silicon Drive,",www.xfab.com,Foundry/Analog&Mixed Signal,Analog,"CMOS logic, mixed signal down to 130nm, embedded Flash, CMOS image sensors (CIS) and CCD, Flash (NAND) down to 130nm CMOS mixed-signal processes (analog, high voltage, EEPROM, EPROM, RF and linear); special micromechanical sensor processes (MEMS); special smart power options and special SOI process options","CMOS; HV-SOI, BiCMOS; BiPolar",0.11,8,45000,45000,148000,10,600000,2001,1998,2000,2001,/Users/simon/Documents/Simon-OB/本体论/base/半导体/SEMI_WFF_2026_1Q.xlsx,Company Detail,file:///Users/simon/Documents/Simon-OB/%E6%9C%AC%E4%BD%93%E8%AE%BA/base/%E5%8D%8A%E5%AF%BC%E4%BD%93/output/semiconductor_ontology.json
X-FAB Silicon Foundries - Erfurt MEMS 6-inch (Fab 2) (was Thesys),,晶圆制造工厂,"X-FAB Silicon Foundries 的 Erfurt MEMS 6-inch (Fab 2) (was Thesys)，位于 Erfurt, Thüringen, 德国。",1082,晶圆厂,In production,Erfurt,Thüringen,德国,Europe & Mideast,欧洲,Haarbergstrasse 67,www.xfab.com,代工/MEMS,MEMS,"Foundry, MEMS, HV, non-volatile, high resistive poly, LV, special smart power options and special SOI process options","CMOS, MEMS BiCMOS, DiMOS, SOI",0.6,6,2000,1125,10000,1,,1992,1990,1992,1992,/Users/simon/Documents/Simon-OB/本体论/base/半导体/SEMI_WFF_2026_1Q.xlsx,Company Detail,file:///Users/simon/Documents/Simon-OB/%E6%9C%AC%E4%BD%93%E8%AE%BA/base/%E5%8D%8A%E5%AF%BC%E4%BD%93/output/semiconductor_ontology.json
X-FAB Silicon Foundries - Erfurt CMOS 6-inch (Fab 1),,晶圆制造工厂,"X-FAB Silicon Foundries 的 Erfurt CMOS 6-inch (Fab 1)，位于 Erfurt, Thüringen, 德国。",1718,晶圆厂,in production,Erfurt,Thüringen,德国,Europe & Mideast,欧洲,Haarbergstrasse 67,www.xfab.com,Foundry/Analog&Mixed Signal,Analog,"Analog/Mixed Signal: CMOS and BiCMOS on 150mm: analog/mixed-signal (HV, EEPROM, EPROM, RF and linear); Flash,  BCD, SOI","CMOS, BiCMOS, BCD, SOI",0.6,6,16000,9000,15000,1,12000,1986,1984,1986,1986,/Users/simon/Documents/Simon-OB/本体论/base/半导体/SEMI_WFF_2026_1Q.xlsx,Company Detail,file:///Users/simon/Documents/Simon-OB/%E6%9C%AC%E4%BD%93%E8%AE%BA/base/%E5%8D%8A%E5%AF%BC%E4%BD%93/output/semiconductor_ontology.json
X-FAB Silicon Foundries - Erfurt MEMS (Fab4Micro),,晶圆制造工厂,"X-FAB Silicon Foundries 的 Erfurt MEMS (Fab4Micro)，位于 Erfurt, Thüringen, 德国。",6692,晶圆厂,Planned,Erfurt,Thüringen,德国,Europe & Mideast,欧洲,Haarbergstrasse 67,www.xfab.com,代工/MEMS,MEMS,"Open Foundry facility for X-Fab's MEMS expertise with advanced packaging and integration processes, targeting applications in automotive, AI and medical electronics",MEMS,1,8,25000,25000,,,,2029,2026,2029,2029,/Users/simon/Documents/Simon-OB/本体论/base/半导体/SEMI_WFF_2026_1Q.xlsx,Company Detail,file:///Users/simon/Documents/Simon-OB/%E6%9C%AC%E4%BD%93%E8%AE%BA/base/%E5%8D%8A%E5%AF%BC%E4%BD%93/output/semiconductor_ontology.json
"Xian Weiguang Science & Technology Co., Ltd - Factory 877",,晶圆制造工厂,"Xian Weiguang Science & Technology Co., Ltd 的 Factory 877，位于 Xian, Shaanxi, 中国。",1697,晶圆厂,in production,Xian,Shaanxi,中国,中国,亚太,"61, Dianzi 2nd Rd.",http://www.sxdzjt.com.cn/,Discrete/Power,Discrete,"Millitary Rectifier, Power Transistor, MOSFET, IGBT",Bipolar,2,4,5000,1250,,1,,1989,1988,1989,1989,/Users/simon/Documents/Simon-OB/本体论/base/半导体/SEMI_WFF_2026_1Q.xlsx,Company Detail,http://www.sxdzjt.com.cn/
"Xian Weiguang Science & Technology Co., Ltd - 6"" line",,晶圆制造工厂,"Xian Weiguang Science & Technology Co., Ltd 的 6"" line，位于 Xian, Shaanxi, 中国。",3567,晶圆厂,In production,Xian,Shaanxi,中国,中国,亚太,"61, Dianzi 2nd Rd.",http://www.sxdzjt.com.cn/,Discrete/Power,Discrete,"Rectifiers, MOS, IGBT, VDMOS",,0.35,6,30000,16875,,,,2015,2013,2015,2015,/Users/simon/Documents/Simon-OB/本体论/base/半导体/SEMI_WFF_2026_1Q.xlsx,Company Detail,http://www.sxdzjt.com.cn/
Xiver - MiPlaza,,晶圆制造工厂,"Xiver 的 MiPlaza，位于 Eindhoven, North Brabant, 荷兰。",2327,晶圆厂，中试线，研发,In production,Eindhoven,North Brabant,荷兰,Europe & Mideast,欧洲,High Tech Campus 34,,代工/MEMS,MEMS,"MEMS (like sensors, actuators, medical MEMS), RF passives and interconnects, Organ-on-a-chip, Microfluids, Micro sieves","MEMS; III-V, Ag to Zn, Polymers (Parylene), alloys, Si, GaN-on-Si, glass, (Silicon)",0.35,8,1400,1400,28500,100,107600,2004,2003,2004,2004,/Users/simon/Documents/Simon-OB/本体论/base/半导体/SEMI_WFF_2026_1Q.xlsx,Company Detail,file:///Users/simon/Documents/Simon-OB/%E6%9C%AC%E4%BD%93%E8%AE%BA/base/%E5%8D%8A%E5%AF%BC%E4%BD%93/SEMI_WFF_2026_1Q.xlsx
"Xiyue Electronics Technology Co., Ltd. (XETC) - Fab 1",,晶圆制造工厂,"Xiyue Electronics Technology Co., Ltd. (XETC) 的 Fab 1，位于 Xian, Shaanxi, 中国。",2258,晶圆厂,In production,Xian,Shaanxi,中国,中国,亚太,No.26 XinXi Avenue,www.xiyuee.com,代工/模拟与混合信号与功率,Analog,,"CMOS, BiCMOS, BCD",0.35,6,15000,8437.5,25833,100,,2007,2005,2007,2007,/Users/simon/Documents/Simon-OB/本体论/base/半导体/SEMI_WFF_2026_1Q.xlsx,Company Detail,file:///Users/simon/Documents/Simon-OB/%E6%9C%AC%E4%BD%93%E8%AE%BA/base/%E5%8D%8A%E5%AF%BC%E4%BD%93/output/semiconductor_ontology.json
XMC - Fab 12a,,晶圆制造工厂,"XMC 的 Fab 12a，位于 Wuhan, Hubei, 中国。",2314,晶圆厂,In production,Wuhan,Hubei,中国,中国,亚太,"18, Gaoxin 4th Rd., Jiangxia",http://www.xmcwh.com/,Foundry/Memory,Memory,"Foundry: non-standard memory chips, MirrorBit NOR Flash, RF, Mixed signal, CIS image sensors, 3D NAND","CMOS, BiCMOS, BiPolar; Cu, low-K, Mirrorbit",0.04,12,32000,72000,121633,,1208873,2008,2006,2008,2008,/Users/simon/Documents/Simon-OB/本体论/base/半导体/SEMI_WFF_2026_1Q.xlsx,Company Detail,http://www.xmcwh.com/
XMC - Fab 12b,,晶圆制造工厂,"XMC 的 Fab 12b，位于 Wuhan, Hubei, 中国。",5019,晶圆厂,In production,Wuhan,Hubei,中国,中国,亚太,"18, Gaoxin 4th Rd,",http://www.xmcwh.com/,Foundry/Memory,Memory,"NOR Flash, MCU, 3D IC, Foundry",,0.04,12,32000,72000,,,53800,2019,2018,2019,2019,/Users/simon/Documents/Simon-OB/本体论/base/半导体/SEMI_WFF_2026_1Q.xlsx,Company Detail,http://www.xmcwh.com/
XMC - Fab 12C,,晶圆制造工厂,"XMC 的 Fab 12C，位于 Wuhan, Hubei, 中国。",6547,晶圆厂,Planned,Wuhan,Hubei,中国,中国,亚太,"18, Gaoxin 4th Rd,",http://www.xmcwh.com/,Foundry/Memory,Memory,,,0.04,12,30000,67500,,,,2028,2026,2028,2028,/Users/simon/Documents/Simon-OB/本体论/base/半导体/SEMI_WFF_2026_1Q.xlsx,Company Detail,http://www.xmcwh.com/
"Yangzhou Genesis Microelectronics Co., Ltd - 6"" line",,晶圆制造工厂,"Yangzhou Genesis Microelectronics Co., Ltd 的 6"" line，位于 Yangzhou, Jiangsu, 中国。",5066,晶圆厂,In production,Yangzhou,Jiangsu,中国,中国,亚太,No.29 Hongda Rd.,http://www.jingxin-yz.com/,Discrete/Power,Discrete,"Power, High-frequency And Small-signal Transistor Chips, Switching Diode Chips, Schottky Chips, Thyristor,Rectifier, Scr ,Power Darlingtons, High-voltage Switching Transistors",,0.5,6,30000,16875,,,,2018,2016,2018,2018,/Users/simon/Documents/Simon-OB/本体论/base/半导体/SEMI_WFF_2026_1Q.xlsx,Company Detail,http://www.jingxin-yz.com/
"Yangzhou Genesis Microelectronics Co., Ltd - 5"" line",,晶圆制造工厂,"Yangzhou Genesis Microelectronics Co., Ltd 的 5"" line，位于 Yangzhou, Jiangsu, 中国。",3160,晶圆厂,In production,Yangzhou,Jiangsu,中国,中国,亚太,No.29 Hongda Rd.,http://www.jingxin-yz.com/,Discrete/Power,Discrete,"Power, High-frequency And Small-signal Transistor Chips, Switching Diode Chips, Schottky Chips, Thyristor,Rectifier, Scr ,Power Darlingtons, High-voltage Switching Transistors",,1,5,30000,11718.75,26910,,,2003,2002,2003,2003,/Users/simon/Documents/Simon-OB/本体论/base/半导体/SEMI_WFF_2026_1Q.xlsx,Company Detail,http://www.jingxin-yz.com/
"Yangzhou Genesis Microelectronics Co., Ltd - 4"" line",,晶圆制造工厂,"Yangzhou Genesis Microelectronics Co., Ltd 的 4"" line，位于 Yangzhou, Jiangsu, 中国。",1215,晶圆厂,in production,Yangzhou,Jiangsu,中国,中国,亚太,"No.269,Taiping Road",http://www.jingxin-yz.com/,Discrete/Power,Discrete,"Power.  High-frequency And Small-signal Transistor Chips, Switching Diode Chips, Schottky Chips, Thyristor,Rectifier,Scr,Power Darlingtons, High-voltage Switching Transistors, Zener Diodes",CMOS,3,4,25000,6250,10764,,,1999,1998,1999,1999,/Users/simon/Documents/Simon-OB/本体论/base/半导体/SEMI_WFF_2026_1Q.xlsx,Company Detail,http://www.jingxin-yz.com/
"Yangzhou Genesis Semiconductor Fabricate Co. Ltd - 4"" line",,晶圆制造工厂,"Yangzhou Genesis Semiconductor Fabricate Co. Ltd 的 4"" line，位于 Yangzhou, Jiangsu, 中国。",3161,晶圆厂,In production,Yangzhou,Jiangsu,中国,中国,亚太,"No.29 Hongda Rd.,",http://www.yzzxb.com/,Discrete/Power,Discrete,Silicon Controlled Recitifier,,2,4,12000,3000,,,,2005,2004,2005,2005,/Users/simon/Documents/Simon-OB/本体论/base/半导体/SEMI_WFF_2026_1Q.xlsx,Company Detail,http://www.yzzxb.com/
"Yangzhou Genesis Semiconductor Fabricate Co. Ltd - 6"" line",,晶圆制造工厂,"Yangzhou Genesis Semiconductor Fabricate Co. Ltd 的 6"" line，位于 Yangzhou, Jiangsu, 中国。",3162,晶圆厂,In production,Yangzhou,Jiangsu,中国,中国,亚太,"No.29, Hongda Rd.",http://www.yzzxb.com/,Discrete/Power,Discrete,Silicon Controlled Recitifier,,1,6,10000,5625,,,,2005,2004,2005,2005,/Users/simon/Documents/Simon-OB/本体论/base/半导体/SEMI_WFF_2026_1Q.xlsx,Company Detail,http://www.yzzxb.com/
"Yangzhou Yangjie Electronic Technology - 6"" line",,晶圆制造工厂,"Yangzhou Yangjie Electronic Technology 的 6"" line，位于 Yangzhou, Jiangsu, 中国。",3929,晶圆厂,In production,Yangzhou,Jiangsu,中国,中国,亚太,"No. 6, West Heye Road, Hanjiang District",www.21yangjie.com,Discrete/Power,Discrete,"Foundry Service, Discrete semiconductors, GPP, Rectifier diode, Schottky diode, TVS","CMOS, SiC",0.35,6,40000,22500,,,,2016,2015,2016,2016,/Users/simon/Documents/Simon-OB/本体论/base/半导体/SEMI_WFF_2026_1Q.xlsx,Company Detail,file:///Users/simon/Documents/Simon-OB/%E6%9C%AC%E4%BD%93%E8%AE%BA/base/%E5%8D%8A%E5%AF%BC%E4%BD%93/output/semiconductor_ontology.json
"Yangzhou Yangjie Electronic Technology - 5"" lines",,晶圆制造工厂,"Yangzhou Yangjie Electronic Technology 的 5"" lines，位于 Yangzhou, Jiangsu, 中国。",3928,晶圆厂,In production,Yangzhou,Jiangsu,中国,中国,亚太,"26, Innovation Park Middle Rd.",www.21yangjie.com,Discrete/Power,Discrete,"Foundry service, Discrete semiconductors, GPP, Rectifier diode,  Schottky diode, TVS","CMOS, SiC, glass",0.5,5,150000,58593.75,,,,2009,,,,/Users/simon/Documents/Simon-OB/本体论/base/半导体/SEMI_WFF_2026_1Q.xlsx,Company Detail,file:///Users/simon/Documents/Simon-OB/%E6%9C%AC%E4%BD%93%E8%AE%BA/base/%E5%8D%8A%E5%AF%BC%E4%BD%93/output/semiconductor_ontology.json
Yangzhou Yangjie Electronic Technology - Runau Line,,晶圆制造工厂,"Yangzhou Yangjie Electronic Technology 的 Runau Line，位于 Yangzhou, Jiangsu, 中国。",6571,晶圆厂,In production,Yangzhou,Jiangsu,中国,中国,亚太,"Building 3, No 20 Venture Road, Development Zone, Guangling District, Yangzhou City",www.21yangjie.com,Discrete/Power,Discrete,,,0.5,6,5000,2812.5,2000,,,2012,2011,2012,2012,/Users/simon/Documents/Simon-OB/本体论/base/半导体/SEMI_WFF_2026_1Q.xlsx,Company Detail,file:///Users/simon/Documents/Simon-OB/%E6%9C%AC%E4%BD%93%E8%AE%BA/base/%E5%8D%8A%E5%AF%BC%E4%BD%93/output/semiconductor_ontology.json
Yangzhou Yangjie Electronic Technology - Jiechuwei,,晶圆制造工厂,"Yangzhou Yangjie Electronic Technology 的 Jiechuwei，位于 Changsha, Hunan, 中国。",6572,晶圆厂,In production,Changsha,Hunan,中国,中国,亚太,"No. 60 Qingshan West Road, Changsha High tech Development Zone",www.21yangjie.com,Discrete/Power,Discrete,,,0.13,8,30000,30000,,,,2021,2020,2021,2021,/Users/simon/Documents/Simon-OB/本体论/base/半导体/SEMI_WFF_2026_1Q.xlsx,Company Detail,file:///Users/simon/Documents/Simon-OB/%E6%9C%AC%E4%BD%93%E8%AE%BA/base/%E5%8D%8A%E5%AF%BC%E4%BD%93/output/semiconductor_ontology.json
Yangzhou Yangjie Electronic Technology - Jiechuwei 6inch SiC line,,晶圆制造工厂,"Yangzhou Yangjie Electronic Technology 的 Jiechuwei 6inch SiC line，位于 Changsha, Hunan, 中国。",6573,晶圆厂,In production,Changsha,Hunan,中国,中国,亚太,"No. 60 Qingshan West Road, Changsha High tech Development Zone",www.21yangjie.com,Discrete/Power,Discrete,,SiC,0.35,6,5000,2812.5,,,,2024,2023,2024,2024,/Users/simon/Documents/Simon-OB/本体论/base/半导体/SEMI_WFF_2026_1Q.xlsx,Company Detail,file:///Users/simon/Documents/Simon-OB/%E6%9C%AC%E4%BD%93%E8%AE%BA/base/%E5%8D%8A%E5%AF%BC%E4%BD%93/output/semiconductor_ontology.json
Yea Shin Technology - Taoyuan fab,,晶圆制造工厂,"Yea Shin Technology 的 Taoyuan fab，位于 Taoyuan, Northern Taiwan, 中国台湾。",6175,晶圆厂,In production,Taoyuan,Northern Taiwan,中国台湾,中国台湾,亚太,"51, Neixi Rd., Luzhu District",http://www.yeashin.com/,Discrete/Other,Discrete,"Rectifiers, Schottky, Bridge Rectifier, TVS, ESD/TVS Array, Transistors, MOSFETs and Automotive Rectifiers",,1,4,25000,6250,,,,2002,2001,2002,2002,/Users/simon/Documents/Simon-OB/本体论/base/半导体/SEMI_WFF_2026_1Q.xlsx,Company Detail,http://www.yeashin.com/
YES PowerTechnix (YEST) - Research/Manufacturing Center 4-inch line,,晶圆制造工厂,"YES PowerTechnix (YEST) 的 Research/Manufacturing Center 4-inch line，位于 Pohang, Gyeongsangbuk, 韩国。",6199,晶圆厂，研发,In production,Pohang,Gyeongsangbuk,韩国,韩国,亚太,"3rd floor of 77 Nano Convergence Technology Institute, Cheongamno Road, Nam-gu",http://www.ypt.co.kr/en/,Discrete/Power,Discrete,"SiC Power Semiconductor (SiC Diode, SiC MOSFET)","SiC (SiC Diodes, SiC MOSFET)",0.4,4,1500,375,,10,,2018,2017,2018,2018,/Users/simon/Documents/Simon-OB/本体论/base/半导体/SEMI_WFF_2026_1Q.xlsx,Company Detail,http://www.ypt.co.kr/en/
"YMTC (Yangtze Memory Technology Co., Ltd.) - Fab C",,晶圆制造工厂,"YMTC (Yangtze Memory Technology Co., Ltd.) 的 Fab C，位于 Wuhan, Hebei, 中国。",6637,晶圆厂,Constructing,Wuhan,Hebei,中国,中国,亚太,"No. 88, Weilai 3rd Road",http://www.ymtc.com/,存储器/闪存-3D NAND,Memory,3D NAND,3D NAND,0.02,12,100000,225000,,,,2027,2024,2026,2027,/Users/simon/Documents/Simon-OB/本体论/base/半导体/SEMI_WFF_2026_1Q.xlsx,Company Detail,http://www.ymtc.com/
"YMTC (Yangtze Memory Technology Co., Ltd.) - Fab A",,晶圆制造工厂,"YMTC (Yangtze Memory Technology Co., Ltd.) 的 Fab A，位于 Wuhan, Hubei, 中国。",3707,晶圆厂,In production,Wuhan,Hubei,中国,中国,亚太,No. 88 Weilai 3rd Road,http://www.ymtc.com/,存储器/闪存-3D NAND,Memory,3D NAND,,0.02,12,100000,225000,538000,,,2018,2017,2018,2018,/Users/simon/Documents/Simon-OB/本体论/base/半导体/SEMI_WFF_2026_1Q.xlsx,Company Detail,http://www.ymtc.com/
"YMTC (Yangtze Memory Technology Co., Ltd.) - Fab B (Phase 1 & 2)",,晶圆制造工厂,"YMTC (Yangtze Memory Technology Co., Ltd.) 的 Fab B (Phase 1 & 2)，位于 Wuhan, Hebei, 中国。",5099,晶圆厂,In production,Wuhan,Hebei,中国,中国,亚太,"No. 88, Weilai 3rd Road",http://www.ymtc.com/,存储器/闪存-3D NAND,Memory,3D NAND,3D NAND,0.02,12,100000,225000,,,,2022,2020,2022,2022,/Users/simon/Documents/Simon-OB/本体论/base/半导体/SEMI_WFF_2026_1Q.xlsx,Company Detail,http://www.ymtc.com/
Yokogawa Electric - YMF Komagane plant,,晶圆制造工厂,"Yokogawa Electric 的 YMF Komagane plant，位于 Kamiina, Nagano, 日本。",1217,晶圆厂,in production,Kamiina,Nagano,日本,日本,日本,"2061, Miyata-Mura",http://www.yokogawa.com/,MEMS,MEMS,MEMS: various sensors,"Bipolar, MEMS",0.35,5,2000,781.25,32295,1000,,1980,,,,/Users/simon/Documents/Simon-OB/本体论/base/半导体/SEMI_WFF_2026_1Q.xlsx,Company Detail,http://www.yokogawa.com/
Zensemi - Zensemi Fab1,,晶圆制造工厂,"Zensemi 的 Zensemi Fab1，位于 Guanzhou, Guandong, 中国。",6492,晶圆厂，中试线,In production,Guanzhou,Guandong,中国,中国,亚太,"333, Chuangyou Rd, Zengcheng District,",https://www.zsemi.com/,代工/MEMS,MEMS,,,0.13,12,60000,135000,172223,,,2024,2022,2024,2024,/Users/simon/Documents/Simon-OB/本体论/base/半导体/SEMI_WFF_2026_1Q.xlsx,Company Detail,https://www.zsemi.com/
Zhejiang Starshine Semiconductor - Fab 1,,晶圆制造工厂,"Zhejiang Starshine Semiconductor 的 Fab 1，位于 Wenzhou, Zhejiang, 中国。",6592,晶圆厂，中试线，研发,In production,Wenzhou,Zhejiang,中国,中国,亚太,"Floor 5, Building 1, Phase I,  Innovation and Entrepreneurship Xintiandi",https://www.starshine-semi.com/home,MEMS/RF,MEMS,"BAW, 5G RFFE",,0.5,6,10000,5625,,,,2025,2023,2024,2025,/Users/simon/Documents/Simon-OB/本体论/base/半导体/SEMI_WFF_2026_1Q.xlsx,Company Detail,https://www.starshine-semi.com/home
Zhejiang Wangrong Semiconductor - Fab 1,,晶圆制造工厂,"Zhejiang Wangrong Semiconductor 的 Fab 1，位于 Lishui, Zhejiang, 中国。",6538,晶圆厂,In production,Lishui,Zhejiang,中国,中国,亚太,"No. 347 Huimin Street, Nanmingshan Street, Liandu District, Lishui City, Zhejiang Province",https://www.wrg-elec.com/,Discrete/Power,Discrete,"MOSFET, IGBT","MOSFET, IGBT",0.18,8,20000,20000,,,,2024,2022,2023,2024,/Users/simon/Documents/Simon-OB/本体论/base/半导体/SEMI_WFF_2026_1Q.xlsx,Company Detail,https://www.wrg-elec.com/
Zhuhai Hauxin Microeletronics - HXM Fab1,,晶圆制造工厂,"Zhuhai Hauxin Microeletronics 的 HXM Fab1，位于 Zhuhai, Guangdong, 中国。",6597,晶圆厂，中试线,In production,Zhuhai,Guangdong,中国,中国,亚太,North of Xingzhong Road and West of Xinwan Sixth Road in Beiwei District,https://gree.cn/,光电器件/激光器及其他,Opto,"Monolithic Microwave Integrated Circuit (MMIC), VCSEL",GaAs,0.25,6,15000,8437.5,,,,2025,2023,2024,2025,/Users/simon/Documents/Simon-OB/本体论/base/半导体/SEMI_WFF_2026_1Q.xlsx,Company Detail,https://gree.cn/
Zhuzhou CRRC Times Electric - Yixing new 200mm fab,,晶圆制造工厂,"Zhuzhou CRRC Times Electric 的 Yixing new 200mm fab，位于 Wuxi, Jiangsu, 中国。",6611,晶圆厂,In production,Wuxi,Jiangsu,中国,中国,亚太,"Sidong Village, Qiting Street",http://www.timeselectric.cn/,Discrete/Power,Discrete,"MOSFET, IGBT","MOSFET, IGBT",0.35,8,30000,30000,,,,2025,2023,2024,2025,/Users/simon/Documents/Simon-OB/本体论/base/半导体/SEMI_WFF_2026_1Q.xlsx,Company Detail,http://www.timeselectric.cn/
Zhuzhou CRRC Times Electric - Zhuzhou new 200mm line,,晶圆制造工厂,"Zhuzhou CRRC Times Electric 的 Zhuzhou new 200mm line，位于 Zhuzhou, Hunan, 中国。",6401,晶圆厂,1st silicon,Zhuzhou,Hunan,中国,中国,亚太,"No. 169, Shidai Road (or Times Road)",http://www.timeselectric.cn/,Discrete/Power,Discrete,"MOSFET, IGBT","MOSFET, IGBT",0.35,8,30000,30000,,,,2026,2024,2026,2026,/Users/simon/Documents/Simon-OB/本体论/base/半导体/SEMI_WFF_2026_1Q.xlsx,Company Detail,http://www.timeselectric.cn/
Zhuzhou CRRC Times Electric - 8-inch line,,晶圆制造工厂,"Zhuzhou CRRC Times Electric 的 8-inch line，位于 Zhuzhou, Hunan, 中国。",3403,晶圆厂,In production,Zhuzhou,Hunan,中国,中国,亚太,"No. 169, Shidai Road (or Times Road)",http://www.timeselectric.cn/,Discrete/Power,Discrete,"Power, IGBT",,0.35,8,10000,10000,,10,,2014,2012,2014,2014,/Users/simon/Documents/Simon-OB/本体论/base/半导体/SEMI_WFF_2026_1Q.xlsx,Company Detail,http://www.timeselectric.cn/
Zhuzhou CRRC Times Electric - 6-inch (Line 3),,晶圆制造工厂,"Zhuzhou CRRC Times Electric 的 6-inch (Line 3)，位于 Zhuzhou, Hunan, 中国。",3169,晶圆厂,In production,Zhuzhou,Hunan,中国,中国,亚太,No. 1 Boya Road,http://www.timeselectric.cn/,Discrete/Power,Discrete,"Power, Thyristor, IGBT, IGCT",,0.5,6,10000,5625,,100,,2009,2007,2009,2009,/Users/simon/Documents/Simon-OB/本体论/base/半导体/SEMI_WFF_2026_1Q.xlsx,Company Detail,http://www.timeselectric.cn/
