nameCn,nameEn,objectTypeName,description,property.statistic_period,property.capacity_value,property.wafer_size,property.market_region,property.data_source,property.company_name,property.segment,property.metric_name,property.previous_period_value,property.next_period_value,property.facility_name,property.facility_record_id,property.source_sheet,source_url
ABB Semiconductor 2026Q4 installed wafer capacity (SEMI WFF),,晶圆产能,SEMI WFF 2026 Q1 installed wafer capacity observation.,2026Q4,42937.5,200mm equivalent,global,/Users/simon/Downloads/SEMI_WFF_2026_1Q.xlsx,ABB Semiconductor,all,installed_wafer_capacity,,,,,,file:///Users/simon/Downloads/SEMI_WFF_2026_1Q.xlsx
ACSMC 2026Q4 logic and micro capacity 逻辑与微器件 (SEMI WFF),,晶圆产能,SEMI WFF 2026 Q1 logic and micro capacity observation.,2026Q4,8437.5,200mm equivalent,global,/Users/simon/Downloads/SEMI_WFF_2026_1Q.xlsx,ACSMC,逻辑与微器件,logic_micro_capacity,,,,,,file:///Users/simon/Downloads/SEMI_WFF_2026_1Q.xlsx
AOS 2026Q4 installed wafer capacity (SEMI WFF),,晶圆产能,SEMI WFF 2026 Q1 installed wafer capacity observation.,2026Q4,69000,200mm equivalent,global,/Users/simon/Downloads/SEMI_WFF_2026_1Q.xlsx,AOS,all,installed_wafer_capacity,,,,,,file:///Users/simon/Downloads/SEMI_WFF_2026_1Q.xlsx
Analog Devices Inc 2026Q4 installed wafer capacity (SEMI WFF),,晶圆产能,SEMI WFF 2026 Q1 installed wafer capacity observation.,2026Q4,133950,200mm equivalent,global,/Users/simon/Downloads/SEMI_WFF_2026_1Q.xlsx,Analog Devices Inc,all,installed_wafer_capacity,,,,,,file:///Users/simon/Downloads/SEMI_WFF_2026_1Q.xlsx
"Anhui Anxin Electronic Technology Co., Ltd. 2026Q4 geometry capacity (SEMI WFF)",,晶圆产能,SEMI WFF 2026 Q1 geometry capacity observation.,2026Q4,176093.75,200mm equivalent,global,/Users/simon/Downloads/SEMI_WFF_2026_1Q.xlsx,"Anhui Anxin Electronic Technology Co., Ltd.",总计,capacity_by_geometry,,,,,,file:///Users/simon/Downloads/SEMI_WFF_2026_1Q.xlsx
"Anhui Anxin Electronic Technology Co., Ltd. 2026Q4 geometry capacity 810-1300 (SEMI WFF)",,晶圆产能,SEMI WFF 2026 Q1 geometry capacity observation.,2026Q4,176093.75,200mm equivalent,global,/Users/simon/Downloads/SEMI_WFF_2026_1Q.xlsx,"Anhui Anxin Electronic Technology Co., Ltd.",810-1300,capacity_by_geometry,,,,,,file:///Users/simon/Downloads/SEMI_WFF_2026_1Q.xlsx
"Anhui Anxin Electronic Technology Co., Ltd. 2026Q4 installed wafer capacity (SEMI WFF)",,晶圆产能,SEMI WFF 2026 Q1 installed wafer capacity observation.,2026Q4,176093.75,200mm equivalent,global,/Users/simon/Downloads/SEMI_WFF_2026_1Q.xlsx,"Anhui Anxin Electronic Technology Co., Ltd.",all,installed_wafer_capacity,,,,,,file:///Users/simon/Downloads/SEMI_WFF_2026_1Q.xlsx
Aosong Electronics (ASAIR) 2026Q4 installed wafer capacity (SEMI WFF),,晶圆产能,SEMI WFF 2026 Q1 installed wafer capacity observation.,2026Q4,38875,200mm equivalent,global,/Users/simon/Downloads/SEMI_WFF_2026_1Q.xlsx,Aosong Electronics (ASAIR),all,installed_wafer_capacity,,,,,,file:///Users/simon/Downloads/SEMI_WFF_2026_1Q.xlsx
Aucksun 2026Q4 installed wafer capacity (SEMI WFF),,晶圆产能,SEMI WFF 2026 Q1 installed wafer capacity observation.,2026Q4,89375,200mm equivalent,global,/Users/simon/Downloads/SEMI_WFF_2026_1Q.xlsx,Aucksun,all,installed_wafer_capacity,,,,,,file:///Users/simon/Downloads/SEMI_WFF_2026_1Q.xlsx
BYD Co. Ltd 2026Q4 geometry capacity (SEMI WFF),,晶圆产能,SEMI WFF 2026 Q1 geometry capacity observation.,2026Q4,179375,200mm equivalent,global,/Users/simon/Downloads/SEMI_WFF_2026_1Q.xlsx,BYD Co. Ltd,总计,capacity_by_geometry,,,,,,file:///Users/simon/Downloads/SEMI_WFF_2026_1Q.xlsx
BYD Co. Ltd 2026Q4 installed wafer capacity (SEMI WFF),,晶圆产能,SEMI WFF 2026 Q1 installed wafer capacity observation.,2026Q4,179375,200mm equivalent,global,/Users/simon/Downloads/SEMI_WFF_2026_1Q.xlsx,BYD Co. Ltd,all,installed_wafer_capacity,,,,,,file:///Users/simon/Downloads/SEMI_WFF_2026_1Q.xlsx
Beijing Yandong (YDME) 2026Q4 foundry installed capacity foundry (SEMI WFF),,晶圆产能,SEMI WFF 2026 Q1 foundry installed capacity observation.,2026Q4,145625,200mm equivalent,global,/Users/simon/Downloads/SEMI_WFF_2026_1Q.xlsx,Beijing Yandong (YDME),foundry,foundry_installed_capacity,,,,,,file:///Users/simon/Downloads/SEMI_WFF_2026_1Q.xlsx
Beijing Yandong (YDME) 2026Q4 geometry capacity (SEMI WFF),,晶圆产能,SEMI WFF 2026 Q1 geometry capacity observation.,2026Q4,183312.5,200mm equivalent,global,/Users/simon/Downloads/SEMI_WFF_2026_1Q.xlsx,Beijing Yandong (YDME),总计,capacity_by_geometry,,,,,,file:///Users/simon/Downloads/SEMI_WFF_2026_1Q.xlsx
Beijing Yandong (YDME) 2026Q4 installed wafer capacity (SEMI WFF),,晶圆产能,SEMI WFF 2026 Q1 installed wafer capacity observation.,2026Q4,183312.5,200mm equivalent,global,/Users/simon/Downloads/SEMI_WFF_2026_1Q.xlsx,Beijing Yandong (YDME),all,installed_wafer_capacity,,,,,,file:///Users/simon/Downloads/SEMI_WFF_2026_1Q.xlsx
Bosch 2026Q4 geometry capacity (SEMI WFF),,晶圆产能,SEMI WFF 2026 Q1 geometry capacity observation.,2026Q4,221437.5,200mm equivalent,global,/Users/simon/Downloads/SEMI_WFF_2026_1Q.xlsx,Bosch,总计,capacity_by_geometry,,,,,,file:///Users/simon/Downloads/SEMI_WFF_2026_1Q.xlsx
Bosch 2026Q4 installed wafer capacity (SEMI WFF),,晶圆产能,SEMI WFF 2026 Q1 installed wafer capacity observation.,2026Q4,221437.5,200mm equivalent,global,/Users/simon/Downloads/SEMI_WFF_2026_1Q.xlsx,Bosch,all,installed_wafer_capacity,,,,,,file:///Users/simon/Downloads/SEMI_WFF_2026_1Q.xlsx
Broadcom (was Avago) 2026Q4 installed wafer capacity (SEMI WFF),,晶圆产能,SEMI WFF 2026 Q1 installed wafer capacity observation.,2026Q4,48557.8125,200mm equivalent,global,/Users/simon/Downloads/SEMI_WFF_2026_1Q.xlsx,Broadcom (was Avago),all,installed_wafer_capacity,,,,,,file:///Users/simon/Downloads/SEMI_WFF_2026_1Q.xlsx
CR Microelectronics 2026Q4 foundry installed capacity foundry (SEMI WFF),,晶圆产能,SEMI WFF 2026 Q1 foundry installed capacity observation.,2026Q4,303750,200mm equivalent,global,/Users/simon/Downloads/SEMI_WFF_2026_1Q.xlsx,CR Microelectronics,foundry,foundry_installed_capacity,,,,,,file:///Users/simon/Downloads/SEMI_WFF_2026_1Q.xlsx
CR Microelectronics 2026Q4 geometry capacity (SEMI WFF),,晶圆产能,SEMI WFF 2026 Q1 geometry capacity observation.,2026Q4,433250,200mm equivalent,global,/Users/simon/Downloads/SEMI_WFF_2026_1Q.xlsx,CR Microelectronics,总计,capacity_by_geometry,,,,,,file:///Users/simon/Downloads/SEMI_WFF_2026_1Q.xlsx
CR Microelectronics 2026Q4 geometry capacity 131-350 (SEMI WFF),,晶圆产能,SEMI WFF 2026 Q1 geometry capacity observation.,2026Q4,163250,200mm equivalent,global,/Users/simon/Downloads/SEMI_WFF_2026_1Q.xlsx,CR Microelectronics,131-350,capacity_by_geometry,,,,,,file:///Users/simon/Downloads/SEMI_WFF_2026_1Q.xlsx
CR Microelectronics 2026Q4 installed wafer capacity (SEMI WFF),,晶圆产能,SEMI WFF 2026 Q1 installed wafer capacity observation by company.,2026Q4,433250,200mm equivalent,global,/Users/simon/Downloads/SEMI_WFF_2026_1Q.xlsx,CR Microelectronics,all,installed_wafer_capacity,395000,433250,,,,file:///Users/simon/Downloads/SEMI_WFF_2026_1Q.xlsx
CXMT (ChangXin Memory Technologies) 2026Q4 geometry capacity (SEMI WFF),,晶圆产能,SEMI WFF 2026 Q1 geometry capacity observation.,2026Q4,608625,200mm equivalent,global,/Users/simon/Downloads/SEMI_WFF_2026_1Q.xlsx,CXMT (ChangXin Memory Technologies),总计,capacity_by_geometry,,,,,,file:///Users/simon/Downloads/SEMI_WFF_2026_1Q.xlsx
CXMT (ChangXin Memory Technologies) 2026Q4 geometry capacity 011-016 (SEMI WFF),,晶圆产能,SEMI WFF 2026 Q1 geometry capacity observation.,2026Q4,401625,200mm equivalent,global,/Users/simon/Downloads/SEMI_WFF_2026_1Q.xlsx,CXMT (ChangXin Memory Technologies),011-016,capacity_by_geometry,,,,,,file:///Users/simon/Downloads/SEMI_WFF_2026_1Q.xlsx
CXMT (ChangXin Memory Technologies) 2026Q4 geometry capacity 017-020 (SEMI WFF),,晶圆产能,SEMI WFF 2026 Q1 geometry capacity observation.,2026Q4,207000,200mm equivalent,global,/Users/simon/Downloads/SEMI_WFF_2026_1Q.xlsx,CXMT (ChangXin Memory Technologies),017-020,capacity_by_geometry,,,,,,file:///Users/simon/Downloads/SEMI_WFF_2026_1Q.xlsx
CXMT (ChangXin Memory Technologies) 2026Q4 installed wafer capacity (SEMI WFF),,晶圆产能,SEMI WFF 2026 Q1 installed wafer capacity observation by company.,2026Q4,608625,200mm equivalent,global,/Users/simon/Downloads/SEMI_WFF_2026_1Q.xlsx,CXMT (ChangXin Memory Technologies),all,installed_wafer_capacity,514125,672750,,,,file:///Users/simon/Downloads/SEMI_WFF_2026_1Q.xlsx
CXMT (ChangXin Memory Technologies) 2026Q4 memory capacity 存储器 (SEMI WFF),,晶圆产能,SEMI WFF 2026 Q1 memory capacity observation.,2026Q4,608625,200mm equivalent,global,/Users/simon/Downloads/SEMI_WFF_2026_1Q.xlsx,CXMT (ChangXin Memory Technologies),存储器,memory_capacity,,,,,,file:///Users/simon/Downloads/SEMI_WFF_2026_1Q.xlsx
CanSemi 2026Q4 foundry installed capacity foundry (SEMI WFF),,晶圆产能,SEMI WFF 2026 Q1 foundry installed capacity observation.,2026Q4,204750,200mm equivalent,global,/Users/simon/Downloads/SEMI_WFF_2026_1Q.xlsx,CanSemi,foundry,foundry_installed_capacity,,,,,,file:///Users/simon/Downloads/SEMI_WFF_2026_1Q.xlsx
CanSemi 2026Q4 geometry capacity (SEMI WFF),,晶圆产能,SEMI WFF 2026 Q1 geometry capacity observation.,2026Q4,204750,200mm equivalent,global,/Users/simon/Downloads/SEMI_WFF_2026_1Q.xlsx,CanSemi,总计,capacity_by_geometry,,,,,,file:///Users/simon/Downloads/SEMI_WFF_2026_1Q.xlsx
CanSemi 2026Q4 installed wafer capacity (SEMI WFF),,晶圆产能,SEMI WFF 2026 Q1 installed wafer capacity observation.,2026Q4,204750,200mm equivalent,global,/Users/simon/Downloads/SEMI_WFF_2026_1Q.xlsx,CanSemi,all,installed_wafer_capacity,,,,,,file:///Users/simon/Downloads/SEMI_WFF_2026_1Q.xlsx
"Changelight Co., Ltd 2026Q4 installed wafer capacity (SEMI WFF)",,晶圆产能,SEMI WFF 2026 Q1 installed wafer capacity observation.,2026Q4,49375,200mm equivalent,global,/Users/simon/Downloads/SEMI_WFF_2026_1Q.xlsx,"Changelight Co., Ltd",all,installed_wafer_capacity,,,,,,file:///Users/simon/Downloads/SEMI_WFF_2026_1Q.xlsx
"China Resources Huajing Microelectronics Co., Ltd. 2026Q4 installed wafer capacity (SEMI WFF)",,晶圆产能,SEMI WFF 2026 Q1 installed wafer capacity observation.,2026Q4,60312.5,200mm equivalent,global,/Users/simon/Downloads/SEMI_WFF_2026_1Q.xlsx,"China Resources Huajing Microelectronics Co., Ltd.",all,installed_wafer_capacity,,,,,,file:///Users/simon/Downloads/SEMI_WFF_2026_1Q.xlsx
Chongqing Xinlian Microelectronics (XLMEC) 2026Q4 installed wafer capacity (SEMI WFF),,晶圆产能,SEMI WFF 2026 Q1 installed wafer capacity observation.,2026Q4,38250,200mm equivalent,global,/Users/simon/Downloads/SEMI_WFF_2026_1Q.xlsx,Chongqing Xinlian Microelectronics (XLMEC),all,installed_wafer_capacity,,,,,,file:///Users/simon/Downloads/SEMI_WFF_2026_1Q.xlsx
Chongqing Xinlian Microelectronics (XLMEC) 2026Q4 logic and micro capacity 逻辑与微器件 (SEMI WFF),,晶圆产能,SEMI WFF 2026 Q1 logic and micro capacity observation.,2026Q4,38250,200mm equivalent,global,/Users/simon/Downloads/SEMI_WFF_2026_1Q.xlsx,Chongqing Xinlian Microelectronics (XLMEC),逻辑与微器件,logic_micro_capacity,,,,,,file:///Users/simon/Downloads/SEMI_WFF_2026_1Q.xlsx
Chongqing Xinling Microelectronics 2026Q4 installed wafer capacity (SEMI WFF),,晶圆产能,SEMI WFF 2026 Q1 installed wafer capacity observation.,2026Q4,42187.5,200mm equivalent,global,/Users/simon/Downloads/SEMI_WFF_2026_1Q.xlsx,Chongqing Xinling Microelectronics,all,installed_wafer_capacity,,,,,,file:///Users/simon/Downloads/SEMI_WFF_2026_1Q.xlsx
Coherent (was II-VI Incorporated) 2026Q4 installed wafer capacity (SEMI WFF),,晶圆产能,SEMI WFF 2026 Q1 installed wafer capacity observation.,2026Q4,105300,200mm equivalent,global,/Users/simon/Downloads/SEMI_WFF_2026_1Q.xlsx,Coherent (was II-VI Incorporated),all,installed_wafer_capacity,,,,,,file:///Users/simon/Downloads/SEMI_WFF_2026_1Q.xlsx
Crocus Nano Electronics (CNE) 2026Q4 memory capacity 存储器 (SEMI WFF),,晶圆产能,SEMI WFF 2026 Q1 memory capacity observation.,2026Q4,9675,200mm equivalent,global,/Users/simon/Downloads/SEMI_WFF_2026_1Q.xlsx,Crocus Nano Electronics (CNE),存储器,memory_capacity,,,,,,file:///Users/simon/Downloads/SEMI_WFF_2026_1Q.xlsx
DB HiTek (was Dongbu Hi Tek) 2026Q4 foundry installed capacity foundry (SEMI WFF),,晶圆产能,SEMI WFF 2026 Q1 foundry installed capacity observation.,2026Q4,155000,200mm equivalent,global,/Users/simon/Downloads/SEMI_WFF_2026_1Q.xlsx,DB HiTek (was Dongbu Hi Tek),foundry,foundry_installed_capacity,,,,,,file:///Users/simon/Downloads/SEMI_WFF_2026_1Q.xlsx
DB HiTek (was Dongbu Hi Tek) 2026Q4 geometry capacity (SEMI WFF),,晶圆产能,SEMI WFF 2026 Q1 geometry capacity observation.,2026Q4,155000,200mm equivalent,global,/Users/simon/Downloads/SEMI_WFF_2026_1Q.xlsx,DB HiTek (was Dongbu Hi Tek),总计,capacity_by_geometry,,,,,,file:///Users/simon/Downloads/SEMI_WFF_2026_1Q.xlsx
DB HiTek (was Dongbu Hi Tek) 2026Q4 installed wafer capacity (SEMI WFF),,晶圆产能,SEMI WFF 2026 Q1 installed wafer capacity observation.,2026Q4,155000,200mm equivalent,global,/Users/simon/Downloads/SEMI_WFF_2026_1Q.xlsx,DB HiTek (was Dongbu Hi Tek),all,installed_wafer_capacity,,,,,,file:///Users/simon/Downloads/SEMI_WFF_2026_1Q.xlsx
Denso Corporation 2026Q4 installed wafer capacity (SEMI WFF),,晶圆产能,SEMI WFF 2026 Q1 installed wafer capacity observation.,2026Q4,56687.5,200mm equivalent,global,/Users/simon/Downloads/SEMI_WFF_2026_1Q.xlsx,Denso Corporation,all,installed_wafer_capacity,,,,,,file:///Users/simon/Downloads/SEMI_WFF_2026_1Q.xlsx
Denso Corporation 2026Q4 logic and micro capacity 逻辑与微器件 (SEMI WFF),,晶圆产能,SEMI WFF 2026 Q1 logic and micro capacity observation.,2026Q4,17156.25,200mm equivalent,global,/Users/simon/Downloads/SEMI_WFF_2026_1Q.xlsx,Denso Corporation,逻辑与微器件,logic_micro_capacity,,,,,,file:///Users/simon/Downloads/SEMI_WFF_2026_1Q.xlsx
Diodes Inc. 2026Q4 geometry capacity (SEMI WFF),,晶圆产能,SEMI WFF 2026 Q1 geometry capacity observation.,2026Q4,184468.75,200mm equivalent,global,/Users/simon/Downloads/SEMI_WFF_2026_1Q.xlsx,Diodes Inc.,总计,capacity_by_geometry,,,,,,file:///Users/simon/Downloads/SEMI_WFF_2026_1Q.xlsx
Diodes Inc. 2026Q4 installed wafer capacity (SEMI WFF),,晶圆产能,SEMI WFF 2026 Q1 installed wafer capacity observation.,2026Q4,184468.75,200mm equivalent,global,/Users/simon/Downloads/SEMI_WFF_2026_1Q.xlsx,Diodes Inc.,all,installed_wafer_capacity,,,,,,file:///Users/simon/Downloads/SEMI_WFF_2026_1Q.xlsx
EM Microelectronic - Marin SA 2026Q4 logic and micro capacity 逻辑与微器件 (SEMI WFF),,晶圆产能,SEMI WFF 2026 Q1 logic and micro capacity observation.,2026Q4,10000,200mm equivalent,global,/Users/simon/Downloads/SEMI_WFF_2026_1Q.xlsx,EM Microelectronic - Marin SA,逻辑与微器件,logic_micro_capacity,,,,,,file:///Users/simon/Downloads/SEMI_WFF_2026_1Q.xlsx
Ennostar Corporation 2026Q4 geometry capacity (SEMI WFF),,晶圆产能,SEMI WFF 2026 Q1 geometry capacity observation.,2026Q4,140625,200mm equivalent,global,/Users/simon/Downloads/SEMI_WFF_2026_1Q.xlsx,Ennostar Corporation,总计,capacity_by_geometry,,,,,,file:///Users/simon/Downloads/SEMI_WFF_2026_1Q.xlsx
Ennostar Corporation 2026Q4 geometry capacity 1310 up (SEMI WFF),,晶圆产能,SEMI WFF 2026 Q1 geometry capacity observation.,2026Q4,140625,200mm equivalent,global,/Users/simon/Downloads/SEMI_WFF_2026_1Q.xlsx,Ennostar Corporation,1310 up,capacity_by_geometry,,,,,,file:///Users/simon/Downloads/SEMI_WFF_2026_1Q.xlsx
Ennostar Corporation 2026Q4 installed wafer capacity (SEMI WFF),,晶圆产能,SEMI WFF 2026 Q1 installed wafer capacity observation.,2026Q4,140625,200mm equivalent,global,/Users/simon/Downloads/SEMI_WFF_2026_1Q.xlsx,Ennostar Corporation,all,installed_wafer_capacity,,,,,,file:///Users/simon/Downloads/SEMI_WFF_2026_1Q.xlsx
Episil-Precision Inc. 2026Q4 foundry installed capacity foundry (SEMI WFF),,晶圆产能,SEMI WFF 2026 Q1 foundry installed capacity observation.,2026Q4,431125,200mm equivalent,global,/Users/simon/Downloads/SEMI_WFF_2026_1Q.xlsx,Episil-Precision Inc.,foundry,foundry_installed_capacity,,,,,,file:///Users/simon/Downloads/SEMI_WFF_2026_1Q.xlsx
Episil-Precision Inc. 2026Q4 installed wafer capacity (SEMI WFF),,晶圆产能,SEMI WFF 2026 Q1 installed wafer capacity observation by company.,2026Q4,431125,200mm equivalent,global,/Users/simon/Downloads/SEMI_WFF_2026_1Q.xlsx,Episil-Precision Inc.,all,installed_wafer_capacity,431125,431125,,,,file:///Users/simon/Downloads/SEMI_WFF_2026_1Q.xlsx
Everspin Technology 2026Q4 memory capacity 存储器 (SEMI WFF),,晶圆产能,SEMI WFF 2026 Q1 memory capacity observation.,2026Q4,10000,200mm equivalent,global,/Users/simon/Downloads/SEMI_WFF_2026_1Q.xlsx,Everspin Technology,存储器,memory_capacity,,,,,,file:///Users/simon/Downloads/SEMI_WFF_2026_1Q.xlsx
Fuji Electric 2026Q4 geometry capacity (SEMI WFF),,晶圆产能,SEMI WFF 2026 Q1 geometry capacity observation.,2026Q4,227281.25,200mm equivalent,global,/Users/simon/Downloads/SEMI_WFF_2026_1Q.xlsx,Fuji Electric,总计,capacity_by_geometry,,,,,,file:///Users/simon/Downloads/SEMI_WFF_2026_1Q.xlsx
Fuji Electric 2026Q4 geometry capacity 131-350 (SEMI WFF),,晶圆产能,SEMI WFF 2026 Q1 geometry capacity observation.,2026Q4,225406.25,200mm equivalent,global,/Users/simon/Downloads/SEMI_WFF_2026_1Q.xlsx,Fuji Electric,131-350,capacity_by_geometry,,,,,,file:///Users/simon/Downloads/SEMI_WFF_2026_1Q.xlsx
Fuji Electric 2026Q4 installed wafer capacity (SEMI WFF),,晶圆产能,SEMI WFF 2026 Q1 installed wafer capacity observation.,2026Q4,227281.25,200mm equivalent,global,/Users/simon/Downloads/SEMI_WFF_2026_1Q.xlsx,Fuji Electric,all,installed_wafer_capacity,,,,,,file:///Users/simon/Downloads/SEMI_WFF_2026_1Q.xlsx
Fujian Jin Hua Semiconductor 2026Q4 foundry installed capacity foundry (SEMI WFF),,晶圆产能,SEMI WFF 2026 Q1 foundry installed capacity observation.,2026Q4,135000,200mm equivalent,global,/Users/simon/Downloads/SEMI_WFF_2026_1Q.xlsx,Fujian Jin Hua Semiconductor,foundry,foundry_installed_capacity,,,,,,file:///Users/simon/Downloads/SEMI_WFF_2026_1Q.xlsx
Fujian Jin Hua Semiconductor 2026Q4 installed wafer capacity (SEMI WFF),,晶圆产能,SEMI WFF 2026 Q1 installed wafer capacity observation.,2026Q4,135000,200mm equivalent,global,/Users/simon/Downloads/SEMI_WFF_2026_1Q.xlsx,Fujian Jin Hua Semiconductor,all,installed_wafer_capacity,,,,,,file:///Users/simon/Downloads/SEMI_WFF_2026_1Q.xlsx
Fujian Jin Hua Semiconductor 2026Q4 memory capacity 存储器 (SEMI WFF),,晶圆产能,SEMI WFF 2026 Q1 memory capacity observation.,2026Q4,135000,200mm equivalent,global,/Users/simon/Downloads/SEMI_WFF_2026_1Q.xlsx,Fujian Jin Hua Semiconductor,存储器,memory_capacity,,,,,,file:///Users/simon/Downloads/SEMI_WFF_2026_1Q.xlsx
GF (Globalfoundries) 2026Q4 foundry installed capacity foundry (SEMI WFF),,晶圆产能,SEMI WFF 2026 Q1 foundry installed capacity observation.,2026Q4,666575,200mm equivalent,global,/Users/simon/Downloads/SEMI_WFF_2026_1Q.xlsx,GF (Globalfoundries),foundry,foundry_installed_capacity,,,,,,file:///Users/simon/Downloads/SEMI_WFF_2026_1Q.xlsx
GF (Globalfoundries) 2026Q4 geometry capacity (SEMI WFF),,晶圆产能,SEMI WFF 2026 Q1 geometry capacity observation.,2026Q4,666575,200mm equivalent,global,/Users/simon/Downloads/SEMI_WFF_2026_1Q.xlsx,GF (Globalfoundries),总计,capacity_by_geometry,,,,,,file:///Users/simon/Downloads/SEMI_WFF_2026_1Q.xlsx
GF (Globalfoundries) 2026Q4 geometry capacity 011-016 (SEMI WFF),,晶圆产能,SEMI WFF 2026 Q1 geometry capacity observation.,2026Q4,168750,200mm equivalent,global,/Users/simon/Downloads/SEMI_WFF_2026_1Q.xlsx,GF (Globalfoundries),011-016,capacity_by_geometry,,,,,,file:///Users/simon/Downloads/SEMI_WFF_2026_1Q.xlsx
GF (Globalfoundries) 2026Q4 geometry capacity 021-033 (SEMI WFF),,晶圆产能,SEMI WFF 2026 Q1 geometry capacity observation.,2026Q4,166500,200mm equivalent,global,/Users/simon/Downloads/SEMI_WFF_2026_1Q.xlsx,GF (Globalfoundries),021-033,capacity_by_geometry,,,,,,file:///Users/simon/Downloads/SEMI_WFF_2026_1Q.xlsx
GF (Globalfoundries) 2026Q4 geometry capacity 034-046 (SEMI WFF),,晶圆产能,SEMI WFF 2026 Q1 geometry capacity observation.,2026Q4,206325,200mm equivalent,global,/Users/simon/Downloads/SEMI_WFF_2026_1Q.xlsx,GF (Globalfoundries),034-046,capacity_by_geometry,,,,,,file:///Users/simon/Downloads/SEMI_WFF_2026_1Q.xlsx
GF (Globalfoundries) 2026Q4 installed wafer capacity (SEMI WFF),,晶圆产能,SEMI WFF 2026 Q1 installed wafer capacity observation by company.,2026Q4,666575,200mm equivalent,global,/Users/simon/Downloads/SEMI_WFF_2026_1Q.xlsx,GF (Globalfoundries),all,installed_wafer_capacity,648225,697625,,,,file:///Users/simon/Downloads/SEMI_WFF_2026_1Q.xlsx
GTA Semiconductor 2026Q4 foundry installed capacity foundry (SEMI WFF),,晶圆产能,SEMI WFF 2026 Q1 foundry installed capacity observation.,2026Q4,209181.625,200mm equivalent,global,/Users/simon/Downloads/SEMI_WFF_2026_1Q.xlsx,GTA Semiconductor,foundry,foundry_installed_capacity,,,,,,file:///Users/simon/Downloads/SEMI_WFF_2026_1Q.xlsx
GTA Semiconductor 2026Q4 geometry capacity (SEMI WFF),,晶圆产能,SEMI WFF 2026 Q1 geometry capacity observation.,2026Q4,209181.625,200mm equivalent,global,/Users/simon/Downloads/SEMI_WFF_2026_1Q.xlsx,GTA Semiconductor,总计,capacity_by_geometry,,,,,,file:///Users/simon/Downloads/SEMI_WFF_2026_1Q.xlsx
GTA Semiconductor 2026Q4 installed wafer capacity (SEMI WFF),,晶圆产能,SEMI WFF 2026 Q1 installed wafer capacity observation.,2026Q4,209181.625,200mm equivalent,global,/Users/simon/Downloads/SEMI_WFF_2026_1Q.xlsx,GTA Semiconductor,all,installed_wafer_capacity,,,,,,file:///Users/simon/Downloads/SEMI_WFF_2026_1Q.xlsx
GTX Semiconductor 2026Q4 foundry installed capacity foundry (SEMI WFF),,晶圆产能,SEMI WFF 2026 Q1 foundry installed capacity observation.,2026Q4,90000,200mm equivalent,global,/Users/simon/Downloads/SEMI_WFF_2026_1Q.xlsx,GTX Semiconductor,foundry,foundry_installed_capacity,,,,,,file:///Users/simon/Downloads/SEMI_WFF_2026_1Q.xlsx
GTX Semiconductor 2026Q4 installed wafer capacity (SEMI WFF),,晶圆产能,SEMI WFF 2026 Q1 installed wafer capacity observation.,2026Q4,90000,200mm equivalent,global,/Users/simon/Downloads/SEMI_WFF_2026_1Q.xlsx,GTX Semiconductor,all,installed_wafer_capacity,,,,,,file:///Users/simon/Downloads/SEMI_WFF_2026_1Q.xlsx
GTX Semiconductor 2026Q4 logic and micro capacity 逻辑与微器件 (SEMI WFF),,晶圆产能,SEMI WFF 2026 Q1 logic and micro capacity observation.,2026Q4,90000,200mm equivalent,global,/Users/simon/Downloads/SEMI_WFF_2026_1Q.xlsx,GTX Semiconductor,逻辑与微器件,logic_micro_capacity,,,,,,file:///Users/simon/Downloads/SEMI_WFF_2026_1Q.xlsx
GalaxyCore 2026Q4 installed wafer capacity (SEMI WFF),,晶圆产能,SEMI WFF 2026 Q1 installed wafer capacity observation.,2026Q4,135000,200mm equivalent,global,/Users/simon/Downloads/SEMI_WFF_2026_1Q.xlsx,GalaxyCore,all,installed_wafer_capacity,,,,,,file:///Users/simon/Downloads/SEMI_WFF_2026_1Q.xlsx
"HC SemiTek Co., Ltd. 2026Q4 installed wafer capacity (SEMI WFF)",,晶圆产能,SEMI WFF 2026 Q1 installed wafer capacity observation.,2026Q4,98750,200mm equivalent,global,/Users/simon/Downloads/SEMI_WFF_2026_1Q.xlsx,"HC SemiTek Co., Ltd.",all,installed_wafer_capacity,,,,,,file:///Users/simon/Downloads/SEMI_WFF_2026_1Q.xlsx
HKC 2026Q4 installed wafer capacity (SEMI WFF),,晶圆产能,SEMI WFF 2026 Q1 installed wafer capacity observation.,2026Q4,42187.5,200mm equivalent,global,/Users/simon/Downloads/SEMI_WFF_2026_1Q.xlsx,HKC,all,installed_wafer_capacity,,,,,,file:///Users/simon/Downloads/SEMI_WFF_2026_1Q.xlsx
HangZhou HFC Semiconductor 2026Q4 foundry installed capacity foundry (SEMI WFF),,晶圆产能,SEMI WFF 2026 Q1 foundry installed capacity observation.,2026Q4,45000,200mm equivalent,global,/Users/simon/Downloads/SEMI_WFF_2026_1Q.xlsx,HangZhou HFC Semiconductor,foundry,foundry_installed_capacity,,,,,,file:///Users/simon/Downloads/SEMI_WFF_2026_1Q.xlsx
HangZhou HFC Semiconductor 2026Q4 installed wafer capacity (SEMI WFF),,晶圆产能,SEMI WFF 2026 Q1 installed wafer capacity observation.,2026Q4,45000,200mm equivalent,global,/Users/simon/Downloads/SEMI_WFF_2026_1Q.xlsx,HangZhou HFC Semiconductor,all,installed_wafer_capacity,,,,,,file:///Users/simon/Downloads/SEMI_WFF_2026_1Q.xlsx
HangZhou HFC Semiconductor 2026Q4 logic and micro capacity 逻辑与微器件 (SEMI WFF),,晶圆产能,SEMI WFF 2026 Q1 logic and micro capacity observation.,2026Q4,45000,200mm equivalent,global,/Users/simon/Downloads/SEMI_WFF_2026_1Q.xlsx,HangZhou HFC Semiconductor,逻辑与微器件,logic_micro_capacity,,,,,,file:///Users/simon/Downloads/SEMI_WFF_2026_1Q.xlsx
Hangzhou Fullsemi 2026Q4 installed wafer capacity (SEMI WFF),,晶圆产能,SEMI WFF 2026 Q1 installed wafer capacity observation.,2026Q4,112500,200mm equivalent,global,/Users/simon/Downloads/SEMI_WFF_2026_1Q.xlsx,Hangzhou Fullsemi,all,installed_wafer_capacity,,,,,,file:///Users/simon/Downloads/SEMI_WFF_2026_1Q.xlsx
"Headway Technologies, Inc. 2026Q4 logic and micro capacity 逻辑与微器件 (SEMI WFF)",,晶圆产能,SEMI WFF 2026 Q1 logic and micro capacity observation.,2026Q4,5000,200mm equivalent,global,/Users/simon/Downloads/SEMI_WFF_2026_1Q.xlsx,"Headway Technologies, Inc.",逻辑与微器件,logic_micro_capacity,,,,,,file:///Users/simon/Downloads/SEMI_WFF_2026_1Q.xlsx
Honeywell Incorporated 2026Q4 logic and micro capacity 逻辑与微器件 (SEMI WFF),,晶圆产能,SEMI WFF 2026 Q1 logic and micro capacity observation.,2026Q4,2517.5,200mm equivalent,global,/Users/simon/Downloads/SEMI_WFF_2026_1Q.xlsx,Honeywell Incorporated,逻辑与微器件,logic_micro_capacity,,,,,,file:///Users/simon/Downloads/SEMI_WFF_2026_1Q.xlsx
Hua Hong Semiconductor 2026Q4 foundry installed capacity foundry (SEMI WFF),,晶圆产能,SEMI WFF 2026 Q1 foundry installed capacity observation.,2026Q4,560250,200mm equivalent,global,/Users/simon/Downloads/SEMI_WFF_2026_1Q.xlsx,Hua Hong Semiconductor,foundry,foundry_installed_capacity,,,,,,file:///Users/simon/Downloads/SEMI_WFF_2026_1Q.xlsx
Hua Hong Semiconductor 2026Q4 geometry capacity (SEMI WFF),,晶圆产能,SEMI WFF 2026 Q1 geometry capacity observation.,2026Q4,560250,200mm equivalent,global,/Users/simon/Downloads/SEMI_WFF_2026_1Q.xlsx,Hua Hong Semiconductor,总计,capacity_by_geometry,,,,,,file:///Users/simon/Downloads/SEMI_WFF_2026_1Q.xlsx
Hua Hong Semiconductor 2026Q4 geometry capacity 034-046 (SEMI WFF),,晶圆产能,SEMI WFF 2026 Q1 geometry capacity observation.,2026Q4,166500,200mm equivalent,global,/Users/simon/Downloads/SEMI_WFF_2026_1Q.xlsx,Hua Hong Semiconductor,034-046,capacity_by_geometry,,,,,,file:///Users/simon/Downloads/SEMI_WFF_2026_1Q.xlsx
Hua Hong Semiconductor 2026Q4 geometry capacity 047-079 (SEMI WFF),,晶圆产能,SEMI WFF 2026 Q1 geometry capacity observation.,2026Q4,213750,200mm equivalent,global,/Users/simon/Downloads/SEMI_WFF_2026_1Q.xlsx,Hua Hong Semiconductor,047-079,capacity_by_geometry,,,,,,file:///Users/simon/Downloads/SEMI_WFF_2026_1Q.xlsx
Hua Hong Semiconductor 2026Q4 geometry capacity 080-130 (SEMI WFF),,晶圆产能,SEMI WFF 2026 Q1 geometry capacity observation.,2026Q4,180000,200mm equivalent,global,/Users/simon/Downloads/SEMI_WFF_2026_1Q.xlsx,Hua Hong Semiconductor,080-130,capacity_by_geometry,,,,,,file:///Users/simon/Downloads/SEMI_WFF_2026_1Q.xlsx
Hua Hong Semiconductor 2026Q4 installed wafer capacity (SEMI WFF),,晶圆产能,SEMI WFF 2026 Q1 installed wafer capacity observation by company.,2026Q4,560250,200mm equivalent,global,/Users/simon/Downloads/SEMI_WFF_2026_1Q.xlsx,Hua Hong Semiconductor,all,installed_wafer_capacity,479250,591750,,,,file:///Users/simon/Downloads/SEMI_WFF_2026_1Q.xlsx
Hua Li Microelectronics (HLMC) 2026Q4 foundry installed capacity foundry (SEMI WFF),,晶圆产能,SEMI WFF 2026 Q1 foundry installed capacity observation.,2026Q4,249750,200mm equivalent,global,/Users/simon/Downloads/SEMI_WFF_2026_1Q.xlsx,Hua Li Microelectronics (HLMC),foundry,foundry_installed_capacity,,,,,,file:///Users/simon/Downloads/SEMI_WFF_2026_1Q.xlsx
Hua Li Microelectronics (HLMC) 2026Q4 geometry capacity (SEMI WFF),,晶圆产能,SEMI WFF 2026 Q1 geometry capacity observation.,2026Q4,249750,200mm equivalent,global,/Users/simon/Downloads/SEMI_WFF_2026_1Q.xlsx,Hua Li Microelectronics (HLMC),总计,capacity_by_geometry,,,,,,file:///Users/simon/Downloads/SEMI_WFF_2026_1Q.xlsx
Hua Li Microelectronics (HLMC) 2026Q4 geometry capacity 021-033 (SEMI WFF),,晶圆产能,SEMI WFF 2026 Q1 geometry capacity observation.,2026Q4,139500,200mm equivalent,global,/Users/simon/Downloads/SEMI_WFF_2026_1Q.xlsx,Hua Li Microelectronics (HLMC),021-033,capacity_by_geometry,,,,,,file:///Users/simon/Downloads/SEMI_WFF_2026_1Q.xlsx
Hua Li Microelectronics (HLMC) 2026Q4 installed wafer capacity (SEMI WFF),,晶圆产能,SEMI WFF 2026 Q1 installed wafer capacity observation.,2026Q4,249750,200mm equivalent,global,/Users/simon/Downloads/SEMI_WFF_2026_1Q.xlsx,Hua Li Microelectronics (HLMC),all,installed_wafer_capacity,,,,,,file:///Users/simon/Downloads/SEMI_WFF_2026_1Q.xlsx
Hua Li Microelectronics (HLMC) 2026Q4 logic and micro capacity 逻辑与微器件 (SEMI WFF),,晶圆产能,SEMI WFF 2026 Q1 logic and micro capacity observation.,2026Q4,249750,200mm equivalent,global,/Users/simon/Downloads/SEMI_WFF_2026_1Q.xlsx,Hua Li Microelectronics (HLMC),逻辑与微器件,logic_micro_capacity,,,,,,file:///Users/simon/Downloads/SEMI_WFF_2026_1Q.xlsx
Infineon 2026Q4 geometry capacity (SEMI WFF),,晶圆产能,SEMI WFF 2026 Q1 geometry capacity observation.,2026Q4,981812.5,200mm equivalent,global,/Users/simon/Downloads/SEMI_WFF_2026_1Q.xlsx,Infineon,总计,capacity_by_geometry,,,,,,file:///Users/simon/Downloads/SEMI_WFF_2026_1Q.xlsx
Infineon 2026Q4 geometry capacity 080-130 (SEMI WFF),,晶圆产能,SEMI WFF 2026 Q1 geometry capacity observation.,2026Q4,890250,200mm equivalent,global,/Users/simon/Downloads/SEMI_WFF_2026_1Q.xlsx,Infineon,080-130,capacity_by_geometry,,,,,,file:///Users/simon/Downloads/SEMI_WFF_2026_1Q.xlsx
Infineon 2026Q4 installed wafer capacity (SEMI WFF),,晶圆产能,SEMI WFF 2026 Q1 installed wafer capacity observation by company.,2026Q4,984812.5,200mm equivalent,global,/Users/simon/Downloads/SEMI_WFF_2026_1Q.xlsx,Infineon,all,installed_wafer_capacity,906562.5,1092312.5,,,,file:///Users/simon/Downloads/SEMI_WFF_2026_1Q.xlsx
Infineon 2026Q4 logic and micro capacity 逻辑与微器件 (SEMI WFF),,晶圆产能,SEMI WFF 2026 Q1 logic and micro capacity observation.,2026Q4,56500,200mm equivalent,global,/Users/simon/Downloads/SEMI_WFF_2026_1Q.xlsx,Infineon,逻辑与微器件,logic_micro_capacity,,,,,,file:///Users/simon/Downloads/SEMI_WFF_2026_1Q.xlsx
InnoScience Inc. 2026Q4 installed wafer capacity (SEMI WFF),,晶圆产能,SEMI WFF 2026 Q1 installed wafer capacity observation.,2026Q4,38500,200mm equivalent,global,/Users/simon/Downloads/SEMI_WFF_2026_1Q.xlsx,InnoScience Inc.,all,installed_wafer_capacity,,,,,,file:///Users/simon/Downloads/SEMI_WFF_2026_1Q.xlsx
Intel 2026Q4 foundry installed capacity foundry (SEMI WFF),,晶圆产能,SEMI WFF 2026 Q1 foundry installed capacity observation.,2026Q4,345375,200mm equivalent,global,/Users/simon/Downloads/SEMI_WFF_2026_1Q.xlsx,Intel,foundry,foundry_installed_capacity,,,,,,file:///Users/simon/Downloads/SEMI_WFF_2026_1Q.xlsx
Intel 2026Q4 geometry capacity (SEMI WFF),,晶圆产能,SEMI WFF 2026 Q1 geometry capacity observation.,2026Q4,886500,200mm equivalent,global,/Users/simon/Downloads/SEMI_WFF_2026_1Q.xlsx,Intel,总计,capacity_by_geometry,,,,,,file:///Users/simon/Downloads/SEMI_WFF_2026_1Q.xlsx
Intel 2026Q4 geometry capacity 006-007 (SEMI WFF),,晶圆产能,SEMI WFF 2026 Q1 geometry capacity observation.,2026Q4,371250,200mm equivalent,global,/Users/simon/Downloads/SEMI_WFF_2026_1Q.xlsx,Intel,006-007,capacity_by_geometry,,,,,,file:///Users/simon/Downloads/SEMI_WFF_2026_1Q.xlsx
Intel 2026Q4 geometry capacity ≤0.02μm (SEMI WFF),,晶圆产能,SEMI WFF 2026 Q1 geometry capacity observation.,2026Q4,211500,200mm equivalent,global,/Users/simon/Downloads/SEMI_WFF_2026_1Q.xlsx,Intel,≤0.02μm,capacity_by_geometry,,,,,,file:///Users/simon/Downloads/SEMI_WFF_2026_1Q.xlsx
Intel 2026Q4 installed wafer capacity (SEMI WFF),,晶圆产能,SEMI WFF 2026 Q1 installed wafer capacity observation by company.,2026Q4,886500,200mm equivalent,global,/Users/simon/Downloads/SEMI_WFF_2026_1Q.xlsx,Intel,all,installed_wafer_capacity,874125,924750,,,,file:///Users/simon/Downloads/SEMI_WFF_2026_1Q.xlsx
Intel 2026Q4 logic and micro capacity 逻辑与微器件 (SEMI WFF),,晶圆产能,SEMI WFF 2026 Q1 logic and micro capacity observation.,2026Q4,885375,200mm equivalent,global,/Users/simon/Downloads/SEMI_WFF_2026_1Q.xlsx,Intel,逻辑与微器件,logic_micro_capacity,,,,,,file:///Users/simon/Downloads/SEMI_WFF_2026_1Q.xlsx
Japan Semiconductor 2026Q4 installed wafer capacity (SEMI WFF),,晶圆产能,SEMI WFF 2026 Q1 installed wafer capacity observation.,2026Q4,106437.5,200mm equivalent,global,/Users/simon/Downloads/SEMI_WFF_2026_1Q.xlsx,Japan Semiconductor,all,installed_wafer_capacity,,,,,,file:///Users/simon/Downloads/SEMI_WFF_2026_1Q.xlsx
Japan Semiconductor 2026Q4 logic and micro capacity 逻辑与微器件 (SEMI WFF),,晶圆产能,SEMI WFF 2026 Q1 logic and micro capacity observation.,2026Q4,98000,200mm equivalent,global,/Users/simon/Downloads/SEMI_WFF_2026_1Q.xlsx,Japan Semiconductor,逻辑与微器件,logic_micro_capacity,,,,,,file:///Users/simon/Downloads/SEMI_WFF_2026_1Q.xlsx
Jiangsu Advanced Memory Semiconductor Corp. 2026Q4 memory capacity 存储器 (SEMI WFF),,晶圆产能,SEMI WFF 2026 Q1 memory capacity observation.,2026Q4,2250,200mm equivalent,global,/Users/simon/Downloads/SEMI_WFF_2026_1Q.xlsx,Jiangsu Advanced Memory Semiconductor Corp.,存储器,memory_capacity,,,,,,file:///Users/simon/Downloads/SEMI_WFF_2026_1Q.xlsx
Jiangsu CAS-IGBT Technology 2026Q4 foundry installed capacity foundry (SEMI WFF),,晶圆产能,SEMI WFF 2026 Q1 foundry installed capacity observation.,2026Q4,45000,200mm equivalent,global,/Users/simon/Downloads/SEMI_WFF_2026_1Q.xlsx,Jiangsu CAS-IGBT Technology,foundry,foundry_installed_capacity,,,,,,file:///Users/simon/Downloads/SEMI_WFF_2026_1Q.xlsx
Jiangsu CAS-IGBT Technology 2026Q4 installed wafer capacity (SEMI WFF),,晶圆产能,SEMI WFF 2026 Q1 installed wafer capacity observation.,2026Q4,45000,200mm equivalent,global,/Users/simon/Downloads/SEMI_WFF_2026_1Q.xlsx,Jiangsu CAS-IGBT Technology,all,installed_wafer_capacity,,,,,,file:///Users/simon/Downloads/SEMI_WFF_2026_1Q.xlsx
"Jiangsu JieJie Microelectronics Co.,Ltd. 2026Q4 installed wafer capacity (SEMI WFF)",,晶圆产能,SEMI WFF 2026 Q1 installed wafer capacity observation.,2026Q4,137750,200mm equivalent,global,/Users/simon/Downloads/SEMI_WFF_2026_1Q.xlsx,"Jiangsu JieJie Microelectronics Co.,Ltd.",all,installed_wafer_capacity,,,,,,file:///Users/simon/Downloads/SEMI_WFF_2026_1Q.xlsx
Jiangxi Yuhongjin Material Technology (YHJ) 2026Q4 installed wafer capacity (SEMI WFF),,晶圆产能,SEMI WFF 2026 Q1 installed wafer capacity observation.,2026Q4,45000,200mm equivalent,global,/Users/simon/Downloads/SEMI_WFF_2026_1Q.xlsx,Jiangxi Yuhongjin Material Technology (YHJ),all,installed_wafer_capacity,,,,,,file:///Users/simon/Downloads/SEMI_WFF_2026_1Q.xlsx
Jilin Sino-Microelectronics Co. Ltd. 2026Q4 installed wafer capacity (SEMI WFF),,晶圆产能,SEMI WFF 2026 Q1 installed wafer capacity observation.,2026Q4,49218.75,200mm equivalent,global,/Users/simon/Downloads/SEMI_WFF_2026_1Q.xlsx,Jilin Sino-Microelectronics Co. Ltd.,all,installed_wafer_capacity,,,,,,file:///Users/simon/Downloads/SEMI_WFF_2026_1Q.xlsx
Kioxia/WD (was Flash Alliance) 2026Q4 geometry capacity (SEMI WFF),,晶圆产能,SEMI WFF 2026 Q1 geometry capacity observation.,2026Q4,1341027.884615385,200mm equivalent,global,/Users/simon/Downloads/SEMI_WFF_2026_1Q.xlsx,Kioxia/WD (was Flash Alliance),总计,capacity_by_geometry,,,,,,file:///Users/simon/Downloads/SEMI_WFF_2026_1Q.xlsx
Kioxia/WD (was Flash Alliance) 2026Q4 geometry capacity 011-016 (SEMI WFF),,晶圆产能,SEMI WFF 2026 Q1 geometry capacity observation.,2026Q4,252000,200mm equivalent,global,/Users/simon/Downloads/SEMI_WFF_2026_1Q.xlsx,Kioxia/WD (was Flash Alliance),011-016,capacity_by_geometry,,,,,,file:///Users/simon/Downloads/SEMI_WFF_2026_1Q.xlsx
Kioxia/WD (was Flash Alliance) 2026Q4 geometry capacity 017-020 (SEMI WFF),,晶圆产能,SEMI WFF 2026 Q1 geometry capacity observation.,2026Q4,1089027.884615385,200mm equivalent,global,/Users/simon/Downloads/SEMI_WFF_2026_1Q.xlsx,Kioxia/WD (was Flash Alliance),017-020,capacity_by_geometry,,,,,,file:///Users/simon/Downloads/SEMI_WFF_2026_1Q.xlsx
Kioxia/WD (was Flash Alliance) 2026Q4 installed wafer capacity (SEMI WFF),,晶圆产能,SEMI WFF 2026 Q1 installed wafer capacity observation by company.,2026Q4,1341027.884615385,200mm equivalent,global,/Users/simon/Downloads/SEMI_WFF_2026_1Q.xlsx,Kioxia/WD (was Flash Alliance),all,installed_wafer_capacity,1410777.884615385,1244840.384615385,,,,file:///Users/simon/Downloads/SEMI_WFF_2026_1Q.xlsx
Kioxia/WD (was Flash Alliance) 2026Q4 memory capacity 存储器 (SEMI WFF),,晶圆产能,SEMI WFF 2026 Q1 memory capacity observation.,2026Q4,1341027.884615385,200mm equivalent,global,/Users/simon/Downloads/SEMI_WFF_2026_1Q.xlsx,Kioxia/WD (was Flash Alliance),存储器,memory_capacity,,,,,,file:///Users/simon/Downloads/SEMI_WFF_2026_1Q.xlsx
"LAPIS Semiconductor Co, Ltd 2026Q4 installed wafer capacity (SEMI WFF)",,晶圆产能,SEMI WFF 2026 Q1 installed wafer capacity observation.,2026Q4,82843.75,200mm equivalent,global,/Users/simon/Downloads/SEMI_WFF_2026_1Q.xlsx,"LAPIS Semiconductor Co, Ltd",all,installed_wafer_capacity,,,,,,file:///Users/simon/Downloads/SEMI_WFF_2026_1Q.xlsx
"LAPIS Semiconductor Co, Ltd 2026Q4 logic and micro capacity 逻辑与微器件 (SEMI WFF)",,晶圆产能,SEMI WFF 2026 Q1 logic and micro capacity observation.,2026Q4,68750,200mm equivalent,global,/Users/simon/Downloads/SEMI_WFF_2026_1Q.xlsx,"LAPIS Semiconductor Co, Ltd",逻辑与微器件,logic_micro_capacity,,,,,,file:///Users/simon/Downloads/SEMI_WFF_2026_1Q.xlsx
Littelfuse 2026Q4 logic and micro capacity 逻辑与微器件 (SEMI WFF),,晶圆产能,SEMI WFF 2026 Q1 logic and micro capacity observation.,2026Q4,8000,200mm equivalent,global,/Users/simon/Downloads/SEMI_WFF_2026_1Q.xlsx,Littelfuse,逻辑与微器件,logic_micro_capacity,,,,,,file:///Users/simon/Downloads/SEMI_WFF_2026_1Q.xlsx
Lumileds 2026Q4 installed wafer capacity (SEMI WFF),,晶圆产能,SEMI WFF 2026 Q1 installed wafer capacity observation.,2026Q4,50625,200mm equivalent,global,/Users/simon/Downloads/SEMI_WFF_2026_1Q.xlsx,Lumileds,all,installed_wafer_capacity,,,,,,file:///Users/simon/Downloads/SEMI_WFF_2026_1Q.xlsx
"Macronix International Co., Ltd. (MXIC) 2026Q4 foundry installed capacity foundry (SEMI WFF)",,晶圆产能,SEMI WFF 2026 Q1 foundry installed capacity observation.,2026Q4,46000,200mm equivalent,global,/Users/simon/Downloads/SEMI_WFF_2026_1Q.xlsx,"Macronix International Co., Ltd. (MXIC)",foundry,foundry_installed_capacity,,,,,,file:///Users/simon/Downloads/SEMI_WFF_2026_1Q.xlsx
"Macronix International Co., Ltd. (MXIC) 2026Q4 installed wafer capacity (SEMI WFF)",,晶圆产能,SEMI WFF 2026 Q1 installed wafer capacity observation.,2026Q4,111250,200mm equivalent,global,/Users/simon/Downloads/SEMI_WFF_2026_1Q.xlsx,"Macronix International Co., Ltd. (MXIC)",all,installed_wafer_capacity,,,,,,file:///Users/simon/Downloads/SEMI_WFF_2026_1Q.xlsx
"Macronix International Co., Ltd. (MXIC) 2026Q4 memory capacity 存储器 (SEMI WFF)",,晶圆产能,SEMI WFF 2026 Q1 memory capacity observation.,2026Q4,111250,200mm equivalent,global,/Users/simon/Downloads/SEMI_WFF_2026_1Q.xlsx,"Macronix International Co., Ltd. (MXIC)",存储器,memory_capacity,,,,,,file:///Users/simon/Downloads/SEMI_WFF_2026_1Q.xlsx
Microchip 2026Q4 installed wafer capacity (SEMI WFF),,晶圆产能,SEMI WFF 2026 Q1 installed wafer capacity observation.,2026Q4,135656.25,200mm equivalent,global,/Users/simon/Downloads/SEMI_WFF_2026_1Q.xlsx,Microchip,all,installed_wafer_capacity,,,,,,file:///Users/simon/Downloads/SEMI_WFF_2026_1Q.xlsx
Microchip 2026Q4 logic and micro capacity 逻辑与微器件 (SEMI WFF),,晶圆产能,SEMI WFF 2026 Q1 logic and micro capacity observation.,2026Q4,127375,200mm equivalent,global,/Users/simon/Downloads/SEMI_WFF_2026_1Q.xlsx,Microchip,逻辑与微器件,logic_micro_capacity,,,,,,file:///Users/simon/Downloads/SEMI_WFF_2026_1Q.xlsx
Micron 2026Q4 geometry capacity (SEMI WFF),,晶圆产能,SEMI WFF 2026 Q1 geometry capacity observation.,2026Q4,1386000,200mm equivalent,global,/Users/simon/Downloads/SEMI_WFF_2026_1Q.xlsx,Micron,总计,capacity_by_geometry,,,,,,file:///Users/simon/Downloads/SEMI_WFF_2026_1Q.xlsx
Micron 2026Q4 geometry capacity 011-016 (SEMI WFF),,晶圆产能,SEMI WFF 2026 Q1 geometry capacity observation.,2026Q4,837000,200mm equivalent,global,/Users/simon/Downloads/SEMI_WFF_2026_1Q.xlsx,Micron,011-016,capacity_by_geometry,,,,,,file:///Users/simon/Downloads/SEMI_WFF_2026_1Q.xlsx
Micron 2026Q4 geometry capacity 017-020 (SEMI WFF),,晶圆产能,SEMI WFF 2026 Q1 geometry capacity observation.,2026Q4,497250,200mm equivalent,global,/Users/simon/Downloads/SEMI_WFF_2026_1Q.xlsx,Micron,017-020,capacity_by_geometry,,,,,,file:///Users/simon/Downloads/SEMI_WFF_2026_1Q.xlsx
Micron 2026Q4 installed wafer capacity (SEMI WFF),,晶圆产能,SEMI WFF 2026 Q1 installed wafer capacity observation by company.,2026Q4,1386000,200mm equivalent,global,/Users/simon/Downloads/SEMI_WFF_2026_1Q.xlsx,Micron,all,installed_wafer_capacity,1347750,1462500,,,,file:///Users/simon/Downloads/SEMI_WFF_2026_1Q.xlsx
Micron 2026Q4 memory capacity 存储器 (SEMI WFF),,晶圆产能,SEMI WFF 2026 Q1 memory capacity observation.,2026Q4,1386000,200mm equivalent,global,/Users/simon/Downloads/SEMI_WFF_2026_1Q.xlsx,Micron,存储器,memory_capacity,,,,,,file:///Users/simon/Downloads/SEMI_WFF_2026_1Q.xlsx
Minebea Mitsumi 2026Q4 installed wafer capacity (SEMI WFF),,晶圆产能,SEMI WFF 2026 Q1 installed wafer capacity observation.,2026Q4,42812.5,200mm equivalent,global,/Users/simon/Downloads/SEMI_WFF_2026_1Q.xlsx,Minebea Mitsumi,all,installed_wafer_capacity,,,,,,file:///Users/simon/Downloads/SEMI_WFF_2026_1Q.xlsx
Minebea Mitsumi 2026Q4 logic and micro capacity 逻辑与微器件 (SEMI WFF),,晶圆产能,SEMI WFF 2026 Q1 logic and micro capacity observation.,2026Q4,19687.5,200mm equivalent,global,/Users/simon/Downloads/SEMI_WFF_2026_1Q.xlsx,Minebea Mitsumi,逻辑与微器件,logic_micro_capacity,,,,,,file:///Users/simon/Downloads/SEMI_WFF_2026_1Q.xlsx
Mitsubishi Electric 2026Q4 geometry capacity (SEMI WFF),,晶圆产能,SEMI WFF 2026 Q1 geometry capacity observation.,2026Q4,207187.5,200mm equivalent,global,/Users/simon/Downloads/SEMI_WFF_2026_1Q.xlsx,Mitsubishi Electric,总计,capacity_by_geometry,,,,,,file:///Users/simon/Downloads/SEMI_WFF_2026_1Q.xlsx
Mitsubishi Electric 2026Q4 installed wafer capacity (SEMI WFF),,晶圆产能,SEMI WFF 2026 Q1 installed wafer capacity observation.,2026Q4,207187.5,200mm equivalent,global,/Users/simon/Downloads/SEMI_WFF_2026_1Q.xlsx,Mitsubishi Electric,all,installed_wafer_capacity,,,,,,file:///Users/simon/Downloads/SEMI_WFF_2026_1Q.xlsx
"Murata Manufacturing Company, Ltd. 2026Q4 installed wafer capacity (SEMI WFF)",,晶圆产能,SEMI WFF 2026 Q1 installed wafer capacity observation.,2026Q4,45507.8125,200mm equivalent,global,/Users/simon/Downloads/SEMI_WFF_2026_1Q.xlsx,"Murata Manufacturing Company, Ltd.",all,installed_wafer_capacity,,,,,,file:///Users/simon/Downloads/SEMI_WFF_2026_1Q.xlsx
NVE - Non Volatilie Electronic Corporation 2026Q4 memory capacity 存储器 (SEMI WFF),,晶圆产能,SEMI WFF 2026 Q1 memory capacity observation.,2026Q4,562.5,200mm equivalent,global,/Users/simon/Downloads/SEMI_WFF_2026_1Q.xlsx,NVE - Non Volatilie Electronic Corporation,存储器,memory_capacity,,,,,,file:///Users/simon/Downloads/SEMI_WFF_2026_1Q.xlsx
NXP 2026Q4 installed wafer capacity (SEMI WFF),,晶圆产能,SEMI WFF 2026 Q1 installed wafer capacity observation.,2026Q4,137000,200mm equivalent,global,/Users/simon/Downloads/SEMI_WFF_2026_1Q.xlsx,NXP,all,installed_wafer_capacity,,,,,,file:///Users/simon/Downloads/SEMI_WFF_2026_1Q.xlsx
NXP 2026Q4 logic and micro capacity 逻辑与微器件 (SEMI WFF),,晶圆产能,SEMI WFF 2026 Q1 logic and micro capacity observation.,2026Q4,67000,200mm equivalent,global,/Users/simon/Downloads/SEMI_WFF_2026_1Q.xlsx,NXP,逻辑与微器件,logic_micro_capacity,,,,,,file:///Users/simon/Downloads/SEMI_WFF_2026_1Q.xlsx
"Nanjing Guosheng Electronic Co., Ltd. 2026Q4 installed wafer capacity (SEMI WFF)",,晶圆产能,SEMI WFF 2026 Q1 installed wafer capacity observation.,2026Q4,83750,200mm equivalent,global,/Users/simon/Downloads/SEMI_WFF_2026_1Q.xlsx,"Nanjing Guosheng Electronic Co., Ltd.",all,installed_wafer_capacity,,,,,,file:///Users/simon/Downloads/SEMI_WFF_2026_1Q.xlsx
Nanya Technology 2026Q4 installed wafer capacity (SEMI WFF),,晶圆产能,SEMI WFF 2026 Q1 installed wafer capacity observation.,2026Q4,128250,200mm equivalent,global,/Users/simon/Downloads/SEMI_WFF_2026_1Q.xlsx,Nanya Technology,all,installed_wafer_capacity,,,,,,file:///Users/simon/Downloads/SEMI_WFF_2026_1Q.xlsx
Nanya Technology 2026Q4 memory capacity 存储器 (SEMI WFF),,晶圆产能,SEMI WFF 2026 Q1 memory capacity observation.,2026Q4,128250,200mm equivalent,global,/Users/simon/Downloads/SEMI_WFF_2026_1Q.xlsx,Nanya Technology,存储器,memory_capacity,,,,,,file:///Users/simon/Downloads/SEMI_WFF_2026_1Q.xlsx
New Japan Radio 2026Q4 logic and micro capacity 逻辑与微器件 (SEMI WFF),,晶圆产能,SEMI WFF 2026 Q1 logic and micro capacity observation.,2026Q4,9796.875,200mm equivalent,global,/Users/simon/Downloads/SEMI_WFF_2026_1Q.xlsx,New Japan Radio,逻辑与微器件,logic_micro_capacity,,,,,,file:///Users/simon/Downloads/SEMI_WFF_2026_1Q.xlsx
Nexchip 2026Q4 foundry installed capacity foundry (SEMI WFF),,晶圆产能,SEMI WFF 2026 Q1 foundry installed capacity observation.,2026Q4,373500,200mm equivalent,global,/Users/simon/Downloads/SEMI_WFF_2026_1Q.xlsx,Nexchip,foundry,foundry_installed_capacity,,,,,,file:///Users/simon/Downloads/SEMI_WFF_2026_1Q.xlsx
Nexchip 2026Q4 geometry capacity (SEMI WFF),,晶圆产能,SEMI WFF 2026 Q1 geometry capacity observation.,2026Q4,373500,200mm equivalent,global,/Users/simon/Downloads/SEMI_WFF_2026_1Q.xlsx,Nexchip,总计,capacity_by_geometry,,,,,,file:///Users/simon/Downloads/SEMI_WFF_2026_1Q.xlsx
Nexchip 2026Q4 geometry capacity 047-079 (SEMI WFF),,晶圆产能,SEMI WFF 2026 Q1 geometry capacity observation.,2026Q4,247500,200mm equivalent,global,/Users/simon/Downloads/SEMI_WFF_2026_1Q.xlsx,Nexchip,047-079,capacity_by_geometry,,,,,,file:///Users/simon/Downloads/SEMI_WFF_2026_1Q.xlsx
Nexchip 2026Q4 installed wafer capacity (SEMI WFF),,晶圆产能,SEMI WFF 2026 Q1 installed wafer capacity observation.,2026Q4,373500,200mm equivalent,global,/Users/simon/Downloads/SEMI_WFF_2026_1Q.xlsx,Nexchip,all,installed_wafer_capacity,,,,,,file:///Users/simon/Downloads/SEMI_WFF_2026_1Q.xlsx
Nexperia 2026Q4 installed wafer capacity (SEMI WFF),,晶圆产能,SEMI WFF 2026 Q1 installed wafer capacity observation.,2026Q4,114812.5,200mm equivalent,global,/Users/simon/Downloads/SEMI_WFF_2026_1Q.xlsx,Nexperia,all,installed_wafer_capacity,,,,,,file:///Users/simon/Downloads/SEMI_WFF_2026_1Q.xlsx
Nichia Corporation 2026Q4 geometry capacity (SEMI WFF),,晶圆产能,SEMI WFF 2026 Q1 geometry capacity observation.,2026Q4,152468.75,200mm equivalent,global,/Users/simon/Downloads/SEMI_WFF_2026_1Q.xlsx,Nichia Corporation,总计,capacity_by_geometry,,,,,,file:///Users/simon/Downloads/SEMI_WFF_2026_1Q.xlsx
Nichia Corporation 2026Q4 geometry capacity 810-1300 (SEMI WFF),,晶圆产能,SEMI WFF 2026 Q1 geometry capacity observation.,2026Q4,142468.75,200mm equivalent,global,/Users/simon/Downloads/SEMI_WFF_2026_1Q.xlsx,Nichia Corporation,810-1300,capacity_by_geometry,,,,,,file:///Users/simon/Downloads/SEMI_WFF_2026_1Q.xlsx
Nichia Corporation 2026Q4 installed wafer capacity (SEMI WFF),,晶圆产能,SEMI WFF 2026 Q1 installed wafer capacity observation.,2026Q4,152468.75,200mm equivalent,global,/Users/simon/Downloads/SEMI_WFF_2026_1Q.xlsx,Nichia Corporation,all,installed_wafer_capacity,,,,,,file:///Users/simon/Downloads/SEMI_WFF_2026_1Q.xlsx
Ningbo Semiconductor International Corporation (NSI) 2026Q4 installed wafer capacity (SEMI WFF),,晶圆产能,SEMI WFF 2026 Q1 installed wafer capacity observation.,2026Q4,42500,200mm equivalent,global,/Users/simon/Downloads/SEMI_WFF_2026_1Q.xlsx,Ningbo Semiconductor International Corporation (NSI),all,installed_wafer_capacity,,,,,,file:///Users/simon/Downloads/SEMI_WFF_2026_1Q.xlsx
Nisshinbo 2026Q4 logic and micro capacity 逻辑与微器件 (SEMI WFF),,晶圆产能,SEMI WFF 2026 Q1 logic and micro capacity observation.,2026Q4,14375,200mm equivalent,global,/Users/simon/Downloads/SEMI_WFF_2026_1Q.xlsx,Nisshinbo,逻辑与微器件,logic_micro_capacity,,,,,,file:///Users/simon/Downloads/SEMI_WFF_2026_1Q.xlsx
Nuvoton Technology 2026Q4 logic and micro capacity 逻辑与微器件 (SEMI WFF),,晶圆产能,SEMI WFF 2026 Q1 logic and micro capacity observation.,2026Q4,28687.5,200mm equivalent,global,/Users/simon/Downloads/SEMI_WFF_2026_1Q.xlsx,Nuvoton Technology,逻辑与微器件,logic_micro_capacity,,,,,,file:///Users/simon/Downloads/SEMI_WFF_2026_1Q.xlsx
Optimal Perenni 2026Q4 foundry installed capacity foundry (SEMI WFF),,晶圆产能,SEMI WFF 2026 Q1 foundry installed capacity observation.,2026Q4,51750,200mm equivalent,global,/Users/simon/Downloads/SEMI_WFF_2026_1Q.xlsx,Optimal Perenni,foundry,foundry_installed_capacity,,,,,,file:///Users/simon/Downloads/SEMI_WFF_2026_1Q.xlsx
Optimal Perenni 2026Q4 installed wafer capacity (SEMI WFF),,晶圆产能,SEMI WFF 2026 Q1 installed wafer capacity observation.,2026Q4,51750,200mm equivalent,global,/Users/simon/Downloads/SEMI_WFF_2026_1Q.xlsx,Optimal Perenni,all,installed_wafer_capacity,,,,,,file:///Users/simon/Downloads/SEMI_WFF_2026_1Q.xlsx
Optimal Perenni 2026Q4 logic and micro capacity 逻辑与微器件 (SEMI WFF),,晶圆产能,SEMI WFF 2026 Q1 logic and micro capacity observation.,2026Q4,51750,200mm equivalent,global,/Users/simon/Downloads/SEMI_WFF_2026_1Q.xlsx,Optimal Perenni,逻辑与微器件,logic_micro_capacity,,,,,,file:///Users/simon/Downloads/SEMI_WFF_2026_1Q.xlsx
Panjit International 2026Q4 installed wafer capacity (SEMI WFF),,晶圆产能,SEMI WFF 2026 Q1 installed wafer capacity observation.,2026Q4,88312.5,200mm equivalent,global,/Users/simon/Downloads/SEMI_WFF_2026_1Q.xlsx,Panjit International,all,installed_wafer_capacity,,,,,,file:///Users/simon/Downloads/SEMI_WFF_2026_1Q.xlsx
Pengxinwei Semiconductor (PXW Semi) 2026Q4 foundry installed capacity foundry (SEMI WFF),,晶圆产能,SEMI WFF 2026 Q1 foundry installed capacity observation.,2026Q4,45000,200mm equivalent,global,/Users/simon/Downloads/SEMI_WFF_2026_1Q.xlsx,Pengxinwei Semiconductor (PXW Semi),foundry,foundry_installed_capacity,,,,,,file:///Users/simon/Downloads/SEMI_WFF_2026_1Q.xlsx
Pengxinwei Semiconductor (PXW Semi) 2026Q4 installed wafer capacity (SEMI WFF),,晶圆产能,SEMI WFF 2026 Q1 installed wafer capacity observation.,2026Q4,45000,200mm equivalent,global,/Users/simon/Downloads/SEMI_WFF_2026_1Q.xlsx,Pengxinwei Semiconductor (PXW Semi),all,installed_wafer_capacity,,,,,,file:///Users/simon/Downloads/SEMI_WFF_2026_1Q.xlsx
Pengxinwei Semiconductor (PXW Semi) 2026Q4 logic and micro capacity 逻辑与微器件 (SEMI WFF),,晶圆产能,SEMI WFF 2026 Q1 logic and micro capacity observation.,2026Q4,45000,200mm equivalent,global,/Users/simon/Downloads/SEMI_WFF_2026_1Q.xlsx,Pengxinwei Semiconductor (PXW Semi),逻辑与微器件,logic_micro_capacity,,,,,,file:///Users/simon/Downloads/SEMI_WFF_2026_1Q.xlsx
Pensun Technology (PST Semi) 2026Q4 foundry installed capacity foundry (SEMI WFF),,晶圆产能,SEMI WFF 2026 Q1 foundry installed capacity observation.,2026Q4,45000,200mm equivalent,global,/Users/simon/Downloads/SEMI_WFF_2026_1Q.xlsx,Pensun Technology (PST Semi),foundry,foundry_installed_capacity,,,,,,file:///Users/simon/Downloads/SEMI_WFF_2026_1Q.xlsx
Pensun Technology (PST Semi) 2026Q4 installed wafer capacity (SEMI WFF),,晶圆产能,SEMI WFF 2026 Q1 installed wafer capacity observation.,2026Q4,45000,200mm equivalent,global,/Users/simon/Downloads/SEMI_WFF_2026_1Q.xlsx,Pensun Technology (PST Semi),all,installed_wafer_capacity,,,,,,file:///Users/simon/Downloads/SEMI_WFF_2026_1Q.xlsx
Pensun Technology (PST Semi) 2026Q4 logic and micro capacity 逻辑与微器件 (SEMI WFF),,晶圆产能,SEMI WFF 2026 Q1 logic and micro capacity observation.,2026Q4,45000,200mm equivalent,global,/Users/simon/Downloads/SEMI_WFF_2026_1Q.xlsx,Pensun Technology (PST Semi),逻辑与微器件,logic_micro_capacity,,,,,,file:///Users/simon/Downloads/SEMI_WFF_2026_1Q.xlsx
Phenitec Semicondcutor 2026Q4 installed wafer capacity (SEMI WFF),,晶圆产能,SEMI WFF 2026 Q1 installed wafer capacity observation.,2026Q4,53218.75,200mm equivalent,global,/Users/simon/Downloads/SEMI_WFF_2026_1Q.xlsx,Phenitec Semicondcutor,all,installed_wafer_capacity,,,,,,file:///Users/simon/Downloads/SEMI_WFF_2026_1Q.xlsx
"Polar Semiconductor, Inc (PSI) (Polarfab) 2026Q4 installed wafer capacity (SEMI WFF)",,晶圆产能,SEMI WFF 2026 Q1 installed wafer capacity observation.,2026Q4,39000,200mm equivalent,global,/Users/simon/Downloads/SEMI_WFF_2026_1Q.xlsx,"Polar Semiconductor, Inc (PSI) (Polarfab)",all,installed_wafer_capacity,,,,,,file:///Users/simon/Downloads/SEMI_WFF_2026_1Q.xlsx
Powerchip Semiconductor Manufacturing Corp (PSMC) 2026Q4 foundry installed capacity foundry (SEMI WFF),,晶圆产能,SEMI WFF 2026 Q1 foundry installed capacity observation.,2026Q4,370500,200mm equivalent,global,/Users/simon/Downloads/SEMI_WFF_2026_1Q.xlsx,Powerchip Semiconductor Manufacturing Corp (PSMC),foundry,foundry_installed_capacity,,,,,,file:///Users/simon/Downloads/SEMI_WFF_2026_1Q.xlsx
Powerchip Semiconductor Manufacturing Corp (PSMC) 2026Q4 geometry capacity (SEMI WFF),,晶圆产能,SEMI WFF 2026 Q1 geometry capacity observation.,2026Q4,370500,200mm equivalent,global,/Users/simon/Downloads/SEMI_WFF_2026_1Q.xlsx,Powerchip Semiconductor Manufacturing Corp (PSMC),总计,capacity_by_geometry,,,,,,file:///Users/simon/Downloads/SEMI_WFF_2026_1Q.xlsx
Powerchip Semiconductor Manufacturing Corp (PSMC) 2026Q4 geometry capacity 021-033 (SEMI WFF),,晶圆产能,SEMI WFF 2026 Q1 geometry capacity observation.,2026Q4,168750,200mm equivalent,global,/Users/simon/Downloads/SEMI_WFF_2026_1Q.xlsx,Powerchip Semiconductor Manufacturing Corp (PSMC),021-033,capacity_by_geometry,,,,,,file:///Users/simon/Downloads/SEMI_WFF_2026_1Q.xlsx
Powerchip Semiconductor Manufacturing Corp (PSMC) 2026Q4 installed wafer capacity (SEMI WFF),,晶圆产能,SEMI WFF 2026 Q1 installed wafer capacity observation.,2026Q4,370500,200mm equivalent,global,/Users/simon/Downloads/SEMI_WFF_2026_1Q.xlsx,Powerchip Semiconductor Manufacturing Corp (PSMC),all,installed_wafer_capacity,,,,,,file:///Users/simon/Downloads/SEMI_WFF_2026_1Q.xlsx
Powerchip Semiconductor Manufacturing Corp (PSMC) 2026Q4 memory capacity 存储器 (SEMI WFF),,晶圆产能,SEMI WFF 2026 Q1 memory capacity observation.,2026Q4,78750,200mm equivalent,global,/Users/simon/Downloads/SEMI_WFF_2026_1Q.xlsx,Powerchip Semiconductor Manufacturing Corp (PSMC),存储器,memory_capacity,,,,,,file:///Users/simon/Downloads/SEMI_WFF_2026_1Q.xlsx
Qorvo Inc. 2026Q4 installed wafer capacity (SEMI WFF),,晶圆产能,SEMI WFF 2026 Q1 installed wafer capacity observation.,2026Q4,84304.25,200mm equivalent,global,/Users/simon/Downloads/SEMI_WFF_2026_1Q.xlsx,Qorvo Inc.,all,installed_wafer_capacity,,,,,,file:///Users/simon/Downloads/SEMI_WFF_2026_1Q.xlsx
RCL Semiconductors Ltd. 2026Q4 logic and micro capacity 逻辑与微器件 (SEMI WFF),,晶圆产能,SEMI WFF 2026 Q1 logic and micro capacity observation.,2026Q4,9765.625,200mm equivalent,global,/Users/simon/Downloads/SEMI_WFF_2026_1Q.xlsx,RCL Semiconductors Ltd.,逻辑与微器件,logic_micro_capacity,,,,,,file:///Users/simon/Downloads/SEMI_WFF_2026_1Q.xlsx
Rapidus 2026Q4 logic and micro capacity 逻辑与微器件 (SEMI WFF),,晶圆产能,SEMI WFF 2026 Q1 logic and micro capacity observation.,2026Q4,19125,200mm equivalent,global,/Users/simon/Downloads/SEMI_WFF_2026_1Q.xlsx,Rapidus,逻辑与微器件,logic_micro_capacity,,,,,,file:///Users/simon/Downloads/SEMI_WFF_2026_1Q.xlsx
Renesas 2026Q4 geometry capacity (SEMI WFF),,晶圆产能,SEMI WFF 2026 Q1 geometry capacity observation.,2026Q4,285687.5,200mm equivalent,global,/Users/simon/Downloads/SEMI_WFF_2026_1Q.xlsx,Renesas,总计,capacity_by_geometry,,,,,,file:///Users/simon/Downloads/SEMI_WFF_2026_1Q.xlsx
Renesas 2026Q4 geometry capacity 080-130 (SEMI WFF),,晶圆产能,SEMI WFF 2026 Q1 geometry capacity observation.,2026Q4,185000,200mm equivalent,global,/Users/simon/Downloads/SEMI_WFF_2026_1Q.xlsx,Renesas,080-130,capacity_by_geometry,,,,,,file:///Users/simon/Downloads/SEMI_WFF_2026_1Q.xlsx
Renesas 2026Q4 installed wafer capacity (SEMI WFF),,晶圆产能,SEMI WFF 2026 Q1 installed wafer capacity observation.,2026Q4,285687.5,200mm equivalent,global,/Users/simon/Downloads/SEMI_WFF_2026_1Q.xlsx,Renesas,all,installed_wafer_capacity,,,,,,file:///Users/simon/Downloads/SEMI_WFF_2026_1Q.xlsx
Renesas 2026Q4 logic and micro capacity 逻辑与微器件 (SEMI WFF),,晶圆产能,SEMI WFF 2026 Q1 logic and micro capacity observation.,2026Q4,198500,200mm equivalent,global,/Users/simon/Downloads/SEMI_WFF_2026_1Q.xlsx,Renesas,逻辑与微器件,logic_micro_capacity,,,,,,file:///Users/simon/Downloads/SEMI_WFF_2026_1Q.xlsx
Resonac 2026Q4 installed wafer capacity (SEMI WFF),,晶圆产能,SEMI WFF 2026 Q1 installed wafer capacity observation.,2026Q4,36937.5,200mm equivalent,global,/Users/simon/Downloads/SEMI_WFF_2026_1Q.xlsx,Resonac,all,installed_wafer_capacity,,,,,,file:///Users/simon/Downloads/SEMI_WFF_2026_1Q.xlsx
Rohm 2026Q4 geometry capacity (SEMI WFF),,晶圆产能,SEMI WFF 2026 Q1 geometry capacity observation.,2026Q4,162812.5,200mm equivalent,global,/Users/simon/Downloads/SEMI_WFF_2026_1Q.xlsx,Rohm,总计,capacity_by_geometry,,,,,,file:///Users/simon/Downloads/SEMI_WFF_2026_1Q.xlsx
Rohm 2026Q4 installed wafer capacity (SEMI WFF),,晶圆产能,SEMI WFF 2026 Q1 installed wafer capacity observation.,2026Q4,162812.5,200mm equivalent,global,/Users/simon/Downloads/SEMI_WFF_2026_1Q.xlsx,Rohm,all,installed_wafer_capacity,,,,,,file:///Users/simon/Downloads/SEMI_WFF_2026_1Q.xlsx
Rohm 2026Q4 logic and micro capacity 逻辑与微器件 (SEMI WFF),,晶圆产能,SEMI WFF 2026 Q1 logic and micro capacity observation.,2026Q4,86750,200mm equivalent,global,/Users/simon/Downloads/SEMI_WFF_2026_1Q.xlsx,Rohm,逻辑与微器件,logic_micro_capacity,,,,,,file:///Users/simon/Downloads/SEMI_WFF_2026_1Q.xlsx
Rong Semi (former HIDM Tacoma) 2026Q4 installed wafer capacity (SEMI WFF),,晶圆产能,SEMI WFF 2026 Q1 installed wafer capacity observation.,2026Q4,45000,200mm equivalent,global,/Users/simon/Downloads/SEMI_WFF_2026_1Q.xlsx,Rong Semi (former HIDM Tacoma),all,installed_wafer_capacity,,,,,,file:///Users/simon/Downloads/SEMI_WFF_2026_1Q.xlsx
SK Hynix 2026Q4 foundry installed capacity foundry (SEMI WFF),,晶圆产能,SEMI WFF 2026 Q1 foundry installed capacity observation.,2026Q4,120000,200mm equivalent,global,/Users/simon/Downloads/SEMI_WFF_2026_1Q.xlsx,SK Hynix,foundry,foundry_installed_capacity,,,,,,file:///Users/simon/Downloads/SEMI_WFF_2026_1Q.xlsx
SK Hynix 2026Q4 geometry capacity (SEMI WFF),,晶圆产能,SEMI WFF 2026 Q1 geometry capacity observation.,2026Q4,2115750.708791209,200mm equivalent,global,/Users/simon/Downloads/SEMI_WFF_2026_1Q.xlsx,SK Hynix,总计,capacity_by_geometry,,,,,,file:///Users/simon/Downloads/SEMI_WFF_2026_1Q.xlsx
SK Hynix 2026Q4 geometry capacity 011-016 (SEMI WFF),,晶圆产能,SEMI WFF 2026 Q1 geometry capacity observation.,2026Q4,969750,200mm equivalent,global,/Users/simon/Downloads/SEMI_WFF_2026_1Q.xlsx,SK Hynix,011-016,capacity_by_geometry,,,,,,file:///Users/simon/Downloads/SEMI_WFF_2026_1Q.xlsx
SK Hynix 2026Q4 geometry capacity 017-020 (SEMI WFF),,晶圆产能,SEMI WFF 2026 Q1 geometry capacity observation.,2026Q4,778500.7087912089,200mm equivalent,global,/Users/simon/Downloads/SEMI_WFF_2026_1Q.xlsx,SK Hynix,017-020,capacity_by_geometry,,,,,,file:///Users/simon/Downloads/SEMI_WFF_2026_1Q.xlsx
SK Hynix 2026Q4 geometry capacity 021-033 (SEMI WFF),,晶圆产能,SEMI WFF 2026 Q1 geometry capacity observation.,2026Q4,247500,200mm equivalent,global,/Users/simon/Downloads/SEMI_WFF_2026_1Q.xlsx,SK Hynix,021-033,capacity_by_geometry,,,,,,file:///Users/simon/Downloads/SEMI_WFF_2026_1Q.xlsx
SK Hynix 2026Q4 installed wafer capacity (SEMI WFF),,晶圆产能,SEMI WFF 2026 Q1 installed wafer capacity observation by company.,2026Q4,2115750.708791209,200mm equivalent,global,/Users/simon/Downloads/SEMI_WFF_2026_1Q.xlsx,SK Hynix,all,installed_wafer_capacity,1976000.708791209,2185500.708791209,,,,file:///Users/simon/Downloads/SEMI_WFF_2026_1Q.xlsx
SK Hynix 2026Q4 memory capacity 存储器 (SEMI WFF),,晶圆产能,SEMI WFF 2026 Q1 memory capacity observation.,2026Q4,1995750.708791209,200mm equivalent,global,/Users/simon/Downloads/SEMI_WFF_2026_1Q.xlsx,SK Hynix,存储器,memory_capacity,,,,,,file:///Users/simon/Downloads/SEMI_WFF_2026_1Q.xlsx
SK Siltron 2026Q4 installed wafer capacity (SEMI WFF),,晶圆产能,SEMI WFF 2026 Q1 installed wafer capacity observation.,2026Q4,45000,200mm equivalent,global,/Users/simon/Downloads/SEMI_WFF_2026_1Q.xlsx,SK Siltron,all,installed_wafer_capacity,,,,,,file:///Users/simon/Downloads/SEMI_WFF_2026_1Q.xlsx
SK keyfoundry (was Key Foundry) 2026Q4 foundry installed capacity foundry (SEMI WFF),,晶圆产能,SEMI WFF 2026 Q1 foundry installed capacity observation.,2026Q4,93000,200mm equivalent,global,/Users/simon/Downloads/SEMI_WFF_2026_1Q.xlsx,SK keyfoundry (was Key Foundry),foundry,foundry_installed_capacity,,,,,,file:///Users/simon/Downloads/SEMI_WFF_2026_1Q.xlsx
SK keyfoundry (was Key Foundry) 2026Q4 installed wafer capacity (SEMI WFF),,晶圆产能,SEMI WFF 2026 Q1 installed wafer capacity observation.,2026Q4,93000,200mm equivalent,global,/Users/simon/Downloads/SEMI_WFF_2026_1Q.xlsx,SK keyfoundry (was Key Foundry),all,installed_wafer_capacity,,,,,,file:///Users/simon/Downloads/SEMI_WFF_2026_1Q.xlsx
SMIC 2026Q4 foundry installed capacity foundry (SEMI WFF),,晶圆产能,SEMI WFF 2026 Q1 foundry installed capacity observation.,2026Q4,1153750,200mm equivalent,global,/Users/simon/Downloads/SEMI_WFF_2026_1Q.xlsx,SMIC,foundry,foundry_installed_capacity,,,,,,file:///Users/simon/Downloads/SEMI_WFF_2026_1Q.xlsx
SMIC 2026Q4 geometry capacity (SEMI WFF),,晶圆产能,SEMI WFF 2026 Q1 geometry capacity observation.,2026Q4,1153750,200mm equivalent,global,/Users/simon/Downloads/SEMI_WFF_2026_1Q.xlsx,SMIC,总计,capacity_by_geometry,,,,,,file:///Users/simon/Downloads/SEMI_WFF_2026_1Q.xlsx
SMIC 2026Q4 geometry capacity 021-033 (SEMI WFF),,晶圆产能,SEMI WFF 2026 Q1 geometry capacity observation.,2026Q4,551250,200mm equivalent,global,/Users/simon/Downloads/SEMI_WFF_2026_1Q.xlsx,SMIC,021-033,capacity_by_geometry,,,,,,file:///Users/simon/Downloads/SEMI_WFF_2026_1Q.xlsx
SMIC 2026Q4 geometry capacity 080-130 (SEMI WFF),,晶圆产能,SEMI WFF 2026 Q1 geometry capacity observation.,2026Q4,308000,200mm equivalent,global,/Users/simon/Downloads/SEMI_WFF_2026_1Q.xlsx,SMIC,080-130,capacity_by_geometry,,,,,,file:///Users/simon/Downloads/SEMI_WFF_2026_1Q.xlsx
SMIC 2026Q4 installed wafer capacity (SEMI WFF),,晶圆产能,SEMI WFF 2026 Q1 installed wafer capacity observation by company.,2026Q4,1153750,200mm equivalent,global,/Users/simon/Downloads/SEMI_WFF_2026_1Q.xlsx,SMIC,all,installed_wafer_capacity,1063000,1280500,,,,file:///Users/simon/Downloads/SEMI_WFF_2026_1Q.xlsx
SMIC 2026Q4 logic and micro capacity 逻辑与微器件 (SEMI WFF),,晶圆产能,SEMI WFF 2026 Q1 logic and micro capacity observation.,2026Q4,632250,200mm equivalent,global,/Users/simon/Downloads/SEMI_WFF_2026_1Q.xlsx,SMIC,逻辑与微器件,logic_micro_capacity,,,,,,file:///Users/simon/Downloads/SEMI_WFF_2026_1Q.xlsx
SOITEC Silicon On Insulator Technologies 2026Q4 installed wafer capacity (SEMI WFF),,晶圆产能,SEMI WFF 2026 Q1 installed wafer capacity observation by company.,2026Q4,611812.5,200mm equivalent,global,/Users/simon/Downloads/SEMI_WFF_2026_1Q.xlsx,SOITEC Silicon On Insulator Technologies,all,installed_wafer_capacity,546562.5,672562.5,,,,file:///Users/simon/Downloads/SEMI_WFF_2026_1Q.xlsx
STMicroelectronics 2026Q4 geometry capacity (SEMI WFF),,晶圆产能,SEMI WFF 2026 Q1 geometry capacity observation.,2026Q4,724350.0000411766,200mm equivalent,global,/Users/simon/Downloads/SEMI_WFF_2026_1Q.xlsx,STMicroelectronics,总计,capacity_by_geometry,,,,,,file:///Users/simon/Downloads/SEMI_WFF_2026_1Q.xlsx
STMicroelectronics 2026Q4 geometry capacity 080-130 (SEMI WFF),,晶圆产能,SEMI WFF 2026 Q1 geometry capacity observation.,2026Q4,306000.0000411765,200mm equivalent,global,/Users/simon/Downloads/SEMI_WFF_2026_1Q.xlsx,STMicroelectronics,080-130,capacity_by_geometry,,,,,,file:///Users/simon/Downloads/SEMI_WFF_2026_1Q.xlsx
STMicroelectronics 2026Q4 installed wafer capacity (SEMI WFF),,晶圆产能,SEMI WFF 2026 Q1 installed wafer capacity observation by company.,2026Q4,797537.5000411766,200mm equivalent,global,/Users/simon/Downloads/SEMI_WFF_2026_1Q.xlsx,STMicroelectronics,all,installed_wafer_capacity,751912.5000411766,839750.0000411766,,,,file:///Users/simon/Downloads/SEMI_WFF_2026_1Q.xlsx
STMicroelectronics 2026Q4 logic and micro capacity 逻辑与微器件 (SEMI WFF),,晶圆产能,SEMI WFF 2026 Q1 logic and micro capacity observation.,2026Q4,179750,200mm equivalent,global,/Users/simon/Downloads/SEMI_WFF_2026_1Q.xlsx,STMicroelectronics,逻辑与微器件,logic_micro_capacity,,,,,,file:///Users/simon/Downloads/SEMI_WFF_2026_1Q.xlsx
Samsung 2026Q4 foundry installed capacity foundry (SEMI WFF),,晶圆产能,SEMI WFF 2026 Q1 foundry installed capacity observation.,2026Q4,693500,200mm equivalent,global,/Users/simon/Downloads/SEMI_WFF_2026_1Q.xlsx,Samsung,foundry,foundry_installed_capacity,,,,,,file:///Users/simon/Downloads/SEMI_WFF_2026_1Q.xlsx
Samsung 2026Q4 geometry capacity (SEMI WFF),,晶圆产能,SEMI WFF 2026 Q1 geometry capacity observation.,2026Q4,3743488.34,200mm equivalent,global,/Users/simon/Downloads/SEMI_WFF_2026_1Q.xlsx,Samsung,总计,capacity_by_geometry,,,,,,file:///Users/simon/Downloads/SEMI_WFF_2026_1Q.xlsx
Samsung 2026Q4 geometry capacity 003-005 (SEMI WFF),,晶圆产能,SEMI WFF 2026 Q1 geometry capacity observation.,2026Q4,253125,200mm equivalent,global,/Users/simon/Downloads/SEMI_WFF_2026_1Q.xlsx,Samsung,003-005,capacity_by_geometry,,,,,,file:///Users/simon/Downloads/SEMI_WFF_2026_1Q.xlsx
Samsung 2026Q4 geometry capacity 011-016 (SEMI WFF),,晶圆产能,SEMI WFF 2026 Q1 geometry capacity observation.,2026Q4,1885500.09,200mm equivalent,global,/Users/simon/Downloads/SEMI_WFF_2026_1Q.xlsx,Samsung,011-016,capacity_by_geometry,,,,,,file:///Users/simon/Downloads/SEMI_WFF_2026_1Q.xlsx
Samsung 2026Q4 geometry capacity 017-020 (SEMI WFF),,晶圆产能,SEMI WFF 2026 Q1 geometry capacity observation.,2026Q4,144000,200mm equivalent,global,/Users/simon/Downloads/SEMI_WFF_2026_1Q.xlsx,Samsung,017-020,capacity_by_geometry,,,,,,file:///Users/simon/Downloads/SEMI_WFF_2026_1Q.xlsx
Samsung 2026Q4 geometry capacity 021-033 (SEMI WFF),,晶圆产能,SEMI WFF 2026 Q1 geometry capacity observation.,2026Q4,1110375.75,200mm equivalent,global,/Users/simon/Downloads/SEMI_WFF_2026_1Q.xlsx,Samsung,021-033,capacity_by_geometry,,,,,,file:///Users/simon/Downloads/SEMI_WFF_2026_1Q.xlsx
Samsung 2026Q4 geometry capacity 047-079 (SEMI WFF),,晶圆产能,SEMI WFF 2026 Q1 geometry capacity observation.,2026Q4,185000,200mm equivalent,global,/Users/simon/Downloads/SEMI_WFF_2026_1Q.xlsx,Samsung,047-079,capacity_by_geometry,,,,,,file:///Users/simon/Downloads/SEMI_WFF_2026_1Q.xlsx
Samsung 2026Q4 installed wafer capacity (SEMI WFF),,晶圆产能,SEMI WFF 2026 Q1 installed wafer capacity observation by company.,2026Q4,3743488.34,200mm equivalent,global,/Users/simon/Downloads/SEMI_WFF_2026_1Q.xlsx,Samsung,all,installed_wafer_capacity,4044737.59,3708488.34,,,,file:///Users/simon/Downloads/SEMI_WFF_2026_1Q.xlsx
Samsung 2026Q4 logic and micro capacity 逻辑与微器件 (SEMI WFF),,晶圆产能,SEMI WFF 2026 Q1 logic and micro capacity observation.,2026Q4,693500,200mm equivalent,global,/Users/simon/Downloads/SEMI_WFF_2026_1Q.xlsx,Samsung,逻辑与微器件,logic_micro_capacity,,,,,,file:///Users/simon/Downloads/SEMI_WFF_2026_1Q.xlsx
Samsung 2026Q4 memory capacity 存储器 (SEMI WFF),,晶圆产能,SEMI WFF 2026 Q1 memory capacity observation.,2026Q4,2838375.84,200mm equivalent,global,/Users/simon/Downloads/SEMI_WFF_2026_1Q.xlsx,Samsung,存储器,memory_capacity,,,,,,file:///Users/simon/Downloads/SEMI_WFF_2026_1Q.xlsx
Sanan Optoelectronics 2026Q4 geometry capacity (SEMI WFF),,晶圆产能,SEMI WFF 2026 Q1 geometry capacity observation.,2026Q4,212500,200mm equivalent,global,/Users/simon/Downloads/SEMI_WFF_2026_1Q.xlsx,Sanan Optoelectronics,总计,capacity_by_geometry,,,,,,file:///Users/simon/Downloads/SEMI_WFF_2026_1Q.xlsx
Sanan Optoelectronics 2026Q4 installed wafer capacity (SEMI WFF),,晶圆产能,SEMI WFF 2026 Q1 installed wafer capacity observation.,2026Q4,274250,200mm equivalent,global,/Users/simon/Downloads/SEMI_WFF_2026_1Q.xlsx,Sanan Optoelectronics,all,installed_wafer_capacity,,,,,,file:///Users/simon/Downloads/SEMI_WFF_2026_1Q.xlsx
"Sanken Electric Co., Ltd. 2026Q4 installed wafer capacity (SEMI WFF)",,晶圆产能,SEMI WFF 2026 Q1 installed wafer capacity observation.,2026Q4,43843.75,200mm equivalent,global,/Users/simon/Downloads/SEMI_WFF_2026_1Q.xlsx,"Sanken Electric Co., Ltd.",all,installed_wafer_capacity,,,,,,file:///Users/simon/Downloads/SEMI_WFF_2026_1Q.xlsx
Seagate 2026Q4 installed wafer capacity (SEMI WFF),,晶圆产能,SEMI WFF 2026 Q1 installed wafer capacity observation.,2026Q4,50750,200mm equivalent,global,/Users/simon/Downloads/SEMI_WFF_2026_1Q.xlsx,Seagate,all,installed_wafer_capacity,,,,,,file:///Users/simon/Downloads/SEMI_WFF_2026_1Q.xlsx
Seiko Epson Corporation 2026Q4 installed wafer capacity (SEMI WFF),,晶圆产能,SEMI WFF 2026 Q1 installed wafer capacity observation.,2026Q4,97250,200mm equivalent,global,/Users/simon/Downloads/SEMI_WFF_2026_1Q.xlsx,Seiko Epson Corporation,all,installed_wafer_capacity,,,,,,file:///Users/simon/Downloads/SEMI_WFF_2026_1Q.xlsx
Seiko Epson Corporation 2026Q4 logic and micro capacity 逻辑与微器件 (SEMI WFF),,晶圆产能,SEMI WFF 2026 Q1 logic and micro capacity observation.,2026Q4,46875,200mm equivalent,global,/Users/simon/Downloads/SEMI_WFF_2026_1Q.xlsx,Seiko Epson Corporation,逻辑与微器件,logic_micro_capacity,,,,,,file:///Users/simon/Downloads/SEMI_WFF_2026_1Q.xlsx
Seoul Semiconductor (SSC) 2026Q4 installed wafer capacity (SEMI WFF),,晶圆产能,SEMI WFF 2026 Q1 installed wafer capacity observation.,2026Q4,45000,200mm equivalent,global,/Users/simon/Downloads/SEMI_WFF_2026_1Q.xlsx,Seoul Semiconductor (SSC),all,installed_wafer_capacity,,,,,,file:///Users/simon/Downloads/SEMI_WFF_2026_1Q.xlsx
Shanghai IC R&D Center (ICRD) 2026Q4 installed wafer capacity (SEMI WFF),,晶圆产能,SEMI WFF 2026 Q1 installed wafer capacity observation.,2026Q4,51750,200mm equivalent,global,/Users/simon/Downloads/SEMI_WFF_2026_1Q.xlsx,Shanghai IC R&D Center (ICRD),all,installed_wafer_capacity,,,,,,file:///Users/simon/Downloads/SEMI_WFF_2026_1Q.xlsx
Sharp 2026Q4 logic and micro capacity 逻辑与微器件 (SEMI WFF),,晶圆产能,SEMI WFF 2026 Q1 logic and micro capacity observation.,2026Q4,292.96875,200mm equivalent,global,/Users/simon/Downloads/SEMI_WFF_2026_1Q.xlsx,Sharp,逻辑与微器件,logic_micro_capacity,,,,,,file:///Users/simon/Downloads/SEMI_WFF_2026_1Q.xlsx
Shenzhen MTC LED 2026Q4 geometry capacity (SEMI WFF),,晶圆产能,SEMI WFF 2026 Q1 geometry capacity observation.,2026Q4,275000,200mm equivalent,global,/Users/simon/Downloads/SEMI_WFF_2026_1Q.xlsx,Shenzhen MTC LED,总计,capacity_by_geometry,,,,,,file:///Users/simon/Downloads/SEMI_WFF_2026_1Q.xlsx
Shenzhen MTC LED 2026Q4 geometry capacity 1310 up (SEMI WFF),,晶圆产能,SEMI WFF 2026 Q1 geometry capacity observation.,2026Q4,275000,200mm equivalent,global,/Users/simon/Downloads/SEMI_WFF_2026_1Q.xlsx,Shenzhen MTC LED,1310 up,capacity_by_geometry,,,,,,file:///Users/simon/Downloads/SEMI_WFF_2026_1Q.xlsx
Shenzhen MTC LED 2026Q4 installed wafer capacity (SEMI WFF),,晶圆产能,SEMI WFF 2026 Q1 installed wafer capacity observation.,2026Q4,275000,200mm equivalent,global,/Users/simon/Downloads/SEMI_WFF_2026_1Q.xlsx,Shenzhen MTC LED,all,installed_wafer_capacity,,,,,,file:///Users/simon/Downloads/SEMI_WFF_2026_1Q.xlsx
"Shindengen Electric Manufacturing Co., Ltd. 2026Q4 geometry capacity (SEMI WFF)",,晶圆产能,SEMI WFF 2026 Q1 geometry capacity observation.,2026Q4,153984.375,200mm equivalent,global,/Users/simon/Downloads/SEMI_WFF_2026_1Q.xlsx,"Shindengen Electric Manufacturing Co., Ltd.",总计,capacity_by_geometry,,,,,,file:///Users/simon/Downloads/SEMI_WFF_2026_1Q.xlsx
"Shindengen Electric Manufacturing Co., Ltd. 2026Q4 geometry capacity 1310 up (SEMI WFF)",,晶圆产能,SEMI WFF 2026 Q1 geometry capacity observation.,2026Q4,138359.375,200mm equivalent,global,/Users/simon/Downloads/SEMI_WFF_2026_1Q.xlsx,"Shindengen Electric Manufacturing Co., Ltd.",1310 up,capacity_by_geometry,,,,,,file:///Users/simon/Downloads/SEMI_WFF_2026_1Q.xlsx
"Shindengen Electric Manufacturing Co., Ltd. 2026Q4 installed wafer capacity (SEMI WFF)",,晶圆产能,SEMI WFF 2026 Q1 installed wafer capacity observation.,2026Q4,153984.375,200mm equivalent,global,/Users/simon/Downloads/SEMI_WFF_2026_1Q.xlsx,"Shindengen Electric Manufacturing Co., Ltd.",all,installed_wafer_capacity,,,,,,file:///Users/simon/Downloads/SEMI_WFF_2026_1Q.xlsx
"SiEn Integrated Circuits Co., Ltd. 2026Q4 foundry installed capacity foundry (SEMI WFF)",,晶圆产能,SEMI WFF 2026 Q1 foundry installed capacity observation.,2026Q4,131250,200mm equivalent,global,/Users/simon/Downloads/SEMI_WFF_2026_1Q.xlsx,"SiEn Integrated Circuits Co., Ltd.",foundry,foundry_installed_capacity,,,,,,file:///Users/simon/Downloads/SEMI_WFF_2026_1Q.xlsx
"SiEn Integrated Circuits Co., Ltd. 2026Q4 installed wafer capacity (SEMI WFF)",,晶圆产能,SEMI WFF 2026 Q1 installed wafer capacity observation.,2026Q4,131250,200mm equivalent,global,/Users/simon/Downloads/SEMI_WFF_2026_1Q.xlsx,"SiEn Integrated Circuits Co., Ltd.",all,installed_wafer_capacity,,,,,,file:///Users/simon/Downloads/SEMI_WFF_2026_1Q.xlsx
"SiEn Integrated Circuits Co., Ltd. 2026Q4 logic and micro capacity 逻辑与微器件 (SEMI WFF)",,晶圆产能,SEMI WFF 2026 Q1 logic and micro capacity observation.,2026Q4,94500,200mm equivalent,global,/Users/simon/Downloads/SEMI_WFF_2026_1Q.xlsx,"SiEn Integrated Circuits Co., Ltd.",逻辑与微器件,logic_micro_capacity,,,,,,file:///Users/simon/Downloads/SEMI_WFF_2026_1Q.xlsx
SilTerra Malaysia Sdn. Bhd. 2026Q4 foundry installed capacity foundry (SEMI WFF),,晶圆产能,SEMI WFF 2026 Q1 foundry installed capacity observation.,2026Q4,55000,200mm equivalent,global,/Users/simon/Downloads/SEMI_WFF_2026_1Q.xlsx,SilTerra Malaysia Sdn. Bhd.,foundry,foundry_installed_capacity,,,,,,file:///Users/simon/Downloads/SEMI_WFF_2026_1Q.xlsx
SilTerra Malaysia Sdn. Bhd. 2026Q4 installed wafer capacity (SEMI WFF),,晶圆产能,SEMI WFF 2026 Q1 installed wafer capacity observation.,2026Q4,55000,200mm equivalent,global,/Users/simon/Downloads/SEMI_WFF_2026_1Q.xlsx,SilTerra Malaysia Sdn. Bhd.,all,installed_wafer_capacity,,,,,,file:///Users/simon/Downloads/SEMI_WFF_2026_1Q.xlsx
"Silan Microelectronics Co., Ltd. 2026Q4 geometry capacity (SEMI WFF)",,晶圆产能,SEMI WFF 2026 Q1 geometry capacity observation.,2026Q4,502250,200mm equivalent,global,/Users/simon/Downloads/SEMI_WFF_2026_1Q.xlsx,"Silan Microelectronics Co., Ltd.",总计,capacity_by_geometry,,,,,,file:///Users/simon/Downloads/SEMI_WFF_2026_1Q.xlsx
"Silan Microelectronics Co., Ltd. 2026Q4 geometry capacity 080-130 (SEMI WFF)",,晶圆产能,SEMI WFF 2026 Q1 geometry capacity observation.,2026Q4,247500,200mm equivalent,global,/Users/simon/Downloads/SEMI_WFF_2026_1Q.xlsx,"Silan Microelectronics Co., Ltd.",080-130,capacity_by_geometry,,,,,,file:///Users/simon/Downloads/SEMI_WFF_2026_1Q.xlsx
"Silan Microelectronics Co., Ltd. 2026Q4 installed wafer capacity (SEMI WFF)",,晶圆产能,SEMI WFF 2026 Q1 installed wafer capacity observation by company.,2026Q4,502250,200mm equivalent,global,/Users/simon/Downloads/SEMI_WFF_2026_1Q.xlsx,"Silan Microelectronics Co., Ltd.",all,installed_wafer_capacity,466250,538250,,,,file:///Users/simon/Downloads/SEMI_WFF_2026_1Q.xlsx
Silex Microsystems AB 2026Q4 installed wafer capacity (SEMI WFF),,晶圆产能,SEMI WFF 2026 Q1 installed wafer capacity observation.,2026Q4,35000,200mm equivalent,global,/Users/simon/Downloads/SEMI_WFF_2026_1Q.xlsx,Silex Microsystems AB,all,installed_wafer_capacity,,,,,,file:///Users/simon/Downloads/SEMI_WFF_2026_1Q.xlsx
Skywater 2026Q4 foundry installed capacity foundry (SEMI WFF),,晶圆产能,SEMI WFF 2026 Q1 foundry installed capacity observation.,2026Q4,62500,200mm equivalent,global,/Users/simon/Downloads/SEMI_WFF_2026_1Q.xlsx,Skywater,foundry,foundry_installed_capacity,,,,,,file:///Users/simon/Downloads/SEMI_WFF_2026_1Q.xlsx
Skywater 2026Q4 installed wafer capacity (SEMI WFF),,晶圆产能,SEMI WFF 2026 Q1 installed wafer capacity observation.,2026Q4,62500,200mm equivalent,global,/Users/simon/Downloads/SEMI_WFF_2026_1Q.xlsx,Skywater,all,installed_wafer_capacity,,,,,,file:///Users/simon/Downloads/SEMI_WFF_2026_1Q.xlsx
Sony 2026Q4 geometry capacity (SEMI WFF),,晶圆产能,SEMI WFF 2026 Q1 geometry capacity observation.,2026Q4,496265.625,200mm equivalent,global,/Users/simon/Downloads/SEMI_WFF_2026_1Q.xlsx,Sony,总计,capacity_by_geometry,,,,,,file:///Users/simon/Downloads/SEMI_WFF_2026_1Q.xlsx
Sony 2026Q4 geometry capacity 034-046 (SEMI WFF),,晶圆产能,SEMI WFF 2026 Q1 geometry capacity observation.,2026Q4,247500,200mm equivalent,global,/Users/simon/Downloads/SEMI_WFF_2026_1Q.xlsx,Sony,034-046,capacity_by_geometry,,,,,,file:///Users/simon/Downloads/SEMI_WFF_2026_1Q.xlsx
Sony 2026Q4 geometry capacity 047-079 (SEMI WFF),,晶圆产能,SEMI WFF 2026 Q1 geometry capacity observation.,2026Q4,157500,200mm equivalent,global,/Users/simon/Downloads/SEMI_WFF_2026_1Q.xlsx,Sony,047-079,capacity_by_geometry,,,,,,file:///Users/simon/Downloads/SEMI_WFF_2026_1Q.xlsx
Sony 2026Q4 installed wafer capacity (SEMI WFF),,晶圆产能,SEMI WFF 2026 Q1 installed wafer capacity observation by company.,2026Q4,496265.625,200mm equivalent,global,/Users/simon/Downloads/SEMI_WFF_2026_1Q.xlsx,Sony,all,installed_wafer_capacity,476015.625,505265.625,,,,file:///Users/simon/Downloads/SEMI_WFF_2026_1Q.xlsx
Sony 2026Q4 logic and micro capacity 逻辑与微器件 (SEMI WFF),,晶圆产能,SEMI WFF 2026 Q1 logic and micro capacity observation.,2026Q4,46000,200mm equivalent,global,/Users/simon/Downloads/SEMI_WFF_2026_1Q.xlsx,Sony,逻辑与微器件,logic_micro_capacity,,,,,,file:///Users/simon/Downloads/SEMI_WFF_2026_1Q.xlsx
Swaysure Technology 2026Q4 memory capacity 存储器 (SEMI WFF),,晶圆产能,SEMI WFF 2026 Q1 memory capacity observation.,2026Q4,22500,200mm equivalent,global,/Users/simon/Downloads/SEMI_WFF_2026_1Q.xlsx,Swaysure Technology,存储器,memory_capacity,,,,,,file:///Users/simon/Downloads/SEMI_WFF_2026_1Q.xlsx
Systems on Silicon Manufacturing Co. Pte. Ltd. (SSMC) 2026Q4 foundry installed capacity foundry (SEMI WFF),,晶圆产能,SEMI WFF 2026 Q1 foundry installed capacity observation.,2026Q4,98000,200mm equivalent,global,/Users/simon/Downloads/SEMI_WFF_2026_1Q.xlsx,Systems on Silicon Manufacturing Co. Pte. Ltd. (SSMC),foundry,foundry_installed_capacity,,,,,,file:///Users/simon/Downloads/SEMI_WFF_2026_1Q.xlsx
Systems on Silicon Manufacturing Co. Pte. Ltd. (SSMC) 2026Q4 installed wafer capacity (SEMI WFF),,晶圆产能,SEMI WFF 2026 Q1 installed wafer capacity observation.,2026Q4,98000,200mm equivalent,global,/Users/simon/Downloads/SEMI_WFF_2026_1Q.xlsx,Systems on Silicon Manufacturing Co. Pte. Ltd. (SSMC),all,installed_wafer_capacity,,,,,,file:///Users/simon/Downloads/SEMI_WFF_2026_1Q.xlsx
TSMC 2026Q4 foundry installed capacity foundry (SEMI WFF),,晶圆产能,SEMI WFF 2026 Q1 foundry installed capacity observation.,2026Q4,3729500,200mm equivalent,global,/Users/simon/Downloads/SEMI_WFF_2026_1Q.xlsx,TSMC,foundry,foundry_installed_capacity,,,,,,file:///Users/simon/Downloads/SEMI_WFF_2026_1Q.xlsx
TSMC 2026Q4 geometry capacity (SEMI WFF),,晶圆产能,SEMI WFF 2026 Q1 geometry capacity observation.,2026Q4,3732875,200mm equivalent,global,/Users/simon/Downloads/SEMI_WFF_2026_1Q.xlsx,TSMC,总计,capacity_by_geometry,,,,,,file:///Users/simon/Downloads/SEMI_WFF_2026_1Q.xlsx
TSMC 2026Q4 geometry capacity 003-005 (SEMI WFF),,晶圆产能,SEMI WFF 2026 Q1 geometry capacity observation.,2026Q4,920250,200mm equivalent,global,/Users/simon/Downloads/SEMI_WFF_2026_1Q.xlsx,TSMC,003-005,capacity_by_geometry,,,,,,file:///Users/simon/Downloads/SEMI_WFF_2026_1Q.xlsx
TSMC 2026Q4 geometry capacity 006-007 (SEMI WFF),,晶圆产能,SEMI WFF 2026 Q1 geometry capacity observation.,2026Q4,270000,200mm equivalent,global,/Users/simon/Downloads/SEMI_WFF_2026_1Q.xlsx,TSMC,006-007,capacity_by_geometry,,,,,,file:///Users/simon/Downloads/SEMI_WFF_2026_1Q.xlsx
TSMC 2026Q4 geometry capacity 011-016 (SEMI WFF),,晶圆产能,SEMI WFF 2026 Q1 geometry capacity observation.,2026Q4,464625,200mm equivalent,global,/Users/simon/Downloads/SEMI_WFF_2026_1Q.xlsx,TSMC,011-016,capacity_by_geometry,,,,,,file:///Users/simon/Downloads/SEMI_WFF_2026_1Q.xlsx
TSMC 2026Q4 geometry capacity 021-033 (SEMI WFF),,晶圆产能,SEMI WFF 2026 Q1 geometry capacity observation.,2026Q4,675000,200mm equivalent,global,/Users/simon/Downloads/SEMI_WFF_2026_1Q.xlsx,TSMC,021-033,capacity_by_geometry,,,,,,file:///Users/simon/Downloads/SEMI_WFF_2026_1Q.xlsx
TSMC 2026Q4 geometry capacity 034-046 (SEMI WFF),,晶圆产能,SEMI WFF 2026 Q1 geometry capacity observation.,2026Q4,675000,200mm equivalent,global,/Users/simon/Downloads/SEMI_WFF_2026_1Q.xlsx,TSMC,034-046,capacity_by_geometry,,,,,,file:///Users/simon/Downloads/SEMI_WFF_2026_1Q.xlsx
TSMC 2026Q4 geometry capacity 080-130 (SEMI WFF),,晶圆产能,SEMI WFF 2026 Q1 geometry capacity observation.,2026Q4,235000,200mm equivalent,global,/Users/simon/Downloads/SEMI_WFF_2026_1Q.xlsx,TSMC,080-130,capacity_by_geometry,,,,,,file:///Users/simon/Downloads/SEMI_WFF_2026_1Q.xlsx
TSMC 2026Q4 geometry capacity 131-350 (SEMI WFF),,晶圆产能,SEMI WFF 2026 Q1 geometry capacity observation.,2026Q4,268000,200mm equivalent,global,/Users/simon/Downloads/SEMI_WFF_2026_1Q.xlsx,TSMC,131-350,capacity_by_geometry,,,,,,file:///Users/simon/Downloads/SEMI_WFF_2026_1Q.xlsx
TSMC 2026Q4 geometry capacity ≤0.02μm (SEMI WFF),,晶圆产能,SEMI WFF 2026 Q1 geometry capacity observation.,2026Q4,216000,200mm equivalent,global,/Users/simon/Downloads/SEMI_WFF_2026_1Q.xlsx,TSMC,≤0.02μm,capacity_by_geometry,,,,,,file:///Users/simon/Downloads/SEMI_WFF_2026_1Q.xlsx
TSMC 2026Q4 installed wafer capacity (SEMI WFF),,晶圆产能,SEMI WFF 2026 Q1 installed wafer capacity observation by company.,2026Q4,3732875,200mm equivalent,global,/Users/simon/Downloads/SEMI_WFF_2026_1Q.xlsx,TSMC,all,installed_wafer_capacity,3532375,3933125,,,,file:///Users/simon/Downloads/SEMI_WFF_2026_1Q.xlsx
TSMC 2026Q4 logic and micro capacity 逻辑与微器件 (SEMI WFF),,晶圆产能,SEMI WFF 2026 Q1 logic and micro capacity observation.,2026Q4,3184875,200mm equivalent,global,/Users/simon/Downloads/SEMI_WFF_2026_1Q.xlsx,TSMC,逻辑与微器件,logic_micro_capacity,,,,,,file:///Users/simon/Downloads/SEMI_WFF_2026_1Q.xlsx
TYSiC 2026Q4 installed wafer capacity (SEMI WFF),,晶圆产能,SEMI WFF 2026 Q1 installed wafer capacity observation.,2026Q4,46875,200mm equivalent,global,/Users/simon/Downloads/SEMI_WFF_2026_1Q.xlsx,TYSiC,all,installed_wafer_capacity,,,,,,file:///Users/simon/Downloads/SEMI_WFF_2026_1Q.xlsx
Taiwan-Asia Semiconductor Corporation (TASC) 2026Q4 installed wafer capacity (SEMI WFF),,晶圆产能,SEMI WFF 2026 Q1 installed wafer capacity observation.,2026Q4,79250,200mm equivalent,global,/Users/simon/Downloads/SEMI_WFF_2026_1Q.xlsx,Taiwan-Asia Semiconductor Corporation (TASC),all,installed_wafer_capacity,,,,,,file:///Users/simon/Downloads/SEMI_WFF_2026_1Q.xlsx
Texas Instruments 2026Q4 geometry capacity (SEMI WFF),,晶圆产能,SEMI WFF 2026 Q1 geometry capacity observation.,2026Q4,768875,200mm equivalent,global,/Users/simon/Downloads/SEMI_WFF_2026_1Q.xlsx,Texas Instruments,总计,capacity_by_geometry,,,,,,file:///Users/simon/Downloads/SEMI_WFF_2026_1Q.xlsx
Texas Instruments 2026Q4 geometry capacity 080-130 (SEMI WFF),,晶圆产能,SEMI WFF 2026 Q1 geometry capacity observation.,2026Q4,412000,200mm equivalent,global,/Users/simon/Downloads/SEMI_WFF_2026_1Q.xlsx,Texas Instruments,080-130,capacity_by_geometry,,,,,,file:///Users/simon/Downloads/SEMI_WFF_2026_1Q.xlsx
Texas Instruments 2026Q4 installed wafer capacity (SEMI WFF),,晶圆产能,SEMI WFF 2026 Q1 installed wafer capacity observation by company.,2026Q4,768875,200mm equivalent,global,/Users/simon/Downloads/SEMI_WFF_2026_1Q.xlsx,Texas Instruments,all,installed_wafer_capacity,721625,825125,,,,file:///Users/simon/Downloads/SEMI_WFF_2026_1Q.xlsx
Toshiba (TDSC) 2026Q4 geometry capacity (SEMI WFF),,晶圆产能,SEMI WFF 2026 Q1 geometry capacity observation.,2026Q4,321875,200mm equivalent,global,/Users/simon/Downloads/SEMI_WFF_2026_1Q.xlsx,Toshiba (TDSC),总计,capacity_by_geometry,,,,,,file:///Users/simon/Downloads/SEMI_WFF_2026_1Q.xlsx
Toshiba (TDSC) 2026Q4 geometry capacity 131-350 (SEMI WFF),,晶圆产能,SEMI WFF 2026 Q1 geometry capacity observation.,2026Q4,148625,200mm equivalent,global,/Users/simon/Downloads/SEMI_WFF_2026_1Q.xlsx,Toshiba (TDSC),131-350,capacity_by_geometry,,,,,,file:///Users/simon/Downloads/SEMI_WFF_2026_1Q.xlsx
Toshiba (TDSC) 2026Q4 geometry capacity 810-1300 (SEMI WFF),,晶圆产能,SEMI WFF 2026 Q1 geometry capacity observation.,2026Q4,173250,200mm equivalent,global,/Users/simon/Downloads/SEMI_WFF_2026_1Q.xlsx,Toshiba (TDSC),810-1300,capacity_by_geometry,,,,,,file:///Users/simon/Downloads/SEMI_WFF_2026_1Q.xlsx
Toshiba (TDSC) 2026Q4 installed wafer capacity (SEMI WFF),,晶圆产能,SEMI WFF 2026 Q1 installed wafer capacity observation.,2026Q4,321875,200mm equivalent,global,/Users/simon/Downloads/SEMI_WFF_2026_1Q.xlsx,Toshiba (TDSC),all,installed_wafer_capacity,,,,,,file:///Users/simon/Downloads/SEMI_WFF_2026_1Q.xlsx
Tower Partners Semiconductor (TPSCo) 2026Q4 foundry installed capacity foundry (SEMI WFF),,晶圆产能,SEMI WFF 2026 Q1 foundry installed capacity observation.,2026Q4,87000,200mm equivalent,global,/Users/simon/Downloads/SEMI_WFF_2026_1Q.xlsx,Tower Partners Semiconductor (TPSCo),foundry,foundry_installed_capacity,,,,,,file:///Users/simon/Downloads/SEMI_WFF_2026_1Q.xlsx
Tower Partners Semiconductor (TPSCo) 2026Q4 installed wafer capacity (SEMI WFF),,晶圆产能,SEMI WFF 2026 Q1 installed wafer capacity observation.,2026Q4,87000,200mm equivalent,global,/Users/simon/Downloads/SEMI_WFF_2026_1Q.xlsx,Tower Partners Semiconductor (TPSCo),all,installed_wafer_capacity,,,,,,file:///Users/simon/Downloads/SEMI_WFF_2026_1Q.xlsx
TowerJazz Semiconductors Ltd. 2026Q4 foundry installed capacity foundry (SEMI WFF),,晶圆产能,SEMI WFF 2026 Q1 foundry installed capacity observation.,2026Q4,139000,200mm equivalent,global,/Users/simon/Downloads/SEMI_WFF_2026_1Q.xlsx,TowerJazz Semiconductors Ltd.,foundry,foundry_installed_capacity,,,,,,file:///Users/simon/Downloads/SEMI_WFF_2026_1Q.xlsx
TowerJazz Semiconductors Ltd. 2026Q4 geometry capacity (SEMI WFF),,晶圆产能,SEMI WFF 2026 Q1 geometry capacity observation.,2026Q4,139000,200mm equivalent,global,/Users/simon/Downloads/SEMI_WFF_2026_1Q.xlsx,TowerJazz Semiconductors Ltd.,总计,capacity_by_geometry,,,,,,file:///Users/simon/Downloads/SEMI_WFF_2026_1Q.xlsx
TowerJazz Semiconductors Ltd. 2026Q4 installed wafer capacity (SEMI WFF),,晶圆产能,SEMI WFF 2026 Q1 installed wafer capacity observation.,2026Q4,139000,200mm equivalent,global,/Users/simon/Downloads/SEMI_WFF_2026_1Q.xlsx,TowerJazz Semiconductors Ltd.,all,installed_wafer_capacity,,,,,,file:///Users/simon/Downloads/SEMI_WFF_2026_1Q.xlsx
Tyntek Corporation 2026Q4 installed wafer capacity (SEMI WFF),,晶圆产能,SEMI WFF 2026 Q1 installed wafer capacity observation.,2026Q4,58125,200mm equivalent,global,/Users/simon/Downloads/SEMI_WFF_2026_1Q.xlsx,Tyntek Corporation,all,installed_wafer_capacity,,,,,,file:///Users/simon/Downloads/SEMI_WFF_2026_1Q.xlsx
UMC 2026Q4 foundry installed capacity foundry (SEMI WFF),,晶圆产能,SEMI WFF 2026 Q1 foundry installed capacity observation.,2026Q4,1002843.75,200mm equivalent,global,/Users/simon/Downloads/SEMI_WFF_2026_1Q.xlsx,UMC,foundry,foundry_installed_capacity,,,,,,file:///Users/simon/Downloads/SEMI_WFF_2026_1Q.xlsx
UMC 2026Q4 geometry capacity (SEMI WFF),,晶圆产能,SEMI WFF 2026 Q1 geometry capacity observation.,2026Q4,1002843.75,200mm equivalent,global,/Users/simon/Downloads/SEMI_WFF_2026_1Q.xlsx,UMC,总计,capacity_by_geometry,,,,,,file:///Users/simon/Downloads/SEMI_WFF_2026_1Q.xlsx
UMC 2026Q4 geometry capacity 021-033 (SEMI WFF),,晶圆产能,SEMI WFF 2026 Q1 geometry capacity observation.,2026Q4,257625,200mm equivalent,global,/Users/simon/Downloads/SEMI_WFF_2026_1Q.xlsx,UMC,021-033,capacity_by_geometry,,,,,,file:///Users/simon/Downloads/SEMI_WFF_2026_1Q.xlsx
UMC 2026Q4 geometry capacity 034-046 (SEMI WFF),,晶圆产能,SEMI WFF 2026 Q1 geometry capacity observation.,2026Q4,256500,200mm equivalent,global,/Users/simon/Downloads/SEMI_WFF_2026_1Q.xlsx,UMC,034-046,capacity_by_geometry,,,,,,file:///Users/simon/Downloads/SEMI_WFF_2026_1Q.xlsx
UMC 2026Q4 geometry capacity 080-130 (SEMI WFF),,晶圆产能,SEMI WFF 2026 Q1 geometry capacity observation.,2026Q4,279250,200mm equivalent,global,/Users/simon/Downloads/SEMI_WFF_2026_1Q.xlsx,UMC,080-130,capacity_by_geometry,,,,,,file:///Users/simon/Downloads/SEMI_WFF_2026_1Q.xlsx
UMC 2026Q4 installed wafer capacity (SEMI WFF),,晶圆产能,SEMI WFF 2026 Q1 installed wafer capacity observation by company.,2026Q4,1002843.75,200mm equivalent,global,/Users/simon/Downloads/SEMI_WFF_2026_1Q.xlsx,UMC,all,installed_wafer_capacity,973593.75,1032093.75,,,,file:///Users/simon/Downloads/SEMI_WFF_2026_1Q.xlsx
UMC 2026Q4 logic and micro capacity 逻辑与微器件 (SEMI WFF),,晶圆产能,SEMI WFF 2026 Q1 logic and micro capacity observation.,2026Q4,626625,200mm equivalent,global,/Users/simon/Downloads/SEMI_WFF_2026_1Q.xlsx,UMC,逻辑与微器件,logic_micro_capacity,,,,,,file:///Users/simon/Downloads/SEMI_WFF_2026_1Q.xlsx
Unisonic Technologies 2026Q4 foundry installed capacity foundry (SEMI WFF),,晶圆产能,SEMI WFF 2026 Q1 foundry installed capacity observation.,2026Q4,95625,200mm equivalent,global,/Users/simon/Downloads/SEMI_WFF_2026_1Q.xlsx,Unisonic Technologies,foundry,foundry_installed_capacity,,,,,,file:///Users/simon/Downloads/SEMI_WFF_2026_1Q.xlsx
Unisonic Technologies 2026Q4 geometry capacity (SEMI WFF),,晶圆产能,SEMI WFF 2026 Q1 geometry capacity observation.,2026Q4,151875,200mm equivalent,global,/Users/simon/Downloads/SEMI_WFF_2026_1Q.xlsx,Unisonic Technologies,总计,capacity_by_geometry,,,,,,file:///Users/simon/Downloads/SEMI_WFF_2026_1Q.xlsx
Unisonic Technologies 2026Q4 installed wafer capacity (SEMI WFF),,晶圆产能,SEMI WFF 2026 Q1 installed wafer capacity observation.,2026Q4,151875,200mm equivalent,global,/Users/simon/Downloads/SEMI_WFF_2026_1Q.xlsx,Unisonic Technologies,all,installed_wafer_capacity,,,,,,file:///Users/simon/Downloads/SEMI_WFF_2026_1Q.xlsx
"United Nova Technology (UNT, was SMEC, was SMIC Shaoxing) 2026Q4 foundry installed capacity foundry (SEMI WFF)",,晶圆产能,SEMI WFF 2026 Q1 foundry installed capacity observation.,2026Q4,406250,200mm equivalent,global,/Users/simon/Downloads/SEMI_WFF_2026_1Q.xlsx,"United Nova Technology (UNT, was SMEC, was SMIC Shaoxing)",foundry,foundry_installed_capacity,,,,,,file:///Users/simon/Downloads/SEMI_WFF_2026_1Q.xlsx
"United Nova Technology (UNT, was SMEC, was SMIC Shaoxing) 2026Q4 geometry capacity (SEMI WFF)",,晶圆产能,SEMI WFF 2026 Q1 geometry capacity observation.,2026Q4,406250,200mm equivalent,global,/Users/simon/Downloads/SEMI_WFF_2026_1Q.xlsx,"United Nova Technology (UNT, was SMEC, was SMIC Shaoxing)",总计,capacity_by_geometry,,,,,,file:///Users/simon/Downloads/SEMI_WFF_2026_1Q.xlsx
"United Nova Technology (UNT, was SMEC, was SMIC Shaoxing) 2026Q4 geometry capacity 080-130 (SEMI WFF)",,晶圆产能,SEMI WFF 2026 Q1 geometry capacity observation.,2026Q4,225000,200mm equivalent,global,/Users/simon/Downloads/SEMI_WFF_2026_1Q.xlsx,"United Nova Technology (UNT, was SMEC, was SMIC Shaoxing)",080-130,capacity_by_geometry,,,,,,file:///Users/simon/Downloads/SEMI_WFF_2026_1Q.xlsx
"United Nova Technology (UNT, was SMEC, was SMIC Shaoxing) 2026Q4 geometry capacity 131-350 (SEMI WFF)",,晶圆产能,SEMI WFF 2026 Q1 geometry capacity observation.,2026Q4,181250,200mm equivalent,global,/Users/simon/Downloads/SEMI_WFF_2026_1Q.xlsx,"United Nova Technology (UNT, was SMEC, was SMIC Shaoxing)",131-350,capacity_by_geometry,,,,,,file:///Users/simon/Downloads/SEMI_WFF_2026_1Q.xlsx
"United Nova Technology (UNT, was SMEC, was SMIC Shaoxing) 2026Q4 installed wafer capacity (SEMI WFF)",,晶圆产能,SEMI WFF 2026 Q1 installed wafer capacity observation.,2026Q4,406250,200mm equivalent,global,/Users/simon/Downloads/SEMI_WFF_2026_1Q.xlsx,"United Nova Technology (UNT, was SMEC, was SMIC Shaoxing)",all,installed_wafer_capacity,,,,,,file:///Users/simon/Downloads/SEMI_WFF_2026_1Q.xlsx
Vanguard International Semiconductor (VIS) 2026Q4 foundry installed capacity foundry (SEMI WFF),,晶圆产能,SEMI WFF 2026 Q1 foundry installed capacity observation.,2026Q4,326500,200mm equivalent,global,/Users/simon/Downloads/SEMI_WFF_2026_1Q.xlsx,Vanguard International Semiconductor (VIS),foundry,foundry_installed_capacity,,,,,,file:///Users/simon/Downloads/SEMI_WFF_2026_1Q.xlsx
Vanguard International Semiconductor (VIS) 2026Q4 geometry capacity (SEMI WFF),,晶圆产能,SEMI WFF 2026 Q1 geometry capacity observation.,2026Q4,326500,200mm equivalent,global,/Users/simon/Downloads/SEMI_WFF_2026_1Q.xlsx,Vanguard International Semiconductor (VIS),总计,capacity_by_geometry,,,,,,file:///Users/simon/Downloads/SEMI_WFF_2026_1Q.xlsx
Vanguard International Semiconductor (VIS) 2026Q4 geometry capacity 080-130 (SEMI WFF),,晶圆产能,SEMI WFF 2026 Q1 geometry capacity observation.,2026Q4,307500,200mm equivalent,global,/Users/simon/Downloads/SEMI_WFF_2026_1Q.xlsx,Vanguard International Semiconductor (VIS),080-130,capacity_by_geometry,,,,,,file:///Users/simon/Downloads/SEMI_WFF_2026_1Q.xlsx
Vanguard International Semiconductor (VIS) 2026Q4 installed wafer capacity (SEMI WFF),,晶圆产能,SEMI WFF 2026 Q1 installed wafer capacity observation.,2026Q4,326500,200mm equivalent,global,/Users/simon/Downloads/SEMI_WFF_2026_1Q.xlsx,Vanguard International Semiconductor (VIS),all,installed_wafer_capacity,,,,,,file:///Users/simon/Downloads/SEMI_WFF_2026_1Q.xlsx
Vishay Intertechnology 2026Q4 installed wafer capacity (SEMI WFF),,晶圆产能,SEMI WFF 2026 Q1 installed wafer capacity observation.,2026Q4,77634.375,200mm equivalent,global,/Users/simon/Downloads/SEMI_WFF_2026_1Q.xlsx,Vishay Intertechnology,all,installed_wafer_capacity,,,,,,file:///Users/simon/Downloads/SEMI_WFF_2026_1Q.xlsx
Western Digital 2026Q4 installed wafer capacity (SEMI WFF),,晶圆产能,SEMI WFF 2026 Q1 installed wafer capacity observation.,2026Q4,41250,200mm equivalent,global,/Users/simon/Downloads/SEMI_WFF_2026_1Q.xlsx,Western Digital,all,installed_wafer_capacity,,,,,,file:///Users/simon/Downloads/SEMI_WFF_2026_1Q.xlsx
Winbond Electronic Corporation 2026Q4 geometry capacity (SEMI WFF),,晶圆产能,SEMI WFF 2026 Q1 geometry capacity observation.,2026Q4,186750,200mm equivalent,global,/Users/simon/Downloads/SEMI_WFF_2026_1Q.xlsx,Winbond Electronic Corporation,总计,capacity_by_geometry,,,,,,file:///Users/simon/Downloads/SEMI_WFF_2026_1Q.xlsx
Winbond Electronic Corporation 2026Q4 installed wafer capacity (SEMI WFF),,晶圆产能,SEMI WFF 2026 Q1 installed wafer capacity observation.,2026Q4,186750,200mm equivalent,global,/Users/simon/Downloads/SEMI_WFF_2026_1Q.xlsx,Winbond Electronic Corporation,all,installed_wafer_capacity,,,,,,file:///Users/simon/Downloads/SEMI_WFF_2026_1Q.xlsx
Winbond Electronic Corporation 2026Q4 memory capacity 存储器 (SEMI WFF),,晶圆产能,SEMI WFF 2026 Q1 memory capacity observation.,2026Q4,186750,200mm equivalent,global,/Users/simon/Downloads/SEMI_WFF_2026_1Q.xlsx,Winbond Electronic Corporation,存储器,memory_capacity,,,,,,file:///Users/simon/Downloads/SEMI_WFF_2026_1Q.xlsx
Wingtech 2026Q4 foundry installed capacity foundry (SEMI WFF),,晶圆产能,SEMI WFF 2026 Q1 foundry installed capacity observation.,2026Q4,94500,200mm equivalent,global,/Users/simon/Downloads/SEMI_WFF_2026_1Q.xlsx,Wingtech,foundry,foundry_installed_capacity,,,,,,file:///Users/simon/Downloads/SEMI_WFF_2026_1Q.xlsx
Wingtech 2026Q4 installed wafer capacity (SEMI WFF),,晶圆产能,SEMI WFF 2026 Q1 installed wafer capacity observation.,2026Q4,94500,200mm equivalent,global,/Users/simon/Downloads/SEMI_WFF_2026_1Q.xlsx,Wingtech,all,installed_wafer_capacity,,,,,,file:///Users/simon/Downloads/SEMI_WFF_2026_1Q.xlsx
Wolfspeed 2026Q4 installed wafer capacity (SEMI WFF),,晶圆产能,SEMI WFF 2026 Q1 installed wafer capacity observation.,2026Q4,250187.5,200mm equivalent,global,/Users/simon/Downloads/SEMI_WFF_2026_1Q.xlsx,Wolfspeed,all,installed_wafer_capacity,,,,,,file:///Users/simon/Downloads/SEMI_WFF_2026_1Q.xlsx
Wuhan Chuxing Technology 2026Q4 foundry installed capacity foundry (SEMI WFF),,晶圆产能,SEMI WFF 2026 Q1 foundry installed capacity observation.,2026Q4,92250,200mm equivalent,global,/Users/simon/Downloads/SEMI_WFF_2026_1Q.xlsx,Wuhan Chuxing Technology,foundry,foundry_installed_capacity,,,,,,file:///Users/simon/Downloads/SEMI_WFF_2026_1Q.xlsx
Wuhan Chuxing Technology 2026Q4 installed wafer capacity (SEMI WFF),,晶圆产能,SEMI WFF 2026 Q1 installed wafer capacity observation.,2026Q4,92250,200mm equivalent,global,/Users/simon/Downloads/SEMI_WFF_2026_1Q.xlsx,Wuhan Chuxing Technology,all,installed_wafer_capacity,,,,,,file:///Users/simon/Downloads/SEMI_WFF_2026_1Q.xlsx
X-FAB Silicon Foundries 2026Q4 foundry installed capacity foundry (SEMI WFF),,晶圆产能,SEMI WFF 2026 Q1 foundry installed capacity observation.,2026Q4,122312.5,200mm equivalent,global,/Users/simon/Downloads/SEMI_WFF_2026_1Q.xlsx,X-FAB Silicon Foundries,foundry,foundry_installed_capacity,,,,,,file:///Users/simon/Downloads/SEMI_WFF_2026_1Q.xlsx
X-FAB Silicon Foundries 2026Q4 installed wafer capacity (SEMI WFF),,晶圆产能,SEMI WFF 2026 Q1 installed wafer capacity observation.,2026Q4,122312.5,200mm equivalent,global,/Users/simon/Downloads/SEMI_WFF_2026_1Q.xlsx,X-FAB Silicon Foundries,all,installed_wafer_capacity,,,,,,file:///Users/simon/Downloads/SEMI_WFF_2026_1Q.xlsx
XMC 2026Q4 foundry installed capacity foundry (SEMI WFF),,晶圆产能,SEMI WFF 2026 Q1 foundry installed capacity observation.,2026Q4,144000,200mm equivalent,global,/Users/simon/Downloads/SEMI_WFF_2026_1Q.xlsx,XMC,foundry,foundry_installed_capacity,,,,,,file:///Users/simon/Downloads/SEMI_WFF_2026_1Q.xlsx
XMC 2026Q4 geometry capacity (SEMI WFF),,晶圆产能,SEMI WFF 2026 Q1 geometry capacity observation.,2026Q4,144000,200mm equivalent,global,/Users/simon/Downloads/SEMI_WFF_2026_1Q.xlsx,XMC,总计,capacity_by_geometry,,,,,,file:///Users/simon/Downloads/SEMI_WFF_2026_1Q.xlsx
XMC 2026Q4 geometry capacity 034-046 (SEMI WFF),,晶圆产能,SEMI WFF 2026 Q1 geometry capacity observation.,2026Q4,144000,200mm equivalent,global,/Users/simon/Downloads/SEMI_WFF_2026_1Q.xlsx,XMC,034-046,capacity_by_geometry,,,,,,file:///Users/simon/Downloads/SEMI_WFF_2026_1Q.xlsx
XMC 2026Q4 installed wafer capacity (SEMI WFF),,晶圆产能,SEMI WFF 2026 Q1 installed wafer capacity observation.,2026Q4,144000,200mm equivalent,global,/Users/simon/Downloads/SEMI_WFF_2026_1Q.xlsx,XMC,all,installed_wafer_capacity,,,,,,file:///Users/simon/Downloads/SEMI_WFF_2026_1Q.xlsx
XMC 2026Q4 memory capacity 存储器 (SEMI WFF),,晶圆产能,SEMI WFF 2026 Q1 memory capacity observation.,2026Q4,144000,200mm equivalent,global,/Users/simon/Downloads/SEMI_WFF_2026_1Q.xlsx,XMC,存储器,memory_capacity,,,,,,file:///Users/simon/Downloads/SEMI_WFF_2026_1Q.xlsx
"YMTC (Yangtze Memory Technology Co., Ltd.) 2026Q4 geometry capacity (SEMI WFF)",,晶圆产能,SEMI WFF 2026 Q1 geometry capacity observation.,2026Q4,416250,200mm equivalent,global,/Users/simon/Downloads/SEMI_WFF_2026_1Q.xlsx,"YMTC (Yangtze Memory Technology Co., Ltd.)",总计,capacity_by_geometry,,,,,,file:///Users/simon/Downloads/SEMI_WFF_2026_1Q.xlsx
"YMTC (Yangtze Memory Technology Co., Ltd.) 2026Q4 geometry capacity 017-020 (SEMI WFF)",,晶圆产能,SEMI WFF 2026 Q1 geometry capacity observation.,2026Q4,416250,200mm equivalent,global,/Users/simon/Downloads/SEMI_WFF_2026_1Q.xlsx,"YMTC (Yangtze Memory Technology Co., Ltd.)",017-020,capacity_by_geometry,,,,,,file:///Users/simon/Downloads/SEMI_WFF_2026_1Q.xlsx
"YMTC (Yangtze Memory Technology Co., Ltd.) 2026Q4 installed wafer capacity (SEMI WFF)",,晶圆产能,SEMI WFF 2026 Q1 installed wafer capacity observation.,2026Q4,416250,200mm equivalent,global,/Users/simon/Downloads/SEMI_WFF_2026_1Q.xlsx,"YMTC (Yangtze Memory Technology Co., Ltd.)",all,installed_wafer_capacity,,,,,,file:///Users/simon/Downloads/SEMI_WFF_2026_1Q.xlsx
"YMTC (Yangtze Memory Technology Co., Ltd.) 2026Q4 memory capacity 存储器 (SEMI WFF)",,晶圆产能,SEMI WFF 2026 Q1 memory capacity observation.,2026Q4,416250,200mm equivalent,global,/Users/simon/Downloads/SEMI_WFF_2026_1Q.xlsx,"YMTC (Yangtze Memory Technology Co., Ltd.)",存储器,memory_capacity,,,,,,file:///Users/simon/Downloads/SEMI_WFF_2026_1Q.xlsx
Yangzhou Yangjie Electronic Technology 2026Q4 installed wafer capacity (SEMI WFF),,晶圆产能,SEMI WFF 2026 Q1 installed wafer capacity observation.,2026Q4,120093.75,200mm equivalent,global,/Users/simon/Downloads/SEMI_WFF_2026_1Q.xlsx,Yangzhou Yangjie Electronic Technology,all,installed_wafer_capacity,,,,,,file:///Users/simon/Downloads/SEMI_WFF_2026_1Q.xlsx
Yokogawa Electric 2026Q4 logic and micro capacity 逻辑与微器件 (SEMI WFF),,晶圆产能,SEMI WFF 2026 Q1 logic and micro capacity observation.,2026Q4,781.25,200mm equivalent,global,/Users/simon/Downloads/SEMI_WFF_2026_1Q.xlsx,Yokogawa Electric,逻辑与微器件,logic_micro_capacity,,,,,,file:///Users/simon/Downloads/SEMI_WFF_2026_1Q.xlsx
Zensemi 2026Q4 foundry installed capacity foundry (SEMI WFF),,晶圆产能,SEMI WFF 2026 Q1 foundry installed capacity observation.,2026Q4,74250,200mm equivalent,global,/Users/simon/Downloads/SEMI_WFF_2026_1Q.xlsx,Zensemi,foundry,foundry_installed_capacity,,,,,,file:///Users/simon/Downloads/SEMI_WFF_2026_1Q.xlsx
Zensemi 2026Q4 installed wafer capacity (SEMI WFF),,晶圆产能,SEMI WFF 2026 Q1 installed wafer capacity observation.,2026Q4,74250,200mm equivalent,global,/Users/simon/Downloads/SEMI_WFF_2026_1Q.xlsx,Zensemi,all,installed_wafer_capacity,,,,,,file:///Users/simon/Downloads/SEMI_WFF_2026_1Q.xlsx
Zhuzhou CRRC Times Electric 2026Q4 installed wafer capacity (SEMI WFF),,晶圆产能,SEMI WFF 2026 Q1 installed wafer capacity observation.,2026Q4,52187.5,200mm equivalent,global,/Users/simon/Downloads/SEMI_WFF_2026_1Q.xlsx,Zhuzhou CRRC Times Electric,all,installed_wafer_capacity,,,,,,file:///Users/simon/Downloads/SEMI_WFF_2026_1Q.xlsx
ams-OSRAM 2026Q4 installed wafer capacity (SEMI WFF),,晶圆产能,SEMI WFF 2026 Q1 installed wafer capacity observation.,2026Q4,125062.5,200mm equivalent,global,/Users/simon/Downloads/SEMI_WFF_2026_1Q.xlsx,ams-OSRAM,all,installed_wafer_capacity,,,,,,file:///Users/simon/Downloads/SEMI_WFF_2026_1Q.xlsx
onsemi 2026Q4 geometry capacity (SEMI WFF),,晶圆产能,SEMI WFF 2026 Q1 geometry capacity observation.,2026Q4,411187.5,200mm equivalent,global,/Users/simon/Downloads/SEMI_WFF_2026_1Q.xlsx,onsemi,总计,capacity_by_geometry,,,,,,file:///Users/simon/Downloads/SEMI_WFF_2026_1Q.xlsx
onsemi 2026Q4 installed wafer capacity (SEMI WFF),,晶圆产能,SEMI WFF 2026 Q1 installed wafer capacity observation by company.,2026Q4,463500,200mm equivalent,global,/Users/simon/Downloads/SEMI_WFF_2026_1Q.xlsx,onsemi,all,installed_wafer_capacity,457875,475250,,,,file:///Users/simon/Downloads/SEMI_WFF_2026_1Q.xlsx
总计 2026Q4 foundry installed capacity foundry (SEMI WFF),,晶圆产能,SEMI WFF 2026 Q1 foundry installed capacity observation.,2026Q4,14005143.1875,200mm equivalent,global,/Users/simon/Downloads/SEMI_WFF_2026_1Q.xlsx,总计,foundry,foundry_installed_capacity,,,,,,file:///Users/simon/Downloads/SEMI_WFF_2026_1Q.xlsx
总计 2026Q4 geometry capacity (SEMI WFF),,晶圆产能,SEMI WFF 2026 Q1 geometry capacity observation.,2026Q4,35463083.15219776,200mm equivalent,global,/Users/simon/Downloads/SEMI_WFF_2026_1Q.xlsx,总计,总计,capacity_by_geometry,,,,,,file:///Users/simon/Downloads/SEMI_WFF_2026_1Q.xlsx
总计 2026Q4 geometry capacity 003-005 (SEMI WFF),,晶圆产能,SEMI WFF 2026 Q1 geometry capacity observation.,2026Q4,1290712.5,200mm equivalent,global,/Users/simon/Downloads/SEMI_WFF_2026_1Q.xlsx,总计,003-005,capacity_by_geometry,,,,,,file:///Users/simon/Downloads/SEMI_WFF_2026_1Q.xlsx
总计 2026Q4 geometry capacity 006-007 (SEMI WFF),,晶圆产能,SEMI WFF 2026 Q1 geometry capacity observation.,2026Q4,714712.5,200mm equivalent,global,/Users/simon/Downloads/SEMI_WFF_2026_1Q.xlsx,总计,006-007,capacity_by_geometry,,,,,,file:///Users/simon/Downloads/SEMI_WFF_2026_1Q.xlsx
总计 2026Q4 geometry capacity 008-010 (SEMI WFF),,晶圆产能,SEMI WFF 2026 Q1 geometry capacity observation.,2026Q4,138165.625,200mm equivalent,global,/Users/simon/Downloads/SEMI_WFF_2026_1Q.xlsx,总计,008-010,capacity_by_geometry,,,,,,file:///Users/simon/Downloads/SEMI_WFF_2026_1Q.xlsx
总计 2026Q4 geometry capacity 011-016 (SEMI WFF),,晶圆产能,SEMI WFF 2026 Q1 geometry capacity observation.,2026Q4,5550828.215,200mm equivalent,global,/Users/simon/Downloads/SEMI_WFF_2026_1Q.xlsx,总计,011-016,capacity_by_geometry,,,,,,file:///Users/simon/Downloads/SEMI_WFF_2026_1Q.xlsx
总计 2026Q4 geometry capacity 017-020 (SEMI WFF),,晶圆产能,SEMI WFF 2026 Q1 geometry capacity observation.,2026Q4,3460578.593406594,200mm equivalent,global,/Users/simon/Downloads/SEMI_WFF_2026_1Q.xlsx,总计,017-020,capacity_by_geometry,,,,,,file:///Users/simon/Downloads/SEMI_WFF_2026_1Q.xlsx
总计 2026Q4 geometry capacity 021-033 (SEMI WFF),,晶圆产能,SEMI WFF 2026 Q1 geometry capacity observation.,2026Q4,4203488.25,200mm equivalent,global,/Users/simon/Downloads/SEMI_WFF_2026_1Q.xlsx,总计,021-033,capacity_by_geometry,,,,,,file:///Users/simon/Downloads/SEMI_WFF_2026_1Q.xlsx
总计 2026Q4 geometry capacity 034-046 (SEMI WFF),,晶圆产能,SEMI WFF 2026 Q1 geometry capacity observation.,2026Q4,2341575,200mm equivalent,global,/Users/simon/Downloads/SEMI_WFF_2026_1Q.xlsx,总计,034-046,capacity_by_geometry,,,,,,file:///Users/simon/Downloads/SEMI_WFF_2026_1Q.xlsx
总计 2026Q4 geometry capacity 047-079 (SEMI WFF),,晶圆产能,SEMI WFF 2026 Q1 geometry capacity observation.,2026Q4,1873881.25,200mm equivalent,global,/Users/simon/Downloads/SEMI_WFF_2026_1Q.xlsx,总计,047-079,capacity_by_geometry,,,,,,file:///Users/simon/Downloads/SEMI_WFF_2026_1Q.xlsx
总计 2026Q4 geometry capacity 080-130 (SEMI WFF),,晶圆产能,SEMI WFF 2026 Q1 geometry capacity observation.,2026Q4,5766300.000041177,200mm equivalent,global,/Users/simon/Downloads/SEMI_WFF_2026_1Q.xlsx,总计,080-130,capacity_by_geometry,,,,,,file:///Users/simon/Downloads/SEMI_WFF_2026_1Q.xlsx
总计 2026Q4 geometry capacity 131-350 (SEMI WFF),,晶圆产能,SEMI WFF 2026 Q1 geometry capacity observation.,2026Q4,4288148.03125,200mm equivalent,global,/Users/simon/Downloads/SEMI_WFF_2026_1Q.xlsx,总计,131-350,capacity_by_geometry,,,,,,file:///Users/simon/Downloads/SEMI_WFF_2026_1Q.xlsx
总计 2026Q4 geometry capacity 1310 up (SEMI WFF),,晶圆产能,SEMI WFF 2026 Q1 geometry capacity observation.,2026Q4,2204502.34375,200mm equivalent,global,/Users/simon/Downloads/SEMI_WFF_2026_1Q.xlsx,总计,1310 up,capacity_by_geometry,,,,,,file:///Users/simon/Downloads/SEMI_WFF_2026_1Q.xlsx
总计 2026Q4 geometry capacity 351-800 (SEMI WFF),,晶圆产能,SEMI WFF 2026 Q1 geometry capacity observation.,2026Q4,1749709.90625,200mm equivalent,global,/Users/simon/Downloads/SEMI_WFF_2026_1Q.xlsx,总计,351-800,capacity_by_geometry,,,,,,file:///Users/simon/Downloads/SEMI_WFF_2026_1Q.xlsx
总计 2026Q4 geometry capacity 810-1300 (SEMI WFF),,晶圆产能,SEMI WFF 2026 Q1 geometry capacity observation.,2026Q4,1384580.9375,200mm equivalent,global,/Users/simon/Downloads/SEMI_WFF_2026_1Q.xlsx,总计,810-1300,capacity_by_geometry,,,,,,file:///Users/simon/Downloads/SEMI_WFF_2026_1Q.xlsx
总计 2026Q4 geometry capacity ≤0.02μm (SEMI WFF),,晶圆产能,SEMI WFF 2026 Q1 geometry capacity observation.,2026Q4,495900,200mm equivalent,global,/Users/simon/Downloads/SEMI_WFF_2026_1Q.xlsx,总计,≤0.02μm,capacity_by_geometry,,,,,,file:///Users/simon/Downloads/SEMI_WFF_2026_1Q.xlsx
总计 2026Q4 installed wafer capacity (SEMI WFF),,晶圆产能,SEMI WFF 2026 Q1 installed wafer capacity observation.,2026Q4,37301821.27719777,200mm equivalent,global,/Users/simon/Downloads/SEMI_WFF_2026_1Q.xlsx,总计,all,installed_wafer_capacity,,,,,,file:///Users/simon/Downloads/SEMI_WFF_2026_1Q.xlsx
总计 2026Q4 logic and micro capacity 逻辑与微器件 (SEMI WFF),,晶圆产能,SEMI WFF 2026 Q1 logic and micro capacity observation.,2026Q4,7810997.96875,200mm equivalent,global,/Users/simon/Downloads/SEMI_WFF_2026_1Q.xlsx,总计,逻辑与微器件,logic_micro_capacity,,,,,,file:///Users/simon/Downloads/SEMI_WFF_2026_1Q.xlsx
总计 2026Q4 memory capacity 存储器 (SEMI WFF),,晶圆产能,SEMI WFF 2026 Q1 memory capacity observation.,2026Q4,9415016.933406595,200mm equivalent,global,/Users/simon/Downloads/SEMI_WFF_2026_1Q.xlsx,总计,存储器,memory_capacity,,,,,,file:///Users/simon/Downloads/SEMI_WFF_2026_1Q.xlsx
3S Photonics - Nozay current wafer capacity (SEMI WFF),,晶圆产能,SEMI WFF 工厂级晶圆产能观测。,current,5000,3,Europe & Mideast,/Users/simon/Documents/Simon-OB/本体论/base/半导体/SEMI_WFF_2026_1Q.xlsx,3S Photonics,光电器件,facility_capacity,,,3S Photonics - Nozay,2160,Company Detail,file:///Users/simon/Documents/Simon-OB/%E6%9C%AC%E4%BD%93%E8%AE%BA/base/%E5%8D%8A%E5%AF%BC%E4%BD%93/SEMI_WFF_2026_1Q.xlsx
ABB Semiconductor - Lenzburg 2 current wafer capacity (SEMI WFF),,晶圆产能,SEMI WFF 工厂级晶圆产能观测。,current,23000,6,Europe & Mideast,/Users/simon/Documents/Simon-OB/本体论/base/半导体/SEMI_WFF_2026_1Q.xlsx,ABB Semiconductor,分立器件,facility_capacity,,,ABB Semiconductor - Lenzburg 2,1573,Company Detail,file:///Users/simon/Documents/Simon-OB/%E6%9C%AC%E4%BD%93%E8%AE%BA/base/%E5%8D%8A%E5%AF%BC%E4%BD%93/SEMI_WFF_2026_1Q.xlsx
ABB Semiconductor - Lenzburg 1 current wafer capacity (SEMI WFF),,晶圆产能,SEMI WFF 工厂级晶圆产能观测。,current,12000,5,Europe & Mideast,/Users/simon/Documents/Simon-OB/本体论/base/半导体/SEMI_WFF_2026_1Q.xlsx,ABB Semiconductor,分立器件,facility_capacity,,,ABB Semiconductor - Lenzburg 1,1572,Company Detail,file:///Users/simon/Documents/Simon-OB/%E6%9C%AC%E4%BD%93%E8%AE%BA/base/%E5%8D%8A%E5%AF%BC%E4%BD%93/SEMI_WFF_2026_1Q.xlsx
ABB Semiconductor - Lenzburg 3 current wafer capacity (SEMI WFF),,晶圆产能,SEMI WFF 工厂级晶圆产能观测。,current,45000,6,Europe & Mideast,/Users/simon/Documents/Simon-OB/本体论/base/半导体/SEMI_WFF_2026_1Q.xlsx,ABB Semiconductor,分立器件,facility_capacity,,,ABB Semiconductor - Lenzburg 3,3517,Company Detail,file:///Users/simon/Documents/Simon-OB/%E6%9C%AC%E4%BD%93%E8%AE%BA/base/%E5%8D%8A%E5%AF%BC%E4%BD%93/SEMI_WFF_2026_1Q.xlsx
ABLIC Inc. - #B current wafer capacity (SEMI WFF),,晶圆产能,SEMI WFF 工厂级晶圆产能观测。,current,5000,6,日本,/Users/simon/Documents/Simon-OB/本体论/base/半导体/SEMI_WFF_2026_1Q.xlsx,ABLIC Inc.,模拟,facility_capacity,,,ABLIC Inc. - #B,897,Company Detail,file:///Users/simon/Documents/Simon-OB/%E6%9C%AC%E4%BD%93%E8%AE%BA/base/%E5%8D%8A%E5%AF%BC%E4%BD%93/SEMI_WFF_2026_1Q.xlsx
ABLIC Inc. - #A current wafer capacity (SEMI WFF),,晶圆产能,SEMI WFF 工厂级晶圆产能观测。,current,20000,6,日本,/Users/simon/Documents/Simon-OB/本体论/base/半导体/SEMI_WFF_2026_1Q.xlsx,ABLIC Inc.,模拟,facility_capacity,,,ABLIC Inc. - #A,898,Company Detail,file:///Users/simon/Documents/Simon-OB/%E6%9C%AC%E4%BD%93%E8%AE%BA/base/%E5%8D%8A%E5%AF%BC%E4%BD%93/SEMI_WFF_2026_1Q.xlsx
Acenpower - Acenpower 6-inch Line current wafer capacity (SEMI WFF),,晶圆产能,SEMI WFF 工厂级晶圆产能观测。,current,20000,6,中国,/Users/simon/Documents/Simon-OB/本体论/base/半导体/SEMI_WFF_2026_1Q.xlsx,Acenpower,分立器件,facility_capacity,,,Acenpower - Acenpower 6-inch Line,6493,Company Detail,file:///Users/simon/Documents/Simon-OB/%E6%9C%AC%E4%BD%93%E8%AE%BA/base/%E5%8D%8A%E5%AF%BC%E4%BD%93/SEMI_WFF_2026_1Q.xlsx
Acenpower - Acenpower 8-inch SiC Line current wafer capacity (SEMI WFF),,晶圆产能,SEMI WFF 工厂级晶圆产能观测。,current,20000,8,中国,/Users/simon/Documents/Simon-OB/本体论/base/半导体/SEMI_WFF_2026_1Q.xlsx,Acenpower,分立器件,facility_capacity,,,Acenpower - Acenpower 8-inch SiC Line,6494,Company Detail,file:///Users/simon/Documents/Simon-OB/%E6%9C%AC%E4%BD%93%E8%AE%BA/base/%E5%8D%8A%E5%AF%BC%E4%BD%93/SEMI_WFF_2026_1Q.xlsx
ACSMC - Fab 1 current wafer capacity (SEMI WFF),,晶圆产能,SEMI WFF 工厂级晶圆产能观测。,current,15000,6,中国,/Users/simon/Documents/Simon-OB/本体论/base/半导体/SEMI_WFF_2026_1Q.xlsx,ACSMC,逻辑与微器件,facility_capacity,,,ACSMC - Fab 1,2062,Company Detail,file:///Users/simon/Documents/Simon-OB/%E6%9C%AC%E4%BD%93%E8%AE%BA/base/%E5%8D%8A%E5%AF%BC%E4%BD%93/SEMI_WFF_2026_1Q.xlsx
Advanced Microelectronic Products Inc. (AMPI) - Fab 1 current wafer capacity (SEMI WFF),,晶圆产能,SEMI WFF 工厂级晶圆产能观测。,current,54000,6,中国台湾,/Users/simon/Documents/Simon-OB/本体论/base/半导体/SEMI_WFF_2026_1Q.xlsx,Advanced Microelectronic Products Inc. (AMPI),分立器件,facility_capacity,,,Advanced Microelectronic Products Inc. (AMPI) - Fab 1,25,Company Detail,file:///Users/simon/Documents/Simon-OB/%E6%9C%AC%E4%BD%93%E8%AE%BA/base/%E5%8D%8A%E5%AF%BC%E4%BD%93/SEMI_WFF_2026_1Q.xlsx
Advanced Ultraviolet Optoelectronics - Luan UV LED fab current wafer capacity (SEMI WFF),,晶圆产能,SEMI WFF 工厂级晶圆产能观测。,current,20000,2,中国,/Users/simon/Documents/Simon-OB/本体论/base/半导体/SEMI_WFF_2026_1Q.xlsx,Advanced Ultraviolet Optoelectronics,光电器件,facility_capacity,,,Advanced Ultraviolet Optoelectronics - Luan UV LED fab,5110,Company Detail,file:///Users/simon/Documents/Simon-OB/%E6%9C%AC%E4%BD%93%E8%AE%BA/base/%E5%8D%8A%E5%AF%BC%E4%BD%93/SEMI_WFF_2026_1Q.xlsx
Agiltron - Woburn (shared with Sensera) current wafer capacity (SEMI WFF),,晶圆产能,SEMI WFF 工厂级晶圆产能观测。,current,700,6,美洲,/Users/simon/Documents/Simon-OB/本体论/base/半导体/SEMI_WFF_2026_1Q.xlsx,Agiltron,MEMS,facility_capacity,,,Agiltron - Woburn (shared with Sensera),5077,Company Detail,file:///Users/simon/Documents/Simon-OB/%E6%9C%AC%E4%BD%93%E8%AE%BA/base/%E5%8D%8A%E5%AF%BC%E4%BD%93/SEMI_WFF_2026_1Q.xlsx
AIST - TIA-MEMS Line (Building 3D) current wafer capacity (SEMI WFF),,晶圆产能,SEMI WFF 工厂级晶圆产能观测。,current,1500,8,日本,/Users/simon/Documents/Simon-OB/本体论/base/半导体/SEMI_WFF_2026_1Q.xlsx,AIST,MEMS,facility_capacity,,,AIST - TIA-MEMS Line (Building 3D),3797,Company Detail,file:///Users/simon/Documents/Simon-OB/%E6%9C%AC%E4%BD%93%E8%AE%BA/base/%E5%8D%8A%E5%AF%BC%E4%BD%93/SEMI_WFF_2026_1Q.xlsx
AIST - TIA-Power Electronics Line (inside AIST-Centra) current wafer capacity (SEMI WFF),,晶圆产能,SEMI WFF 工厂级晶圆产能观测。,current,500,8,日本,/Users/simon/Documents/Simon-OB/本体论/base/半导体/SEMI_WFF_2026_1Q.xlsx,AIST,分立器件,facility_capacity,,,AIST - TIA-Power Electronics Line (inside AIST-Centra),3867,Company Detail,file:///Users/simon/Documents/Simon-OB/%E6%9C%AC%E4%BD%93%E8%AE%BA/base/%E5%8D%8A%E5%AF%BC%E4%BD%93/SEMI_WFF_2026_1Q.xlsx
AIST - Super Clean Room current wafer capacity (SEMI WFF),,晶圆产能,SEMI WFF 工厂级晶圆产能观测。,current,5000,12,日本,/Users/simon/Documents/Simon-OB/本体论/base/半导体/SEMI_WFF_2026_1Q.xlsx,AIST,其他,facility_capacity,,,AIST - Super Clean Room,1782,Company Detail,file:///Users/simon/Documents/Simon-OB/%E6%9C%AC%E4%BD%93%E8%AE%BA/base/%E5%8D%8A%E5%AF%BC%E4%BD%93/SEMI_WFF_2026_1Q.xlsx
"Akoustis - STC-MEMS (was SUNY Poly, Infotonics)  former XEROX fab current wafer capacity (SEMI WFF)",,晶圆产能,SEMI WFF 工厂级晶圆产能观测。,current,6000,6,美洲,/Users/simon/Documents/Simon-OB/本体论/base/半导体/SEMI_WFF_2026_1Q.xlsx,Akoustis,MEMS,facility_capacity,,,"Akoustis - STC-MEMS (was SUNY Poly, Infotonics)  former XEROX fab",3401,Company Detail,file:///Users/simon/Documents/Simon-OB/%E6%9C%AC%E4%BD%93%E8%AE%BA/base/%E5%8D%8A%E5%AF%BC%E4%BD%93/SEMI_WFF_2026_1Q.xlsx
Aledia - Echirolles R&D and HQ current wafer capacity (SEMI WFF),,晶圆产能,SEMI WFF 工厂级晶圆产能观测。,current,500,8,Europe & Mideast,/Users/simon/Documents/Simon-OB/本体论/base/半导体/SEMI_WFF_2026_1Q.xlsx,Aledia,外延片,facility_capacity,,,Aledia - Echirolles R&D and HQ,6235,Company Detail,file:///Users/simon/Documents/Simon-OB/%E6%9C%AC%E4%BD%93%E8%AE%BA/base/%E5%8D%8A%E5%AF%BC%E4%BD%93/SEMI_WFF_2026_1Q.xlsx
Aledia - Champagnier (300mm) current wafer capacity (SEMI WFF),,晶圆产能,SEMI WFF 工厂级晶圆产能观测。,current,22000,8,Europe & Mideast,/Users/simon/Documents/Simon-OB/本体论/base/半导体/SEMI_WFF_2026_1Q.xlsx,Aledia,外延片,facility_capacity,,,Aledia - Champagnier (300mm),6236,Company Detail,file:///Users/simon/Documents/Simon-OB/%E6%9C%AC%E4%BD%93%E8%AE%BA/base/%E5%8D%8A%E5%AF%BC%E4%BD%93/SEMI_WFF_2026_1Q.xlsx
Alphion Corporation - Princeton Junction current wafer capacity (SEMI WFF),,晶圆产能,SEMI WFF 工厂级晶圆产能观测。,current,1000,4,美洲,/Users/simon/Documents/Simon-OB/本体论/base/半导体/SEMI_WFF_2026_1Q.xlsx,Alphion Corporation,光电器件,facility_capacity,,,Alphion Corporation - Princeton Junction,2196,Company Detail,file:///Users/simon/Documents/Simon-OB/%E6%9C%AC%E4%BD%93%E8%AE%BA/base/%E5%8D%8A%E5%AF%BC%E4%BD%93/SEMI_WFF_2026_1Q.xlsx
"Alps Electric Co., Ltd. - Nagaoka Plant current wafer capacity (SEMI WFF)",,晶圆产能,SEMI WFF 工厂级晶圆产能观测。,current,30000,6,日本,/Users/simon/Documents/Simon-OB/本体论/base/半导体/SEMI_WFF_2026_1Q.xlsx,"Alps Electric Co., Ltd.",MEMS,facility_capacity,,,"Alps Electric Co., Ltd. - Nagaoka Plant",3486,Company Detail,file:///Users/simon/Documents/Simon-OB/%E6%9C%AC%E4%BD%93%E8%AE%BA/base/%E5%8D%8A%E5%AF%BC%E4%BD%93/SEMI_WFF_2026_1Q.xlsx
Amphenol Advanced Sensors - Amphenol Advanced Sensors current wafer capacity (SEMI WFF),,晶圆产能,SEMI WFF 工厂级晶圆产能观测。,current,2400,4,美洲,/Users/simon/Documents/Simon-OB/本体论/base/半导体/SEMI_WFF_2026_1Q.xlsx,Amphenol Advanced Sensors,MEMS,facility_capacity,,,Amphenol Advanced Sensors - Amphenol Advanced Sensors,486,Company Detail,file:///Users/simon/Documents/Simon-OB/%E6%9C%AC%E4%BD%93%E8%AE%BA/base/%E5%8D%8A%E5%AF%BC%E4%BD%93/SEMI_WFF_2026_1Q.xlsx
ams-OSRAM - Fab 2  (was OSRAM) current wafer capacity (SEMI WFF),,晶圆产能,SEMI WFF 工厂级晶圆产能观测。,current,20000,6,Europe & Mideast,/Users/simon/Documents/Simon-OB/本体论/base/半导体/SEMI_WFF_2026_1Q.xlsx,ams-OSRAM,光电器件,facility_capacity,,,ams-OSRAM - Fab 2  (was OSRAM),1875,Company Detail,file:///Users/simon/Documents/Simon-OB/%E6%9C%AC%E4%BD%93%E8%AE%BA/base/%E5%8D%8A%E5%AF%BC%E4%BD%93/SEMI_WFF_2026_1Q.xlsx
ams-OSRAM - Fab 3 expansion (was OSRAM) current wafer capacity (SEMI WFF),,晶圆产能,SEMI WFF 工厂级晶圆产能观测。,current,20000,6,Europe & Mideast,/Users/simon/Documents/Simon-OB/本体论/base/半导体/SEMI_WFF_2026_1Q.xlsx,ams-OSRAM,光电器件,facility_capacity,,,ams-OSRAM - Fab 3 expansion (was OSRAM),2420,Company Detail,file:///Users/simon/Documents/Simon-OB/%E6%9C%AC%E4%BD%93%E8%AE%BA/base/%E5%8D%8A%E5%AF%BC%E4%BD%93/SEMI_WFF_2026_1Q.xlsx
ams-OSRAM - Penang PEN31 (was OSRAM) current wafer capacity (SEMI WFF),,晶圆产能,SEMI WFF 工厂级晶圆产能观测。,current,20000,6,SE Asia,/Users/simon/Documents/Simon-OB/本体论/base/半导体/SEMI_WFF_2026_1Q.xlsx,ams-OSRAM,光电器件,facility_capacity,,,ams-OSRAM - Penang PEN31 (was OSRAM),2419,Company Detail,file:///Users/simon/Documents/Simon-OB/%E6%9C%AC%E4%BD%93%E8%AE%BA/base/%E5%8D%8A%E5%AF%BC%E4%BD%93/SEMI_WFF_2026_1Q.xlsx
ams-OSRAM - Penang PEN32 (was OSRAM) current wafer capacity (SEMI WFF),,晶圆产能,SEMI WFF 工厂级晶圆产能观测。,current,20000,6,SE Asia,/Users/simon/Documents/Simon-OB/本体论/base/半导体/SEMI_WFF_2026_1Q.xlsx,ams-OSRAM,光电器件,facility_capacity,,,ams-OSRAM - Penang PEN32 (was OSRAM),3383,Company Detail,file:///Users/simon/Documents/Simon-OB/%E6%9C%AC%E4%BD%93%E8%AE%BA/base/%E5%8D%8A%E5%AF%BC%E4%BD%93/SEMI_WFF_2026_1Q.xlsx
ams-OSRAM - AMS 200 (was ams AG) current wafer capacity (SEMI WFF),,晶圆产能,SEMI WFF 工厂级晶圆产能观测。,current,15000,8,Europe & Mideast,/Users/simon/Documents/Simon-OB/本体论/base/半导体/SEMI_WFF_2026_1Q.xlsx,ams-OSRAM,模拟,facility_capacity,,,ams-OSRAM - AMS 200 (was ams AG),1684,Company Detail,file:///Users/simon/Documents/Simon-OB/%E6%9C%AC%E4%BD%93%E8%AE%BA/base/%E5%8D%8A%E5%AF%BC%E4%BD%93/SEMI_WFF_2026_1Q.xlsx
ams-OSRAM - 4-inch LED Line (was OSRAM) current wafer capacity (SEMI WFF),,晶圆产能,SEMI WFF 工厂级晶圆产能观测。,current,24000,4,Europe & Mideast,/Users/simon/Documents/Simon-OB/本体论/base/半导体/SEMI_WFF_2026_1Q.xlsx,ams-OSRAM,光电器件,facility_capacity,,,ams-OSRAM - 4-inch LED Line (was OSRAM),975,Company Detail,file:///Users/simon/Documents/Simon-OB/%E6%9C%AC%E4%BD%93%E8%AE%BA/base/%E5%8D%8A%E5%AF%BC%E4%BD%93/SEMI_WFF_2026_1Q.xlsx
ams-OSRAM - Kulim Fab 1 (phase 1 and 2) (was OSRAM) current wafer capacity (SEMI WFF),,晶圆产能,SEMI WFF 工厂级晶圆产能观测。,current,100000,6,SE Asia,/Users/simon/Documents/Simon-OB/本体论/base/半导体/SEMI_WFF_2026_1Q.xlsx,ams-OSRAM,光电器件,facility_capacity,,,ams-OSRAM - Kulim Fab 1 (phase 1 and 2) (was OSRAM),3825,Company Detail,file:///Users/simon/Documents/Simon-OB/%E6%9C%AC%E4%BD%93%E8%AE%BA/base/%E5%8D%8A%E5%AF%BC%E4%BD%93/SEMI_WFF_2026_1Q.xlsx
ams-OSRAM - JTC NanoSpace (was ams AG) current wafer capacity (SEMI WFF),,晶圆产能,SEMI WFF 工厂级晶圆产能观测。,current,5000,6,SE Asia,/Users/simon/Documents/Simon-OB/本体论/base/半导体/SEMI_WFF_2026_1Q.xlsx,ams-OSRAM,光电器件,facility_capacity,,,ams-OSRAM - JTC NanoSpace (was ams AG),4974,Company Detail,file:///Users/simon/Documents/Simon-OB/%E6%9C%AC%E4%BD%93%E8%AE%BA/base/%E5%8D%8A%E5%AF%BC%E4%BD%93/SEMI_WFF_2026_1Q.xlsx
ams-OSRAM - Kulim Fab 2 MicroLED Line current wafer capacity (SEMI WFF),,晶圆产能,SEMI WFF 工厂级晶圆产能观测。,current,50000,8,SE Asia,/Users/simon/Documents/Simon-OB/本体论/base/半导体/SEMI_WFF_2026_1Q.xlsx,ams-OSRAM,光电器件,facility_capacity,,,ams-OSRAM - Kulim Fab 2 MicroLED Line,6391,Company Detail,file:///Users/simon/Documents/Simon-OB/%E6%9C%AC%E4%BD%93%E8%AE%BA/base/%E5%8D%8A%E5%AF%BC%E4%BD%93/SEMI_WFF_2026_1Q.xlsx
ams-OSRAM - Kulim EPI Line current wafer capacity (SEMI WFF),,晶圆产能,SEMI WFF 工厂级晶圆产能观测。,current,50000,8,SE Asia,/Users/simon/Documents/Simon-OB/本体论/base/半导体/SEMI_WFF_2026_1Q.xlsx,ams-OSRAM,外延片,facility_capacity,,,ams-OSRAM - Kulim EPI Line,6392,Company Detail,file:///Users/simon/Documents/Simon-OB/%E6%9C%AC%E4%BD%93%E8%AE%BA/base/%E5%8D%8A%E5%AF%BC%E4%BD%93/SEMI_WFF_2026_1Q.xlsx
Analog Devices Inc - ADI Catalyst R&D current wafer capacity (SEMI WFF),,晶圆产能,SEMI WFF 工厂级晶圆产能观测。,current,250,8,Europe & Mideast,/Users/simon/Documents/Simon-OB/本体论/base/半导体/SEMI_WFF_2026_1Q.xlsx,Analog Devices Inc,模拟,facility_capacity,,,Analog Devices Inc - ADI Catalyst R&D,6458,Company Detail,file:///Users/simon/Documents/Simon-OB/%E6%9C%AC%E4%BD%93%E8%AE%BA/base/%E5%8D%8A%E5%AF%BC%E4%BD%93/SEMI_WFF_2026_1Q.xlsx
Analog Devices Inc - Limerick New Next Gen Fab current wafer capacity (SEMI WFF),,晶圆产能,SEMI WFF 工厂级晶圆产能观测。,current,20000,8,Europe & Mideast,/Users/simon/Documents/Simon-OB/本体论/base/半导体/SEMI_WFF_2026_1Q.xlsx,Analog Devices Inc,模拟,facility_capacity,,,Analog Devices Inc - Limerick New Next Gen Fab,6459,Company Detail,file:///Users/simon/Documents/Simon-OB/%E6%9C%AC%E4%BD%93%E8%AE%BA/base/%E5%8D%8A%E5%AF%BC%E4%BD%93/SEMI_WFF_2026_1Q.xlsx
Analog Devices Inc - Limerick current wafer capacity (SEMI WFF),,晶圆产能,SEMI WFF 工厂级晶圆产能观测。,current,42000,8,Europe & Mideast,/Users/simon/Documents/Simon-OB/本体论/base/半导体/SEMI_WFF_2026_1Q.xlsx,Analog Devices Inc,模拟,facility_capacity,,,Analog Devices Inc - Limerick,27,Company Detail,file:///Users/simon/Documents/Simon-OB/%E6%9C%AC%E4%BD%93%E8%AE%BA/base/%E5%8D%8A%E5%AF%BC%E4%BD%93/SEMI_WFF_2026_1Q.xlsx
Analog Devices Inc - Wilmington current wafer capacity (SEMI WFF),,晶圆产能,SEMI WFF 工厂级晶圆产能观测。,current,30000,6,美洲,/Users/simon/Documents/Simon-OB/本体论/base/半导体/SEMI_WFF_2026_1Q.xlsx,Analog Devices Inc,模拟,facility_capacity,,,Analog Devices Inc - Wilmington,1259,Company Detail,file:///Users/simon/Documents/Simon-OB/%E6%9C%AC%E4%BD%93%E8%AE%BA/base/%E5%8D%8A%E5%AF%BC%E4%BD%93/SEMI_WFF_2026_1Q.xlsx
Analog Devices Inc - Camas (was Linear Technologies) current wafer capacity (SEMI WFF),,晶圆产能,SEMI WFF 工厂级晶圆产能观测。,current,30000,6,美洲,/Users/simon/Documents/Simon-OB/本体论/base/半导体/SEMI_WFF_2026_1Q.xlsx,Analog Devices Inc,模拟,facility_capacity,,,Analog Devices Inc - Camas (was Linear Technologies),471,Company Detail,file:///Users/simon/Documents/Simon-OB/%E6%9C%AC%E4%BD%93%E8%AE%BA/base/%E5%8D%8A%E5%AF%BC%E4%BD%93/SEMI_WFF_2026_1Q.xlsx
Analog Devices Inc - Beaverton-Portland (was Maxim) current wafer capacity (SEMI WFF),,晶圆产能,SEMI WFF 工厂级晶圆产能观测。,current,44000,8,美洲,/Users/simon/Documents/Simon-OB/本体论/base/半导体/SEMI_WFF_2026_1Q.xlsx,Analog Devices Inc,模拟,facility_capacity,,,Analog Devices Inc - Beaverton-Portland (was Maxim),523,Company Detail,file:///Users/simon/Documents/Simon-OB/%E6%9C%AC%E4%BD%93%E8%AE%BA/base/%E5%8D%8A%E5%AF%BC%E4%BD%93/SEMI_WFF_2026_1Q.xlsx
Analog Foundries - CSEC current wafer capacity (SEMI WFF),,晶圆产能,SEMI WFF 工厂级晶圆产能观测。,current,30000,6,中国,/Users/simon/Documents/Simon-OB/本体论/base/半导体/SEMI_WFF_2026_1Q.xlsx,Analog Foundries,分立器件,facility_capacity,,,Analog Foundries - CSEC,3899,Company Detail,file:///Users/simon/Documents/Simon-OB/%E6%9C%AC%E4%BD%93%E8%AE%BA/base/%E5%8D%8A%E5%AF%BC%E4%BD%93/SEMI_WFF_2026_1Q.xlsx
Angstrem - Angstrem Plus (Fab 0) (basic) current wafer capacity (SEMI WFF),,晶圆产能,SEMI WFF 工厂级晶圆产能观测。,current,20000,6,Europe & Mideast,/Users/simon/Documents/Simon-OB/本体论/base/半导体/SEMI_WFF_2026_1Q.xlsx,Angstrem,模拟,facility_capacity,,,Angstrem - Angstrem Plus (Fab 0) (basic),33,Company Detail,file:///Users/simon/Documents/Simon-OB/%E6%9C%AC%E4%BD%93%E8%AE%BA/base/%E5%8D%8A%E5%AF%BC%E4%BD%93/SEMI_WFF_2026_1Q.xlsx
Angstrem - Fab 2 (Angstrem T) current wafer capacity (SEMI WFF),,晶圆产能,SEMI WFF 工厂级晶圆产能观测。,current,15000,8,Europe & Mideast,/Users/simon/Documents/Simon-OB/本体论/base/半导体/SEMI_WFF_2026_1Q.xlsx,Angstrem,模拟,facility_capacity,,,Angstrem - Fab 2 (Angstrem T),1485,Company Detail,file:///Users/simon/Documents/Simon-OB/%E6%9C%AC%E4%BD%93%E8%AE%BA/base/%E5%8D%8A%E5%AF%BC%E4%BD%93/SEMI_WFF_2026_1Q.xlsx
Angstrem - Fab 1 current wafer capacity (SEMI WFF),,晶圆产能,SEMI WFF 工厂级晶圆产能观测。,current,12000,6,Europe & Mideast,/Users/simon/Documents/Simon-OB/本体论/base/半导体/SEMI_WFF_2026_1Q.xlsx,Angstrem,模拟,facility_capacity,,,Angstrem - Fab 1,32,Company Detail,file:///Users/simon/Documents/Simon-OB/%E6%9C%AC%E4%BD%93%E8%AE%BA/base/%E5%8D%8A%E5%AF%BC%E4%BD%93/SEMI_WFF_2026_1Q.xlsx
"Anhui Anxin Electronic Technology Co., Ltd. - Fab 1 (GPP) current wafer capacity (SEMI WFF)",,晶圆产能,SEMI WFF 工厂级晶圆产能观测。,current,300000,4,中国,/Users/simon/Documents/Simon-OB/本体论/base/半导体/SEMI_WFF_2026_1Q.xlsx,"Anhui Anxin Electronic Technology Co., Ltd.",分立器件,facility_capacity,,,"Anhui Anxin Electronic Technology Co., Ltd. - Fab 1 (GPP)",5010,Company Detail,file:///Users/simon/Documents/Simon-OB/%E6%9C%AC%E4%BD%93%E8%AE%BA/base/%E5%8D%8A%E5%AF%BC%E4%BD%93/SEMI_WFF_2026_1Q.xlsx
"Anhui Anxin Electronic Technology Co., Ltd. - Fab 2 (5inch) current wafer capacity (SEMI WFF)",,晶圆产能,SEMI WFF 工厂级晶圆产能观测。,current,300000,5,中国,/Users/simon/Documents/Simon-OB/本体论/base/半导体/SEMI_WFF_2026_1Q.xlsx,"Anhui Anxin Electronic Technology Co., Ltd.",分立器件,facility_capacity,,,"Anhui Anxin Electronic Technology Co., Ltd. - Fab 2 (5inch)",6609,Company Detail,file:///Users/simon/Documents/Simon-OB/%E6%9C%AC%E4%BD%93%E8%AE%BA/base/%E5%8D%8A%E5%AF%BC%E4%BD%93/SEMI_WFF_2026_1Q.xlsx
"Anhui Anxin Electronic Technology Co., Ltd. - Fab 3 (6inch line) current wafer capacity (SEMI WFF)",,晶圆产能,SEMI WFF 工厂级晶圆产能观测。,current,50000,6,中国,/Users/simon/Documents/Simon-OB/本体论/base/半导体/SEMI_WFF_2026_1Q.xlsx,"Anhui Anxin Electronic Technology Co., Ltd.",分立器件,facility_capacity,,,"Anhui Anxin Electronic Technology Co., Ltd. - Fab 3 (6inch line)",6610,Company Detail,file:///Users/simon/Documents/Simon-OB/%E6%9C%AC%E4%BD%93%E8%AE%BA/base/%E5%8D%8A%E5%AF%BC%E4%BD%93/SEMI_WFF_2026_1Q.xlsx
Anhui RiChips - Hefei fab current wafer capacity (SEMI WFF),,晶圆产能,SEMI WFF 工厂级晶圆产能观测。,current,40000,5,中国,/Users/simon/Documents/Simon-OB/本体论/base/半导体/SEMI_WFF_2026_1Q.xlsx,Anhui RiChips,分立器件,facility_capacity,,,Anhui RiChips - Hefei fab,4957,Company Detail,file:///Users/simon/Documents/Simon-OB/%E6%9C%AC%E4%BD%93%E8%AE%BA/base/%E5%8D%8A%E5%AF%BC%E4%BD%93/SEMI_WFF_2026_1Q.xlsx
Anhui YOFC Advanced Semiconductor (YASC) - Wuhan Fab current wafer capacity (SEMI WFF),,晶圆产能,SEMI WFF 工厂级晶圆产能观测。,current,30000,6,中国,/Users/simon/Documents/Simon-OB/本体论/base/半导体/SEMI_WFF_2026_1Q.xlsx,Anhui YOFC Advanced Semiconductor (YASC),Discrete,facility_capacity,,,Anhui YOFC Advanced Semiconductor (YASC) - Wuhan Fab,6645,Company Detail,file:///Users/simon/Documents/Simon-OB/%E6%9C%AC%E4%BD%93%E8%AE%BA/base/%E5%8D%8A%E5%AF%BC%E4%BD%93/SEMI_WFF_2026_1Q.xlsx
Anhui YOFC Advanced Semiconductor (YASC) - Wuhu Fab current wafer capacity (SEMI WFF),,晶圆产能,SEMI WFF 工厂级晶圆产能观测。,current,5000,6,中国,/Users/simon/Documents/Simon-OB/本体论/base/半导体/SEMI_WFF_2026_1Q.xlsx,Anhui YOFC Advanced Semiconductor (YASC),Discrete,facility_capacity,,,Anhui YOFC Advanced Semiconductor (YASC) - Wuhu Fab,6646,Company Detail,file:///Users/simon/Documents/Simon-OB/%E6%9C%AC%E4%BD%93%E8%AE%BA/base/%E5%8D%8A%E5%AF%BC%E4%BD%93/SEMI_WFF_2026_1Q.xlsx
AOS - Jireh Semiconductor current wafer capacity (SEMI WFF),,晶圆产能,SEMI WFF 工厂级晶圆产能观测。,current,24000,8,美洲,/Users/simon/Documents/Simon-OB/本体论/base/半导体/SEMI_WFF_2026_1Q.xlsx,AOS,Discrete,facility_capacity,,,AOS - Jireh Semiconductor,370,Company Detail,file:///Users/simon/Documents/Simon-OB/%E6%9C%AC%E4%BD%93%E8%AE%BA/base/%E5%8D%8A%E5%AF%BC%E4%BD%93/SEMI_WFF_2026_1Q.xlsx
AOS - Chongqing fab (phase 2) current wafer capacity (SEMI WFF),,晶圆产能,SEMI WFF 工厂级晶圆产能观测。,current,30000,12,中国,/Users/simon/Documents/Simon-OB/本体论/base/半导体/SEMI_WFF_2026_1Q.xlsx,AOS,Discrete,facility_capacity,,,AOS - Chongqing fab (phase 2),5064,Company Detail,file:///Users/simon/Documents/Simon-OB/%E6%9C%AC%E4%BD%93%E8%AE%BA/base/%E5%8D%8A%E5%AF%BC%E4%BD%93/SEMI_WFF_2026_1Q.xlsx
AOS - Chongqing fab (phase 1) current wafer capacity (SEMI WFF),,晶圆产能,SEMI WFF 工厂级晶圆产能观测。,current,20000,12,中国,/Users/simon/Documents/Simon-OB/本体论/base/半导体/SEMI_WFF_2026_1Q.xlsx,AOS,Discrete,facility_capacity,,,AOS - Chongqing fab (phase 1),3896,Company Detail,file:///Users/simon/Documents/Simon-OB/%E6%9C%AC%E4%BD%93%E8%AE%BA/base/%E5%8D%8A%E5%AF%BC%E4%BD%93/SEMI_WFF_2026_1Q.xlsx
Aosong Electronics (ASAIR) - Chongqing 200mm fab current wafer capacity (SEMI WFF),,晶圆产能,SEMI WFF 工厂级晶圆产能观测。,current,30000,8,中国,/Users/simon/Documents/Simon-OB/本体论/base/半导体/SEMI_WFF_2026_1Q.xlsx,Aosong Electronics (ASAIR),MEMS,facility_capacity,,,Aosong Electronics (ASAIR) - Chongqing 200mm fab,6225,Company Detail,file:///Users/simon/Documents/Simon-OB/%E6%9C%AC%E4%BD%93%E8%AE%BA/base/%E5%8D%8A%E5%AF%BC%E4%BD%93/SEMI_WFF_2026_1Q.xlsx
Aosong Electronics (ASAIR) - MEMS fab (Phase 1 + 2) current wafer capacity (SEMI WFF),,晶圆产能,SEMI WFF 工厂级晶圆产能观测。,current,40000,6,中国,/Users/simon/Documents/Simon-OB/本体论/base/半导体/SEMI_WFF_2026_1Q.xlsx,Aosong Electronics (ASAIR),MEMS,facility_capacity,,,Aosong Electronics (ASAIR) - MEMS fab (Phase 1 + 2),6179,Company Detail,file:///Users/simon/Documents/Simon-OB/%E6%9C%AC%E4%BD%93%E8%AE%BA/base/%E5%8D%8A%E5%AF%BC%E4%BD%93/SEMI_WFF_2026_1Q.xlsx
Apple Inc. - Aria current wafer capacity (SEMI WFF),,晶圆产能,SEMI WFF 工厂级晶圆产能观测。,current,500,8,美洲,/Users/simon/Documents/Simon-OB/本体论/base/半导体/SEMI_WFF_2026_1Q.xlsx,Apple Inc.,Other,facility_capacity,,,Apple Inc. - Aria,1614,Company Detail,file:///Users/simon/Documents/Simon-OB/%E6%9C%AC%E4%BD%93%E8%AE%BA/base/%E5%8D%8A%E5%AF%BC%E4%BD%93/SEMI_WFF_2026_1Q.xlsx
Apple Inc. - Taiwan Apple LLC (was Qualcomm MEMS Technologies Mirasol) current wafer capacity (SEMI WFF),,晶圆产能,SEMI WFF 工厂级晶圆产能观测。,current,500,6,中国台湾,/Users/simon/Documents/Simon-OB/本体论/base/半导体/SEMI_WFF_2026_1Q.xlsx,Apple Inc.,MEMS,facility_capacity,,,Apple Inc. - Taiwan Apple LLC (was Qualcomm MEMS Technologies Mirasol),4966,Company Detail,file:///Users/simon/Documents/Simon-OB/%E6%9C%AC%E4%BD%93%E8%AE%BA/base/%E5%8D%8A%E5%AF%BC%E4%BD%93/SEMI_WFF_2026_1Q.xlsx
Applied Optoelectronics - Fab 1 current wafer capacity (SEMI WFF),,晶圆产能,SEMI WFF 工厂级晶圆产能观测。,current,2000,4,美洲,/Users/simon/Documents/Simon-OB/本体论/base/半导体/SEMI_WFF_2026_1Q.xlsx,Applied Optoelectronics,Opto,facility_capacity,,,Applied Optoelectronics - Fab 1,6704,Company Detail,file:///Users/simon/Documents/Simon-OB/%E6%9C%AC%E4%BD%93%E8%AE%BA/base/%E5%8D%8A%E5%AF%BC%E4%BD%93/SEMI_WFF_2026_1Q.xlsx
APT Electronics Ltd. - Nansha base (phase 1) current wafer capacity (SEMI WFF),,晶圆产能,SEMI WFF 工厂级晶圆产能观测。,current,50000,2,中国,/Users/simon/Documents/Simon-OB/本体论/base/半导体/SEMI_WFF_2026_1Q.xlsx,APT Electronics Ltd.,Opto,facility_capacity,,,APT Electronics Ltd. - Nansha base (phase 1),3330,Company Detail,file:///Users/simon/Documents/Simon-OB/%E6%9C%AC%E4%BD%93%E8%AE%BA/base/%E5%8D%8A%E5%AF%BC%E4%BD%93/SEMI_WFF_2026_1Q.xlsx
"AquaLite Co., Ltd - n/a current wafer capacity (SEMI WFF)",,晶圆产能,SEMI WFF 工厂级晶圆产能观测。,current,50000,2,中国,/Users/simon/Documents/Simon-OB/本体论/base/半导体/SEMI_WFF_2026_1Q.xlsx,"AquaLite Co., Ltd",Opto,facility_capacity,,,"AquaLite Co., Ltd - n/a",3353,Company Detail,file:///Users/simon/Documents/Simon-OB/%E6%9C%AC%E4%BD%93%E8%AE%BA/base/%E5%8D%8A%E5%AF%BC%E4%BD%93/SEMI_WFF_2026_1Q.xlsx
Argonne National Laboratory - Center for Nanoscale Materials current wafer capacity (SEMI WFF),,晶圆产能,SEMI WFF 工厂级晶圆产能观测。,current,50,8,美洲,/Users/simon/Documents/Simon-OB/本体论/base/半导体/SEMI_WFF_2026_1Q.xlsx,Argonne National Laboratory,Other,facility_capacity,,,Argonne National Laboratory - Center for Nanoscale Materials,2457,Company Detail,file:///Users/simon/Documents/Simon-OB/%E6%9C%AC%E4%BD%93%E8%AE%BA/base/%E5%8D%8A%E5%AF%BC%E4%BD%93/SEMI_WFF_2026_1Q.xlsx
Arima Optoelectronics Corp. - Hsinchu Fab 2 current wafer capacity (SEMI WFF),,晶圆产能,SEMI WFF 工厂级晶圆产能观测。,current,20000,2,中国台湾,/Users/simon/Documents/Simon-OB/本体论/base/半导体/SEMI_WFF_2026_1Q.xlsx,Arima Optoelectronics Corp.,Opto,facility_capacity,,,Arima Optoelectronics Corp. - Hsinchu Fab 2,3089,Company Detail,file:///Users/simon/Documents/Simon-OB/%E6%9C%AC%E4%BD%93%E8%AE%BA/base/%E5%8D%8A%E5%AF%BC%E4%BD%93/SEMI_WFF_2026_1Q.xlsx
Arima Optoelectronics Corp. - Hsinchu Fab 1 current wafer capacity (SEMI WFF),,晶圆产能,SEMI WFF 工厂级晶圆产能观测。,current,20000,2,中国台湾,/Users/simon/Documents/Simon-OB/本体论/base/半导体/SEMI_WFF_2026_1Q.xlsx,Arima Optoelectronics Corp.,Opto,facility_capacity,,,Arima Optoelectronics Corp. - Hsinchu Fab 1,3088,Company Detail,file:///Users/simon/Documents/Simon-OB/%E6%9C%AC%E4%BD%93%E8%AE%BA/base/%E5%8D%8A%E5%AF%BC%E4%BD%93/SEMI_WFF_2026_1Q.xlsx
Army Research Laboratory (ARL) - Army Research Laboratory (ARL) current wafer capacity (SEMI WFF),,晶圆产能,SEMI WFF 工厂级晶圆产能观测。,current,5000,5,美洲,/Users/simon/Documents/Simon-OB/本体论/base/半导体/SEMI_WFF_2026_1Q.xlsx,Army Research Laboratory (ARL),Other,facility_capacity,,,Army Research Laboratory (ARL) - Army Research Laboratory (ARL),36,Company Detail,file:///Users/simon/Documents/Simon-OB/%E6%9C%AC%E4%BD%93%E8%AE%BA/base/%E5%8D%8A%E5%AF%BC%E4%BD%93/SEMI_WFF_2026_1Q.xlsx
Asahi Kasei Microdevices (AKM) - Fab 1 current wafer capacity (SEMI WFF),,晶圆产能,SEMI WFF 工厂级晶圆产能观测。,current,35000,4,日本,/Users/simon/Documents/Simon-OB/本体论/base/半导体/SEMI_WFF_2026_1Q.xlsx,Asahi Kasei Microdevices (AKM),MEMS,facility_capacity,,,Asahi Kasei Microdevices (AKM) - Fab 1,37,Company Detail,file:///Users/simon/Documents/Simon-OB/%E6%9C%AC%E4%BD%93%E8%AE%BA/base/%E5%8D%8A%E5%AF%BC%E4%BD%93/SEMI_WFF_2026_1Q.xlsx
"Asahi Kasei Microdevices (AKM) - Fab 2 (8"" line) current wafer capacity (SEMI WFF)",,晶圆产能,SEMI WFF 工厂级晶圆产能观测。,current,23000,8,日本,/Users/simon/Documents/Simon-OB/本体论/base/半导体/SEMI_WFF_2026_1Q.xlsx,Asahi Kasei Microdevices (AKM),Analog,facility_capacity,,,"Asahi Kasei Microdevices (AKM) - Fab 2 (8"" line)",2894,Company Detail,file:///Users/simon/Documents/Simon-OB/%E6%9C%AC%E4%BD%93%E8%AE%BA/base/%E5%8D%8A%E5%AF%BC%E4%BD%93/SEMI_WFF_2026_1Q.xlsx
Asahi Kasei Microdevices (AKM) - Fab 3 current wafer capacity (SEMI WFF),,晶圆产能,SEMI WFF 工厂级晶圆产能观测。,current,8000,6,日本,/Users/simon/Documents/Simon-OB/本体论/base/半导体/SEMI_WFF_2026_1Q.xlsx,Asahi Kasei Microdevices (AKM),MEMS,facility_capacity,,,Asahi Kasei Microdevices (AKM) - Fab 3,3635,Company Detail,file:///Users/simon/Documents/Simon-OB/%E6%9C%AC%E4%BD%93%E8%AE%BA/base/%E5%8D%8A%E5%AF%BC%E4%BD%93/SEMI_WFF_2026_1Q.xlsx
"Asahi Kasei Microdevices (AKM) - Fab 2 (6"" line) current wafer capacity (SEMI WFF)",,晶圆产能,SEMI WFF 工厂级晶圆产能观测。,current,18000,6,日本,/Users/simon/Documents/Simon-OB/本体论/base/半导体/SEMI_WFF_2026_1Q.xlsx,Asahi Kasei Microdevices (AKM),Analog,facility_capacity,,,"Asahi Kasei Microdevices (AKM) - Fab 2 (6"" line)",3656,Company Detail,file:///Users/simon/Documents/Simon-OB/%E6%9C%AC%E4%BD%93%E8%AE%BA/base/%E5%8D%8A%E5%AF%BC%E4%BD%93/SEMI_WFF_2026_1Q.xlsx
"Asia Pacific Microsystems, Inc.  (APM) - Fab 1 current wafer capacity (SEMI WFF)",,晶圆产能,SEMI WFF 工厂级晶圆产能观测。,current,12000,6,中国台湾,/Users/simon/Documents/Simon-OB/本体论/base/半导体/SEMI_WFF_2026_1Q.xlsx,"Asia Pacific Microsystems, Inc.  (APM)",MEMS,facility_capacity,,,"Asia Pacific Microsystems, Inc.  (APM) - Fab 1",1203,Company Detail,file:///Users/simon/Documents/Simon-OB/%E6%9C%AC%E4%BD%93%E8%AE%BA/base/%E5%8D%8A%E5%AF%BC%E4%BD%93/SEMI_WFF_2026_1Q.xlsx
A-STAR IME (Institute of Microelectronics) (A*STAR IME) - Cleanroom 1 current wafer capacity (SEMI WFF),,晶圆产能,SEMI WFF 工厂级晶圆产能观测。,current,500,8,SE Asia,/Users/simon/Documents/Simon-OB/本体论/base/半导体/SEMI_WFF_2026_1Q.xlsx,A-STAR IME (Institute of Microelectronics) (A*STAR IME),Other,facility_capacity,,,A-STAR IME (Institute of Microelectronics) (A*STAR IME) - Cleanroom 1,2339,Company Detail,file:///Users/simon/Documents/Simon-OB/%E6%9C%AC%E4%BD%93%E8%AE%BA/base/%E5%8D%8A%E5%AF%BC%E4%BD%93/SEMI_WFF_2026_1Q.xlsx
A-STAR IME (Institute of Microelectronics) (A*STAR IME) - Cleanroom 2 (MEMS & Wafer Level Packaging) current wafer capacity (SEMI WFF),,晶圆产能,SEMI WFF 工厂级晶圆产能观测。,current,100,8,SE Asia,/Users/simon/Documents/Simon-OB/本体论/base/半导体/SEMI_WFF_2026_1Q.xlsx,A-STAR IME (Institute of Microelectronics) (A*STAR IME),Other,facility_capacity,,,A-STAR IME (Institute of Microelectronics) (A*STAR IME) - Cleanroom 2 (MEMS & Wafer Level Packaging),2340,Company Detail,file:///Users/simon/Documents/Simon-OB/%E6%9C%AC%E4%BD%93%E8%AE%BA/base/%E5%8D%8A%E5%AF%BC%E4%BD%93/SEMI_WFF_2026_1Q.xlsx
A-STAR IME (Institute of Microelectronics) (A*STAR IME) - Open R&D 200mm SiC current wafer capacity (SEMI WFF),,晶圆产能,SEMI WFF 工厂级晶圆产能观测。,current,1000,8,SE Asia,/Users/simon/Documents/Simon-OB/本体论/base/半导体/SEMI_WFF_2026_1Q.xlsx,A-STAR IME (Institute of Microelectronics) (A*STAR IME),Other,facility_capacity,,,A-STAR IME (Institute of Microelectronics) (A*STAR IME) - Open R&D 200mm SiC,6659,Company Detail,file:///Users/simon/Documents/Simon-OB/%E6%9C%AC%E4%BD%93%E8%AE%BA/base/%E5%8D%8A%E5%AF%BC%E4%BD%93/SEMI_WFF_2026_1Q.xlsx
Atomica (was IMT Innovative Micro Technology) - 6-inch line current wafer capacity (SEMI WFF),,晶圆产能,SEMI WFF 工厂级晶圆产能观测。,current,4000,6,美洲,/Users/simon/Documents/Simon-OB/本体论/base/半导体/SEMI_WFF_2026_1Q.xlsx,Atomica (was IMT Innovative Micro Technology),MEMS,facility_capacity,,,Atomica (was IMT Innovative Micro Technology) - 6-inch line,1903,Company Detail,file:///Users/simon/Documents/Simon-OB/%E6%9C%AC%E4%BD%93%E8%AE%BA/base/%E5%8D%8A%E5%AF%BC%E4%BD%93/SEMI_WFF_2026_1Q.xlsx
Atomica (was IMT Innovative Micro Technology) - 8-inch line current wafer capacity (SEMI WFF),,晶圆产能,SEMI WFF 工厂级晶圆产能观测。,current,2000,8,美洲,/Users/simon/Documents/Simon-OB/本体论/base/半导体/SEMI_WFF_2026_1Q.xlsx,Atomica (was IMT Innovative Micro Technology),MEMS,facility_capacity,,,Atomica (was IMT Innovative Micro Technology) - 8-inch line,5027,Company Detail,file:///Users/simon/Documents/Simon-OB/%E6%9C%AC%E4%BD%93%E8%AE%BA/base/%E5%8D%8A%E5%AF%BC%E4%BD%93/SEMI_WFF_2026_1Q.xlsx
Aucksun - Huaian (phase 3) current wafer capacity (SEMI WFF),,晶圆产能,SEMI WFF 工厂级晶圆产能观测。,current,160000,4,中国,/Users/simon/Documents/Simon-OB/本体论/base/半导体/SEMI_WFF_2026_1Q.xlsx,Aucksun,Opto,facility_capacity,,,Aucksun - Huaian (phase 3),4969,Company Detail,file:///Users/simon/Documents/Simon-OB/%E6%9C%AC%E4%BD%93%E8%AE%BA/base/%E5%8D%8A%E5%AF%BC%E4%BD%93/SEMI_WFF_2026_1Q.xlsx
Aucksun - Huaian (phase 2) current wafer capacity (SEMI WFF),,晶圆产能,SEMI WFF 工厂级晶圆产能观测。,current,140000,4,中国,/Users/simon/Documents/Simon-OB/本体论/base/半导体/SEMI_WFF_2026_1Q.xlsx,Aucksun,Opto,facility_capacity,,,Aucksun - Huaian (phase 2),3666,Company Detail,file:///Users/simon/Documents/Simon-OB/%E6%9C%AC%E4%BD%93%E8%AE%BA/base/%E5%8D%8A%E5%AF%BC%E4%BD%93/SEMI_WFF_2026_1Q.xlsx
Aucksun - Huaian (phase 1) current wafer capacity (SEMI WFF),,晶圆产能,SEMI WFF 工厂级晶圆产能观测。,current,230000,2,中国,/Users/simon/Documents/Simon-OB/本体论/base/半导体/SEMI_WFF_2026_1Q.xlsx,Aucksun,Opto,facility_capacity,,,Aucksun - Huaian (phase 1),3379,Company Detail,file:///Users/simon/Documents/Simon-OB/%E6%9C%AC%E4%BD%93%E8%AE%BA/base/%E5%8D%8A%E5%AF%BC%E4%BD%93/SEMI_WFF_2026_1Q.xlsx
AUK Corporation - A 2 current wafer capacity (SEMI WFF),,晶圆产能,SEMI WFF 工厂级晶圆产能观测。,current,20000,6,韩国,/Users/simon/Documents/Simon-OB/本体论/base/半导体/SEMI_WFF_2026_1Q.xlsx,AUK Corporation,Discrete,facility_capacity,,,AUK Corporation - A 2,2136,Company Detail,file:///Users/simon/Documents/Simon-OB/%E6%9C%AC%E4%BD%93%E8%AE%BA/base/%E5%8D%8A%E5%AF%BC%E4%BD%93/SEMI_WFF_2026_1Q.xlsx
AUK Corporation - D1 and D2 Lines current wafer capacity (SEMI WFF),,晶圆产能,SEMI WFF 工厂级晶圆产能观测。,current,20000,5,中国,/Users/simon/Documents/Simon-OB/本体论/base/半导体/SEMI_WFF_2026_1Q.xlsx,AUK Corporation,MEMS,facility_capacity,,,AUK Corporation - D1 and D2 Lines,2137,Company Detail,file:///Users/simon/Documents/Simon-OB/%E6%9C%AC%E4%BD%93%E8%AE%BA/base/%E5%8D%8A%E5%AF%BC%E4%BD%93/SEMI_WFF_2026_1Q.xlsx
AUK Corporation - A 1 current wafer capacity (SEMI WFF),,晶圆产能,SEMI WFF 工厂级晶圆产能观测。,current,30000,5,韩国,/Users/simon/Documents/Simon-OB/本体论/base/半导体/SEMI_WFF_2026_1Q.xlsx,AUK Corporation,Discrete,facility_capacity,,,AUK Corporation - A 1,2134,Company Detail,file:///Users/simon/Documents/Simon-OB/%E6%9C%AC%E4%BD%93%E8%AE%BA/base/%E5%8D%8A%E5%AF%BC%E4%BD%93/SEMI_WFF_2026_1Q.xlsx
Autopribor - Autopribor current wafer capacity (SEMI WFF),,晶圆产能,SEMI WFF 工厂级晶圆产能观测。,current,4000,4,Europe & Mideast,/Users/simon/Documents/Simon-OB/本体论/base/半导体/SEMI_WFF_2026_1Q.xlsx,Autopribor,MEMS,facility_capacity,,,Autopribor - Autopribor,2436,Company Detail,file:///Users/simon/Documents/Simon-OB/%E6%9C%AC%E4%BD%93%E8%AE%BA/base/%E5%8D%8A%E5%AF%BC%E4%BD%93/SEMI_WFF_2026_1Q.xlsx
AVIC Kaimai (Shanghai) - InSb Fab current wafer capacity (SEMI WFF),,晶圆产能,SEMI WFF 工厂级晶圆产能观测。,current,5000,4,中国,/Users/simon/Documents/Simon-OB/本体论/base/半导体/SEMI_WFF_2026_1Q.xlsx,AVIC Kaimai (Shanghai),Opto,facility_capacity,,,AVIC Kaimai (Shanghai) - InSb Fab,6601,Company Detail,file:///Users/simon/Documents/Simon-OB/%E6%9C%AC%E4%BD%93%E8%AE%BA/base/%E5%8D%8A%E5%AF%BC%E4%BD%93/SEMI_WFF_2026_1Q.xlsx
AWSC (Advanced Wireless Semiconductor Co.) - Module 1 current wafer capacity (SEMI WFF),,晶圆产能,SEMI WFF 工厂级晶圆产能观测。,current,13000,6,中国台湾,/Users/simon/Documents/Simon-OB/本体论/base/半导体/SEMI_WFF_2026_1Q.xlsx,AWSC (Advanced Wireless Semiconductor Co.),Opto,facility_capacity,,,AWSC (Advanced Wireless Semiconductor Co.) - Module 1,1788,Company Detail,file:///Users/simon/Documents/Simon-OB/%E6%9C%AC%E4%BD%93%E8%AE%BA/base/%E5%8D%8A%E5%AF%BC%E4%BD%93/SEMI_WFF_2026_1Q.xlsx
AWSC (Advanced Wireless Semiconductor Co.) - Module 2 current wafer capacity (SEMI WFF),,晶圆产能,SEMI WFF 工厂级晶圆产能观测。,current,27000,6,中国台湾,/Users/simon/Documents/Simon-OB/本体论/base/半导体/SEMI_WFF_2026_1Q.xlsx,AWSC (Advanced Wireless Semiconductor Co.),Opto,facility_capacity,,,AWSC (Advanced Wireless Semiconductor Co.) - Module 2,5070,Company Detail,file:///Users/simon/Documents/Simon-OB/%E6%9C%AC%E4%BD%93%E8%AE%BA/base/%E5%8D%8A%E5%AF%BC%E4%BD%93/SEMI_WFF_2026_1Q.xlsx
BAE Systems - BAE Systems Imaging Solutions current wafer capacity (SEMI WFF),,晶圆产能,SEMI WFF 工厂级晶圆产能观测。,current,3000,4,美洲,/Users/simon/Documents/Simon-OB/本体论/base/半导体/SEMI_WFF_2026_1Q.xlsx,BAE Systems,Analog,facility_capacity,,,BAE Systems - BAE Systems Imaging Solutions,3555,Company Detail,file:///Users/simon/Documents/Simon-OB/%E6%9C%AC%E4%BD%93%E8%AE%BA/base/%E5%8D%8A%E5%AF%BC%E4%BD%93/SEMI_WFF_2026_1Q.xlsx
BAE Systems - Advanced Microwave Products (AMP) Center current wafer capacity (SEMI WFF),,晶圆产能,SEMI WFF 工厂级晶圆产能观测。,current,2500,6,美洲,/Users/simon/Documents/Simon-OB/本体论/base/半导体/SEMI_WFF_2026_1Q.xlsx,BAE Systems,Analog,facility_capacity,,,BAE Systems - Advanced Microwave Products (AMP) Center,864,Company Detail,file:///Users/simon/Documents/Simon-OB/%E6%9C%AC%E4%BD%93%E8%AE%BA/base/%E5%8D%8A%E5%AF%BC%E4%BD%93/SEMI_WFF_2026_1Q.xlsx
Beijing MXTronics Corp. - Beijing fab current wafer capacity (SEMI WFF),,晶圆产能,SEMI WFF 工厂级晶圆产能观测。,current,5000,4,中国,/Users/simon/Documents/Simon-OB/本体论/base/半导体/SEMI_WFF_2026_1Q.xlsx,Beijing MXTronics Corp.,Analog,facility_capacity,,,Beijing MXTronics Corp. - Beijing fab,3790,Company Detail,file:///Users/simon/Documents/Simon-OB/%E6%9C%AC%E4%BD%93%E8%AE%BA/base/%E5%8D%8A%E5%AF%BC%E4%BD%93/SEMI_WFF_2026_1Q.xlsx
Beijing Yandong (YDME) - Yandong 200mm Fab current wafer capacity (SEMI WFF),,晶圆产能,SEMI WFF 工厂级晶圆产能观测。,current,50000,8,中国,/Users/simon/Documents/Simon-OB/本体论/base/半导体/SEMI_WFF_2026_1Q.xlsx,Beijing Yandong (YDME),Analog,facility_capacity,,,Beijing Yandong (YDME) - Yandong 200mm Fab,3873,Company Detail,file:///Users/simon/Documents/Simon-OB/%E6%9C%AC%E4%BD%93%E8%AE%BA/base/%E5%8D%8A%E5%AF%BC%E4%BD%93/SEMI_WFF_2026_1Q.xlsx
Beijing Yandong (YDME) - 150mm fab current wafer capacity (SEMI WFF),,晶圆产能,SEMI WFF 工厂级晶圆产能观测。,current,65000,6,中国,/Users/simon/Documents/Simon-OB/本体论/base/半导体/SEMI_WFF_2026_1Q.xlsx,Beijing Yandong (YDME),Analog,facility_capacity,,,Beijing Yandong (YDME) - 150mm fab,3281,Company Detail,file:///Users/simon/Documents/Simon-OB/%E6%9C%AC%E4%BD%93%E8%AE%BA/base/%E5%8D%8A%E5%AF%BC%E4%BD%93/SEMI_WFF_2026_1Q.xlsx
Beijing Yandong (YDME) - new 300mm fab current wafer capacity (SEMI WFF),,晶圆产能,SEMI WFF 工厂级晶圆产能观测。,current,50000,12,中国,/Users/simon/Documents/Simon-OB/本体论/base/半导体/SEMI_WFF_2026_1Q.xlsx,Beijing Yandong (YDME),Analog,facility_capacity,,,Beijing Yandong (YDME) - new 300mm fab,6625,Company Detail,file:///Users/simon/Documents/Simon-OB/%E6%9C%AC%E4%BD%93%E8%AE%BA/base/%E5%8D%8A%E5%AF%BC%E4%BD%93/SEMI_WFF_2026_1Q.xlsx
Beijing Yandong (YDME) - 150mm SiC Line current wafer capacity (SEMI WFF),,晶圆产能,SEMI WFF 工厂级晶圆产能观测。,current,2000,6,中国,/Users/simon/Documents/Simon-OB/本体论/base/半导体/SEMI_WFF_2026_1Q.xlsx,Beijing Yandong (YDME),Discrete,facility_capacity,,,Beijing Yandong (YDME) - 150mm SiC Line,6626,Company Detail,file:///Users/simon/Documents/Simon-OB/%E6%9C%AC%E4%BD%93%E8%AE%BA/base/%E5%8D%8A%E5%AF%BC%E4%BD%93/SEMI_WFF_2026_1Q.xlsx
Beijing Yandong (YDME) - Yandong 300mm Line current wafer capacity (SEMI WFF),,晶圆产能,SEMI WFF 工厂级晶圆产能观测。,current,40000,12,中国,/Users/simon/Documents/Simon-OB/本体论/base/半导体/SEMI_WFF_2026_1Q.xlsx,Beijing Yandong (YDME),Analog,facility_capacity,,,Beijing Yandong (YDME) - Yandong 300mm Line,6370,Company Detail,file:///Users/simon/Documents/Simon-OB/%E6%9C%AC%E4%BD%93%E8%AE%BA/base/%E5%8D%8A%E5%AF%BC%E4%BD%93/SEMI_WFF_2026_1Q.xlsx
BEL (Bharat Electronics Limited) - Bangalore current wafer capacity (SEMI WFF),,晶圆产能,SEMI WFF 工厂级晶圆产能观测。,current,2000,4,SE Asia,/Users/simon/Documents/Simon-OB/本体论/base/半导体/SEMI_WFF_2026_1Q.xlsx,BEL (Bharat Electronics Limited),Discrete,facility_capacity,,,BEL (Bharat Electronics Limited) - Bangalore,73,Company Detail,file:///Users/simon/Documents/Simon-OB/%E6%9C%AC%E4%BD%93%E8%AE%BA/base/%E5%8D%8A%E5%AF%BC%E4%BD%93/SEMI_WFF_2026_1Q.xlsx
"BelGaN (Belgium GaN) - Oudenaarde 6-inch (was OnSEMI, before that was AMI Fab 2) current wafer capacity (SEMI WFF)",,晶圆产能,SEMI WFF 工厂级晶圆产能观测。,current,19000,6,Europe & Mideast,/Users/simon/Documents/Simon-OB/本体论/base/半导体/SEMI_WFF_2026_1Q.xlsx,BelGaN (Belgium GaN),Analog,facility_capacity,,,"BelGaN (Belgium GaN) - Oudenaarde 6-inch (was OnSEMI, before that was AMI Fab 2)",558,Company Detail,file:///Users/simon/Documents/Simon-OB/%E6%9C%AC%E4%BD%93%E8%AE%BA/base/%E5%8D%8A%E5%AF%BC%E4%BD%93/SEMI_WFF_2026_1Q.xlsx
"BelGaN (Belgium GaN) - Oudenaarde 8-inch (was OnSEMI, before that was AMI Fab 2) current wafer capacity (SEMI WFF)",,晶圆产能,SEMI WFF 工厂级晶圆产能观测。,current,5000,8,Europe & Mideast,/Users/simon/Documents/Simon-OB/本体论/base/半导体/SEMI_WFF_2026_1Q.xlsx,BelGaN (Belgium GaN),Analog,facility_capacity,,,"BelGaN (Belgium GaN) - Oudenaarde 8-inch (was OnSEMI, before that was AMI Fab 2)",6281,Company Detail,file:///Users/simon/Documents/Simon-OB/%E6%9C%AC%E4%BD%93%E8%AE%BA/base/%E5%8D%8A%E5%AF%BC%E4%BD%93/SEMI_WFF_2026_1Q.xlsx
Bi-CMOS Foundry - Bi-CMOS Foundry current wafer capacity (SEMI WFF),,晶圆产能,SEMI WFF 工厂级晶圆产能观测。,current,1000,5,美洲,/Users/simon/Documents/Simon-OB/本体论/base/半导体/SEMI_WFF_2026_1Q.xlsx,Bi-CMOS Foundry,Discrete,facility_capacity,,,Bi-CMOS Foundry - Bi-CMOS Foundry,2474,Company Detail,file:///Users/simon/Documents/Simon-OB/%E6%9C%AC%E4%BD%93%E8%AE%BA/base/%E5%8D%8A%E5%AF%BC%E4%BD%93/SEMI_WFF_2026_1Q.xlsx
"Bipolarics, Inc. - N/A current wafer capacity (SEMI WFF)",,晶圆产能,SEMI WFF 工厂级晶圆产能观测。,current,2150,4,美洲,/Users/simon/Documents/Simon-OB/本体论/base/半导体/SEMI_WFF_2026_1Q.xlsx,"Bipolarics, Inc.",Other,facility_capacity,,,"Bipolarics, Inc. - N/A",74,Company Detail,file:///Users/simon/Documents/Simon-OB/%E6%9C%AC%E4%BD%93%E8%AE%BA/base/%E5%8D%8A%E5%AF%BC%E4%BD%93/SEMI_WFF_2026_1Q.xlsx
BluGlass Limited - EpiBlu current wafer capacity (SEMI WFF),,晶圆产能,SEMI WFF 工厂级晶圆产能观测。,current,6000,2,SE Asia,/Users/simon/Documents/Simon-OB/本体论/base/半导体/SEMI_WFF_2026_1Q.xlsx,BluGlass Limited,Opto,facility_capacity,,,BluGlass Limited - EpiBlu,3786,Company Detail,file:///Users/simon/Documents/Simon-OB/%E6%9C%AC%E4%BD%93%E8%AE%BA/base/%E5%8D%8A%E5%AF%BC%E4%BD%93/SEMI_WFF_2026_1Q.xlsx
Bosch - 300mm Fab 1 (P1+ P2) current wafer capacity (SEMI WFF),,晶圆产能,SEMI WFF 工厂级晶圆产能观测。,current,28000,12,Europe & Mideast,/Users/simon/Documents/Simon-OB/本体论/base/半导体/SEMI_WFF_2026_1Q.xlsx,Bosch,Analog,facility_capacity,,,Bosch - 300mm Fab 1 (P1+ P2),4952,Company Detail,file:///Users/simon/Documents/Simon-OB/%E6%9C%AC%E4%BD%93%E8%AE%BA/base/%E5%8D%8A%E5%AF%BC%E4%BD%93/SEMI_WFF_2026_1Q.xlsx
Bosch - 150mm Wafer Fab current wafer capacity (SEMI WFF),,晶圆产能,SEMI WFF 工厂级晶圆产能观测。,current,45000,6,Europe & Mideast,/Users/simon/Documents/Simon-OB/本体论/base/半导体/SEMI_WFF_2026_1Q.xlsx,Bosch,Analog,facility_capacity,,,Bosch - 150mm Wafer Fab,1258,Company Detail,file:///Users/simon/Documents/Simon-OB/%E6%9C%AC%E4%BD%93%E8%AE%BA/base/%E5%8D%8A%E5%AF%BC%E4%BD%93/SEMI_WFF_2026_1Q.xlsx
Bosch - MEMS fab current wafer capacity (SEMI WFF),,晶圆产能,SEMI WFF 工厂级晶圆产能观测。,current,15000,8,Europe & Mideast,/Users/simon/Documents/Simon-OB/本体论/base/半导体/SEMI_WFF_2026_1Q.xlsx,Bosch,MEMS,facility_capacity,,,Bosch - MEMS fab,836,Company Detail,file:///Users/simon/Documents/Simon-OB/%E6%9C%AC%E4%BD%93%E8%AE%BA/base/%E5%8D%8A%E5%AF%BC%E4%BD%93/SEMI_WFF_2026_1Q.xlsx
Bosch - Clayton current wafer capacity (SEMI WFF),,晶圆产能,SEMI WFF 工厂级晶圆产能观测。,current,42000,5,SE Asia,/Users/simon/Documents/Simon-OB/本体论/base/半导体/SEMI_WFF_2026_1Q.xlsx,Bosch,Discrete,facility_capacity,,,Bosch - Clayton,2441,Company Detail,file:///Users/simon/Documents/Simon-OB/%E6%9C%AC%E4%BD%93%E8%AE%BA/base/%E5%8D%8A%E5%AF%BC%E4%BD%93/SEMI_WFF_2026_1Q.xlsx
Bosch - 200mm Wafer fab current wafer capacity (SEMI WFF),,晶圆产能,SEMI WFF 工厂级晶圆产能观测。,current,45000,8,Europe & Mideast,/Users/simon/Documents/Simon-OB/本体论/base/半导体/SEMI_WFF_2026_1Q.xlsx,Bosch,Analog,facility_capacity,,,Bosch - 200mm Wafer fab,2323,Company Detail,file:///Users/simon/Documents/Simon-OB/%E6%9C%AC%E4%BD%93%E8%AE%BA/base/%E5%8D%8A%E5%AF%BC%E4%BD%93/SEMI_WFF_2026_1Q.xlsx
Bosch - Phase C of expansion plan: 150mm line current wafer capacity (SEMI WFF),,晶圆产能,SEMI WFF 工厂级晶圆产能观测。,current,25000,6,Europe & Mideast,/Users/simon/Documents/Simon-OB/本体论/base/半导体/SEMI_WFF_2026_1Q.xlsx,Bosch,Analog,facility_capacity,,,Bosch - Phase C of expansion plan: 150mm line,6284,Company Detail,file:///Users/simon/Documents/Simon-OB/%E6%9C%AC%E4%BD%93%E8%AE%BA/base/%E5%8D%8A%E5%AF%BC%E4%BD%93/SEMI_WFF_2026_1Q.xlsx
Bosch - Phase C of expansion plan: 200mm line current wafer capacity (SEMI WFF),,晶圆产能,SEMI WFF 工厂级晶圆产能观测。,current,20000,8,Europe & Mideast,/Users/simon/Documents/Simon-OB/本体论/base/半导体/SEMI_WFF_2026_1Q.xlsx,Bosch,Analog,facility_capacity,,,Bosch - Phase C of expansion plan: 200mm line,6447,Company Detail,file:///Users/simon/Documents/Simon-OB/%E6%9C%AC%E4%BD%93%E8%AE%BA/base/%E5%8D%8A%E5%AF%BC%E4%BD%93/SEMI_WFF_2026_1Q.xlsx
Bosch - 300mm Fab 1 Expansion current wafer capacity (SEMI WFF),,晶圆产能,SEMI WFF 工厂级晶圆产能观测。,current,10000,12,Europe & Mideast,/Users/simon/Documents/Simon-OB/本体论/base/半导体/SEMI_WFF_2026_1Q.xlsx,Bosch,Analog,facility_capacity,,,Bosch - 300mm Fab 1 Expansion,6383,Company Detail,file:///Users/simon/Documents/Simon-OB/%E6%9C%AC%E4%BD%93%E8%AE%BA/base/%E5%8D%8A%E5%AF%BC%E4%BD%93/SEMI_WFF_2026_1Q.xlsx
Bosch - M-Line + K-Line (merged March 2023) current wafer capacity (SEMI WFF),,晶圆产能,SEMI WFF 工厂级晶圆产能观测。,current,65000,8,美洲,/Users/simon/Documents/Simon-OB/本体论/base/半导体/SEMI_WFF_2026_1Q.xlsx,Bosch,Analog,facility_capacity,,,Bosch - M-Line + K-Line (merged March 2023),695,Company Detail,file:///Users/simon/Documents/Simon-OB/%E6%9C%AC%E4%BD%93%E8%AE%BA/base/%E5%8D%8A%E5%AF%BC%E4%BD%93/SEMI_WFF_2026_1Q.xlsx
Bosch - 150mm SiC Line current wafer capacity (SEMI WFF),,晶圆产能,SEMI WFF 工厂级晶圆产能观测。,current,22000,6,Europe & Mideast,/Users/simon/Documents/Simon-OB/本体论/base/半导体/SEMI_WFF_2026_1Q.xlsx,Bosch,Analog,facility_capacity,,,Bosch - 150mm SiC Line,6142,Company Detail,file:///Users/simon/Documents/Simon-OB/%E6%9C%AC%E4%BD%93%E8%AE%BA/base/%E5%8D%8A%E5%AF%BC%E4%BD%93/SEMI_WFF_2026_1Q.xlsx
Bourns Ltd. - Fab 1 current wafer capacity (SEMI WFF),,晶圆产能,SEMI WFF 工厂级晶圆产能观测。,current,16000,5,Europe & Mideast,/Users/simon/Documents/Simon-OB/本体论/base/半导体/SEMI_WFF_2026_1Q.xlsx,Bourns Ltd.,Discrete,facility_capacity,,,Bourns Ltd. - Fab 1,1901,Company Detail,file:///Users/simon/Documents/Simon-OB/%E6%9C%AC%E4%BD%93%E8%AE%BA/base/%E5%8D%8A%E5%AF%BC%E4%BD%93/SEMI_WFF_2026_1Q.xlsx
BRIDG - BRIDG (used also by Skywater) current wafer capacity (SEMI WFF),,晶圆产能,SEMI WFF 工厂级晶圆产能观测。,current,2500,8,美洲,/Users/simon/Documents/Simon-OB/本体论/base/半导体/SEMI_WFF_2026_1Q.xlsx,BRIDG,Other,facility_capacity,,,BRIDG - BRIDG (used also by Skywater),3716,Company Detail,file:///Users/simon/Documents/Simon-OB/%E6%9C%AC%E4%BD%93%E8%AE%BA/base/%E5%8D%8A%E5%AF%BC%E4%BD%93/SEMI_WFF_2026_1Q.xlsx
Bridgelux - Livermore current wafer capacity (SEMI WFF),,晶圆产能,SEMI WFF 工厂级晶圆产能观测。,current,10000,2,美洲,/Users/simon/Documents/Simon-OB/本体论/base/半导体/SEMI_WFF_2026_1Q.xlsx,Bridgelux,Opto,facility_capacity,,,Bridgelux - Livermore,3334,Company Detail,file:///Users/simon/Documents/Simon-OB/%E6%9C%AC%E4%BD%93%E8%AE%BA/base/%E5%8D%8A%E5%AF%BC%E4%BD%93/SEMI_WFF_2026_1Q.xlsx
Brightintelligence Technologies - Zhong Shan fab current wafer capacity (SEMI WFF),,晶圆产能,SEMI WFF 工厂级晶圆产能观测。,current,3000,6,中国,/Users/simon/Documents/Simon-OB/本体论/base/半导体/SEMI_WFF_2026_1Q.xlsx,Brightintelligence Technologies,Opto,facility_capacity,,,Brightintelligence Technologies - Zhong Shan fab,5049,Company Detail,file:///Users/simon/Documents/Simon-OB/%E6%9C%AC%E4%BD%93%E8%AE%BA/base/%E5%8D%8A%E5%AF%BC%E4%BD%93/SEMI_WFF_2026_1Q.xlsx
Broadcom (was Avago) - 8-inch Lines combined fabs (B2+B3+B4)  (was B2 8-inch FBAR line (was Silicon processing + GaAs line) current wafer capacity (SEMI WFF),,晶圆产能,SEMI WFF 工厂级晶圆产能观测。,current,45000,8,美洲,/Users/simon/Documents/Simon-OB/本体论/base/半导体/SEMI_WFF_2026_1Q.xlsx,Broadcom (was Avago),MEMS,facility_capacity,,,Broadcom (was Avago) - 8-inch Lines combined fabs (B2+B3+B4)  (was B2 8-inch FBAR line (was Silicon processing + GaAs line),250,Company Detail,file:///Users/simon/Documents/Simon-OB/%E6%9C%AC%E4%BD%93%E8%AE%BA/base/%E5%8D%8A%E5%AF%BC%E4%BD%93/SEMI_WFF_2026_1Q.xlsx
Broadcom (was Avago) - Breinigsville (was CyOptics) current wafer capacity (SEMI WFF),,晶圆产能,SEMI WFF 工厂级晶圆产能观测。,current,2500,3,美洲,/Users/simon/Documents/Simon-OB/本体论/base/半导体/SEMI_WFF_2026_1Q.xlsx,Broadcom (was Avago),Opto,facility_capacity,,,Broadcom (was Avago) - Breinigsville (was CyOptics),2182,Company Detail,file:///Users/simon/Documents/Simon-OB/%E6%9C%AC%E4%BD%93%E8%AE%BA/base/%E5%8D%8A%E5%AF%BC%E4%BD%93/SEMI_WFF_2026_1Q.xlsx
Broadcom (was Avago) - Avago Depot Road current wafer capacity (SEMI WFF),,晶圆产能,SEMI WFF 工厂级晶圆产能观测。,current,8000,3,SE Asia,/Users/simon/Documents/Simon-OB/本体论/base/半导体/SEMI_WFF_2026_1Q.xlsx,Broadcom (was Avago),Opto,facility_capacity,,,Broadcom (was Avago) - Avago Depot Road,261,Company Detail,file:///Users/simon/Documents/Simon-OB/%E6%9C%AC%E4%BD%93%E8%AE%BA/base/%E5%8D%8A%E5%AF%BC%E4%BD%93/SEMI_WFF_2026_1Q.xlsx
Broadcom (was Avago) - Avago Yishun current wafer capacity (SEMI WFF),,晶圆产能,SEMI WFF 工厂级晶圆产能观测。,current,15000,3,SE Asia,/Users/simon/Documents/Simon-OB/本体论/base/半导体/SEMI_WFF_2026_1Q.xlsx,Broadcom (was Avago),Opto,facility_capacity,,,Broadcom (was Avago) - Avago Yishun,262,Company Detail,file:///Users/simon/Documents/Simon-OB/%E6%9C%AC%E4%BD%93%E8%AE%BA/base/%E5%8D%8A%E5%AF%BC%E4%BD%93/SEMI_WFF_2026_1Q.xlsx
Brookhaven National Laboratory (BNL) - Center for Functional Nanomaterials  CFN current wafer capacity (SEMI WFF),,晶圆产能,SEMI WFF 工厂级晶圆产能观测。,current,250,4,美洲,/Users/simon/Documents/Simon-OB/本体论/base/半导体/SEMI_WFF_2026_1Q.xlsx,Brookhaven National Laboratory (BNL),Other,facility_capacity,,,Brookhaven National Laboratory (BNL) - Center for Functional Nanomaterials  CFN,3575,Company Detail,file:///Users/simon/Documents/Simon-OB/%E6%9C%AC%E4%BD%93%E8%AE%BA/base/%E5%8D%8A%E5%AF%BC%E4%BD%93/SEMI_WFF_2026_1Q.xlsx
Bryansk Semiconductor - N/A current wafer capacity (SEMI WFF),,晶圆产能,SEMI WFF 工厂级晶圆产能观测。,current,3000,4,Europe & Mideast,/Users/simon/Documents/Simon-OB/本体论/base/半导体/SEMI_WFF_2026_1Q.xlsx,Bryansk Semiconductor,Discrete,facility_capacity,,,Bryansk Semiconductor - N/A,1476,Company Detail,file:///Users/simon/Documents/Simon-OB/%E6%9C%AC%E4%BD%93%E8%AE%BA/base/%E5%8D%8A%E5%AF%BC%E4%BD%93/SEMI_WFF_2026_1Q.xlsx
BYD Co. Ltd - Fab 1 current wafer capacity (SEMI WFF),,晶圆产能,SEMI WFF 工厂级晶圆产能观测。,current,50000,6,中国,/Users/simon/Documents/Simon-OB/本体论/base/半导体/SEMI_WFF_2026_1Q.xlsx,BYD Co. Ltd,Discrete,facility_capacity,,,BYD Co. Ltd - Fab 1,1926,Company Detail,file:///Users/simon/Documents/Simon-OB/%E6%9C%AC%E4%BD%93%E8%AE%BA/base/%E5%8D%8A%E5%AF%BC%E4%BD%93/SEMI_WFF_2026_1Q.xlsx
BYD Co. Ltd - BYD Chengdu current wafer capacity (SEMI WFF),,晶圆产能,SEMI WFF 工厂级晶圆产能观测。,current,60000,12,中国,/Users/simon/Documents/Simon-OB/本体论/base/半导体/SEMI_WFF_2026_1Q.xlsx,BYD Co. Ltd,Discrete,facility_capacity,,,BYD Co. Ltd - BYD Chengdu,3915,Company Detail,file:///Users/simon/Documents/Simon-OB/%E6%9C%AC%E4%BD%93%E8%AE%BA/base/%E5%8D%8A%E5%AF%BC%E4%BD%93/SEMI_WFF_2026_1Q.xlsx
BYD Co. Ltd - Jinan fab (was Jinan Energen) current wafer capacity (SEMI WFF),,晶圆产能,SEMI WFF 工厂级晶圆产能观测。,current,30000,8,中国,/Users/simon/Documents/Simon-OB/本体论/base/半导体/SEMI_WFF_2026_1Q.xlsx,BYD Co. Ltd,Discrete,facility_capacity,,,BYD Co. Ltd - Jinan fab (was Jinan Energen),5100,Company Detail,file:///Users/simon/Documents/Simon-OB/%E6%9C%AC%E4%BD%93%E8%AE%BA/base/%E5%8D%8A%E5%AF%BC%E4%BD%93/SEMI_WFF_2026_1Q.xlsx
BYD Co. Ltd - Changsha fab (new line in existing fab) current wafer capacity (SEMI WFF),,晶圆产能,SEMI WFF 工厂级晶圆产能观测。,current,20000,8,中国,/Users/simon/Documents/Simon-OB/本体论/base/半导体/SEMI_WFF_2026_1Q.xlsx,BYD Co. Ltd,Discrete,facility_capacity,,,BYD Co. Ltd - Changsha fab (new line in existing fab),6157,Company Detail,file:///Users/simon/Documents/Simon-OB/%E6%9C%AC%E4%BD%93%E8%AE%BA/base/%E5%8D%8A%E5%AF%BC%E4%BD%93/SEMI_WFF_2026_1Q.xlsx
Cactus Materials - Wafer Processing Fab current wafer capacity (SEMI WFF),,晶圆产能,SEMI WFF 工厂级晶圆产能观测。,current,12000,6,美洲,/Users/simon/Documents/Simon-OB/本体论/base/半导体/SEMI_WFF_2026_1Q.xlsx,Cactus Materials,Discrete,facility_capacity,,,Cactus Materials - Wafer Processing Fab,1263,Company Detail,file:///Users/simon/Documents/Simon-OB/%E6%9C%AC%E4%BD%93%E8%AE%BA/base/%E5%8D%8A%E5%AF%BC%E4%BD%93/SEMI_WFF_2026_1Q.xlsx
Cactus Materials - Epitaxy Fab current wafer capacity (SEMI WFF),,晶圆产能,SEMI WFF 工厂级晶圆产能观测。,current,5000,6,美洲,/Users/simon/Documents/Simon-OB/本体论/base/半导体/SEMI_WFF_2026_1Q.xlsx,Cactus Materials,EPI,facility_capacity,,,Cactus Materials - Epitaxy Fab,6631,Company Detail,file:///Users/simon/Documents/Simon-OB/%E6%9C%AC%E4%BD%93%E8%AE%BA/base/%E5%8D%8A%E5%AF%BC%E4%BD%93/SEMI_WFF_2026_1Q.xlsx
Calogic Corporation - N/A current wafer capacity (SEMI WFF),,晶圆产能,SEMI WFF 工厂级晶圆产能观测。,current,3600,4,美洲,/Users/simon/Documents/Simon-OB/本体论/base/半导体/SEMI_WFF_2026_1Q.xlsx,Calogic Corporation,Discrete,facility_capacity,,,Calogic Corporation - N/A,84,Company Detail,file:///Users/simon/Documents/Simon-OB/%E6%9C%AC%E4%BD%93%E8%AE%BA/base/%E5%8D%8A%E5%AF%BC%E4%BD%93/SEMI_WFF_2026_1Q.xlsx
Canadian Photonics Fabrication Centre (CPFC) - CPFC current wafer capacity (SEMI WFF),,晶圆产能,SEMI WFF 工厂级晶圆产能观测。,current,200,6,美洲,/Users/simon/Documents/Simon-OB/本体论/base/半导体/SEMI_WFF_2026_1Q.xlsx,Canadian Photonics Fabrication Centre (CPFC),Other,facility_capacity,,,Canadian Photonics Fabrication Centre (CPFC) - CPFC,3145,Company Detail,file:///Users/simon/Documents/Simon-OB/%E6%9C%AC%E4%BD%93%E8%AE%BA/base/%E5%8D%8A%E5%AF%BC%E4%BD%93/SEMI_WFF_2026_1Q.xlsx
Canon - Ayase Plant current wafer capacity (SEMI WFF),,晶圆产能,SEMI WFF 工厂级晶圆产能观测。,current,12000,8,日本,/Users/simon/Documents/Simon-OB/本体论/base/半导体/SEMI_WFF_2026_1Q.xlsx,Canon,Opto,facility_capacity,,,Canon - Ayase Plant,2822,Company Detail,file:///Users/simon/Documents/Simon-OB/%E6%9C%AC%E4%BD%93%E8%AE%BA/base/%E5%8D%8A%E5%AF%BC%E4%BD%93/SEMI_WFF_2026_1Q.xlsx
Canon - Hiratsuka R&D current wafer capacity (SEMI WFF),,晶圆产能,SEMI WFF 工厂级晶圆产能观测。,current,2000,5,日本,/Users/simon/Documents/Simon-OB/本体论/base/半导体/SEMI_WFF_2026_1Q.xlsx,Canon,MEMS,facility_capacity,,,Canon - Hiratsuka R&D,86,Company Detail,file:///Users/simon/Documents/Simon-OB/%E6%9C%AC%E4%BD%93%E8%AE%BA/base/%E5%8D%8A%E5%AF%BC%E4%BD%93/SEMI_WFF_2026_1Q.xlsx
Canon - Kawasaki works current wafer capacity (SEMI WFF),,晶圆产能,SEMI WFF 工厂级晶圆产能观测。,current,1000,12,日本,/Users/simon/Documents/Simon-OB/本体论/base/半导体/SEMI_WFF_2026_1Q.xlsx,Canon,Opto,facility_capacity,,,Canon - Kawasaki works,3839,Company Detail,file:///Users/simon/Documents/Simon-OB/%E6%9C%AC%E4%BD%93%E8%AE%BA/base/%E5%8D%8A%E5%AF%BC%E4%BD%93/SEMI_WFF_2026_1Q.xlsx
Canon - Oita plant current wafer capacity (SEMI WFF),,晶圆产能,SEMI WFF 工厂级晶圆产能观测。,current,11000,8,日本,/Users/simon/Documents/Simon-OB/本体论/base/半导体/SEMI_WFF_2026_1Q.xlsx,Canon,Opto,facility_capacity,,,Canon - Oita plant,3253,Company Detail,file:///Users/simon/Documents/Simon-OB/%E6%9C%AC%E4%BD%93%E8%AE%BA/base/%E5%8D%8A%E5%AF%BC%E4%BD%93/SEMI_WFF_2026_1Q.xlsx
Canon - Kawasaki new 12inch R&D Fab current wafer capacity (SEMI WFF),,晶圆产能,SEMI WFF 工厂级晶圆产能观测。,current,1000,12,日本,/Users/simon/Documents/Simon-OB/本体论/base/半导体/SEMI_WFF_2026_1Q.xlsx,Canon,Opto,facility_capacity,,,Canon - Kawasaki new 12inch R&D Fab,6507,Company Detail,file:///Users/simon/Documents/Simon-OB/%E6%9C%AC%E4%BD%93%E8%AE%BA/base/%E5%8D%8A%E5%AF%BC%E4%BD%93/SEMI_WFF_2026_1Q.xlsx
CanSemi - Cansemi Phase 4 current wafer capacity (SEMI WFF),,晶圆产能,SEMI WFF 工厂级晶圆产能观测。,current,40000,12,中国,/Users/simon/Documents/Simon-OB/本体论/base/半导体/SEMI_WFF_2026_1Q.xlsx,CanSemi,Analog,facility_capacity,,,CanSemi - Cansemi Phase 4,6510,Company Detail,file:///Users/simon/Documents/Simon-OB/%E6%9C%AC%E4%BD%93%E8%AE%BA/base/%E5%8D%8A%E5%AF%BC%E4%BD%93/SEMI_WFF_2026_1Q.xlsx
CanSemi - CanSemi Phase 3 current wafer capacity (SEMI WFF),,晶圆产能,SEMI WFF 工厂级晶圆产能观测。,current,46000,12,中国,/Users/simon/Documents/Simon-OB/本体论/base/半导体/SEMI_WFF_2026_1Q.xlsx,CanSemi,Analog,facility_capacity,,,CanSemi - CanSemi Phase 3,6364,Company Detail,file:///Users/simon/Documents/Simon-OB/%E6%9C%AC%E4%BD%93%E8%AE%BA/base/%E5%8D%8A%E5%AF%BC%E4%BD%93/SEMI_WFF_2026_1Q.xlsx
CanSemi - CanSemi (Phase 1 + Phase 2) current wafer capacity (SEMI WFF),,晶圆产能,SEMI WFF 工厂级晶圆产能观测。,current,45000,12,中国,/Users/simon/Documents/Simon-OB/本体论/base/半导体/SEMI_WFF_2026_1Q.xlsx,CanSemi,Analog,facility_capacity,,,CanSemi - CanSemi (Phase 1 + Phase 2),4990,Company Detail,file:///Users/simon/Documents/Simon-OB/%E6%9C%AC%E4%BD%93%E8%AE%BA/base/%E5%8D%8A%E5%AF%BC%E4%BD%93/SEMI_WFF_2026_1Q.xlsx
CDIL (Continental Devices India Ltd.) - N/A current wafer capacity (SEMI WFF),,晶圆产能,SEMI WFF 工厂级晶圆产能观测。,current,1000,4,SE Asia,/Users/simon/Documents/Simon-OB/本体论/base/半导体/SEMI_WFF_2026_1Q.xlsx,CDIL (Continental Devices India Ltd.),Discrete,facility_capacity,,,CDIL (Continental Devices India Ltd.) - N/A,108,Company Detail,file:///Users/simon/Documents/Simon-OB/%E6%9C%AC%E4%BD%93%E8%AE%BA/base/%E5%8D%8A%E5%AF%BC%E4%BD%93/SEMI_WFF_2026_1Q.xlsx
CEITEC (Centro de Excelencia em Tecnologia Eletronica Avancada) - Building 2 current wafer capacity (SEMI WFF),,晶圆产能,SEMI WFF 工厂级晶圆产能观测。,current,1000,6,美洲,/Users/simon/Documents/Simon-OB/本体论/base/半导体/SEMI_WFF_2026_1Q.xlsx,CEITEC (Centro de Excelencia em Tecnologia Eletronica Avancada),Analog,facility_capacity,,,CEITEC (Centro de Excelencia em Tecnologia Eletronica Avancada) - Building 2,1879,Company Detail,file:///Users/simon/Documents/Simon-OB/%E6%9C%AC%E4%BD%93%E8%AE%BA/base/%E5%8D%8A%E5%AF%BC%E4%BD%93/SEMI_WFF_2026_1Q.xlsx
Cengol Semiconductor (Century Goldray) - SiC Wafer and Device Fab current wafer capacity (SEMI WFF),,晶圆产能,SEMI WFF 工厂级晶圆产能观测。,current,1500,6,中国,/Users/simon/Documents/Simon-OB/本体论/base/半导体/SEMI_WFF_2026_1Q.xlsx,Cengol Semiconductor (Century Goldray),Discrete,facility_capacity,,,Cengol Semiconductor (Century Goldray) - SiC Wafer and Device Fab,5083,Company Detail,file:///Users/simon/Documents/Simon-OB/%E6%9C%AC%E4%BD%93%E8%AE%BA/base/%E5%8D%8A%E5%AF%BC%E4%BD%93/SEMI_WFF_2026_1Q.xlsx
Cengol Semiconductor (Century Goldray) - Hefei SiC Wafer Fab current wafer capacity (SEMI WFF),,晶圆产能,SEMI WFF 工厂级晶圆产能观测。,current,2500,6,中国,/Users/simon/Documents/Simon-OB/本体论/base/半导体/SEMI_WFF_2026_1Q.xlsx,Cengol Semiconductor (Century Goldray),EPI,facility_capacity,,,Cengol Semiconductor (Century Goldray) - Hefei SiC Wafer Fab,6152,Company Detail,file:///Users/simon/Documents/Simon-OB/%E6%9C%AC%E4%BD%93%E8%AE%BA/base/%E5%8D%8A%E5%AF%BC%E4%BD%93/SEMI_WFF_2026_1Q.xlsx
Central Vocational Training Center (CVTC) - Fab 1 current wafer capacity (SEMI WFF),,晶圆产能,SEMI WFF 工厂级晶圆产能观测。,current,50,8,中国台湾,/Users/simon/Documents/Simon-OB/本体论/base/半导体/SEMI_WFF_2026_1Q.xlsx,Central Vocational Training Center (CVTC),Other,facility_capacity,,,Central Vocational Training Center (CVTC) - Fab 1,2142,Company Detail,file:///Users/simon/Documents/Simon-OB/%E6%9C%AC%E4%BD%93%E8%AE%BA/base/%E5%8D%8A%E5%AF%BC%E4%BD%93/SEMI_WFF_2026_1Q.xlsx
"Changelight Co., Ltd - Yangzhou fab current wafer capacity (SEMI WFF)",,晶圆产能,SEMI WFF 工厂级晶圆产能观测。,current,60000,4,中国,/Users/simon/Documents/Simon-OB/本体论/base/半导体/SEMI_WFF_2026_1Q.xlsx,"Changelight Co., Ltd",Opto,facility_capacity,,,"Changelight Co., Ltd - Yangzhou fab",3296,Company Detail,file:///Users/simon/Documents/Simon-OB/%E6%9C%AC%E4%BD%93%E8%AE%BA/base/%E5%8D%8A%E5%AF%BC%E4%BD%93/SEMI_WFF_2026_1Q.xlsx
"Changelight Co., Ltd - Nanchang fab current wafer capacity (SEMI WFF)",,晶圆产能,SEMI WFF 工厂级晶圆产能观测。,current,150000,4,中国,/Users/simon/Documents/Simon-OB/本体论/base/半导体/SEMI_WFF_2026_1Q.xlsx,"Changelight Co., Ltd",Opto,facility_capacity,,,"Changelight Co., Ltd - Nanchang fab",4959,Company Detail,file:///Users/simon/Documents/Simon-OB/%E6%9C%AC%E4%BD%93%E8%AE%BA/base/%E5%8D%8A%E5%AF%BC%E4%BD%93/SEMI_WFF_2026_1Q.xlsx
"Changelight Co., Ltd - Xiamen fab current wafer capacity (SEMI WFF)",,晶圆产能,SEMI WFF 工厂级晶圆产能观测。,current,100000,4,中国,/Users/simon/Documents/Simon-OB/本体论/base/半导体/SEMI_WFF_2026_1Q.xlsx,"Changelight Co., Ltd",Opto,facility_capacity,,,"Changelight Co., Ltd - Xiamen fab",3258,Company Detail,file:///Users/simon/Documents/Simon-OB/%E6%9C%AC%E4%BD%93%E8%AE%BA/base/%E5%8D%8A%E5%AF%BC%E4%BD%93/SEMI_WFF_2026_1Q.xlsx
Changzhou Chemsemi - Fab 2 (SAW Line) current wafer capacity (SEMI WFF),,晶圆产能,SEMI WFF 工厂级晶圆产能观测。,current,20000,6,中国,/Users/simon/Documents/Simon-OB/本体论/base/半导体/SEMI_WFF_2026_1Q.xlsx,Changzhou Chemsemi,Other,facility_capacity,,,Changzhou Chemsemi - Fab 2 (SAW Line),6542,Company Detail,file:///Users/simon/Documents/Simon-OB/%E6%9C%AC%E4%BD%93%E8%AE%BA/base/%E5%8D%8A%E5%AF%BC%E4%BD%93/SEMI_WFF_2026_1Q.xlsx
Changzhou Chemsemi - Fab 1 (VCSEL Line) current wafer capacity (SEMI WFF),,晶圆产能,SEMI WFF 工厂级晶圆产能观测。,current,2000,6,中国,/Users/simon/Documents/Simon-OB/本体论/base/半导体/SEMI_WFF_2026_1Q.xlsx,Changzhou Chemsemi,Other,facility_capacity,,,Changzhou Chemsemi - Fab 1 (VCSEL Line),6541,Company Detail,file:///Users/simon/Documents/Simon-OB/%E6%9C%AC%E4%BD%93%E8%AE%BA/base/%E5%8D%8A%E5%AF%BC%E4%BD%93/SEMI_WFF_2026_1Q.xlsx
Chengdu HiWafer Semiconductor - HiWafer fab current wafer capacity (SEMI WFF),,晶圆产能,SEMI WFF 工厂级晶圆产能观测。,current,6000,6,中国,/Users/simon/Documents/Simon-OB/本体论/base/半导体/SEMI_WFF_2026_1Q.xlsx,Chengdu HiWafer Semiconductor,Analog,facility_capacity,,,Chengdu HiWafer Semiconductor - HiWafer fab,3847,Company Detail,file:///Users/simon/Documents/Simon-OB/%E6%9C%AC%E4%BD%93%E8%AE%BA/base/%E5%8D%8A%E5%AF%BC%E4%BD%93/SEMI_WFF_2026_1Q.xlsx
China Electronics Technology Group Corporation (CETC) - 13th Research Institute current wafer capacity (SEMI WFF),,晶圆产能,SEMI WFF 工厂级晶圆产能观测。,current,1000,6,中国,/Users/simon/Documents/Simon-OB/本体论/base/半导体/SEMI_WFF_2026_1Q.xlsx,China Electronics Technology Group Corporation (CETC),MEMS,facility_capacity,,,China Electronics Technology Group Corporation (CETC) - 13th Research Institute,3794,Company Detail,file:///Users/simon/Documents/Simon-OB/%E6%9C%AC%E4%BD%93%E8%AE%BA/base/%E5%8D%8A%E5%AF%BC%E4%BD%93/SEMI_WFF_2026_1Q.xlsx
"China Resources Huajing Microelectronics Co., Ltd. - Plant 5 (6"" line) current wafer capacity (SEMI WFF)",,晶圆产能,SEMI WFF 工厂级晶圆产能观测。,current,30000,6,中国,/Users/simon/Documents/Simon-OB/本体论/base/半导体/SEMI_WFF_2026_1Q.xlsx,"China Resources Huajing Microelectronics Co., Ltd.",Discrete,facility_capacity,,,"China Resources Huajing Microelectronics Co., Ltd. - Plant 5 (6"" line)",3038,Company Detail,file:///Users/simon/Documents/Simon-OB/%E6%9C%AC%E4%BD%93%E8%AE%BA/base/%E5%8D%8A%E5%AF%BC%E4%BD%93/SEMI_WFF_2026_1Q.xlsx
"China Resources Huajing Microelectronics Co., Ltd. - Plant 2 (4"" line) current wafer capacity (SEMI WFF)",,晶圆产能,SEMI WFF 工厂级晶圆产能观测。,current,80000,4,中国,/Users/simon/Documents/Simon-OB/本体论/base/半导体/SEMI_WFF_2026_1Q.xlsx,"China Resources Huajing Microelectronics Co., Ltd.",Discrete,facility_capacity,,,"China Resources Huajing Microelectronics Co., Ltd. - Plant 2 (4"" line)",101,Company Detail,file:///Users/simon/Documents/Simon-OB/%E6%9C%AC%E4%BD%93%E8%AE%BA/base/%E5%8D%8A%E5%AF%BC%E4%BD%93/SEMI_WFF_2026_1Q.xlsx
"China Resources Huajing Microelectronics Co., Ltd. - Plant 5 (5"" line) current wafer capacity (SEMI WFF)",,晶圆产能,SEMI WFF 工厂级晶圆产能观测。,current,60000,5,中国,/Users/simon/Documents/Simon-OB/本体论/base/半导体/SEMI_WFF_2026_1Q.xlsx,"China Resources Huajing Microelectronics Co., Ltd.",Discrete,facility_capacity,,,"China Resources Huajing Microelectronics Co., Ltd. - Plant 5 (5"" line)",318,Company Detail,file:///Users/simon/Documents/Simon-OB/%E6%9C%AC%E4%BD%93%E8%AE%BA/base/%E5%8D%8A%E5%AF%BC%E4%BD%93/SEMI_WFF_2026_1Q.xlsx
Chongqing Xinlian Microelectronics (XLMEC) - XLMEC Fab 1 current wafer capacity (SEMI WFF),,晶圆产能,SEMI WFF 工厂级晶圆产能观测。,current,20000,12,中国,/Users/simon/Documents/Simon-OB/本体论/base/半导体/SEMI_WFF_2026_1Q.xlsx,Chongqing Xinlian Microelectronics (XLMEC),Logic&Micro,facility_capacity,,,Chongqing Xinlian Microelectronics (XLMEC) - XLMEC Fab 1,6515,Company Detail,file:///Users/simon/Documents/Simon-OB/%E6%9C%AC%E4%BD%93%E8%AE%BA/base/%E5%8D%8A%E5%AF%BC%E4%BD%93/SEMI_WFF_2026_1Q.xlsx
Chongqing Xinling Microelectronics - Chongqing Fab current wafer capacity (SEMI WFF),,晶圆产能,SEMI WFF 工厂级晶圆产能观测。,current,100000,6,中国,/Users/simon/Documents/Simon-OB/本体论/base/半导体/SEMI_WFF_2026_1Q.xlsx,Chongqing Xinling Microelectronics,Discrete,facility_capacity,,,Chongqing Xinling Microelectronics - Chongqing Fab,6643,Company Detail,file:///Users/simon/Documents/Simon-OB/%E6%9C%AC%E4%BD%93%E8%AE%BA/base/%E5%8D%8A%E5%AF%BC%E4%BD%93/SEMI_WFF_2026_1Q.xlsx
Chunghwa Leading Photonics Tech (CLPT) - Yangmei fab current wafer capacity (SEMI WFF),,晶圆产能,SEMI WFF 工厂级晶圆产能观测。,current,2000,2,中国台湾,/Users/simon/Documents/Simon-OB/本体论/base/半导体/SEMI_WFF_2026_1Q.xlsx,Chunghwa Leading Photonics Tech (CLPT),Opto,facility_capacity,,,Chunghwa Leading Photonics Tech (CLPT) - Yangmei fab,3917,Company Detail,file:///Users/simon/Documents/Simon-OB/%E6%9C%AC%E4%BD%93%E8%AE%BA/base/%E5%8D%8A%E5%AF%BC%E4%BD%93/SEMI_WFF_2026_1Q.xlsx
"Citizen Holdings Co., Ltd. - Yamanashi plant current wafer capacity (SEMI WFF)",,晶圆产能,SEMI WFF 工厂级晶圆产能观测。,current,30000,3,日本,/Users/simon/Documents/Simon-OB/本体论/base/半导体/SEMI_WFF_2026_1Q.xlsx,"Citizen Holdings Co., Ltd.",Opto,facility_capacity,,,"Citizen Holdings Co., Ltd. - Yamanashi plant",3911,Company Detail,file:///Users/simon/Documents/Simon-OB/%E6%9C%AC%E4%BD%93%E8%AE%BA/base/%E5%8D%8A%E5%AF%BC%E4%BD%93/SEMI_WFF_2026_1Q.xlsx
Clas-SiC Wafer Fab - Lochgelly fab current wafer capacity (SEMI WFF),,晶圆产能,SEMI WFF 工厂级晶圆产能观测。,current,2000,6,Europe & Mideast,/Users/simon/Documents/Simon-OB/本体论/base/半导体/SEMI_WFF_2026_1Q.xlsx,Clas-SiC Wafer Fab,Discrete,facility_capacity,,,Clas-SiC Wafer Fab - Lochgelly fab,6503,Company Detail,file:///Users/simon/Documents/Simon-OB/%E6%9C%AC%E4%BD%93%E8%AE%BA/base/%E5%8D%8A%E5%AF%BC%E4%BD%93/SEMI_WFF_2026_1Q.xlsx
CNS Semiconductor - IC Waferfab current wafer capacity (SEMI WFF),,晶圆产能,SEMI WFF 工厂级晶圆产能观测。,current,30000,8,SE Asia,/Users/simon/Documents/Simon-OB/本体论/base/半导体/SEMI_WFF_2026_1Q.xlsx,CNS Semiconductor,Analog,facility_capacity,,,CNS Semiconductor - IC Waferfab,3569,Company Detail,file:///Users/simon/Documents/Simon-OB/%E6%9C%AC%E4%BD%93%E8%AE%BA/base/%E5%8D%8A%E5%AF%BC%E4%BD%93/SEMI_WFF_2026_1Q.xlsx
Coherent (was II-VI Incorporated) - Fab 1 (was Epiworks) current wafer capacity (SEMI WFF),,晶圆产能,SEMI WFF 工厂级晶圆产能观测。,current,10000,6,美洲,/Users/simon/Documents/Simon-OB/本体论/base/半导体/SEMI_WFF_2026_1Q.xlsx,Coherent (was II-VI Incorporated),EPI,facility_capacity,,,Coherent (was II-VI Incorporated) - Fab 1 (was Epiworks),2416,Company Detail,file:///Users/simon/Documents/Simon-OB/%E6%9C%AC%E4%BD%93%E8%AE%BA/base/%E5%8D%8A%E5%AF%BC%E4%BD%93/SEMI_WFF_2026_1Q.xlsx
Coherent (was II-VI Incorporated) - Fab 2 (expansion) current wafer capacity (SEMI WFF),,晶圆产能,SEMI WFF 工厂级晶圆产能观测。,current,30000,6,美洲,/Users/simon/Documents/Simon-OB/本体论/base/半导体/SEMI_WFF_2026_1Q.xlsx,Coherent (was II-VI Incorporated),EPI,facility_capacity,,,Coherent (was II-VI Incorporated) - Fab 2 (expansion),3923,Company Detail,file:///Users/simon/Documents/Simon-OB/%E6%9C%AC%E4%BD%93%E8%AE%BA/base/%E5%8D%8A%E5%AF%BC%E4%BD%93/SEMI_WFF_2026_1Q.xlsx
"Coherent (was II-VI Incorporated) - Fremont (was Finisar, was Genoa) current wafer capacity (SEMI WFF)",,晶圆产能,SEMI WFF 工厂级晶圆产能观测。,current,17000,4,美洲,/Users/simon/Documents/Simon-OB/本体论/base/半导体/SEMI_WFF_2026_1Q.xlsx,Coherent (was II-VI Incorporated),Opto,facility_capacity,,,"Coherent (was II-VI Incorporated) - Fremont (was Finisar, was Genoa)",4992,Company Detail,file:///Users/simon/Documents/Simon-OB/%E6%9C%AC%E4%BD%93%E8%AE%BA/base/%E5%8D%8A%E5%AF%BC%E4%BD%93/SEMI_WFF_2026_1Q.xlsx
"Coherent (was II-VI Incorporated) - Sherman (was Finisar, was MEMC) current wafer capacity (SEMI WFF)",,晶圆产能,SEMI WFF 工厂级晶圆产能观测。,current,25000,6,美洲,/Users/simon/Documents/Simon-OB/本体论/base/半导体/SEMI_WFF_2026_1Q.xlsx,Coherent (was II-VI Incorporated),Opto,facility_capacity,,,"Coherent (was II-VI Incorporated) - Sherman (was Finisar, was MEMC)",4993,Company Detail,file:///Users/simon/Documents/Simon-OB/%E6%9C%AC%E4%BD%93%E8%AE%BA/base/%E5%8D%8A%E5%AF%BC%E4%BD%93/SEMI_WFF_2026_1Q.xlsx
"Coherent (was II-VI Incorporated) - Fab 1 (was Finisar, was Svedice AB) current wafer capacity (SEMI WFF)",,晶圆产能,SEMI WFF 工厂级晶圆产能观测。,current,2000,3,Europe & Mideast,/Users/simon/Documents/Simon-OB/本体论/base/半导体/SEMI_WFF_2026_1Q.xlsx,Coherent (was II-VI Incorporated),Opto,facility_capacity,,,"Coherent (was II-VI Incorporated) - Fab 1 (was Finisar, was Svedice AB)",2267,Company Detail,file:///Users/simon/Documents/Simon-OB/%E6%9C%AC%E4%BD%93%E8%AE%BA/base/%E5%8D%8A%E5%AF%BC%E4%BD%93/SEMI_WFF_2026_1Q.xlsx
Coherent (was II-VI Incorporated) - Zurich current wafer capacity (SEMI WFF),,晶圆产能,SEMI WFF 工厂级晶圆产能观测。,current,8000,3,Europe & Mideast,/Users/simon/Documents/Simon-OB/本体论/base/半导体/SEMI_WFF_2026_1Q.xlsx,Coherent (was II-VI Incorporated),Opto,facility_capacity,,,Coherent (was II-VI Incorporated) - Zurich,1656,Company Detail,file:///Users/simon/Documents/Simon-OB/%E6%9C%AC%E4%BD%93%E8%AE%BA/base/%E5%8D%8A%E5%AF%BC%E4%BD%93/SEMI_WFF_2026_1Q.xlsx
Coherent (was II-VI Incorporated) - Anadigics GaAs fab current wafer capacity (SEMI WFF),,晶圆产能,SEMI WFF 工厂级晶圆产能观测。,current,7700,6,美洲,/Users/simon/Documents/Simon-OB/本体论/base/半导体/SEMI_WFF_2026_1Q.xlsx,Coherent (was II-VI Incorporated),Discrete,facility_capacity,,,Coherent (was II-VI Incorporated) - Anadigics GaAs fab,1433,Company Detail,file:///Users/simon/Documents/Simon-OB/%E6%9C%AC%E4%BD%93%E8%AE%BA/base/%E5%8D%8A%E5%AF%BC%E4%BD%93/SEMI_WFF_2026_1Q.xlsx
Coherent (was II-VI Incorporated) - Newton Aycliffe (was Compound Photonics) current wafer capacity (SEMI WFF),,晶圆产能,SEMI WFF 工厂级晶圆产能观测。,current,15000,6,Europe & Mideast,/Users/simon/Documents/Simon-OB/本体论/base/半导体/SEMI_WFF_2026_1Q.xlsx,Coherent (was II-VI Incorporated),Opto,facility_capacity,,,Coherent (was II-VI Incorporated) - Newton Aycliffe (was Compound Photonics),1723,Company Detail,file:///Users/simon/Documents/Simon-OB/%E6%9C%AC%E4%BD%93%E8%AE%BA/base/%E5%8D%8A%E5%AF%BC%E4%BD%93/SEMI_WFF_2026_1Q.xlsx
Coherent (was II-VI Incorporated) - Kista Expansion current wafer capacity (SEMI WFF),,晶圆产能,SEMI WFF 工厂级晶圆产能观测。,current,15000,6,Europe & Mideast,/Users/simon/Documents/Simon-OB/本体论/base/半导体/SEMI_WFF_2026_1Q.xlsx,Coherent (was II-VI Incorporated),EPI,facility_capacity,,,Coherent (was II-VI Incorporated) - Kista Expansion,6385,Company Detail,file:///Users/simon/Documents/Simon-OB/%E6%9C%AC%E4%BD%93%E8%AE%BA/base/%E5%8D%8A%E5%AF%BC%E4%BD%93/SEMI_WFF_2026_1Q.xlsx
Coherent (was II-VI Incorporated) - Easton Expansion 150mm Line current wafer capacity (SEMI WFF),,晶圆产能,SEMI WFF 工厂级晶圆产能观测。,current,40000,6,美洲,/Users/simon/Documents/Simon-OB/本体论/base/半导体/SEMI_WFF_2026_1Q.xlsx,Coherent (was II-VI Incorporated),EPI,facility_capacity,,,Coherent (was II-VI Incorporated) - Easton Expansion 150mm Line,6386,Company Detail,file:///Users/simon/Documents/Simon-OB/%E6%9C%AC%E4%BD%93%E8%AE%BA/base/%E5%8D%8A%E5%AF%BC%E4%BD%93/SEMI_WFF_2026_1Q.xlsx
Coherent (was II-VI Incorporated) - Easton Expansion 200mm Line current wafer capacity (SEMI WFF),,晶圆产能,SEMI WFF 工厂级晶圆产能观测。,current,40000,8,美洲,/Users/simon/Documents/Simon-OB/本体论/base/半导体/SEMI_WFF_2026_1Q.xlsx,Coherent (was II-VI Incorporated),EPI,facility_capacity,,,Coherent (was II-VI Incorporated) - Easton Expansion 200mm Line,6388,Company Detail,file:///Users/simon/Documents/Simon-OB/%E6%9C%AC%E4%BD%93%E8%AE%BA/base/%E5%8D%8A%E5%AF%BC%E4%BD%93/SEMI_WFF_2026_1Q.xlsx
Coherent (was II-VI Incorporated) - Project Device Fab current wafer capacity (SEMI WFF),,晶圆产能,SEMI WFF 工厂级晶圆产能观测。,current,50000,6,美洲,/Users/simon/Documents/Simon-OB/本体论/base/半导体/SEMI_WFF_2026_1Q.xlsx,Coherent (was II-VI Incorporated),Discrete,facility_capacity,,,Coherent (was II-VI Incorporated) - Project Device Fab,6440,Company Detail,file:///Users/simon/Documents/Simon-OB/%E6%9C%AC%E4%BD%93%E8%AE%BA/base/%E5%8D%8A%E5%AF%BC%E4%BD%93/SEMI_WFF_2026_1Q.xlsx
Coherent (was II-VI Incorporated) - Project Wafer Fab current wafer capacity (SEMI WFF),,晶圆产能,SEMI WFF 工厂级晶圆产能观测。,current,80000,6,美洲,/Users/simon/Documents/Simon-OB/本体论/base/半导体/SEMI_WFF_2026_1Q.xlsx,Coherent (was II-VI Incorporated),EPI,facility_capacity,,,Coherent (was II-VI Incorporated) - Project Wafer Fab,6441,Company Detail,file:///Users/simon/Documents/Simon-OB/%E6%9C%AC%E4%BD%93%E8%AE%BA/base/%E5%8D%8A%E5%AF%BC%E4%BD%93/SEMI_WFF_2026_1Q.xlsx
Coherent (was II-VI Incorporated) - Jarfalla 6-inch line current wafer capacity (SEMI WFF),,晶圆产能,SEMI WFF 工厂级晶圆产能观测。,current,5000,6,Europe & Mideast,/Users/simon/Documents/Simon-OB/本体论/base/半导体/SEMI_WFF_2026_1Q.xlsx,Coherent (was II-VI Incorporated),Opto,facility_capacity,,,Coherent (was II-VI Incorporated) - Jarfalla 6-inch line,6560,Company Detail,file:///Users/simon/Documents/Simon-OB/%E6%9C%AC%E4%BD%93%E8%AE%BA/base/%E5%8D%8A%E5%AF%BC%E4%BD%93/SEMI_WFF_2026_1Q.xlsx
Coherent (was II-VI Incorporated) - Kista Pilot Line current wafer capacity (SEMI WFF),,晶圆产能,SEMI WFF 工厂级晶圆产能观测。,current,500,6,Europe & Mideast,/Users/simon/Documents/Simon-OB/本体论/base/半导体/SEMI_WFF_2026_1Q.xlsx,Coherent (was II-VI Incorporated),EPI,facility_capacity,,,Coherent (was II-VI Incorporated) - Kista Pilot Line,6698,Company Detail,file:///Users/simon/Documents/Simon-OB/%E6%9C%AC%E4%BD%93%E8%AE%BA/base/%E5%8D%8A%E5%AF%BC%E4%BD%93/SEMI_WFF_2026_1Q.xlsx
Colibrys Sa - N/A current wafer capacity (SEMI WFF),,晶圆产能,SEMI WFF 工厂级晶圆产能观测。,current,5000,6,Europe & Mideast,/Users/simon/Documents/Simon-OB/本体论/base/半导体/SEMI_WFF_2026_1Q.xlsx,Colibrys Sa,MEMS,facility_capacity,,,Colibrys Sa - N/A,1915,Company Detail,file:///Users/simon/Documents/Simon-OB/%E6%9C%AC%E4%BD%93%E8%AE%BA/base/%E5%8D%8A%E5%AF%BC%E4%BD%93/SEMI_WFF_2026_1Q.xlsx
Compound Photonics - Madison fab current wafer capacity (SEMI WFF),,晶圆产能,SEMI WFF 工厂级晶圆产能观测。,current,1000,2,美洲,/Users/simon/Documents/Simon-OB/本体论/base/半导体/SEMI_WFF_2026_1Q.xlsx,Compound Photonics,Opto,facility_capacity,,,Compound Photonics - Madison fab,2188,Company Detail,file:///Users/simon/Documents/Simon-OB/%E6%9C%AC%E4%BD%93%E8%AE%BA/base/%E5%8D%8A%E5%AF%BC%E4%BD%93/SEMI_WFF_2026_1Q.xlsx
Compound Photonics - COM 1 current wafer capacity (SEMI WFF),,晶圆产能,SEMI WFF 工厂级晶圆产能观测。,current,15000,6,美洲,/Users/simon/Documents/Simon-OB/本体论/base/半导体/SEMI_WFF_2026_1Q.xlsx,Compound Photonics,Opto,facility_capacity,,,Compound Photonics - COM 1,632,Company Detail,file:///Users/simon/Documents/Simon-OB/%E6%9C%AC%E4%BD%93%E8%AE%BA/base/%E5%8D%8A%E5%AF%BC%E4%BD%93/SEMI_WFF_2026_1Q.xlsx
CorEnergy Semiconductor Technology Co. Ltd - New Zhangjiagang fab current wafer capacity (SEMI WFF),,晶圆产能,SEMI WFF 工厂级晶圆产能观测。,current,5000,6,中国,/Users/simon/Documents/Simon-OB/本体论/base/半导体/SEMI_WFF_2026_1Q.xlsx,CorEnergy Semiconductor Technology Co. Ltd,Discrete,facility_capacity,,,CorEnergy Semiconductor Technology Co. Ltd - New Zhangjiagang fab,5084,Company Detail,file:///Users/simon/Documents/Simon-OB/%E6%9C%AC%E4%BD%93%E8%AE%BA/base/%E5%8D%8A%E5%AF%BC%E4%BD%93/SEMI_WFF_2026_1Q.xlsx
CR Microelectronics - CR West 300mm fab current wafer capacity (SEMI WFF),,晶圆产能,SEMI WFF 工厂级晶圆产能观测。,current,30000,12,中国,/Users/simon/Documents/Simon-OB/本体论/base/半导体/SEMI_WFF_2026_1Q.xlsx,CR Microelectronics,Discrete,facility_capacity,,,CR Microelectronics - CR West 300mm fab,5063,Company Detail,file:///Users/simon/Documents/Simon-OB/%E6%9C%AC%E4%BD%93%E8%AE%BA/base/%E5%8D%8A%E5%AF%BC%E4%BD%93/SEMI_WFF_2026_1Q.xlsx
CR Microelectronics - Fab 2 current wafer capacity (SEMI WFF),,晶圆产能,SEMI WFF 工厂级晶圆产能观测。,current,60000,8,中国,/Users/simon/Documents/Simon-OB/本体论/base/半导体/SEMI_WFF_2026_1Q.xlsx,CR Microelectronics,Discrete,facility_capacity,,,CR Microelectronics - Fab 2,1918,Company Detail,file:///Users/simon/Documents/Simon-OB/%E6%9C%AC%E4%BD%93%E8%AE%BA/base/%E5%8D%8A%E5%AF%BC%E4%BD%93/SEMI_WFF_2026_1Q.xlsx
CR Microelectronics - Skysilicon (was ProMoS) current wafer capacity (SEMI WFF),,晶圆产能,SEMI WFF 工厂级晶圆产能观测。,current,70000,8,中国,/Users/simon/Documents/Simon-OB/本体论/base/半导体/SEMI_WFF_2026_1Q.xlsx,CR Microelectronics,Discrete,facility_capacity,,,CR Microelectronics - Skysilicon (was ProMoS),1972,Company Detail,file:///Users/simon/Documents/Simon-OB/%E6%9C%AC%E4%BD%93%E8%AE%BA/base/%E5%8D%8A%E5%AF%BC%E4%BD%93/SEMI_WFF_2026_1Q.xlsx
CR Microelectronics - Fab 1 current wafer capacity (SEMI WFF),,晶圆产能,SEMI WFF 工厂级晶圆产能观测。,current,62000,6,中国,/Users/simon/Documents/Simon-OB/本体论/base/半导体/SEMI_WFF_2026_1Q.xlsx,CR Microelectronics,Discrete,facility_capacity,,,CR Microelectronics - Fab 1,980,Company Detail,file:///Users/simon/Documents/Simon-OB/%E6%9C%AC%E4%BD%93%E8%AE%BA/base/%E5%8D%8A%E5%AF%BC%E4%BD%93/SEMI_WFF_2026_1Q.xlsx
CR Microelectronics - Fab 5 P1 current wafer capacity (SEMI WFF),,晶圆产能,SEMI WFF 工厂级晶圆产能观测。,current,100000,6,中国,/Users/simon/Documents/Simon-OB/本体论/base/半导体/SEMI_WFF_2026_1Q.xlsx,CR Microelectronics,Discrete,facility_capacity,,,CR Microelectronics - Fab 5 P1,2439,Company Detail,file:///Users/simon/Documents/Simon-OB/%E6%9C%AC%E4%BD%93%E8%AE%BA/base/%E5%8D%8A%E5%AF%BC%E4%BD%93/SEMI_WFF_2026_1Q.xlsx
CR Microelectronics - Runpeng 300mm Fab (Shenzhen) current wafer capacity (SEMI WFF),,晶圆产能,SEMI WFF 工厂级晶圆产能观测。,current,40000,12,中国,/Users/simon/Documents/Simon-OB/本体论/base/半导体/SEMI_WFF_2026_1Q.xlsx,CR Microelectronics,Analog,facility_capacity,,,CR Microelectronics - Runpeng 300mm Fab (Shenzhen),6399,Company Detail,file:///Users/simon/Documents/Simon-OB/%E6%9C%AC%E4%BD%93%E8%AE%BA/base/%E5%8D%8A%E5%AF%BC%E4%BD%93/SEMI_WFF_2026_1Q.xlsx
CR Microelectronics - Fab 5 P2 current wafer capacity (SEMI WFF),,晶圆产能,SEMI WFF 工厂级晶圆产能观测。,current,60000,6,中国,/Users/simon/Documents/Simon-OB/本体论/base/半导体/SEMI_WFF_2026_1Q.xlsx,CR Microelectronics,Discrete,facility_capacity,,,CR Microelectronics - Fab 5 P2,6163,Company Detail,file:///Users/simon/Documents/Simon-OB/%E6%9C%AC%E4%BD%93%E8%AE%BA/base/%E5%8D%8A%E5%AF%BC%E4%BD%93/SEMI_WFF_2026_1Q.xlsx
CR Microelectronics - New 200mm line current wafer capacity (SEMI WFF),,晶圆产能,SEMI WFF 工厂级晶圆产能观测。,current,30000,8,中国,/Users/simon/Documents/Simon-OB/本体论/base/半导体/SEMI_WFF_2026_1Q.xlsx,CR Microelectronics,Discrete,facility_capacity,,,CR Microelectronics - New 200mm line,6164,Company Detail,file:///Users/simon/Documents/Simon-OB/%E6%9C%AC%E4%BD%93%E8%AE%BA/base/%E5%8D%8A%E5%AF%BC%E4%BD%93/SEMI_WFF_2026_1Q.xlsx
CrayoNano AS - CrayoNano current wafer capacity (SEMI WFF),,晶圆产能,SEMI WFF 工厂级晶圆产能观测。,current,500,2,Europe & Mideast,/Users/simon/Documents/Simon-OB/本体论/base/半导体/SEMI_WFF_2026_1Q.xlsx,CrayoNano AS,Opto,facility_capacity,,,CrayoNano AS - CrayoNano,3787,Company Detail,file:///Users/simon/Documents/Simon-OB/%E6%9C%AC%E4%BD%93%E8%AE%BA/base/%E5%8D%8A%E5%AF%BC%E4%BD%93/SEMI_WFF_2026_1Q.xlsx
Crocus Nano Electronics (CNE) - MRAM Fab current wafer capacity (SEMI WFF),,晶圆产能,SEMI WFF 工厂级晶圆产能观测。,current,4300,12,Europe & Mideast,/Users/simon/Documents/Simon-OB/本体论/base/半导体/SEMI_WFF_2026_1Q.xlsx,Crocus Nano Electronics (CNE),Memory,facility_capacity,,,Crocus Nano Electronics (CNE) - MRAM Fab,3404,Company Detail,file:///Users/simon/Documents/Simon-OB/%E6%9C%AC%E4%BD%93%E8%AE%BA/base/%E5%8D%8A%E5%AF%BC%E4%BD%93/SEMI_WFF_2026_1Q.xlsx
Crystal IS - Green Island facility current wafer capacity (SEMI WFF),,晶圆产能,SEMI WFF 工厂级晶圆产能观测。,current,4000,2,美洲,/Users/simon/Documents/Simon-OB/本体论/base/半导体/SEMI_WFF_2026_1Q.xlsx,Crystal IS,Opto,facility_capacity,,,Crystal IS - Green Island facility,3661,Company Detail,file:///Users/simon/Documents/Simon-OB/%E6%9C%AC%E4%BD%93%E8%AE%BA/base/%E5%8D%8A%E5%AF%BC%E4%BD%93/SEMI_WFF_2026_1Q.xlsx
CST Global - Hamilton fab (former Intense) current wafer capacity (SEMI WFF),,晶圆产能,SEMI WFF 工厂级晶圆产能观测。,current,500,4,Europe & Mideast,/Users/simon/Documents/Simon-OB/本体论/base/半导体/SEMI_WFF_2026_1Q.xlsx,CST Global,Opto,facility_capacity,,,CST Global - Hamilton fab (former Intense),1892,Company Detail,file:///Users/simon/Documents/Simon-OB/%E6%9C%AC%E4%BD%93%E8%AE%BA/base/%E5%8D%8A%E5%AF%BC%E4%BD%93/SEMI_WFF_2026_1Q.xlsx
CXMT (ChangXin Memory Technologies) - CXMT Hefei Fab A1 current wafer capacity (SEMI WFF),,晶圆产能,SEMI WFF 工厂级晶圆产能观测。,current,100000,12,中国,/Users/simon/Documents/Simon-OB/本体论/base/半导体/SEMI_WFF_2026_1Q.xlsx,CXMT (ChangXin Memory Technologies),Memory,facility_capacity,,,CXMT (ChangXin Memory Technologies) - CXMT Hefei Fab A1,3906,Company Detail,file:///Users/simon/Documents/Simon-OB/%E6%9C%AC%E4%BD%93%E8%AE%BA/base/%E5%8D%8A%E5%AF%BC%E4%BD%93/SEMI_WFF_2026_1Q.xlsx
CXMT (ChangXin Memory Technologies) - CXMT Hefei Fab A2 current wafer capacity (SEMI WFF),,晶圆产能,SEMI WFF 工厂级晶圆产能观测。,current,100000,12,中国,/Users/simon/Documents/Simon-OB/本体论/base/半导体/SEMI_WFF_2026_1Q.xlsx,CXMT (ChangXin Memory Technologies),Memory,facility_capacity,,,CXMT (ChangXin Memory Technologies) - CXMT Hefei Fab A2,5078,Company Detail,file:///Users/simon/Documents/Simon-OB/%E6%9C%AC%E4%BD%93%E8%AE%BA/base/%E5%8D%8A%E5%AF%BC%E4%BD%93/SEMI_WFF_2026_1Q.xlsx
CXMT (ChangXin Memory Technologies) - CXMT Hefei Fab A3 current wafer capacity (SEMI WFF),,晶圆产能,SEMI WFF 工厂级晶圆产能观测。,current,50000,12,中国,/Users/simon/Documents/Simon-OB/本体论/base/半导体/SEMI_WFF_2026_1Q.xlsx,CXMT (ChangXin Memory Technologies),Memory,facility_capacity,,,CXMT (ChangXin Memory Technologies) - CXMT Hefei Fab A3,6482,Company Detail,file:///Users/simon/Documents/Simon-OB/%E6%9C%AC%E4%BD%93%E8%AE%BA/base/%E5%8D%8A%E5%AF%BC%E4%BD%93/SEMI_WFF_2026_1Q.xlsx
CXMT (ChangXin Memory Technologies) - CXMT Beijing Fab 1 current wafer capacity (SEMI WFF),,晶圆产能,SEMI WFF 工厂级晶圆产能观测。,current,30000,12,中国,/Users/simon/Documents/Simon-OB/本体论/base/半导体/SEMI_WFF_2026_1Q.xlsx,CXMT (ChangXin Memory Technologies),Memory,facility_capacity,,,CXMT (ChangXin Memory Technologies) - CXMT Beijing Fab 1,6483,Company Detail,file:///Users/simon/Documents/Simon-OB/%E6%9C%AC%E4%BD%93%E8%AE%BA/base/%E5%8D%8A%E5%AF%BC%E4%BD%93/SEMI_WFF_2026_1Q.xlsx
CXMT (ChangXin Memory Technologies) - CXMT Beijing Fab 2 current wafer capacity (SEMI WFF),,晶圆产能,SEMI WFF 工厂级晶圆产能观测。,current,40000,12,中国,/Users/simon/Documents/Simon-OB/本体论/base/半导体/SEMI_WFF_2026_1Q.xlsx,CXMT (ChangXin Memory Technologies),Memory,facility_capacity,,,CXMT (ChangXin Memory Technologies) - CXMT Beijing Fab 2,6484,Company Detail,file:///Users/simon/Documents/Simon-OB/%E6%9C%AC%E4%BD%93%E8%AE%BA/base/%E5%8D%8A%E5%AF%BC%E4%BD%93/SEMI_WFF_2026_1Q.xlsx
CXMT (ChangXin Memory Technologies) - CXMT Beijing Fab 3 current wafer capacity (SEMI WFF),,晶圆产能,SEMI WFF 工厂级晶圆产能观测。,current,30000,12,中国,/Users/simon/Documents/Simon-OB/本体论/base/半导体/SEMI_WFF_2026_1Q.xlsx,CXMT (ChangXin Memory Technologies),Memory,facility_capacity,,,CXMT (ChangXin Memory Technologies) - CXMT Beijing Fab 3,6485,Company Detail,file:///Users/simon/Documents/Simon-OB/%E6%9C%AC%E4%BD%93%E8%AE%BA/base/%E5%8D%8A%E5%AF%BC%E4%BD%93/SEMI_WFF_2026_1Q.xlsx
CXMT (ChangXin Memory Technologies) - CXMT Shanghai Fab 1 current wafer capacity (SEMI WFF),,晶圆产能,SEMI WFF 工厂级晶圆产能观测。,current,100000,12,中国,/Users/simon/Documents/Simon-OB/本体论/base/半导体/SEMI_WFF_2026_1Q.xlsx,CXMT (ChangXin Memory Technologies),Memory,facility_capacity,,,CXMT (ChangXin Memory Technologies) - CXMT Shanghai Fab 1,6703,Company Detail,file:///Users/simon/Documents/Simon-OB/%E6%9C%AC%E4%BD%93%E8%AE%BA/base/%E5%8D%8A%E5%AF%BC%E4%BD%93/SEMI_WFF_2026_1Q.xlsx
"Dai Nippon Printing Co., Ltd - MEMS fab current wafer capacity (SEMI WFF)",,晶圆产能,SEMI WFF 工厂级晶圆产能观测。,current,5000,8,日本,/Users/simon/Documents/Simon-OB/本体论/base/半导体/SEMI_WFF_2026_1Q.xlsx,"Dai Nippon Printing Co., Ltd",MEMS,facility_capacity,,,"Dai Nippon Printing Co., Ltd - MEMS fab",3259,Company Detail,file:///Users/simon/Documents/Simon-OB/%E6%9C%AC%E4%BD%93%E8%AE%BA/base/%E5%8D%8A%E5%AF%BC%E4%BD%93/SEMI_WFF_2026_1Q.xlsx
Dalian Universal Semiconductors - Zhuanghe fab current wafer capacity (SEMI WFF),,晶圆产能,SEMI WFF 工厂级晶圆产能观测。,current,20000,8,中国,/Users/simon/Documents/Simon-OB/本体论/base/半导体/SEMI_WFF_2026_1Q.xlsx,Dalian Universal Semiconductors,Discrete,facility_capacity,,,Dalian Universal Semiconductors - Zhuanghe fab,4938,Company Detail,file:///Users/simon/Documents/Simon-OB/%E6%9C%AC%E4%BD%93%E8%AE%BA/base/%E5%8D%8A%E5%AF%BC%E4%BD%93/SEMI_WFF_2026_1Q.xlsx
Dalian Xinguan Technology - Dalian fab current wafer capacity (SEMI WFF),,晶圆产能,SEMI WFF 工厂级晶圆产能观测。,current,1000,6,中国,/Users/simon/Documents/Simon-OB/本体论/base/半导体/SEMI_WFF_2026_1Q.xlsx,Dalian Xinguan Technology,EPI,facility_capacity,,,Dalian Xinguan Technology - Dalian fab,5052,Company Detail,file:///Users/simon/Documents/Simon-OB/%E6%9C%AC%E4%BD%93%E8%AE%BA/base/%E5%8D%8A%E5%AF%BC%E4%BD%93/SEMI_WFF_2026_1Q.xlsx
"Dandong An-Shun Microelectronics Co., Ltd - N/A current wafer capacity (SEMI WFF)",,晶圆产能,SEMI WFF 工厂级晶圆产能观测。,current,50000,5,中国,/Users/simon/Documents/Simon-OB/本体论/base/半导体/SEMI_WFF_2026_1Q.xlsx,"Dandong An-Shun Microelectronics Co., Ltd",Discrete,facility_capacity,,,"Dandong An-Shun Microelectronics Co., Ltd - N/A",2997,Company Detail,file:///Users/simon/Documents/Simon-OB/%E6%9C%AC%E4%BD%93%E8%AE%BA/base/%E5%8D%8A%E5%AF%BC%E4%BD%93/SEMI_WFF_2026_1Q.xlsx
Darewin Opto - n/a current wafer capacity (SEMI WFF),,晶圆产能,SEMI WFF 工厂级晶圆产能观测。,current,24000,2,中国,/Users/simon/Documents/Simon-OB/本体论/base/半导体/SEMI_WFF_2026_1Q.xlsx,Darewin Opto,Opto,facility_capacity,,,Darewin Opto - n/a,3159,Company Detail,file:///Users/simon/Documents/Simon-OB/%E6%9C%AC%E4%BD%93%E8%AE%BA/base/%E5%8D%8A%E5%AF%BC%E4%BD%93/SEMI_WFF_2026_1Q.xlsx
DB HiTek (was Dongbu Hi Tek) - Fab 2 current wafer capacity (SEMI WFF),,晶圆产能,SEMI WFF 工厂级晶圆产能观测。,current,65000,8,韩国,/Users/simon/Documents/Simon-OB/本体论/base/半导体/SEMI_WFF_2026_1Q.xlsx,DB HiTek (was Dongbu Hi Tek),Analog,facility_capacity,,,DB HiTek (was Dongbu Hi Tek) - Fab 2,1534,Company Detail,file:///Users/simon/Documents/Simon-OB/%E6%9C%AC%E4%BD%93%E8%AE%BA/base/%E5%8D%8A%E5%AF%BC%E4%BD%93/SEMI_WFF_2026_1Q.xlsx
DB HiTek (was Dongbu Hi Tek) - Fab 1 current wafer capacity (SEMI WFF),,晶圆产能,SEMI WFF 工厂级晶圆产能观测。,current,85000,8,韩国,/Users/simon/Documents/Simon-OB/本体论/base/半导体/SEMI_WFF_2026_1Q.xlsx,DB HiTek (was Dongbu Hi Tek),Analog,facility_capacity,,,DB HiTek (was Dongbu Hi Tek) - Fab 1,1498,Company Detail,file:///Users/simon/Documents/Simon-OB/%E6%9C%AC%E4%BD%93%E8%AE%BA/base/%E5%8D%8A%E5%AF%BC%E4%BD%93/SEMI_WFF_2026_1Q.xlsx
DB HiTek (was Dongbu Hi Tek) - Fab 2 SiC Line current wafer capacity (SEMI WFF),,晶圆产能,SEMI WFF 工厂级晶圆产能观测。,current,5000,8,韩国,/Users/simon/Documents/Simon-OB/本体论/base/半导体/SEMI_WFF_2026_1Q.xlsx,DB HiTek (was Dongbu Hi Tek),Discrete,facility_capacity,,,DB HiTek (was Dongbu Hi Tek) - Fab 2 SiC Line,6373,Company Detail,file:///Users/simon/Documents/Simon-OB/%E6%9C%AC%E4%BD%93%E8%AE%BA/base/%E5%8D%8A%E5%AF%BC%E4%BD%93/SEMI_WFF_2026_1Q.xlsx
De Core Nanosemiconductor - Gandhi Nagar fab current wafer capacity (SEMI WFF),,晶圆产能,SEMI WFF 工厂级晶圆产能观测。,current,1000,2,SE Asia,/Users/simon/Documents/Simon-OB/本体论/base/半导体/SEMI_WFF_2026_1Q.xlsx,De Core Nanosemiconductor,Opto,facility_capacity,,,De Core Nanosemiconductor - Gandhi Nagar fab,3229,Company Detail,file:///Users/simon/Documents/Simon-OB/%E6%9C%AC%E4%BD%93%E8%AE%BA/base/%E5%8D%8A%E5%AF%BC%E4%BD%93/SEMI_WFF_2026_1Q.xlsx
Defense Microelectronics Activity (DMEA) - ARMS (Bldg 620) current wafer capacity (SEMI WFF),,晶圆产能,SEMI WFF 工厂级晶圆产能观测。,current,1000,6,美洲,/Users/simon/Documents/Simon-OB/本体论/base/半导体/SEMI_WFF_2026_1Q.xlsx,Defense Microelectronics Activity (DMEA),Analog,facility_capacity,,,Defense Microelectronics Activity (DMEA) - ARMS (Bldg 620),2259,Company Detail,file:///Users/simon/Documents/Simon-OB/%E6%9C%AC%E4%BD%93%E8%AE%BA/base/%E5%8D%8A%E5%AF%BC%E4%BD%93/SEMI_WFF_2026_1Q.xlsx
DenseLight Semiconductors - Fab 1 current wafer capacity (SEMI WFF),,晶圆产能,SEMI WFF 工厂级晶圆产能观测。,current,10000,4,SE Asia,/Users/simon/Documents/Simon-OB/本体论/base/半导体/SEMI_WFF_2026_1Q.xlsx,DenseLight Semiconductors,Opto,facility_capacity,,,DenseLight Semiconductors - Fab 1,2375,Company Detail,file:///Users/simon/Documents/Simon-OB/%E6%9C%AC%E4%BD%93%E8%AE%BA/base/%E5%8D%8A%E5%AF%BC%E4%BD%93/SEMI_WFF_2026_1Q.xlsx
Denso Corporation - Kota (200mm) current wafer capacity (SEMI WFF),,晶圆产能,SEMI WFF 工厂级晶圆产能观测。,current,12000,8,日本,/Users/simon/Documents/Simon-OB/本体论/base/半导体/SEMI_WFF_2026_1Q.xlsx,Denso Corporation,Analog,facility_capacity,,,Denso Corporation - Kota (200mm),2172,Company Detail,file:///Users/simon/Documents/Simon-OB/%E6%9C%AC%E4%BD%93%E8%AE%BA/base/%E5%8D%8A%E5%AF%BC%E4%BD%93/SEMI_WFF_2026_1Q.xlsx
Denso Corporation - Kota (#705 & #702) current wafer capacity (SEMI WFF),,晶圆产能,SEMI WFF 工厂级晶圆产能观测。,current,25000,6,日本,/Users/simon/Documents/Simon-OB/本体论/base/半导体/SEMI_WFF_2026_1Q.xlsx,Denso Corporation,Logic&Micro,facility_capacity,,,Denso Corporation - Kota (#705 & #702),725,Company Detail,file:///Users/simon/Documents/Simon-OB/%E6%9C%AC%E4%BD%93%E8%AE%BA/base/%E5%8D%8A%E5%AF%BC%E4%BD%93/SEMI_WFF_2026_1Q.xlsx
Denso Corporation - Building A (was Toyota Industries Corp) current wafer capacity (SEMI WFF),,晶圆产能,SEMI WFF 工厂级晶圆产能观测。,current,5000,6,日本,/Users/simon/Documents/Simon-OB/本体论/base/半导体/SEMI_WFF_2026_1Q.xlsx,Denso Corporation,Logic&Micro,facility_capacity,,,Denso Corporation - Building A (was Toyota Industries Corp),1139,Company Detail,file:///Users/simon/Documents/Simon-OB/%E6%9C%AC%E4%BD%93%E8%AE%BA/base/%E5%8D%8A%E5%AF%BC%E4%BD%93/SEMI_WFF_2026_1Q.xlsx
Denso Corporation - Building B (was Toyota Industries Corp) current wafer capacity (SEMI WFF),,晶圆产能,SEMI WFF 工厂级晶圆产能观测。,current,8000,8,日本,/Users/simon/Documents/Simon-OB/本体论/base/半导体/SEMI_WFF_2026_1Q.xlsx,Denso Corporation,Analog,facility_capacity,,,Denso Corporation - Building B (was Toyota Industries Corp),3624,Company Detail,file:///Users/simon/Documents/Simon-OB/%E6%9C%AC%E4%BD%93%E8%AE%BA/base/%E5%8D%8A%E5%AF%BC%E4%BD%93/SEMI_WFF_2026_1Q.xlsx
Denso Corporation - Denso Research current wafer capacity (SEMI WFF),,晶圆产能,SEMI WFF 工厂级晶圆产能观测。,current,500,6,日本,/Users/simon/Documents/Simon-OB/本体论/base/半导体/SEMI_WFF_2026_1Q.xlsx,Denso Corporation,Logic&Micro,facility_capacity,,,Denso Corporation - Denso Research,2176,Company Detail,file:///Users/simon/Documents/Simon-OB/%E6%9C%AC%E4%BD%93%E8%AE%BA/base/%E5%8D%8A%E5%AF%BC%E4%BD%93/SEMI_WFF_2026_1Q.xlsx
Denso Corporation - SiC R&D fab (was Toyota Industries Corp) current wafer capacity (SEMI WFF),,晶圆产能,SEMI WFF 工厂级晶圆产能观测。,current,3000,4,日本,/Users/simon/Documents/Simon-OB/本体论/base/半导体/SEMI_WFF_2026_1Q.xlsx,Denso Corporation,Discrete,facility_capacity,,,Denso Corporation - SiC R&D fab (was Toyota Industries Corp),3871,Company Detail,file:///Users/simon/Documents/Simon-OB/%E6%9C%AC%E4%BD%93%E8%AE%BA/base/%E5%8D%8A%E5%AF%BC%E4%BD%93/SEMI_WFF_2026_1Q.xlsx
"Denso Corporation - HQ 5"" fab current wafer capacity (SEMI WFF)",,晶圆产能,SEMI WFF 工厂级晶圆产能观测。,current,2000,5,日本,/Users/simon/Documents/Simon-OB/本体论/base/半导体/SEMI_WFF_2026_1Q.xlsx,Denso Corporation,MEMS,facility_capacity,,,"Denso Corporation - HQ 5"" fab",3890,Company Detail,file:///Users/simon/Documents/Simon-OB/%E6%9C%AC%E4%BD%93%E8%AE%BA/base/%E5%8D%8A%E5%AF%BC%E4%BD%93/SEMI_WFF_2026_1Q.xlsx
Denso Corporation - Denso Iwate (was Fujitsu) current wafer capacity (SEMI WFF),,晶圆产能,SEMI WFF 工厂级晶圆产能观测。,current,20000,8,日本,/Users/simon/Documents/Simon-OB/本体论/base/半导体/SEMI_WFF_2026_1Q.xlsx,Denso Corporation,Analog,facility_capacity,,,Denso Corporation - Denso Iwate (was Fujitsu),187,Company Detail,file:///Users/simon/Documents/Simon-OB/%E6%9C%AC%E4%BD%93%E8%AE%BA/base/%E5%8D%8A%E5%AF%BC%E4%BD%93/SEMI_WFF_2026_1Q.xlsx
DiCon - Richmond HQ current wafer capacity (SEMI WFF),,晶圆产能,SEMI WFF 工厂级晶圆产能观测。,current,2000,4,美洲,/Users/simon/Documents/Simon-OB/本体论/base/半导体/SEMI_WFF_2026_1Q.xlsx,DiCon,MEMS,facility_capacity,,,DiCon - Richmond HQ,5076,Company Detail,file:///Users/simon/Documents/Simon-OB/%E6%9C%AC%E4%BD%93%E8%AE%BA/base/%E5%8D%8A%E5%AF%BC%E4%BD%93/SEMI_WFF_2026_1Q.xlsx
Diodes Inc. - Zizhu Fab 1 (8-inch line) current wafer capacity (SEMI WFF),,晶圆产能,SEMI WFF 工厂级晶圆产能观测。,current,18500,8,中国,/Users/simon/Documents/Simon-OB/本体论/base/半导体/SEMI_WFF_2026_1Q.xlsx,Diodes Inc.,Analog,facility_capacity,,,Diodes Inc. - Zizhu Fab 1 (8-inch line),1988,Company Detail,file:///Users/simon/Documents/Simon-OB/%E6%9C%AC%E4%BD%93%E8%AE%BA/base/%E5%8D%8A%E5%AF%BC%E4%BD%93/SEMI_WFF_2026_1Q.xlsx
Diodes Inc. - Keelung fab (was Lite-On) current wafer capacity (SEMI WFF),,晶圆产能,SEMI WFF 工厂级晶圆产能观测。,current,58000,4,中国台湾,/Users/simon/Documents/Simon-OB/本体论/base/半导体/SEMI_WFF_2026_1Q.xlsx,Diodes Inc.,Discrete,facility_capacity,,,Diodes Inc. - Keelung fab (was Lite-On),3648,Company Detail,file:///Users/simon/Documents/Simon-OB/%E6%9C%AC%E4%BD%93%E8%AE%BA/base/%E5%8D%8A%E5%AF%BC%E4%BD%93/SEMI_WFF_2026_1Q.xlsx
Diodes Inc. - Wuxi fab (was Lite-On) current wafer capacity (SEMI WFF),,晶圆产能,SEMI WFF 工厂级晶圆产能观测。,current,190000,4,中国,/Users/simon/Documents/Simon-OB/本体论/base/半导体/SEMI_WFF_2026_1Q.xlsx,Diodes Inc.,Discrete,facility_capacity,,,Diodes Inc. - Wuxi fab (was Lite-On),3649,Company Detail,file:///Users/simon/Documents/Simon-OB/%E6%9C%AC%E4%BD%93%E8%AE%BA/base/%E5%8D%8A%E5%AF%BC%E4%BD%93/SEMI_WFF_2026_1Q.xlsx
Diodes Inc. - Shanghai fab (was Lite-On) current wafer capacity (SEMI WFF),,晶圆产能,SEMI WFF 工厂级晶圆产能观测。,current,110000,3,中国,/Users/simon/Documents/Simon-OB/本体论/base/半导体/SEMI_WFF_2026_1Q.xlsx,Diodes Inc.,Discrete,facility_capacity,,,Diodes Inc. - Shanghai fab (was Lite-On),3650,Company Detail,file:///Users/simon/Documents/Simon-OB/%E6%9C%AC%E4%BD%93%E8%AE%BA/base/%E5%8D%8A%E5%AF%BC%E4%BD%93/SEMI_WFF_2026_1Q.xlsx
"Diodes Inc. - G Fab (8-inch line) (was TI, was National Semi_ current wafer capacity (SEMI WFF)",,晶圆产能,SEMI WFF 工厂级晶圆产能观测。,current,9000,8,Europe & Mideast,/Users/simon/Documents/Simon-OB/本体论/base/半导体/SEMI_WFF_2026_1Q.xlsx,Diodes Inc.,Analog,facility_capacity,,,"Diodes Inc. - G Fab (8-inch line) (was TI, was National Semi_",6133,Company Detail,file:///Users/simon/Documents/Simon-OB/%E6%9C%AC%E4%BD%93%E8%AE%BA/base/%E5%8D%8A%E5%AF%BC%E4%BD%93/SEMI_WFF_2026_1Q.xlsx
"Diodes Inc. - G Fab (6-inch line) (was TI, was National Semi_ current wafer capacity (SEMI WFF)",,晶圆产能,SEMI WFF 工厂级晶圆产能观测。,current,22000,6,Europe & Mideast,/Users/simon/Documents/Simon-OB/本体论/base/半导体/SEMI_WFF_2026_1Q.xlsx,Diodes Inc.,Analog,facility_capacity,,,"Diodes Inc. - G Fab (6-inch line) (was TI, was National Semi_",659,Company Detail,file:///Users/simon/Documents/Simon-OB/%E6%9C%AC%E4%BD%93%E8%AE%BA/base/%E5%8D%8A%E5%AF%BC%E4%BD%93/SEMI_WFF_2026_1Q.xlsx
Diodes Inc. - Hsinchu fab (was Lite-On) current wafer capacity (SEMI WFF),,晶圆产能,SEMI WFF 工厂级晶圆产能观测。,current,38000,6,中国台湾,/Users/simon/Documents/Simon-OB/本体论/base/半导体/SEMI_WFF_2026_1Q.xlsx,Diodes Inc.,Discrete,facility_capacity,,,Diodes Inc. - Hsinchu fab (was Lite-On),1663,Company Detail,file:///Users/simon/Documents/Simon-OB/%E6%9C%AC%E4%BD%93%E8%AE%BA/base/%E5%8D%8A%E5%AF%BC%E4%BD%93/SEMI_WFF_2026_1Q.xlsx
Diodes Inc. - Fab 2 (former BCD) current wafer capacity (SEMI WFF),,晶圆产能,SEMI WFF 工厂级晶圆产能观测。,current,20000,4,中国,/Users/simon/Documents/Simon-OB/本体论/base/半导体/SEMI_WFF_2026_1Q.xlsx,Diodes Inc.,Analog,facility_capacity,,,Diodes Inc. - Fab 2 (former BCD),1897,Company Detail,file:///Users/simon/Documents/Simon-OB/%E6%9C%AC%E4%BD%93%E8%AE%BA/base/%E5%8D%8A%E5%AF%BC%E4%BD%93/SEMI_WFF_2026_1Q.xlsx
Diodes Inc. - Manchester Fab current wafer capacity (SEMI WFF),,晶圆产能,SEMI WFF 工厂级晶圆产能观测。,current,4000,6,Europe & Mideast,/Users/simon/Documents/Simon-OB/本体论/base/半导体/SEMI_WFF_2026_1Q.xlsx,Diodes Inc.,Analog,facility_capacity,,,Diodes Inc. - Manchester Fab,1220,Company Detail,file:///Users/simon/Documents/Simon-OB/%E6%9C%AC%E4%BD%93%E8%AE%BA/base/%E5%8D%8A%E5%AF%BC%E4%BD%93/SEMI_WFF_2026_1Q.xlsx
"Diodes Inc. - SPFAB (was OnSemi, was Fairchild) current wafer capacity (SEMI WFF)",,晶圆产能,SEMI WFF 工厂级晶圆产能观测。,current,17000,8,美洲,/Users/simon/Documents/Simon-OB/本体论/base/半导体/SEMI_WFF_2026_1Q.xlsx,Diodes Inc.,Analog,facility_capacity,,,"Diodes Inc. - SPFAB (was OnSemi, was Fairchild)",667,Company Detail,file:///Users/simon/Documents/Simon-OB/%E6%9C%AC%E4%BD%93%E8%AE%BA/base/%E5%8D%8A%E5%AF%BC%E4%BD%93/SEMI_WFF_2026_1Q.xlsx
Diodes Inc. - Fab 1 (former BCD) current wafer capacity (SEMI WFF),,晶圆产能,SEMI WFF 工厂级晶圆产能观测。,current,40000,6,中国,/Users/simon/Documents/Simon-OB/本体论/base/半导体/SEMI_WFF_2026_1Q.xlsx,Diodes Inc.,Analog,facility_capacity,,,Diodes Inc. - Fab 1 (former BCD),933,Company Detail,file:///Users/simon/Documents/Simon-OB/%E6%9C%AC%E4%BD%93%E8%AE%BA/base/%E5%8D%8A%E5%AF%BC%E4%BD%93/SEMI_WFF_2026_1Q.xlsx
Dionics-USA Inc. - Westbury current wafer capacity (SEMI WFF),,晶圆产能,SEMI WFF 工厂级晶圆产能观测。,current,1600,3,美洲,/Users/simon/Documents/Simon-OB/本体论/base/半导体/SEMI_WFF_2026_1Q.xlsx,Dionics-USA Inc.,Discrete,facility_capacity,,,Dionics-USA Inc. - Westbury,137,Company Detail,file:///Users/simon/Documents/Simon-OB/%E6%9C%AC%E4%BD%93%E8%AE%BA/base/%E5%8D%8A%E5%AF%BC%E4%BD%93/SEMI_WFF_2026_1Q.xlsx
Diotec Semiconductor AG - Heitersheim HQ current wafer capacity (SEMI WFF),,晶圆产能,SEMI WFF 工厂级晶圆产能观测。,current,5000,6,Europe & Mideast,/Users/simon/Documents/Simon-OB/本体论/base/半导体/SEMI_WFF_2026_1Q.xlsx,Diotec Semiconductor AG,Discrete,facility_capacity,,,Diotec Semiconductor AG - Heitersheim HQ,3541,Company Detail,file:///Users/simon/Documents/Simon-OB/%E6%9C%AC%E4%BD%93%E8%AE%BA/base/%E5%8D%8A%E5%AF%BC%E4%BD%93/SEMI_WFF_2026_1Q.xlsx
Diotec Semiconductor AG - Semikron d.o.o Slovenia current wafer capacity (SEMI WFF),,晶圆产能,SEMI WFF 工厂级晶圆产能观测。,current,10000,4,Europe & Mideast,/Users/simon/Documents/Simon-OB/本体论/base/半导体/SEMI_WFF_2026_1Q.xlsx,Diotec Semiconductor AG,Discrete,facility_capacity,,,Diotec Semiconductor AG - Semikron d.o.o Slovenia,3542,Company Detail,file:///Users/simon/Documents/Simon-OB/%E6%9C%AC%E4%BD%93%E8%AE%BA/base/%E5%8D%8A%E5%AF%BC%E4%BD%93/SEMI_WFF_2026_1Q.xlsx
"Dowa Electronics Materials Co., Ltd. - DOWA Semicondcutor Akita current wafer capacity (SEMI WFF)",,晶圆产能,SEMI WFF 工厂级晶圆产能观测。,current,5000,4,日本,/Users/simon/Documents/Simon-OB/本体论/base/半导体/SEMI_WFF_2026_1Q.xlsx,"Dowa Electronics Materials Co., Ltd.",Opto,facility_capacity,,,"Dowa Electronics Materials Co., Ltd. - DOWA Semicondcutor Akita",3699,Company Detail,file:///Users/simon/Documents/Simon-OB/%E6%9C%AC%E4%BD%93%E8%AE%BA/base/%E5%8D%8A%E5%AF%BC%E4%BD%93/SEMI_WFF_2026_1Q.xlsx
DRIX - N/A current wafer capacity (SEMI WFF),,晶圆产能,SEMI WFF 工厂级晶圆产能观测。,current,9000,4,Europe & Mideast,/Users/simon/Documents/Simon-OB/本体论/base/半导体/SEMI_WFF_2026_1Q.xlsx,DRIX,Discrete,facility_capacity,,,DRIX - N/A,1688,Company Detail,file:///Users/simon/Documents/Simon-OB/%E6%9C%AC%E4%BD%93%E8%AE%BA/base/%E5%8D%8A%E5%AF%BC%E4%BD%93/SEMI_WFF_2026_1Q.xlsx
Dynax Semiconductor Inc. - Fab 1 current wafer capacity (SEMI WFF),,晶圆产能,SEMI WFF 工厂级晶圆产能观测。,current,1500,4,中国,/Users/simon/Documents/Simon-OB/本体论/base/半导体/SEMI_WFF_2026_1Q.xlsx,Dynax Semiconductor Inc.,Discrete,facility_capacity,,,Dynax Semiconductor Inc. - Fab 1,3833,Company Detail,file:///Users/simon/Documents/Simon-OB/%E6%9C%AC%E4%BD%93%E8%AE%BA/base/%E5%8D%8A%E5%AF%BC%E4%BD%93/SEMI_WFF_2026_1Q.xlsx
Dynex Semiconductor - Lincoln current wafer capacity (SEMI WFF),,晶圆产能,SEMI WFF 工厂级晶圆产能观测。,current,7000,6,Europe & Mideast,/Users/simon/Documents/Simon-OB/本体论/base/半导体/SEMI_WFF_2026_1Q.xlsx,Dynex Semiconductor,Discrete,facility_capacity,,,Dynex Semiconductor - Lincoln,208,Company Detail,file:///Users/simon/Documents/Simon-OB/%E6%9C%AC%E4%BD%93%E8%AE%BA/base/%E5%8D%8A%E5%AF%BC%E4%BD%93/SEMI_WFF_2026_1Q.xlsx
Electronics Industry Public Company (EIC) - EIC Semi current wafer capacity (SEMI WFF),,晶圆产能,SEMI WFF 工厂级晶圆产能观测。,current,800,4,SE Asia,/Users/simon/Documents/Simon-OB/本体论/base/半导体/SEMI_WFF_2026_1Q.xlsx,Electronics Industry Public Company (EIC),Discrete,facility_capacity,,,Electronics Industry Public Company (EIC) - EIC Semi,2491,Company Detail,file:///Users/simon/Documents/Simon-OB/%E6%9C%AC%E4%BD%93%E8%AE%BA/base/%E5%8D%8A%E5%AF%BC%E4%BD%93/SEMI_WFF_2026_1Q.xlsx
EM Microelectronic - Marin SA - Marin fab current wafer capacity (SEMI WFF),,晶圆产能,SEMI WFF 工厂级晶圆产能观测。,current,10000,8,Europe & Mideast,/Users/simon/Documents/Simon-OB/本体论/base/半导体/SEMI_WFF_2026_1Q.xlsx,EM Microelectronic - Marin SA,Logic&Micro,facility_capacity,,,EM Microelectronic - Marin SA - Marin fab,530,Company Detail,file:///Users/simon/Documents/Simon-OB/%E6%9C%AC%E4%BD%93%E8%AE%BA/base/%E5%8D%8A%E5%AF%BC%E4%BD%93/SEMI_WFF_2026_1Q.xlsx
Emcore Corporation - InP Fab Alhambra current wafer capacity (SEMI WFF),,晶圆产能,SEMI WFF 工厂级晶圆产能观测。,current,1000,3,美洲,/Users/simon/Documents/Simon-OB/本体论/base/半导体/SEMI_WFF_2026_1Q.xlsx,Emcore Corporation,Opto,facility_capacity,,,Emcore Corporation - InP Fab Alhambra,4968,Company Detail,file:///Users/simon/Documents/Simon-OB/%E6%9C%AC%E4%BD%93%E8%AE%BA/base/%E5%8D%8A%E5%AF%BC%E4%BD%93/SEMI_WFF_2026_1Q.xlsx
Enablence Technologies - Fremont fab current wafer capacity (SEMI WFF),,晶圆产能,SEMI WFF 工厂级晶圆产能观测。,current,6000,6,美洲,/Users/simon/Documents/Simon-OB/本体论/base/半导体/SEMI_WFF_2026_1Q.xlsx,Enablence Technologies,Opto,facility_capacity,,,Enablence Technologies - Fremont fab,3702,Company Detail,file:///Users/simon/Documents/Simon-OB/%E6%9C%AC%E4%BD%93%E8%AE%BA/base/%E5%8D%8A%E5%AF%BC%E4%BD%93/SEMI_WFF_2026_1Q.xlsx
Endevco Corporation - MEMS current wafer capacity (SEMI WFF),,晶圆产能,SEMI WFF 工厂级晶圆产能观测。,current,1000,2,美洲,/Users/simon/Documents/Simon-OB/本体论/base/半导体/SEMI_WFF_2026_1Q.xlsx,Endevco Corporation,MEMS,facility_capacity,,,Endevco Corporation - MEMS,2305,Company Detail,file:///Users/simon/Documents/Simon-OB/%E6%9C%AC%E4%BD%93%E8%AE%BA/base/%E5%8D%8A%E5%AF%BC%E4%BD%93/SEMI_WFF_2026_1Q.xlsx
Enkris Semiconductor - Suzhou Fab current wafer capacity (SEMI WFF),,晶圆产能,SEMI WFF 工厂级晶圆产能观测。,current,1000,8,中国,/Users/simon/Documents/Simon-OB/本体论/base/半导体/SEMI_WFF_2026_1Q.xlsx,Enkris Semiconductor,EPI,facility_capacity,,,Enkris Semiconductor - Suzhou Fab,3668,Company Detail,file:///Users/simon/Documents/Simon-OB/%E6%9C%AC%E4%BD%93%E8%AE%BA/base/%E5%8D%8A%E5%AF%BC%E4%BD%93/SEMI_WFF_2026_1Q.xlsx
Ennostar Corporation - N2 current wafer capacity (SEMI WFF),,晶圆产能,SEMI WFF 工厂级晶圆产能观测。,current,9000,6,中国台湾,/Users/simon/Documents/Simon-OB/本体论/base/半导体/SEMI_WFF_2026_1Q.xlsx,Ennostar Corporation,Opto,facility_capacity,,,Ennostar Corporation - N2,2017,Company Detail,file:///Users/simon/Documents/Simon-OB/%E6%9C%AC%E4%BD%93%E8%AE%BA/base/%E5%8D%8A%E5%AF%BC%E4%BD%93/SEMI_WFF_2026_1Q.xlsx
Ennostar Corporation - S1 current wafer capacity (SEMI WFF),,晶圆产能,SEMI WFF 工厂级晶圆产能观测。,current,60000,4,中国台湾,/Users/simon/Documents/Simon-OB/本体论/base/半导体/SEMI_WFF_2026_1Q.xlsx,Ennostar Corporation,Opto,facility_capacity,,,Ennostar Corporation - S1,3015,Company Detail,file:///Users/simon/Documents/Simon-OB/%E6%9C%AC%E4%BD%93%E8%AE%BA/base/%E5%8D%8A%E5%AF%BC%E4%BD%93/SEMI_WFF_2026_1Q.xlsx
Ennostar Corporation - N6 current wafer capacity (SEMI WFF),,晶圆产能,SEMI WFF 工厂级晶圆产能观测。,current,25000,4,中国台湾,/Users/simon/Documents/Simon-OB/本体论/base/半导体/SEMI_WFF_2026_1Q.xlsx,Ennostar Corporation,Opto,facility_capacity,,,Ennostar Corporation - N6,3010,Company Detail,file:///Users/simon/Documents/Simon-OB/%E6%9C%AC%E4%BD%93%E8%AE%BA/base/%E5%8D%8A%E5%AF%BC%E4%BD%93/SEMI_WFF_2026_1Q.xlsx
Ennostar Corporation - Suzhou fab (S01) current wafer capacity (SEMI WFF),,晶圆产能,SEMI WFF 工厂级晶圆产能观测。,current,16000,,中国,/Users/simon/Documents/Simon-OB/本体论/base/半导体/SEMI_WFF_2026_1Q.xlsx,Ennostar Corporation,Opto,facility_capacity,,,Ennostar Corporation - Suzhou fab (S01),3242,Company Detail,file:///Users/simon/Documents/Simon-OB/%E6%9C%AC%E4%BD%93%E8%AE%BA/base/%E5%8D%8A%E5%AF%BC%E4%BD%93/SEMI_WFF_2026_1Q.xlsx
Ennostar Corporation - N3/N8 current wafer capacity (SEMI WFF),,晶圆产能,SEMI WFF 工厂级晶圆产能观测。,current,6000,6,中国台湾,/Users/simon/Documents/Simon-OB/本体论/base/半导体/SEMI_WFF_2026_1Q.xlsx,Ennostar Corporation,Opto,facility_capacity,,,Ennostar Corporation - N3/N8,3013,Company Detail,file:///Users/simon/Documents/Simon-OB/%E6%9C%AC%E4%BD%93%E8%AE%BA/base/%E5%8D%8A%E5%AF%BC%E4%BD%93/SEMI_WFF_2026_1Q.xlsx
Ennostar Corporation - Hsinchu fab (T01) current wafer capacity (SEMI WFF),,晶圆产能,SEMI WFF 工厂级晶圆产能观测。,current,35000,6,中国台湾,/Users/simon/Documents/Simon-OB/本体论/base/半导体/SEMI_WFF_2026_1Q.xlsx,Ennostar Corporation,Opto,facility_capacity,,,Ennostar Corporation - Hsinchu fab (T01),3106,Company Detail,file:///Users/simon/Documents/Simon-OB/%E6%9C%AC%E4%BD%93%E8%AE%BA/base/%E5%8D%8A%E5%AF%BC%E4%BD%93/SEMI_WFF_2026_1Q.xlsx
Ennostar Corporation - S3 current wafer capacity (SEMI WFF),,晶圆产能,SEMI WFF 工厂级晶圆产能观测。,current,80000,2,中国台湾,/Users/simon/Documents/Simon-OB/本体论/base/半导体/SEMI_WFF_2026_1Q.xlsx,Ennostar Corporation,Opto,facility_capacity,,,Ennostar Corporation - S3,3008,Company Detail,file:///Users/simon/Documents/Simon-OB/%E6%9C%AC%E4%BD%93%E8%AE%BA/base/%E5%8D%8A%E5%AF%BC%E4%BD%93/SEMI_WFF_2026_1Q.xlsx
Ennostar Corporation - N1 current wafer capacity (SEMI WFF),,晶圆产能,SEMI WFF 工厂级晶圆产能观测。,current,20000,2,中国台湾,/Users/simon/Documents/Simon-OB/本体论/base/半导体/SEMI_WFF_2026_1Q.xlsx,Ennostar Corporation,Opto,facility_capacity,,,Ennostar Corporation - N1,3011,Company Detail,file:///Users/simon/Documents/Simon-OB/%E6%9C%AC%E4%BD%93%E8%AE%BA/base/%E5%8D%8A%E5%AF%BC%E4%BD%93/SEMI_WFF_2026_1Q.xlsx
Ennostar Corporation - Epicrystal Changzhou current wafer capacity (SEMI WFF),,晶圆产能,SEMI WFF 工厂级晶圆产能观测。,current,90000,2,中国,/Users/simon/Documents/Simon-OB/本体论/base/半导体/SEMI_WFF_2026_1Q.xlsx,Ennostar Corporation,Opto,facility_capacity,,,Ennostar Corporation - Epicrystal Changzhou,3203,Company Detail,file:///Users/simon/Documents/Simon-OB/%E6%9C%AC%E4%BD%93%E8%AE%BA/base/%E5%8D%8A%E5%AF%BC%E4%BD%93/SEMI_WFF_2026_1Q.xlsx
Ennostar Corporation - Canyang Opto current wafer capacity (SEMI WFF),,晶圆产能,SEMI WFF 工厂级晶圆产能观测。,current,170000,2,中国,/Users/simon/Documents/Simon-OB/本体论/base/半导体/SEMI_WFF_2026_1Q.xlsx,Ennostar Corporation,Opto,facility_capacity,,,Ennostar Corporation - Canyang Opto,3210,Company Detail,file:///Users/simon/Documents/Simon-OB/%E6%9C%AC%E4%BD%93%E8%AE%BA/base/%E5%8D%8A%E5%AF%BC%E4%BD%93/SEMI_WFF_2026_1Q.xlsx
Ennostar Corporation - H1 (was Huga fab 3) current wafer capacity (SEMI WFF),,晶圆产能,SEMI WFF 工厂级晶圆产能观测。,current,40000,4,中国台湾,/Users/simon/Documents/Simon-OB/本体论/base/半导体/SEMI_WFF_2026_1Q.xlsx,Ennostar Corporation,Opto,facility_capacity,,,Ennostar Corporation - H1 (was Huga fab 3),3086,Company Detail,file:///Users/simon/Documents/Simon-OB/%E6%9C%AC%E4%BD%93%E8%AE%BA/base/%E5%8D%8A%E5%AF%BC%E4%BD%93/SEMI_WFF_2026_1Q.xlsx
Ennostar Corporation - Episky (Xiamen) Corporation Limited current wafer capacity (SEMI WFF),,晶圆产能,SEMI WFF 工厂级晶圆产能观测。,current,100000,4,中国,/Users/simon/Documents/Simon-OB/本体论/base/半导体/SEMI_WFF_2026_1Q.xlsx,Ennostar Corporation,Opto,facility_capacity,,,Ennostar Corporation - Episky (Xiamen) Corporation Limited,3295,Company Detail,file:///Users/simon/Documents/Simon-OB/%E6%9C%AC%E4%BD%93%E8%AE%BA/base/%E5%8D%8A%E5%AF%BC%E4%BD%93/SEMI_WFF_2026_1Q.xlsx
Ennostar Corporation - A1 (HQ) current wafer capacity (SEMI WFF),,晶圆产能,SEMI WFF 工厂级晶圆产能观测。,current,30000,6,中国台湾,/Users/simon/Documents/Simon-OB/本体论/base/半导体/SEMI_WFF_2026_1Q.xlsx,Ennostar Corporation,Opto,facility_capacity,,,Ennostar Corporation - A1 (HQ),3667,Company Detail,file:///Users/simon/Documents/Simon-OB/%E6%9C%AC%E4%BD%93%E8%AE%BA/base/%E5%8D%8A%E5%AF%BC%E4%BD%93/SEMI_WFF_2026_1Q.xlsx
Ennostar Corporation - N7 current wafer capacity (SEMI WFF),,晶圆产能,SEMI WFF 工厂级晶圆产能观测。,current,30000,6,中国台湾,/Users/simon/Documents/Simon-OB/本体论/base/半导体/SEMI_WFF_2026_1Q.xlsx,Ennostar Corporation,Opto,facility_capacity,,,Ennostar Corporation - N7,6697,Company Detail,file:///Users/simon/Documents/Simon-OB/%E6%9C%AC%E4%BD%93%E8%AE%BA/base/%E5%8D%8A%E5%AF%BC%E4%BD%93/SEMI_WFF_2026_1Q.xlsx
Enraytek Optoelectronics Technology - Lingang fab current wafer capacity (SEMI WFF),,晶圆产能,SEMI WFF 工厂级晶圆产能观测。,current,40000,2,中国,/Users/simon/Documents/Simon-OB/本体论/base/半导体/SEMI_WFF_2026_1Q.xlsx,Enraytek Optoelectronics Technology,Opto,facility_capacity,,,Enraytek Optoelectronics Technology - Lingang fab,3425,Company Detail,file:///Users/simon/Documents/Simon-OB/%E6%9C%AC%E4%BD%93%E8%AE%BA/base/%E5%8D%8A%E5%AF%BC%E4%BD%93/SEMI_WFF_2026_1Q.xlsx
Epiel - Fab 1 current wafer capacity (SEMI WFF),,晶圆产能,SEMI WFF 工厂级晶圆产能观测。,current,6000,8,Europe & Mideast,/Users/simon/Documents/Simon-OB/本体论/base/半导体/SEMI_WFF_2026_1Q.xlsx,Epiel,EPI,facility_capacity,,,Epiel - Fab 1,3705,Company Detail,file:///Users/simon/Documents/Simon-OB/%E6%9C%AC%E4%BD%93%E8%AE%BA/base/%E5%8D%8A%E5%AF%BC%E4%BD%93/SEMI_WFF_2026_1Q.xlsx
"Epileds Technologies, Inc. - Tree Valley fab current wafer capacity (SEMI WFF)",,晶圆产能,SEMI WFF 工厂级晶圆产能观测。,current,90000,2,中国台湾,/Users/simon/Documents/Simon-OB/本体论/base/半导体/SEMI_WFF_2026_1Q.xlsx,"Epileds Technologies, Inc.",Opto,facility_capacity,,,"Epileds Technologies, Inc. - Tree Valley fab",4961,Company Detail,file:///Users/simon/Documents/Simon-OB/%E6%9C%AC%E4%BD%93%E8%AE%BA/base/%E5%8D%8A%E5%AF%BC%E4%BD%93/SEMI_WFF_2026_1Q.xlsx
"Epilight Technology Co., Ltd - Hefei fab current wafer capacity (SEMI WFF)",,晶圆产能,SEMI WFF 工厂级晶圆产能观测。,current,240000,2,中国,/Users/simon/Documents/Simon-OB/本体论/base/半导体/SEMI_WFF_2026_1Q.xlsx,"Epilight Technology Co., Ltd",Opto,facility_capacity,,,"Epilight Technology Co., Ltd - Hefei fab",3267,Company Detail,file:///Users/simon/Documents/Simon-OB/%E6%9C%AC%E4%BD%93%E8%AE%BA/base/%E5%8D%8A%E5%AF%BC%E4%BD%93/SEMI_WFF_2026_1Q.xlsx
Episil Technologies Inc. - Fab 6A current wafer capacity (SEMI WFF),,晶圆产能,SEMI WFF 工厂级晶圆产能观测。,current,17000,6,中国台湾,/Users/simon/Documents/Simon-OB/本体论/base/半导体/SEMI_WFF_2026_1Q.xlsx,Episil Technologies Inc.,Discrete,facility_capacity,,,Episil Technologies Inc. - Fab 6A,306,Company Detail,file:///Users/simon/Documents/Simon-OB/%E6%9C%AC%E4%BD%93%E8%AE%BA/base/%E5%8D%8A%E5%AF%BC%E4%BD%93/SEMI_WFF_2026_1Q.xlsx
Episil Technologies Inc. - DF1 current wafer capacity (SEMI WFF),,晶圆产能,SEMI WFF 工厂级晶圆产能观测。,current,8000,5,中国台湾,/Users/simon/Documents/Simon-OB/本体论/base/半导体/SEMI_WFF_2026_1Q.xlsx,Episil Technologies Inc.,Discrete,facility_capacity,,,Episil Technologies Inc. - DF1,150,Company Detail,file:///Users/simon/Documents/Simon-OB/%E6%9C%AC%E4%BD%93%E8%AE%BA/base/%E5%8D%8A%E5%AF%BC%E4%BD%93/SEMI_WFF_2026_1Q.xlsx
Episil Technologies Inc. - DF1 SiC line current wafer capacity (SEMI WFF),,晶圆产能,SEMI WFF 工厂级晶圆产能观测。,current,1100,4,中国台湾,/Users/simon/Documents/Simon-OB/本体论/base/半导体/SEMI_WFF_2026_1Q.xlsx,Episil Technologies Inc.,Discrete,facility_capacity,,,Episil Technologies Inc. - DF1 SiC line,6632,Company Detail,file:///Users/simon/Documents/Simon-OB/%E6%9C%AC%E4%BD%93%E8%AE%BA/base/%E5%8D%8A%E5%AF%BC%E4%BD%93/SEMI_WFF_2026_1Q.xlsx
Episil Technologies Inc. - Fab 6B SiC Line current wafer capacity (SEMI WFF),,晶圆产能,SEMI WFF 工厂级晶圆产能观测。,current,3000,6,中国台湾,/Users/simon/Documents/Simon-OB/本体论/base/半导体/SEMI_WFF_2026_1Q.xlsx,Episil Technologies Inc.,Discrete,facility_capacity,,,Episil Technologies Inc. - Fab 6B SiC Line,6633,Company Detail,file:///Users/simon/Documents/Simon-OB/%E6%9C%AC%E4%BD%93%E8%AE%BA/base/%E5%8D%8A%E5%AF%BC%E4%BD%93/SEMI_WFF_2026_1Q.xlsx
Episil Technologies Inc. - Fab 6B current wafer capacity (SEMI WFF),,晶圆产能,SEMI WFF 工厂级晶圆产能观测。,current,18000,6,中国台湾,/Users/simon/Documents/Simon-OB/本体论/base/半导体/SEMI_WFF_2026_1Q.xlsx,Episil Technologies Inc.,Discrete,facility_capacity,,,Episil Technologies Inc. - Fab 6B,320,Company Detail,file:///Users/simon/Documents/Simon-OB/%E6%9C%AC%E4%BD%93%E8%AE%BA/base/%E5%8D%8A%E5%AF%BC%E4%BD%93/SEMI_WFF_2026_1Q.xlsx
Episil-Precision Inc. - Epi Mill 3 current wafer capacity (SEMI WFF),,晶圆产能,SEMI WFF 工厂级晶圆产能观测。,current,80000,8,中国台湾,/Users/simon/Documents/Simon-OB/本体论/base/半导体/SEMI_WFF_2026_1Q.xlsx,Episil-Precision Inc.,EPI,facility_capacity,,,Episil-Precision Inc. - Epi Mill 3,6141,Company Detail,file:///Users/simon/Documents/Simon-OB/%E6%9C%AC%E4%BD%93%E8%AE%BA/base/%E5%8D%8A%E5%AF%BC%E4%BD%93/SEMI_WFF_2026_1Q.xlsx
Episil-Precision Inc. - Epi Mill 1 current wafer capacity (SEMI WFF),,晶圆产能,SEMI WFF 工厂级晶圆产能观测。,current,200000,8,中国台湾,/Users/simon/Documents/Simon-OB/本体论/base/半导体/SEMI_WFF_2026_1Q.xlsx,Episil-Precision Inc.,EPI,facility_capacity,,,Episil-Precision Inc. - Epi Mill 1,1087,Company Detail,file:///Users/simon/Documents/Simon-OB/%E6%9C%AC%E4%BD%93%E8%AE%BA/base/%E5%8D%8A%E5%AF%BC%E4%BD%93/SEMI_WFF_2026_1Q.xlsx
Episil-Precision Inc. - CS4 current wafer capacity (SEMI WFF),,晶圆产能,SEMI WFF 工厂级晶圆产能观测。,current,5000,6,中国台湾,/Users/simon/Documents/Simon-OB/本体论/base/半导体/SEMI_WFF_2026_1Q.xlsx,Episil-Precision Inc.,EPI,facility_capacity,,,Episil-Precision Inc. - CS4,6627,Company Detail,file:///Users/simon/Documents/Simon-OB/%E6%9C%AC%E4%BD%93%E8%AE%BA/base/%E5%8D%8A%E5%AF%BC%E4%BD%93/SEMI_WFF_2026_1Q.xlsx
Episil-Precision Inc. - Epi Mill 2 current wafer capacity (SEMI WFF),,晶圆产能,SEMI WFF 工厂级晶圆产能观测。,current,150000,8,中国台湾,/Users/simon/Documents/Simon-OB/本体论/base/半导体/SEMI_WFF_2026_1Q.xlsx,Episil-Precision Inc.,EPI,facility_capacity,,,Episil-Precision Inc. - Epi Mill 2,2325,Company Detail,file:///Users/simon/Documents/Simon-OB/%E6%9C%AC%E4%BD%93%E8%AE%BA/base/%E5%8D%8A%E5%AF%BC%E4%BD%93/SEMI_WFF_2026_1Q.xlsx
Epitex Incorporation - n/a current wafer capacity (SEMI WFF),,晶圆产能,SEMI WFF 工厂级晶圆产能观测。,current,5000,2,日本,/Users/simon/Documents/Simon-OB/本体论/base/半导体/SEMI_WFF_2026_1Q.xlsx,Epitex Incorporation,Opto,facility_capacity,,,Epitex Incorporation - n/a,3278,Company Detail,file:///Users/simon/Documents/Simon-OB/%E6%9C%AC%E4%BD%93%E8%AE%BA/base/%E5%8D%8A%E5%AF%BC%E4%BD%93/SEMI_WFF_2026_1Q.xlsx
"EpiTop Optoelectronic Co., Ltd. - Jiangxi fab current wafer capacity (SEMI WFF)",,晶圆产能,SEMI WFF 工厂级晶圆产能观测。,current,18000,2,中国,/Users/simon/Documents/Simon-OB/本体论/base/半导体/SEMI_WFF_2026_1Q.xlsx,"EpiTop Optoelectronic Co., Ltd.",Opto,facility_capacity,,,"EpiTop Optoelectronic Co., Ltd. - Jiangxi fab",3581,Company Detail,file:///Users/simon/Documents/Simon-OB/%E6%9C%AC%E4%BD%93%E8%AE%BA/base/%E5%8D%8A%E5%AF%BC%E4%BD%93/SEMI_WFF_2026_1Q.xlsx
"EpiTop Optoelectronic Co., Ltd. - MaAnShan fab current wafer capacity (SEMI WFF)",,晶圆产能,SEMI WFF 工厂级晶圆产能观测。,current,90000,2,中国,/Users/simon/Documents/Simon-OB/本体论/base/半导体/SEMI_WFF_2026_1Q.xlsx,"EpiTop Optoelectronic Co., Ltd.",Opto,facility_capacity,,,"EpiTop Optoelectronic Co., Ltd. - MaAnShan fab",3538,Company Detail,file:///Users/simon/Documents/Simon-OB/%E6%9C%AC%E4%BD%93%E8%AE%BA/base/%E5%8D%8A%E5%AF%BC%E4%BD%93/SEMI_WFF_2026_1Q.xlsx
EpiWorld International - Fab 1 current wafer capacity (SEMI WFF),,晶圆产能,SEMI WFF 工厂级晶圆产能观测。,current,5000,6,中国,/Users/simon/Documents/Simon-OB/本体论/base/半导体/SEMI_WFF_2026_1Q.xlsx,EpiWorld International,EPI,facility_capacity,,,EpiWorld International - Fab 1,5053,Company Detail,file:///Users/simon/Documents/Simon-OB/%E6%9C%AC%E4%BD%93%E8%AE%BA/base/%E5%8D%8A%E5%AF%BC%E4%BD%93/SEMI_WFF_2026_1Q.xlsx
EpiWorld International - Fab 2 current wafer capacity (SEMI WFF),,晶圆产能,SEMI WFF 工厂级晶圆产能观测。,current,30000,6,中国,/Users/simon/Documents/Simon-OB/本体论/base/半导体/SEMI_WFF_2026_1Q.xlsx,EpiWorld International,EPI,facility_capacity,,,EpiWorld International - Fab 2,6201,Company Detail,file:///Users/simon/Documents/Simon-OB/%E6%9C%AC%E4%BD%93%E8%AE%BA/base/%E5%8D%8A%E5%AF%BC%E4%BD%93/SEMI_WFF_2026_1Q.xlsx
ERSO - N/A current wafer capacity (SEMI WFF),,晶圆产能,SEMI WFF 工厂级晶圆产能观测。,current,12000,8,中国台湾,/Users/simon/Documents/Simon-OB/本体论/base/半导体/SEMI_WFF_2026_1Q.xlsx,ERSO,Other,facility_capacity,,,ERSO - N/A,1772,Company Detail,file:///Users/simon/Documents/Simon-OB/%E6%9C%AC%E4%BD%93%E8%AE%BA/base/%E5%8D%8A%E5%AF%BC%E4%BD%93/SEMI_WFF_2026_1Q.xlsx
ETRI - Compound/R&D current wafer capacity (SEMI WFF),,晶圆产能,SEMI WFF 工厂级晶圆产能观测。,current,1000,6,韩国,/Users/simon/Documents/Simon-OB/本体论/base/半导体/SEMI_WFF_2026_1Q.xlsx,ETRI,Other,facility_capacity,,,ETRI - Compound/R&D,153,Company Detail,file:///Users/simon/Documents/Simon-OB/%E6%9C%AC%E4%BD%93%E8%AE%BA/base/%E5%8D%8A%E5%AF%BC%E4%BD%93/SEMI_WFF_2026_1Q.xlsx
EverBright Photonics - Suzhou fab current wafer capacity (SEMI WFF),,晶圆产能,SEMI WFF 工厂级晶圆产能观测。,current,3000,6,中国,/Users/simon/Documents/Simon-OB/本体论/base/半导体/SEMI_WFF_2026_1Q.xlsx,EverBright Photonics,Opto,facility_capacity,,,EverBright Photonics - Suzhou fab,5048,Company Detail,file:///Users/simon/Documents/Simon-OB/%E6%9C%AC%E4%BD%93%E8%AE%BA/base/%E5%8D%8A%E5%AF%BC%E4%BD%93/SEMI_WFF_2026_1Q.xlsx
Everspin Technology - MRAM Fab current wafer capacity (SEMI WFF),,晶圆产能,SEMI WFF 工厂级晶圆产能观测。,current,10000,8,美洲,/Users/simon/Documents/Simon-OB/本体论/base/半导体/SEMI_WFF_2026_1Q.xlsx,Everspin Technology,Memory,facility_capacity,,,Everspin Technology - MRAM Fab,6424,Company Detail,file:///Users/simon/Documents/Simon-OB/%E6%9C%AC%E4%BD%93%E8%AE%BA/base/%E5%8D%8A%E5%AF%BC%E4%BD%93/SEMI_WFF_2026_1Q.xlsx
EYEQ Lab - Busan Fab 1 current wafer capacity (SEMI WFF),,晶圆产能,SEMI WFF 工厂级晶圆产能观测。,current,2500,8,韩国,/Users/simon/Documents/Simon-OB/本体论/base/半导体/SEMI_WFF_2026_1Q.xlsx,EYEQ Lab,Discrete,facility_capacity,,,EYEQ Lab - Busan Fab 1,6615,Company Detail,file:///Users/simon/Documents/Simon-OB/%E6%9C%AC%E4%BD%93%E8%AE%BA/base/%E5%8D%8A%E5%AF%BC%E4%BD%93/SEMI_WFF_2026_1Q.xlsx
Ferdinand-Braun-Institut fur Hochfrequenztechnik - FBH current wafer capacity (SEMI WFF),,晶圆产能,SEMI WFF 工厂级晶圆产能观测。,current,250,4,Europe & Mideast,/Users/simon/Documents/Simon-OB/本体论/base/半导体/SEMI_WFF_2026_1Q.xlsx,Ferdinand-Braun-Institut fur Hochfrequenztechnik,Other,facility_capacity,,,Ferdinand-Braun-Institut fur Hochfrequenztechnik - FBH,2823,Company Detail,file:///Users/simon/Documents/Simon-OB/%E6%9C%AC%E4%BD%93%E8%AE%BA/base/%E5%8D%8A%E5%AF%BC%E4%BD%93/SEMI_WFF_2026_1Q.xlsx
First Sensor AG - Halbleiterwerk current wafer capacity (SEMI WFF),,晶圆产能,SEMI WFF 工厂级晶圆产能观测。,current,6000,6,Europe & Mideast,/Users/simon/Documents/Simon-OB/本体论/base/半导体/SEMI_WFF_2026_1Q.xlsx,First Sensor AG,MEMS,facility_capacity,,,First Sensor AG - Halbleiterwerk,229,Company Detail,file:///Users/simon/Documents/Simon-OB/%E6%9C%AC%E4%BD%93%E8%AE%BA/base/%E5%8D%8A%E5%AF%BC%E4%BD%93/SEMI_WFF_2026_1Q.xlsx
FLCT Communication Technology - Fab 1 (Pilot and R&D) current wafer capacity (SEMI WFF),,晶圆产能,SEMI WFF 工厂级晶圆产能观测。,current,3000,6,中国,/Users/simon/Documents/Simon-OB/本体论/base/半导体/SEMI_WFF_2026_1Q.xlsx,FLCT Communication Technology,Discrete,facility_capacity,,,FLCT Communication Technology - Fab 1 (Pilot and R&D),6647,Company Detail,file:///Users/simon/Documents/Simon-OB/%E6%9C%AC%E4%BD%93%E8%AE%BA/base/%E5%8D%8A%E5%AF%BC%E4%BD%93/SEMI_WFF_2026_1Q.xlsx
FLCT Communication Technology - Fab 2 (Production Line) current wafer capacity (SEMI WFF),,晶圆产能,SEMI WFF 工厂级晶圆产能观测。,current,6000,6,中国,/Users/simon/Documents/Simon-OB/本体论/base/半导体/SEMI_WFF_2026_1Q.xlsx,FLCT Communication Technology,Discrete,facility_capacity,,,FLCT Communication Technology - Fab 2 (Production Line),6648,Company Detail,file:///Users/simon/Documents/Simon-OB/%E6%9C%AC%E4%BD%93%E8%AE%BA/base/%E5%8D%8A%E5%AF%BC%E4%BD%93/SEMI_WFF_2026_1Q.xlsx
Fluke Corporation - N/A current wafer capacity (SEMI WFF),,晶圆产能,SEMI WFF 工厂级晶圆产能观测。,current,1400,4,美洲,/Users/simon/Documents/Simon-OB/本体论/base/半导体/SEMI_WFF_2026_1Q.xlsx,Fluke Corporation,Other,facility_capacity,,,Fluke Corporation - N/A,433,Company Detail,file:///Users/simon/Documents/Simon-OB/%E6%9C%AC%E4%BD%93%E8%AE%BA/base/%E5%8D%8A%E5%AF%BC%E4%BD%93/SEMI_WFF_2026_1Q.xlsx
Focus Lightings - Suzhou fab current wafer capacity (SEMI WFF),,晶圆产能,SEMI WFF 工厂级晶圆产能观测。,current,165000,2,中国,/Users/simon/Documents/Simon-OB/本体论/base/半导体/SEMI_WFF_2026_1Q.xlsx,Focus Lightings,Opto,facility_capacity,,,Focus Lightings - Suzhou fab,3350,Company Detail,file:///Users/simon/Documents/Simon-OB/%E6%9C%AC%E4%BD%93%E8%AE%BA/base/%E5%8D%8A%E5%AF%BC%E4%BD%93/SEMI_WFF_2026_1Q.xlsx
"Foshan NationStar Optoelectronics Co., Ltd. - Nanhai fab current wafer capacity (SEMI WFF)",,晶圆产能,SEMI WFF 工厂级晶圆产能观测。,current,80000,4,中国,/Users/simon/Documents/Simon-OB/本体论/base/半导体/SEMI_WFF_2026_1Q.xlsx,"Foshan NationStar Optoelectronics Co., Ltd.",Opto,facility_capacity,,,"Foshan NationStar Optoelectronics Co., Ltd. - Nanhai fab",3392,Company Detail,file:///Users/simon/Documents/Simon-OB/%E6%9C%AC%E4%BD%93%E8%AE%BA/base/%E5%8D%8A%E5%AF%BC%E4%BD%93/SEMI_WFF_2026_1Q.xlsx
Founder IC (Founder Microelectronics International (FMIC)) - Fab 2 6-inch SiC current wafer capacity (SEMI WFF),,晶圆产能,SEMI WFF 工厂级晶圆产能观测。,current,6000,6,中国,/Users/simon/Documents/Simon-OB/本体论/base/半导体/SEMI_WFF_2026_1Q.xlsx,Founder IC (Founder Microelectronics International (FMIC)),Analog,facility_capacity,,,Founder IC (Founder Microelectronics International (FMIC)) - Fab 2 6-inch SiC,6688,Company Detail,file:///Users/simon/Documents/Simon-OB/%E6%9C%AC%E4%BD%93%E8%AE%BA/base/%E5%8D%8A%E5%AF%BC%E4%BD%93/SEMI_WFF_2026_1Q.xlsx
Founder IC (Founder Microelectronics International (FMIC)) - Fab 1 6-inch SiC current wafer capacity (SEMI WFF),,晶圆产能,SEMI WFF 工厂级晶圆产能观测。,current,14000,6,中国,/Users/simon/Documents/Simon-OB/本体论/base/半导体/SEMI_WFF_2026_1Q.xlsx,Founder IC (Founder Microelectronics International (FMIC)),Analog,facility_capacity,,,Founder IC (Founder Microelectronics International (FMIC)) - Fab 1 6-inch SiC,6689,Company Detail,file:///Users/simon/Documents/Simon-OB/%E6%9C%AC%E4%BD%93%E8%AE%BA/base/%E5%8D%8A%E5%AF%BC%E4%BD%93/SEMI_WFF_2026_1Q.xlsx
Founder IC (Founder Microelectronics International (FMIC)) - Fab 1 6-inch GaN current wafer capacity (SEMI WFF),,晶圆产能,SEMI WFF 工厂级晶圆产能观测。,current,4000,6,中国,/Users/simon/Documents/Simon-OB/本体论/base/半导体/SEMI_WFF_2026_1Q.xlsx,Founder IC (Founder Microelectronics International (FMIC)),Analog,facility_capacity,,,Founder IC (Founder Microelectronics International (FMIC)) - Fab 1 6-inch GaN,6690,Company Detail,file:///Users/simon/Documents/Simon-OB/%E6%9C%AC%E4%BD%93%E8%AE%BA/base/%E5%8D%8A%E5%AF%BC%E4%BD%93/SEMI_WFF_2026_1Q.xlsx
Founder IC (Founder Microelectronics International (FMIC)) - Fab 2 8-inch SiC current wafer capacity (SEMI WFF),,晶圆产能,SEMI WFF 工厂级晶圆产能观测。,current,54000,8,中国,/Users/simon/Documents/Simon-OB/本体论/base/半导体/SEMI_WFF_2026_1Q.xlsx,Founder IC (Founder Microelectronics International (FMIC)),Analog,facility_capacity,,,Founder IC (Founder Microelectronics International (FMIC)) - Fab 2 8-inch SiC,2445,Company Detail,file:///Users/simon/Documents/Simon-OB/%E6%9C%AC%E4%BD%93%E8%AE%BA/base/%E5%8D%8A%E5%AF%BC%E4%BD%93/SEMI_WFF_2026_1Q.xlsx
Foxconn / Hon Hai - Fab 1 (Foundry was Macronix) current wafer capacity (SEMI WFF),,晶圆产能,SEMI WFF 工厂级晶圆产能观测。,current,40000,6,中国台湾,/Users/simon/Documents/Simon-OB/本体论/base/半导体/SEMI_WFF_2026_1Q.xlsx,Foxconn / Hon Hai,Discrete,facility_capacity,,,Foxconn / Hon Hai - Fab 1 (Foundry was Macronix),487,Company Detail,file:///Users/simon/Documents/Simon-OB/%E6%9C%AC%E4%BD%93%E8%AE%BA/base/%E5%8D%8A%E5%AF%BC%E4%BD%93/SEMI_WFF_2026_1Q.xlsx
Foxconn / Hon Hai - Fab 1 (SiC Power under Foxconn) current wafer capacity (SEMI WFF),,晶圆产能,SEMI WFF 工厂级晶圆产能观测。,current,15000,6,中国台湾,/Users/simon/Documents/Simon-OB/本体论/base/半导体/SEMI_WFF_2026_1Q.xlsx,Foxconn / Hon Hai,Discrete,facility_capacity,,,Foxconn / Hon Hai - Fab 1 (SiC Power under Foxconn),6244,Company Detail,file:///Users/simon/Documents/Simon-OB/%E6%9C%AC%E4%BD%93%E8%AE%BA/base/%E5%8D%8A%E5%AF%BC%E4%BD%93/SEMI_WFF_2026_1Q.xlsx
Fraunhofer FEP/COMEDD - OLED ORR (Building 3) Fraunhofer current wafer capacity (SEMI WFF),,晶圆产能,SEMI WFF 工厂级晶圆产能观测。,current,500,6,Europe & Mideast,/Users/simon/Documents/Simon-OB/本体论/base/半导体/SEMI_WFF_2026_1Q.xlsx,Fraunhofer FEP/COMEDD,Opto,facility_capacity,,,Fraunhofer FEP/COMEDD - OLED ORR (Building 3) Fraunhofer,3807,Company Detail,file:///Users/simon/Documents/Simon-OB/%E6%9C%AC%E4%BD%93%E8%AE%BA/base/%E5%8D%8A%E5%AF%BC%E4%BD%93/SEMI_WFF_2026_1Q.xlsx
Fraunhofer Heinrich Hertz Institute - Fraunhofer HHI current wafer capacity (SEMI WFF),,晶圆产能,SEMI WFF 工厂级晶圆产能观测。,current,2000,4,Europe & Mideast,/Users/simon/Documents/Simon-OB/本体论/base/半导体/SEMI_WFF_2026_1Q.xlsx,Fraunhofer Heinrich Hertz Institute,Opto,facility_capacity,,,Fraunhofer Heinrich Hertz Institute - Fraunhofer HHI,3685,Company Detail,file:///Users/simon/Documents/Simon-OB/%E6%9C%AC%E4%BD%93%E8%AE%BA/base/%E5%8D%8A%E5%AF%BC%E4%BD%93/SEMI_WFF_2026_1Q.xlsx
Fraunhofer Institute for Applied Solid State Physics IAF - GaAs/GaN lab Fraunhofer current wafer capacity (SEMI WFF),,晶圆产能,SEMI WFF 工厂级晶圆产能观测。,current,170,4,Europe & Mideast,/Users/simon/Documents/Simon-OB/本体论/base/半导体/SEMI_WFF_2026_1Q.xlsx,Fraunhofer Institute for Applied Solid State Physics IAF,Other,facility_capacity,,,Fraunhofer Institute for Applied Solid State Physics IAF - GaAs/GaN lab Fraunhofer,3903,Company Detail,file:///Users/simon/Documents/Simon-OB/%E6%9C%AC%E4%BD%93%E8%AE%BA/base/%E5%8D%8A%E5%AF%BC%E4%BD%93/SEMI_WFF_2026_1Q.xlsx
Fraunhofer Institute for Integrated Systems and Device Technology - LEB Fraunhofer current wafer capacity (SEMI WFF),,晶圆产能,SEMI WFF 工厂级晶圆产能观测。,current,200,8,Europe & Mideast,/Users/simon/Documents/Simon-OB/本体论/base/半导体/SEMI_WFF_2026_1Q.xlsx,Fraunhofer Institute for Integrated Systems and Device Technology,Other,facility_capacity,,,Fraunhofer Institute for Integrated Systems and Device Technology - LEB Fraunhofer,3528,Company Detail,file:///Users/simon/Documents/Simon-OB/%E6%9C%AC%E4%BD%93%E8%AE%BA/base/%E5%8D%8A%E5%AF%BC%E4%BD%93/SEMI_WFF_2026_1Q.xlsx
Fraunhofer Institute for Microelectronic Circuits and Systems - CMOS Factory Fraunhofer current wafer capacity (SEMI WFF),,晶圆产能,SEMI WFF 工厂级晶圆产能观测。,current,5800,8,Europe & Mideast,/Users/simon/Documents/Simon-OB/本体论/base/半导体/SEMI_WFF_2026_1Q.xlsx,Fraunhofer Institute for Microelectronic Circuits and Systems,Analog,facility_capacity,,,Fraunhofer Institute for Microelectronic Circuits and Systems - CMOS Factory Fraunhofer,3900,Company Detail,file:///Users/simon/Documents/Simon-OB/%E6%9C%AC%E4%BD%93%E8%AE%BA/base/%E5%8D%8A%E5%AF%BC%E4%BD%93/SEMI_WFF_2026_1Q.xlsx
Fraunhofer Institute for Microelectronic Circuits and Systems - MST Lab: Microsystems Technology Lab&Fab Fraunhofer current wafer capacity (SEMI WFF),,晶圆产能,SEMI WFF 工厂级晶圆产能观测。,current,420,8,Europe & Mideast,/Users/simon/Documents/Simon-OB/本体论/base/半导体/SEMI_WFF_2026_1Q.xlsx,Fraunhofer Institute for Microelectronic Circuits and Systems,MEMS,facility_capacity,,,Fraunhofer Institute for Microelectronic Circuits and Systems - MST Lab: Microsystems Technology Lab&Fab Fraunhofer,3901,Company Detail,file:///Users/simon/Documents/Simon-OB/%E6%9C%AC%E4%BD%93%E8%AE%BA/base/%E5%8D%8A%E5%AF%BC%E4%BD%93/SEMI_WFF_2026_1Q.xlsx
Fraunhofer Institute for Photonic Microsystems IPMS - MEMS MRR (Building 4) Fraunhofer current wafer capacity (SEMI WFF),,晶圆产能,SEMI WFF 工厂级晶圆产能观测。,current,1000,8,Europe & Mideast,/Users/simon/Documents/Simon-OB/本体论/base/半导体/SEMI_WFF_2026_1Q.xlsx,Fraunhofer Institute for Photonic Microsystems IPMS,MEMS,facility_capacity,,,Fraunhofer Institute for Photonic Microsystems IPMS - MEMS MRR (Building 4) Fraunhofer,3804,Company Detail,file:///Users/simon/Documents/Simon-OB/%E6%9C%AC%E4%BD%93%E8%AE%BA/base/%E5%8D%8A%E5%AF%BC%E4%BD%93/SEMI_WFF_2026_1Q.xlsx
Fraunhofer Institute for Photonic Microsystems IPMS - Center Nanoelectronics Technologies (CNT) current wafer capacity (SEMI WFF),,晶圆产能,SEMI WFF 工厂级晶圆产能观测。,current,2000,12,Europe & Mideast,/Users/simon/Documents/Simon-OB/本体论/base/半导体/SEMI_WFF_2026_1Q.xlsx,Fraunhofer Institute for Photonic Microsystems IPMS,Other,facility_capacity,,,Fraunhofer Institute for Photonic Microsystems IPMS - Center Nanoelectronics Technologies (CNT),6198,Company Detail,file:///Users/simon/Documents/Simon-OB/%E6%9C%AC%E4%BD%93%E8%AE%BA/base/%E5%8D%8A%E5%AF%BC%E4%BD%93/SEMI_WFF_2026_1Q.xlsx
Fraunhofer Institute for Silicon Technology (ISIT) - ISIT Cleanroom 2: with X-FAB (MEMS technology) current wafer capacity (SEMI WFF),,晶圆产能,SEMI WFF 工厂级晶圆产能观测。,current,8000,8,Europe & Mideast,/Users/simon/Documents/Simon-OB/本体论/base/半导体/SEMI_WFF_2026_1Q.xlsx,Fraunhofer Institute for Silicon Technology (ISIT),MEMS,facility_capacity,,,Fraunhofer Institute for Silicon Technology (ISIT) - ISIT Cleanroom 2: with X-FAB (MEMS technology),3630,Company Detail,file:///Users/simon/Documents/Simon-OB/%E6%9C%AC%E4%BD%93%E8%AE%BA/base/%E5%8D%8A%E5%AF%BC%E4%BD%93/SEMI_WFF_2026_1Q.xlsx
Fraunhofer Institute for Silicon Technology (ISIT) - ISIT Cleanroom 1: with Vishay (power devices) current wafer capacity (SEMI WFF),,晶圆产能,SEMI WFF 工厂级晶圆产能观测。,current,5000,8,Europe & Mideast,/Users/simon/Documents/Simon-OB/本体论/base/半导体/SEMI_WFF_2026_1Q.xlsx,Fraunhofer Institute for Silicon Technology (ISIT),Discrete,facility_capacity,,,Fraunhofer Institute for Silicon Technology (ISIT) - ISIT Cleanroom 1: with Vishay (power devices),1285,Company Detail,file:///Users/simon/Documents/Simon-OB/%E6%9C%AC%E4%BD%93%E8%AE%BA/base/%E5%8D%8A%E5%AF%BC%E4%BD%93/SEMI_WFF_2026_1Q.xlsx
FT1 - Fab 1 current wafer capacity (SEMI WFF),,晶圆产能,SEMI WFF 工厂级晶圆产能观测。,current,5000,8,SE Asia,/Users/simon/Documents/Simon-OB/本体论/base/半导体/SEMI_WFF_2026_1Q.xlsx,FT1,Discrete,facility_capacity,,,FT1 - Fab 1,6616,Company Detail,file:///Users/simon/Documents/Simon-OB/%E6%9C%AC%E4%BD%93%E8%AE%BA/base/%E5%8D%8A%E5%AF%BC%E4%BD%93/SEMI_WFF_2026_1Q.xlsx
Fudan University - School of Microelectronics - IC Process Lab current wafer capacity (SEMI WFF),,晶圆产能,SEMI WFF 工厂级晶圆产能观测。,current,4000,4,中国,/Users/simon/Documents/Simon-OB/本体论/base/半导体/SEMI_WFF_2026_1Q.xlsx,Fudan University - School of Microelectronics,Other,facility_capacity,,,Fudan University - School of Microelectronics - IC Process Lab,167,Company Detail,file:///Users/simon/Documents/Simon-OB/%E6%9C%AC%E4%BD%93%E8%AE%BA/base/%E5%8D%8A%E5%AF%BC%E4%BD%93/SEMI_WFF_2026_1Q.xlsx
Fuji Electric - Kulim current wafer capacity (SEMI WFF),,晶圆产能,SEMI WFF 工厂级晶圆产能观测。,current,32000,6,SE Asia,/Users/simon/Documents/Simon-OB/本体论/base/半导体/SEMI_WFF_2026_1Q.xlsx,Fuji Electric,Discrete,facility_capacity,,,Fuji Electric - Kulim,2425,Company Detail,file:///Users/simon/Documents/Simon-OB/%E6%9C%AC%E4%BD%93%E8%AE%BA/base/%E5%8D%8A%E5%AF%BC%E4%BD%93/SEMI_WFF_2026_1Q.xlsx
Fuji Electric - Yamanashi Factory current wafer capacity (SEMI WFF),,晶圆产能,SEMI WFF 工厂级晶圆产能观测。,current,55000,8,日本,/Users/simon/Documents/Simon-OB/本体论/base/半导体/SEMI_WFF_2026_1Q.xlsx,Fuji Electric,Discrete,facility_capacity,,,Fuji Electric - Yamanashi Factory,3655,Company Detail,file:///Users/simon/Documents/Simon-OB/%E6%9C%AC%E4%BD%93%E8%AE%BA/base/%E5%8D%8A%E5%AF%BC%E4%BD%93/SEMI_WFF_2026_1Q.xlsx
Fuji Electric - Matsumoto SiC line current wafer capacity (SEMI WFF),,晶圆产能,SEMI WFF 工厂级晶圆产能观测。,current,2000,6,日本,/Users/simon/Documents/Simon-OB/本体论/base/半导体/SEMI_WFF_2026_1Q.xlsx,Fuji Electric,Discrete,facility_capacity,,,Fuji Electric - Matsumoto SiC line,3701,Company Detail,file:///Users/simon/Documents/Simon-OB/%E6%9C%AC%E4%BD%93%E8%AE%BA/base/%E5%8D%8A%E5%AF%BC%E4%BD%93/SEMI_WFF_2026_1Q.xlsx
Fuji Electric - Development Center current wafer capacity (SEMI WFF),,晶圆产能,SEMI WFF 工厂级晶圆产能观测。,current,1500,8,日本,/Users/simon/Documents/Simon-OB/本体论/base/半导体/SEMI_WFF_2026_1Q.xlsx,Fuji Electric,Discrete,facility_capacity,,,Fuji Electric - Development Center,3815,Company Detail,file:///Users/simon/Documents/Simon-OB/%E6%9C%AC%E4%BD%93%E8%AE%BA/base/%E5%8D%8A%E5%AF%BC%E4%BD%93/SEMI_WFF_2026_1Q.xlsx
Fuji Electric - Fab 5 (200mm) current wafer capacity (SEMI WFF),,晶圆产能,SEMI WFF 工厂级晶圆产能观测。,current,70000,8,日本,/Users/simon/Documents/Simon-OB/本体论/base/半导体/SEMI_WFF_2026_1Q.xlsx,Fuji Electric,Discrete,facility_capacity,,,Fuji Electric - Fab 5 (200mm),3895,Company Detail,file:///Users/simon/Documents/Simon-OB/%E6%9C%AC%E4%BD%93%E8%AE%BA/base/%E5%8D%8A%E5%AF%BC%E4%BD%93/SEMI_WFF_2026_1Q.xlsx
Fuji Electric - Fab 5 (150mm) current wafer capacity (SEMI WFF),,晶圆产能,SEMI WFF 工厂级晶圆产能观测。,current,20000,6,日本,/Users/simon/Documents/Simon-OB/本体论/base/半导体/SEMI_WFF_2026_1Q.xlsx,Fuji Electric,Discrete,facility_capacity,,,Fuji Electric - Fab 5 (150mm),3892,Company Detail,file:///Users/simon/Documents/Simon-OB/%E6%9C%AC%E4%BD%93%E8%AE%BA/base/%E5%8D%8A%E5%AF%BC%E4%BD%93/SEMI_WFF_2026_1Q.xlsx
Fuji Electric - Tsugaru 150mm line current wafer capacity (SEMI WFF),,晶圆产能,SEMI WFF 工厂级晶圆产能观测。,current,20000,6,日本,/Users/simon/Documents/Simon-OB/本体论/base/半导体/SEMI_WFF_2026_1Q.xlsx,Fuji Electric,Discrete,facility_capacity,,,Fuji Electric - Tsugaru 150mm line,302,Company Detail,file:///Users/simon/Documents/Simon-OB/%E6%9C%AC%E4%BD%93%E8%AE%BA/base/%E5%8D%8A%E5%AF%BC%E4%BD%93/SEMI_WFF_2026_1Q.xlsx
Fuji Electric - Tsugaru SiC Line current wafer capacity (SEMI WFF),,晶圆产能,SEMI WFF 工厂级晶圆产能观测。,current,10000,6,日本,/Users/simon/Documents/Simon-OB/本体论/base/半导体/SEMI_WFF_2026_1Q.xlsx,Fuji Electric,Discrete,facility_capacity,,,Fuji Electric - Tsugaru SiC Line,6620,Company Detail,file:///Users/simon/Documents/Simon-OB/%E6%9C%AC%E4%BD%93%E8%AE%BA/base/%E5%8D%8A%E5%AF%BC%E4%BD%93/SEMI_WFF_2026_1Q.xlsx
Fuji Electric - Matsumoto 8inch SiC Line current wafer capacity (SEMI WFF),,晶圆产能,SEMI WFF 工厂级晶圆产能观测。,current,15000,8,日本,/Users/simon/Documents/Simon-OB/本体论/base/半导体/SEMI_WFF_2026_1Q.xlsx,Fuji Electric,Discrete,facility_capacity,,,Fuji Electric - Matsumoto 8inch SiC Line,6621,Company Detail,file:///Users/simon/Documents/Simon-OB/%E6%9C%AC%E4%BD%93%E8%AE%BA/base/%E5%8D%8A%E5%AF%BC%E4%BD%93/SEMI_WFF_2026_1Q.xlsx
Fuji Electric - Tsugaru 200mm line current wafer capacity (SEMI WFF),,晶圆产能,SEMI WFF 工厂级晶圆产能观测。,current,20000,8,日本,/Users/simon/Documents/Simon-OB/本体论/base/半导体/SEMI_WFF_2026_1Q.xlsx,Fuji Electric,Discrete,facility_capacity,,,Fuji Electric - Tsugaru 200mm line,6243,Company Detail,file:///Users/simon/Documents/Simon-OB/%E6%9C%AC%E4%BD%93%E8%AE%BA/base/%E5%8D%8A%E5%AF%BC%E4%BD%93/SEMI_WFF_2026_1Q.xlsx
Fuji Electric - Fab 3 + Fab 4 (are in same Bldg) current wafer capacity (SEMI WFF),,晶圆产能,SEMI WFF 工厂级晶圆产能观测。,current,50000,6,日本,/Users/simon/Documents/Simon-OB/本体论/base/半导体/SEMI_WFF_2026_1Q.xlsx,Fuji Electric,Discrete,facility_capacity,,,Fuji Electric - Fab 3 + Fab 4 (are in same Bldg),1809,Company Detail,file:///Users/simon/Documents/Simon-OB/%E6%9C%AC%E4%BD%93%E8%AE%BA/base/%E5%8D%8A%E5%AF%BC%E4%BD%93/SEMI_WFF_2026_1Q.xlsx
Fuji Electric - Tokyo MEMS fab current wafer capacity (SEMI WFF),,晶圆产能,SEMI WFF 工厂级晶圆产能观测。,current,3000,4,日本,/Users/simon/Documents/Simon-OB/本体论/base/半导体/SEMI_WFF_2026_1Q.xlsx,Fuji Electric,MEMS,facility_capacity,,,Fuji Electric - Tokyo MEMS fab,6140,Company Detail,file:///Users/simon/Documents/Simon-OB/%E6%9C%AC%E4%BD%93%E8%AE%BA/base/%E5%8D%8A%E5%AF%BC%E4%BD%93/SEMI_WFF_2026_1Q.xlsx
"Fujian Angstrem Semiconductor Co. Ltd. - 4"" line current wafer capacity (SEMI WFF)",,晶圆产能,SEMI WFF 工厂级晶圆产能观测。,current,30000,4,中国,/Users/simon/Documents/Simon-OB/本体论/base/半导体/SEMI_WFF_2026_1Q.xlsx,Fujian Angstrem Semiconductor Co. Ltd.,Discrete,facility_capacity,,,"Fujian Angstrem Semiconductor Co. Ltd. - 4"" line",3021,Company Detail,file:///Users/simon/Documents/Simon-OB/%E6%9C%AC%E4%BD%93%E8%AE%BA/base/%E5%8D%8A%E5%AF%BC%E4%BD%93/SEMI_WFF_2026_1Q.xlsx
Fujian Jin Hua Semiconductor - Jinjiang DRAM (Phase 1) current wafer capacity (SEMI WFF),,晶圆产能,SEMI WFF 工厂级晶圆产能观测。,current,60000,12,中国,/Users/simon/Documents/Simon-OB/本体论/base/半导体/SEMI_WFF_2026_1Q.xlsx,Fujian Jin Hua Semiconductor,Memory,facility_capacity,,,Fujian Jin Hua Semiconductor - Jinjiang DRAM (Phase 1),3872,Company Detail,file:///Users/simon/Documents/Simon-OB/%E6%9C%AC%E4%BD%93%E8%AE%BA/base/%E5%8D%8A%E5%AF%BC%E4%BD%93/SEMI_WFF_2026_1Q.xlsx
Fujian Prima Optoelectronics - Fab 2 current wafer capacity (SEMI WFF),,晶圆产能,SEMI WFF 工厂级晶圆产能观测。,current,72500,4,中国,/Users/simon/Documents/Simon-OB/本体论/base/半导体/SEMI_WFF_2026_1Q.xlsx,Fujian Prima Optoelectronics,Opto,facility_capacity,,,Fujian Prima Optoelectronics - Fab 2,5085,Company Detail,file:///Users/simon/Documents/Simon-OB/%E6%9C%AC%E4%BD%93%E8%AE%BA/base/%E5%8D%8A%E5%AF%BC%E4%BD%93/SEMI_WFF_2026_1Q.xlsx
Fujian Prima Optoelectronics - Fab 1 current wafer capacity (SEMI WFF),,晶圆产能,SEMI WFF 工厂级晶圆产能观测。,current,100000,2,中国,/Users/simon/Documents/Simon-OB/本体论/base/半导体/SEMI_WFF_2026_1Q.xlsx,Fujian Prima Optoelectronics,Opto,facility_capacity,,,Fujian Prima Optoelectronics - Fab 1,3243,Company Detail,file:///Users/simon/Documents/Simon-OB/%E6%9C%AC%E4%BD%93%E8%AE%BA/base/%E5%8D%8A%E5%AF%BC%E4%BD%93/SEMI_WFF_2026_1Q.xlsx
Fujian Sunwise - Sunwise Fab1 (R&D) current wafer capacity (SEMI WFF),,晶圆产能,SEMI WFF 工厂级晶圆产能观测。,current,3000,2,中国,/Users/simon/Documents/Simon-OB/本体论/base/半导体/SEMI_WFF_2026_1Q.xlsx,Fujian Sunwise,Other,facility_capacity,,,Fujian Sunwise - Sunwise Fab1 (R&D),6566,Company Detail,file:///Users/simon/Documents/Simon-OB/%E6%9C%AC%E4%BD%93%E8%AE%BA/base/%E5%8D%8A%E5%AF%BC%E4%BD%93/SEMI_WFF_2026_1Q.xlsx
Fujian Sunwise - Sunwise Fab 2 current wafer capacity (SEMI WFF),,晶圆产能,SEMI WFF 工厂级晶圆产能观测。,current,62500,2,中国,/Users/simon/Documents/Simon-OB/本体论/base/半导体/SEMI_WFF_2026_1Q.xlsx,Fujian Sunwise,EPI,facility_capacity,,,Fujian Sunwise - Sunwise Fab 2,6568,Company Detail,file:///Users/simon/Documents/Simon-OB/%E6%9C%AC%E4%BD%93%E8%AE%BA/base/%E5%8D%8A%E5%AF%BC%E4%BD%93/SEMI_WFF_2026_1Q.xlsx
"FujiFilm-Dimatix, Inc - Fab 1 current wafer capacity (SEMI WFF)",,晶圆产能,SEMI WFF 工厂级晶圆产能观测。,current,500,4,美洲,/Users/simon/Documents/Simon-OB/本体论/base/半导体/SEMI_WFF_2026_1Q.xlsx,"FujiFilm-Dimatix, Inc",MEMS,facility_capacity,,,"FujiFilm-Dimatix, Inc - Fab 1",2166,Company Detail,file:///Users/simon/Documents/Simon-OB/%E6%9C%AC%E4%BD%93%E8%AE%BA/base/%E5%8D%8A%E5%AF%BC%E4%BD%93/SEMI_WFF_2026_1Q.xlsx
Fujitsu Semiconductor Limited - Aizu No.1 GaN Line current wafer capacity (SEMI WFF),,晶圆产能,SEMI WFF 工厂级晶圆产能观测。,current,14000,6,日本,/Users/simon/Documents/Simon-OB/本体论/base/半导体/SEMI_WFF_2026_1Q.xlsx,Fujitsu Semiconductor Limited,Discrete,facility_capacity,,,Fujitsu Semiconductor Limited - Aizu No.1 GaN Line,3679,Company Detail,file:///Users/simon/Documents/Simon-OB/%E6%9C%AC%E4%BD%93%E8%AE%BA/base/%E5%8D%8A%E5%AF%BC%E4%BD%93/SEMI_WFF_2026_1Q.xlsx
Fujitsu Semiconductor Limited - Aizu No.1 (was Bldg. No.1/No.2) current wafer capacity (SEMI WFF),,晶圆产能,SEMI WFF 工厂级晶圆产能观测。,current,20000,6,日本,/Users/simon/Documents/Simon-OB/本体论/base/半导体/SEMI_WFF_2026_1Q.xlsx,Fujitsu Semiconductor Limited,Analog,facility_capacity,,,Fujitsu Semiconductor Limited - Aizu No.1 (was Bldg. No.1/No.2),181,Company Detail,file:///Users/simon/Documents/Simon-OB/%E6%9C%AC%E4%BD%93%E8%AE%BA/base/%E5%8D%8A%E5%AF%BC%E4%BD%93/SEMI_WFF_2026_1Q.xlsx
Galaxia Photonics - n/a current wafer capacity (SEMI WFF),,晶圆产能,SEMI WFF 工厂级晶圆产能观测。,current,30000,2,韩国,/Users/simon/Documents/Simon-OB/本体论/base/半导体/SEMI_WFF_2026_1Q.xlsx,Galaxia Photonics,Opto,facility_capacity,,,Galaxia Photonics - n/a,3233,Company Detail,file:///Users/simon/Documents/Simon-OB/%E6%9C%AC%E4%BD%93%E8%AE%BA/base/%E5%8D%8A%E5%AF%BC%E4%BD%93/SEMI_WFF_2026_1Q.xlsx
"Galaxy - 4"" fab current wafer capacity (SEMI WFF)",,晶圆产能,SEMI WFF 工厂级晶圆产能观测。,current,15000,4,中国,/Users/simon/Documents/Simon-OB/本体论/base/半导体/SEMI_WFF_2026_1Q.xlsx,Galaxy,Discrete,facility_capacity,,,"Galaxy - 4"" fab",2817,Company Detail,file:///Users/simon/Documents/Simon-OB/%E6%9C%AC%E4%BD%93%E8%AE%BA/base/%E5%8D%8A%E5%AF%BC%E4%BD%93/SEMI_WFF_2026_1Q.xlsx
"Galaxy - 3"" fab current wafer capacity (SEMI WFF)",,晶圆产能,SEMI WFF 工厂级晶圆产能观测。,current,15000,3,中国,/Users/simon/Documents/Simon-OB/本体论/base/半导体/SEMI_WFF_2026_1Q.xlsx,Galaxy,Discrete,facility_capacity,,,"Galaxy - 3"" fab",2559,Company Detail,file:///Users/simon/Documents/Simon-OB/%E6%9C%AC%E4%BD%93%E8%AE%BA/base/%E5%8D%8A%E5%AF%BC%E4%BD%93/SEMI_WFF_2026_1Q.xlsx
"Galaxy - 6"" Fab current wafer capacity (SEMI WFF)",,晶圆产能,SEMI WFF 工厂级晶圆产能观测。,current,50000,6,中国,/Users/simon/Documents/Simon-OB/本体论/base/半导体/SEMI_WFF_2026_1Q.xlsx,Galaxy,Discrete,facility_capacity,,,"Galaxy - 6"" Fab",6661,Company Detail,file:///Users/simon/Documents/Simon-OB/%E6%9C%AC%E4%BD%93%E8%AE%BA/base/%E5%8D%8A%E5%AF%BC%E4%BD%93/SEMI_WFF_2026_1Q.xlsx
GalaxyCore - CIS fab current wafer capacity (SEMI WFF),,晶圆产能,SEMI WFF 工厂级晶圆产能观测。,current,60000,12,中国,/Users/simon/Documents/Simon-OB/本体论/base/半导体/SEMI_WFF_2026_1Q.xlsx,GalaxyCore,Opto,facility_capacity,,,GalaxyCore - CIS fab,6176,Company Detail,file:///Users/simon/Documents/Simon-OB/%E6%9C%AC%E4%BD%93%E8%AE%BA/base/%E5%8D%8A%E5%AF%BC%E4%BD%93/SEMI_WFF_2026_1Q.xlsx
"GCS (Global Communication Semiconductors, Inc.) - GCS current wafer capacity (SEMI WFF)",,晶圆产能,SEMI WFF 工厂级晶圆产能观测。,current,6400,4,美洲,/Users/simon/Documents/Simon-OB/本体论/base/半导体/SEMI_WFF_2026_1Q.xlsx,"GCS (Global Communication Semiconductors, Inc.)",Analog,facility_capacity,,,"GCS (Global Communication Semiconductors, Inc.) - GCS",1827,Company Detail,file:///Users/simon/Documents/Simon-OB/%E6%9C%AC%E4%BD%93%E8%AE%BA/base/%E5%8D%8A%E5%AF%BC%E4%BD%93/SEMI_WFF_2026_1Q.xlsx
GE - BHGE (Baker Hughes) - BHGE current wafer capacity (SEMI WFF),,晶圆产能,SEMI WFF 工厂级晶圆产能观测。,current,2000,4,Europe & Mideast,/Users/simon/Documents/Simon-OB/本体论/base/半导体/SEMI_WFF_2026_1Q.xlsx,GE - BHGE (Baker Hughes),Discrete,facility_capacity,,,GE - BHGE (Baker Hughes) - BHGE,485,Company Detail,file:///Users/simon/Documents/Simon-OB/%E6%9C%AC%E4%BD%93%E8%AE%BA/base/%E5%8D%8A%E5%AF%BC%E4%BD%93/SEMI_WFF_2026_1Q.xlsx
GE - Research - Microfabrication (VLSI + PSF) (was VLSI) current wafer capacity (SEMI WFF),,晶圆产能,SEMI WFF 工厂级晶圆产能观测。,current,2240,4,美洲,/Users/simon/Documents/Simon-OB/本体论/base/半导体/SEMI_WFF_2026_1Q.xlsx,GE - Research,MEMS,facility_capacity,,,GE - Research - Microfabrication (VLSI + PSF) (was VLSI),204,Company Detail,file:///Users/simon/Documents/Simon-OB/%E6%9C%AC%E4%BD%93%E8%AE%BA/base/%E5%8D%8A%E5%AF%BC%E4%BD%93/SEMI_WFF_2026_1Q.xlsx
GE - Research - GE Research Microfabrication current wafer capacity (SEMI WFF),,晶圆产能,SEMI WFF 工厂级晶圆产能观测。,current,2400,4,美洲,/Users/simon/Documents/Simon-OB/本体论/base/半导体/SEMI_WFF_2026_1Q.xlsx,GE - Research,MEMS,facility_capacity,,,GE - Research - GE Research Microfabrication,5130,Company Detail,file:///Users/simon/Documents/Simon-OB/%E6%9C%AC%E4%BD%93%E8%AE%BA/base/%E5%8D%8A%E5%AF%BC%E4%BD%93/SEMI_WFF_2026_1Q.xlsx
GeneSiC Semiconductor Inc. - N/A current wafer capacity (SEMI WFF),,晶圆产能,SEMI WFF 工厂级晶圆产能观测。,current,15,6,美洲,/Users/simon/Documents/Simon-OB/本体论/base/半导体/SEMI_WFF_2026_1Q.xlsx,GeneSiC Semiconductor Inc.,Discrete,facility_capacity,,,GeneSiC Semiconductor Inc. - N/A,3518,Company Detail,file:///Users/simon/Documents/Simon-OB/%E6%9C%AC%E4%BD%93%E8%AE%BA/base/%E5%8D%8A%E5%AF%BC%E4%BD%93/SEMI_WFF_2026_1Q.xlsx
"GF (Globalfoundries) - Giga+ Fab (Fab 2,3,5, was Fab 2) current wafer capacity (SEMI WFF)",,晶圆产能,SEMI WFF 工厂级晶圆产能观测。,current,62000,8,SE Asia,/Users/simon/Documents/Simon-OB/本体论/base/半导体/SEMI_WFF_2026_1Q.xlsx,GF (Globalfoundries),Analog,facility_capacity,,,"GF (Globalfoundries) - Giga+ Fab (Fab 2,3,5, was Fab 2)",97,Company Detail,file:///Users/simon/Documents/Simon-OB/%E6%9C%AC%E4%BD%93%E8%AE%BA/base/%E5%8D%8A%E5%AF%BC%E4%BD%93/SEMI_WFF_2026_1Q.xlsx
"GF (Globalfoundries) - Fab 1, Annex current wafer capacity (SEMI WFF)",,晶圆产能,SEMI WFF 工厂级晶圆产能观测。,current,25000,12,Europe & Mideast,/Users/simon/Documents/Simon-OB/本体论/base/半导体/SEMI_WFF_2026_1Q.xlsx,GF (Globalfoundries),Analog,facility_capacity,,,"GF (Globalfoundries) - Fab 1, Annex",3262,Company Detail,file:///Users/simon/Documents/Simon-OB/%E6%9C%AC%E4%BD%93%E8%AE%BA/base/%E5%8D%8A%E5%AF%BC%E4%BD%93/SEMI_WFF_2026_1Q.xlsx
GF (Globalfoundries) - Fab 8 phase 3 (TDC Technology Development Center) current wafer capacity (SEMI WFF),,晶圆产能,SEMI WFF 工厂级晶圆产能观测。,current,27000,12,美洲,/Users/simon/Documents/Simon-OB/本体论/base/半导体/SEMI_WFF_2026_1Q.xlsx,GF (Globalfoundries),Analog,facility_capacity,,,GF (Globalfoundries) - Fab 8 phase 3 (TDC Technology Development Center),3556,Company Detail,file:///Users/simon/Documents/Simon-OB/%E6%9C%AC%E4%BD%93%E8%AE%BA/base/%E5%8D%8A%E5%AF%BC%E4%BD%93/SEMI_WFF_2026_1Q.xlsx
GF (Globalfoundries) - Fab 8.2 module 1 current wafer capacity (SEMI WFF),,晶圆产能,SEMI WFF 工厂级晶圆产能观测。,current,33000,12,美洲,/Users/simon/Documents/Simon-OB/本体论/base/半导体/SEMI_WFF_2026_1Q.xlsx,GF (Globalfoundries),Analog,facility_capacity,,,GF (Globalfoundries) - Fab 8.2 module 1,3583,Company Detail,file:///Users/simon/Documents/Simon-OB/%E6%9C%AC%E4%BD%93%E8%AE%BA/base/%E5%8D%8A%E5%AF%BC%E4%BD%93/SEMI_WFF_2026_1Q.xlsx
GF (Globalfoundries) - Fab 7G (Fab 7 + Fab 6) current wafer capacity (SEMI WFF),,晶圆产能,SEMI WFF 工厂级晶圆产能观测。,current,68000,12,SE Asia,/Users/simon/Documents/Simon-OB/本体论/base/半导体/SEMI_WFF_2026_1Q.xlsx,GF (Globalfoundries),Analog,facility_capacity,,,GF (Globalfoundries) - Fab 7G (Fab 7 + Fab 6),1701,Company Detail,file:///Users/simon/Documents/Simon-OB/%E6%9C%AC%E4%BD%93%E8%AE%BA/base/%E5%8D%8A%E5%AF%BC%E4%BD%93/SEMI_WFF_2026_1Q.xlsx
GF (Globalfoundries) - Fab 9 (was IBM B 973 & B 970) current wafer capacity (SEMI WFF),,晶圆产能,SEMI WFF 工厂级晶圆产能观测。,current,65000,8,美洲,/Users/simon/Documents/Simon-OB/本体论/base/半导体/SEMI_WFF_2026_1Q.xlsx,GF (Globalfoundries),Analog,facility_capacity,,,GF (Globalfoundries) - Fab 9 (was IBM B 973 & B 970),353,Company Detail,file:///Users/simon/Documents/Simon-OB/%E6%9C%AC%E4%BD%93%E8%AE%BA/base/%E5%8D%8A%E5%AF%BC%E4%BD%93/SEMI_WFF_2026_1Q.xlsx
GF (Globalfoundries) - Dresden Expansion Phase 1 (SPRINT) current wafer capacity (SEMI WFF),,晶圆产能,SEMI WFF 工厂级晶圆产能观测。,current,12000,12,Europe & Mideast,/Users/simon/Documents/Simon-OB/本体论/base/半导体/SEMI_WFF_2026_1Q.xlsx,GF (Globalfoundries),Analog,facility_capacity,,,GF (Globalfoundries) - Dresden Expansion Phase 1 (SPRINT),6240,Company Detail,file:///Users/simon/Documents/Simon-OB/%E6%9C%AC%E4%BD%93%E8%AE%BA/base/%E5%8D%8A%E5%AF%BC%E4%BD%93/SEMI_WFF_2026_1Q.xlsx
GF (Globalfoundries) - Fab 8 phase 1 (was called Fab 2) current wafer capacity (SEMI WFF),,晶圆产能,SEMI WFF 工厂级晶圆产能观测。,current,48000,12,美洲,/Users/simon/Documents/Simon-OB/本体论/base/半导体/SEMI_WFF_2026_1Q.xlsx,GF (Globalfoundries),Analog,facility_capacity,,,GF (Globalfoundries) - Fab 8 phase 1 (was called Fab 2),2322,Company Detail,file:///Users/simon/Documents/Simon-OB/%E6%9C%AC%E4%BD%93%E8%AE%BA/base/%E5%8D%8A%E5%AF%BC%E4%BD%93/SEMI_WFF_2026_1Q.xlsx
GF (Globalfoundries) - Fab 1 Mod 1+2+3 (was mod 2 was Fab 30/38 started first in 1999) current wafer capacity (SEMI WFF),,晶圆产能,SEMI WFF 工厂级晶圆产能观测。,current,74000,12,Europe & Mideast,/Users/simon/Documents/Simon-OB/本体论/base/半导体/SEMI_WFF_2026_1Q.xlsx,GF (Globalfoundries),Analog,facility_capacity,,,GF (Globalfoundries) - Fab 1 Mod 1+2+3 (was mod 2 was Fab 30/38 started first in 1999),1370,Company Detail,file:///Users/simon/Documents/Simon-OB/%E6%9C%AC%E4%BD%93%E8%AE%BA/base/%E5%8D%8A%E5%AF%BC%E4%BD%93/SEMI_WFF_2026_1Q.xlsx
GF (Globalfoundries) - Fab 7H (New Fab Singapore) current wafer capacity (SEMI WFF),,晶圆产能,SEMI WFF 工厂级晶圆产能观测。,current,33000,12,SE Asia,/Users/simon/Documents/Simon-OB/本体论/base/半导体/SEMI_WFF_2026_1Q.xlsx,GF (Globalfoundries),Analog,facility_capacity,,,GF (Globalfoundries) - Fab 7H (New Fab Singapore),6233,Company Detail,file:///Users/simon/Documents/Simon-OB/%E6%9C%AC%E4%BD%93%E8%AE%BA/base/%E5%8D%8A%E5%AF%BC%E4%BD%93/SEMI_WFF_2026_1Q.xlsx
GF (Globalfoundries) - Fab 8.2 module 2 current wafer capacity (SEMI WFF),,晶圆产能,SEMI WFF 工厂级晶圆产能观测。,current,22000,12,美洲,/Users/simon/Documents/Simon-OB/本体论/base/半导体/SEMI_WFF_2026_1Q.xlsx,GF (Globalfoundries),Analog,facility_capacity,,,GF (Globalfoundries) - Fab 8.2 module 2,6376,Company Detail,file:///Users/simon/Documents/Simon-OB/%E6%9C%AC%E4%BD%93%E8%AE%BA/base/%E5%8D%8A%E5%AF%BC%E4%BD%93/SEMI_WFF_2026_1Q.xlsx
GF (Globalfoundries) - Dresden Expansion Phase 2 (SPRINT) current wafer capacity (SEMI WFF),,晶圆产能,SEMI WFF 工厂级晶圆产能观测。,current,50000,12,Europe & Mideast,/Users/simon/Documents/Simon-OB/本体论/base/半导体/SEMI_WFF_2026_1Q.xlsx,GF (Globalfoundries),Analog,facility_capacity,,,GF (Globalfoundries) - Dresden Expansion Phase 2 (SPRINT),6675,Company Detail,file:///Users/simon/Documents/Simon-OB/%E6%9C%AC%E4%BD%93%E8%AE%BA/base/%E5%8D%8A%E5%AF%BC%E4%BD%93/SEMI_WFF_2026_1Q.xlsx
Glo AB - n/a current wafer capacity (SEMI WFF),,晶圆产能,SEMI WFF 工厂级晶圆产能观测。,current,1000,2,Europe & Mideast,/Users/simon/Documents/Simon-OB/本体论/base/半导体/SEMI_WFF_2026_1Q.xlsx,Glo AB,Opto,facility_capacity,,,Glo AB - n/a,3519,Company Detail,file:///Users/simon/Documents/Simon-OB/%E6%9C%AC%E4%BD%93%E8%AE%BA/base/%E5%8D%8A%E5%AF%BC%E4%BD%93/SEMI_WFF_2026_1Q.xlsx
Global Power Technology - Dongsheng fab current wafer capacity (SEMI WFF),,晶圆产能,SEMI WFF 工厂级晶圆产能观测。,current,2500,4,中国,/Users/simon/Documents/Simon-OB/本体论/base/半导体/SEMI_WFF_2026_1Q.xlsx,Global Power Technology,Discrete,facility_capacity,,,Global Power Technology - Dongsheng fab,3930,Company Detail,file:///Users/simon/Documents/Simon-OB/%E6%9C%AC%E4%BD%93%E8%AE%BA/base/%E5%8D%8A%E5%AF%BC%E4%BD%93/SEMI_WFF_2026_1Q.xlsx
Global Power Technology - Liuyang fab current wafer capacity (SEMI WFF),,晶圆产能,SEMI WFF 工厂级晶圆产能观测。,current,2500,6,中国,/Users/simon/Documents/Simon-OB/本体论/base/半导体/SEMI_WFF_2026_1Q.xlsx,Global Power Technology,Discrete,facility_capacity,,,Global Power Technology - Liuyang fab,5095,Company Detail,file:///Users/simon/Documents/Simon-OB/%E6%9C%AC%E4%BD%93%E8%AE%BA/base/%E5%8D%8A%E5%AF%BC%E4%BD%93/SEMI_WFF_2026_1Q.xlsx
Global Power Technology - Beijing 8inch line current wafer capacity (SEMI WFF),,晶圆产能,SEMI WFF 工厂级晶圆产能观测。,current,1700,8,中国,/Users/simon/Documents/Simon-OB/本体论/base/半导体/SEMI_WFF_2026_1Q.xlsx,Global Power Technology,Discrete,facility_capacity,,,Global Power Technology - Beijing 8inch line,6559,Company Detail,file:///Users/simon/Documents/Simon-OB/%E6%9C%AC%E4%BD%93%E8%AE%BA/base/%E5%8D%8A%E5%AF%BC%E4%BD%93/SEMI_WFF_2026_1Q.xlsx
GlobalWafers - 300mm SOI Fab current wafer capacity (SEMI WFF),,晶圆产能,SEMI WFF 工厂级晶圆产能观测。,current,83000,12,美洲,/Users/simon/Documents/Simon-OB/本体论/base/半导体/SEMI_WFF_2026_1Q.xlsx,GlobalWafers,EPI,facility_capacity,,,GlobalWafers - 300mm SOI Fab,6650,Company Detail,file:///Users/simon/Documents/Simon-OB/%E6%9C%AC%E4%BD%93%E8%AE%BA/base/%E5%8D%8A%E5%AF%BC%E4%BD%93/SEMI_WFF_2026_1Q.xlsx
GPD Optoelectronics Corp. - N/A current wafer capacity (SEMI WFF),,晶圆产能,SEMI WFF 工厂级晶圆产能观测。,current,15000,3,美洲,/Users/simon/Documents/Simon-OB/本体论/base/半导体/SEMI_WFF_2026_1Q.xlsx,GPD Optoelectronics Corp.,Opto,facility_capacity,,,GPD Optoelectronics Corp. - N/A,224,Company Detail,file:///Users/simon/Documents/Simon-OB/%E6%9C%AC%E4%BD%93%E8%AE%BA/base/%E5%8D%8A%E5%AF%BC%E4%BD%93/SEMI_WFF_2026_1Q.xlsx
Graphenea - San Sebastián 8-inch Line current wafer capacity (SEMI WFF),,晶圆产能,SEMI WFF 工厂级晶圆产能观测。,current,410,8,Europe & Mideast,/Users/simon/Documents/Simon-OB/本体论/base/半导体/SEMI_WFF_2026_1Q.xlsx,Graphenea,EPI,facility_capacity,,,Graphenea - San Sebastián 8-inch Line,6551,Company Detail,file:///Users/simon/Documents/Simon-OB/%E6%9C%AC%E4%BD%93%E8%AE%BA/base/%E5%8D%8A%E5%AF%BC%E4%BD%93/SEMI_WFF_2026_1Q.xlsx
Graphenea - San Sebastián 6-inch Line current wafer capacity (SEMI WFF),,晶圆产能,SEMI WFF 工厂级晶圆产能观测。,current,720,6,Europe & Mideast,/Users/simon/Documents/Simon-OB/本体论/base/半导体/SEMI_WFF_2026_1Q.xlsx,Graphenea,EPI,facility_capacity,,,Graphenea - San Sebastián 6-inch Line,6526,Company Detail,file:///Users/simon/Documents/Simon-OB/%E6%9C%AC%E4%BD%93%E8%AE%BA/base/%E5%8D%8A%E5%AF%BC%E4%BD%93/SEMI_WFF_2026_1Q.xlsx
Green InnoCore - Zibo 150mm fab current wafer capacity (SEMI WFF),,晶圆产能,SEMI WFF 工厂级晶圆产能观测。,current,10000,6,中国,/Users/simon/Documents/Simon-OB/本体论/base/半导体/SEMI_WFF_2026_1Q.xlsx,Green InnoCore,Discrete,facility_capacity,,,Green InnoCore - Zibo 150mm fab,6402,Company Detail,file:///Users/simon/Documents/Simon-OB/%E6%9C%AC%E4%BD%93%E8%AE%BA/base/%E5%8D%8A%E5%AF%BC%E4%BD%93/SEMI_WFF_2026_1Q.xlsx
Green InnoCore - New Hefei 150mm Fab current wafer capacity (SEMI WFF),,晶圆产能,SEMI WFF 工厂级晶圆产能观测。,current,20000,6,中国,/Users/simon/Documents/Simon-OB/本体论/base/半导体/SEMI_WFF_2026_1Q.xlsx,Green InnoCore,Discrete,facility_capacity,,,Green InnoCore - New Hefei 150mm Fab,6407,Company Detail,file:///Users/simon/Documents/Simon-OB/%E6%9C%AC%E4%BD%93%E8%AE%BA/base/%E5%8D%8A%E5%AF%BC%E4%BD%93/SEMI_WFF_2026_1Q.xlsx
GTA Semiconductor - SiC Line current wafer capacity (SEMI WFF),,晶圆产能,SEMI WFF 工厂级晶圆产能观测。,current,30000,6,中国,/Users/simon/Documents/Simon-OB/本体论/base/半导体/SEMI_WFF_2026_1Q.xlsx,GTA Semiconductor,Discrete,facility_capacity,,,GTA Semiconductor - SiC Line,6277,Company Detail,file:///Users/simon/Documents/Simon-OB/%E6%9C%AC%E4%BD%93%E8%AE%BA/base/%E5%8D%8A%E5%AF%BC%E4%BD%93/SEMI_WFF_2026_1Q.xlsx
GTA Semiconductor - Fab 6 (300mm) current wafer capacity (SEMI WFF),,晶圆产能,SEMI WFF 工厂级晶圆产能观测。,current,3000,12,中国,/Users/simon/Documents/Simon-OB/本体论/base/半导体/SEMI_WFF_2026_1Q.xlsx,GTA Semiconductor,Analog,facility_capacity,,,GTA Semiconductor - Fab 6 (300mm),6278,Company Detail,file:///Users/simon/Documents/Simon-OB/%E6%9C%AC%E4%BD%93%E8%AE%BA/base/%E5%8D%8A%E5%AF%BC%E4%BD%93/SEMI_WFF_2026_1Q.xlsx
GTA Semiconductor - Fab 2 current wafer capacity (SEMI WFF),,晶圆产能,SEMI WFF 工厂级晶圆产能观测。,current,45000,6,中国,/Users/simon/Documents/Simon-OB/本体论/base/半导体/SEMI_WFF_2026_1Q.xlsx,GTA Semiconductor,Discrete,facility_capacity,,,GTA Semiconductor - Fab 2,6,Company Detail,file:///Users/simon/Documents/Simon-OB/%E6%9C%AC%E4%BD%93%E8%AE%BA/base/%E5%8D%8A%E5%AF%BC%E4%BD%93/SEMI_WFF_2026_1Q.xlsx
GTA Semiconductor - Fab 1 current wafer capacity (SEMI WFF),,晶圆产能,SEMI WFF 工厂级晶圆产能观测。,current,5000,5,中国,/Users/simon/Documents/Simon-OB/本体论/base/半导体/SEMI_WFF_2026_1Q.xlsx,GTA Semiconductor,Discrete,facility_capacity,,,GTA Semiconductor - Fab 1,791,Company Detail,file:///Users/simon/Documents/Simon-OB/%E6%9C%AC%E4%BD%93%E8%AE%BA/base/%E5%8D%8A%E5%AF%BC%E4%BD%93/SEMI_WFF_2026_1Q.xlsx
GTA Semiconductor - Fab 3 current wafer capacity (SEMI WFF),,晶圆产能,SEMI WFF 工厂级晶圆产能观测。,current,30000,8,中国,/Users/simon/Documents/Simon-OB/本体论/base/半导体/SEMI_WFF_2026_1Q.xlsx,GTA Semiconductor,Discrete,facility_capacity,,,GTA Semiconductor - Fab 3,1855,Company Detail,file:///Users/simon/Documents/Simon-OB/%E6%9C%AC%E4%BD%93%E8%AE%BA/base/%E5%8D%8A%E5%AF%BC%E4%BD%93/SEMI_WFF_2026_1Q.xlsx
GTA Semiconductor - Fab 5 (200mm) current wafer capacity (SEMI WFF),,晶圆产能,SEMI WFF 工厂级晶圆产能观测。,current,80000,8,中国,/Users/simon/Documents/Simon-OB/本体论/base/半导体/SEMI_WFF_2026_1Q.xlsx,GTA Semiconductor,Analog,facility_capacity,,,GTA Semiconductor - Fab 5 (200mm),5029,Company Detail,file:///Users/simon/Documents/Simon-OB/%E6%9C%AC%E4%BD%93%E8%AE%BA/base/%E5%8D%8A%E5%AF%BC%E4%BD%93/SEMI_WFF_2026_1Q.xlsx
GTA Semiconductor - Fab 7 current wafer capacity (SEMI WFF),,晶圆产能,SEMI WFF 工厂级晶圆产能观测。,current,47000,12,中国,/Users/simon/Documents/Simon-OB/本体论/base/半导体/SEMI_WFF_2026_1Q.xlsx,GTA Semiconductor,Analog,facility_capacity,,,GTA Semiconductor - Fab 7,5030,Company Detail,file:///Users/simon/Documents/Simon-OB/%E6%9C%AC%E4%BD%93%E8%AE%BA/base/%E5%8D%8A%E5%AF%BC%E4%BD%93/SEMI_WFF_2026_1Q.xlsx
GTX Semiconductor - GTX Semiconductor (ICRD Phase3) current wafer capacity (SEMI WFF),,晶圆产能,SEMI WFF 工厂级晶圆产能观测。,current,40000,12,中国,/Users/simon/Documents/Simon-OB/本体论/base/半导体/SEMI_WFF_2026_1Q.xlsx,GTX Semiconductor,Logic&Micro,facility_capacity,,,GTX Semiconductor - GTX Semiconductor (ICRD Phase3),6548,Company Detail,file:///Users/simon/Documents/Simon-OB/%E6%9C%AC%E4%BD%93%E8%AE%BA/base/%E5%8D%8A%E5%AF%BC%E4%BD%93/SEMI_WFF_2026_1Q.xlsx
GTX Semiconductor - GTX Semiconductor Phase 2 (ICRD Phase3) current wafer capacity (SEMI WFF),,晶圆产能,SEMI WFF 工厂级晶圆产能观测。,current,40000,12,中国,/Users/simon/Documents/Simon-OB/本体论/base/半导体/SEMI_WFF_2026_1Q.xlsx,GTX Semiconductor,Logic&Micro,facility_capacity,,,GTX Semiconductor - GTX Semiconductor Phase 2 (ICRD Phase3),6604,Company Detail,file:///Users/simon/Documents/Simon-OB/%E6%9C%AC%E4%BD%93%E8%AE%BA/base/%E5%8D%8A%E5%AF%BC%E4%BD%93/SEMI_WFF_2026_1Q.xlsx
Guangdong Deli Optoelectronic - Deli Opto fab current wafer capacity (SEMI WFF),,晶圆产能,SEMI WFF 工厂级晶圆产能观测。,current,30000,2,中国,/Users/simon/Documents/Simon-OB/本体论/base/半导体/SEMI_WFF_2026_1Q.xlsx,Guangdong Deli Optoelectronic,Opto,facility_capacity,,,Guangdong Deli Optoelectronic - Deli Opto fab,3427,Company Detail,file:///Users/simon/Documents/Simon-OB/%E6%9C%AC%E4%BD%93%E8%AE%BA/base/%E5%8D%8A%E5%AF%BC%E4%BD%93/SEMI_WFF_2026_1Q.xlsx
Guangdong Institute of Semiconductor Micro-Nano Manufacturing Technology - Fab 1 current wafer capacity (SEMI WFF),,晶圆产能,SEMI WFF 工厂级晶圆产能观测。,current,5000,8,中国,/Users/simon/Documents/Simon-OB/本体论/base/半导体/SEMI_WFF_2026_1Q.xlsx,Guangdong Institute of Semiconductor Micro-Nano Manufacturing Technology,Other,facility_capacity,,,Guangdong Institute of Semiconductor Micro-Nano Manufacturing Technology - Fab 1,6599,Company Detail,file:///Users/simon/Documents/Simon-OB/%E6%9C%AC%E4%BD%93%E8%AE%BA/base/%E5%8D%8A%E5%AF%BC%E4%BD%93/SEMI_WFF_2026_1Q.xlsx
Guangdong Institute of Semiconductor Micro-Nano Manufacturing Technology - Fab 1 EPI line current wafer capacity (SEMI WFF),,晶圆产能,SEMI WFF 工厂级晶圆产能观测。,current,4000,8,中国,/Users/simon/Documents/Simon-OB/本体论/base/半导体/SEMI_WFF_2026_1Q.xlsx,Guangdong Institute of Semiconductor Micro-Nano Manufacturing Technology,EPI,facility_capacity,,,Guangdong Institute of Semiconductor Micro-Nano Manufacturing Technology - Fab 1 EPI line,6600,Company Detail,file:///Users/simon/Documents/Simon-OB/%E6%9C%AC%E4%BD%93%E8%AE%BA/base/%E5%8D%8A%E5%AF%BC%E4%BD%93/SEMI_WFF_2026_1Q.xlsx
Guanzhou Compound Innovation Center - Guanzhou Compound Innvation Center current wafer capacity (SEMI WFF),,晶圆产能,SEMI WFF 工厂级晶圆产能观测。,current,2000,8,中国,/Users/simon/Documents/Simon-OB/本体论/base/半导体/SEMI_WFF_2026_1Q.xlsx,Guanzhou Compound Innovation Center,Other,facility_capacity,,,Guanzhou Compound Innovation Center - Guanzhou Compound Innvation Center,6574,Company Detail,file:///Users/simon/Documents/Simon-OB/%E6%9C%AC%E4%BD%93%E8%AE%BA/base/%E5%8D%8A%E5%AF%BC%E4%BD%93/SEMI_WFF_2026_1Q.xlsx
Guo Gao MEMS - MEMS line current wafer capacity (SEMI WFF),,晶圆产能,SEMI WFF 工厂级晶圆产能观测。,current,2000,4,中国,/Users/simon/Documents/Simon-OB/本体论/base/半导体/SEMI_WFF_2026_1Q.xlsx,Guo Gao MEMS,MEMS,facility_capacity,,,Guo Gao MEMS - MEMS line,3796,Company Detail,file:///Users/simon/Documents/Simon-OB/%E6%9C%AC%E4%BD%93%E8%AE%BA/base/%E5%8D%8A%E5%AF%BC%E4%BD%93/SEMI_WFF_2026_1Q.xlsx
Haiqian Semiconductor - Fab 2 (8inch line) current wafer capacity (SEMI WFF),,晶圆产能,SEMI WFF 工厂级晶圆产能观测。,current,42500,8,中国,/Users/simon/Documents/Simon-OB/本体论/base/半导体/SEMI_WFF_2026_1Q.xlsx,Haiqian Semiconductor,EPI,facility_capacity,,,Haiqian Semiconductor - Fab 2 (8inch line),6558,Company Detail,file:///Users/simon/Documents/Simon-OB/%E6%9C%AC%E4%BD%93%E8%AE%BA/base/%E5%8D%8A%E5%AF%BC%E4%BD%93/SEMI_WFF_2026_1Q.xlsx
Haiqian Semiconductor - Fab 2 (6inch line) current wafer capacity (SEMI WFF),,晶圆产能,SEMI WFF 工厂级晶圆产能观测。,current,20000,6,中国,/Users/simon/Documents/Simon-OB/本体论/base/半导体/SEMI_WFF_2026_1Q.xlsx,Haiqian Semiconductor,EPI,facility_capacity,,,Haiqian Semiconductor - Fab 2 (6inch line),6557,Company Detail,file:///Users/simon/Documents/Simon-OB/%E6%9C%AC%E4%BD%93%E8%AE%BA/base/%E5%8D%8A%E5%AF%BC%E4%BD%93/SEMI_WFF_2026_1Q.xlsx
Haiqian Semiconductor - Fab 1 current wafer capacity (SEMI WFF),,晶圆产能,SEMI WFF 工厂级晶圆产能观测。,current,3900,6,中国,/Users/simon/Documents/Simon-OB/本体论/base/半导体/SEMI_WFF_2026_1Q.xlsx,Haiqian Semiconductor,EPI,facility_capacity,,,Haiqian Semiconductor - Fab 1,6556,Company Detail,file:///Users/simon/Documents/Simon-OB/%E6%9C%AC%E4%BD%93%E8%AE%BA/base/%E5%8D%8A%E5%AF%BC%E4%BD%93/SEMI_WFF_2026_1Q.xlsx
Hamamatsu Photonics - Hamamatsu Fab 5 current wafer capacity (SEMI WFF),,晶圆产能,SEMI WFF 工厂级晶圆产能观测。,current,8000,8,日本,/Users/simon/Documents/Simon-OB/本体论/base/半导体/SEMI_WFF_2026_1Q.xlsx,Hamamatsu Photonics,Opto,facility_capacity,,,Hamamatsu Photonics - Hamamatsu Fab 5,6509,Company Detail,file:///Users/simon/Documents/Simon-OB/%E6%9C%AC%E4%BD%93%E8%AE%BA/base/%E5%8D%8A%E5%AF%BC%E4%BD%93/SEMI_WFF_2026_1Q.xlsx
Hamamatsu Photonics - Shingai Fab current wafer capacity (SEMI WFF),,晶圆产能,SEMI WFF 工厂级晶圆产能观测。,current,5000,8,日本,/Users/simon/Documents/Simon-OB/本体论/base/半导体/SEMI_WFF_2026_1Q.xlsx,Hamamatsu Photonics,MEMS,facility_capacity,,,Hamamatsu Photonics - Shingai Fab,5113,Company Detail,file:///Users/simon/Documents/Simon-OB/%E6%9C%AC%E4%BD%93%E8%AE%BA/base/%E5%8D%8A%E5%AF%BC%E4%BD%93/SEMI_WFF_2026_1Q.xlsx
Hamamatsu Photonics - Miyakoda Building #3 current wafer capacity (SEMI WFF),,晶圆产能,SEMI WFF 工厂级晶圆产能观测。,current,6000,4,日本,/Users/simon/Documents/Simon-OB/本体论/base/半导体/SEMI_WFF_2026_1Q.xlsx,Hamamatsu Photonics,Opto,facility_capacity,,,Hamamatsu Photonics - Miyakoda Building #3,3897,Company Detail,file:///Users/simon/Documents/Simon-OB/%E6%9C%AC%E4%BD%93%E8%AE%BA/base/%E5%8D%8A%E5%AF%BC%E4%BD%93/SEMI_WFF_2026_1Q.xlsx
Hamamatsu Photonics - 13th building (Ichino factory) current wafer capacity (SEMI WFF),,晶圆产能,SEMI WFF 工厂级晶圆产能观测。,current,3000,8,日本,/Users/simon/Documents/Simon-OB/本体论/base/半导体/SEMI_WFF_2026_1Q.xlsx,Hamamatsu Photonics,MEMS,facility_capacity,,,Hamamatsu Photonics - 13th building (Ichino factory),3607,Company Detail,file:///Users/simon/Documents/Simon-OB/%E6%9C%AC%E4%BD%93%E8%AE%BA/base/%E5%8D%8A%E5%AF%BC%E4%BD%93/SEMI_WFF_2026_1Q.xlsx
Hamamatsu Photonics - 12th building current wafer capacity (SEMI WFF),,晶圆产能,SEMI WFF 工厂级晶圆产能观测。,current,5000,6,日本,/Users/simon/Documents/Simon-OB/本体论/base/半导体/SEMI_WFF_2026_1Q.xlsx,Hamamatsu Photonics,MEMS,facility_capacity,,,Hamamatsu Photonics - 12th building,2195,Company Detail,file:///Users/simon/Documents/Simon-OB/%E6%9C%AC%E4%BD%93%E8%AE%BA/base/%E5%8D%8A%E5%AF%BC%E4%BD%93/SEMI_WFF_2026_1Q.xlsx
Hamamatsu Photonics - Main Factory current wafer capacity (SEMI WFF),,晶圆产能,SEMI WFF 工厂级晶圆产能观测。,current,25000,6,日本,/Users/simon/Documents/Simon-OB/本体论/base/半导体/SEMI_WFF_2026_1Q.xlsx,Hamamatsu Photonics,Opto,facility_capacity,,,Hamamatsu Photonics - Main Factory,230,Company Detail,file:///Users/simon/Documents/Simon-OB/%E6%9C%AC%E4%BD%93%E8%AE%BA/base/%E5%8D%8A%E5%AF%BC%E4%BD%93/SEMI_WFF_2026_1Q.xlsx
Hangzhou Fullsemi - Hangzhou Analog Fab Phase 1 current wafer capacity (SEMI WFF),,晶圆产能,SEMI WFF 工厂级晶圆产能观测。,current,50000,12,中国,/Users/simon/Documents/Simon-OB/本体论/base/半导体/SEMI_WFF_2026_1Q.xlsx,Hangzhou Fullsemi,Analog,facility_capacity,,,Hangzhou Fullsemi - Hangzhou Analog Fab Phase 1,6222,Company Detail,file:///Users/simon/Documents/Simon-OB/%E6%9C%AC%E4%BD%93%E8%AE%BA/base/%E5%8D%8A%E5%AF%BC%E4%BD%93/SEMI_WFF_2026_1Q.xlsx
Hangzhou Fullsemi - Hangzhou Analog Fab Phase 2 current wafer capacity (SEMI WFF),,晶圆产能,SEMI WFF 工厂级晶圆产能观测。,current,50000,12,中国,/Users/simon/Documents/Simon-OB/本体论/base/半导体/SEMI_WFF_2026_1Q.xlsx,Hangzhou Fullsemi,Analog,facility_capacity,,,Hangzhou Fullsemi - Hangzhou Analog Fab Phase 2,6512,Company Detail,file:///Users/simon/Documents/Simon-OB/%E6%9C%AC%E4%BD%93%E8%AE%BA/base/%E5%8D%8A%E5%AF%BC%E4%BD%93/SEMI_WFF_2026_1Q.xlsx
HangZhou HFC Semiconductor - Fab 1 current wafer capacity (SEMI WFF),,晶圆产能,SEMI WFF 工厂级晶圆产能观测。,current,20000,12,中国,/Users/simon/Documents/Simon-OB/本体论/base/半导体/SEMI_WFF_2026_1Q.xlsx,HangZhou HFC Semiconductor,Logic&Micro,facility_capacity,,,HangZhou HFC Semiconductor - Fab 1,6414,Company Detail,file:///Users/simon/Documents/Simon-OB/%E6%9C%AC%E4%BD%93%E8%AE%BA/base/%E5%8D%8A%E5%AF%BC%E4%BD%93/SEMI_WFF_2026_1Q.xlsx
Hangzhou Lion Microelectronics Co. Ltd - Fab 1 current wafer capacity (SEMI WFF),,晶圆产能,SEMI WFF 工厂级晶圆产能观测。,current,45000,6,中国,/Users/simon/Documents/Simon-OB/本体论/base/半导体/SEMI_WFF_2026_1Q.xlsx,Hangzhou Lion Microelectronics Co. Ltd,Discrete,facility_capacity,,,Hangzhou Lion Microelectronics Co. Ltd - Fab 1,2039,Company Detail,file:///Users/simon/Documents/Simon-OB/%E6%9C%AC%E4%BD%93%E8%AE%BA/base/%E5%8D%8A%E5%AF%BC%E4%BD%93/SEMI_WFF_2026_1Q.xlsx
Hangzhou Lion Microelectronics Co. Ltd - GaAs line current wafer capacity (SEMI WFF),,晶圆产能,SEMI WFF 工厂级晶圆产能观测。,current,4200,6,中国,/Users/simon/Documents/Simon-OB/本体论/base/半导体/SEMI_WFF_2026_1Q.xlsx,Hangzhou Lion Microelectronics Co. Ltd,Discrete,facility_capacity,,,Hangzhou Lion Microelectronics Co. Ltd - GaAs line,5075,Company Detail,file:///Users/simon/Documents/Simon-OB/%E6%9C%AC%E4%BD%93%E8%AE%BA/base/%E5%8D%8A%E5%AF%BC%E4%BD%93/SEMI_WFF_2026_1Q.xlsx
Hangzhou Qx-semi - Fab1 current wafer capacity (SEMI WFF),,晶圆产能,SEMI WFF 工厂级晶圆产能观测。,current,45000,6,中国,/Users/simon/Documents/Simon-OB/本体论/base/半导体/SEMI_WFF_2026_1Q.xlsx,Hangzhou Qx-semi,MEMS,facility_capacity,,,Hangzhou Qx-semi - Fab1,6537,Company Detail,file:///Users/simon/Documents/Simon-OB/%E6%9C%AC%E4%BD%93%E8%AE%BA/base/%E5%8D%8A%E5%AF%BC%E4%BD%93/SEMI_WFF_2026_1Q.xlsx
"Hangzhou Silan Azure Co., Ltd - n/a current wafer capacity (SEMI WFF)",,晶圆产能,SEMI WFF 工厂级晶圆产能观测。,current,60000,2,中国,/Users/simon/Documents/Simon-OB/本体论/base/半导体/SEMI_WFF_2026_1Q.xlsx,"Hangzhou Silan Azure Co., Ltd",Opto,facility_capacity,,,"Hangzhou Silan Azure Co., Ltd - n/a",3166,Company Detail,file:///Users/simon/Documents/Simon-OB/%E6%9C%AC%E4%BD%93%E8%AE%BA/base/%E5%8D%8A%E5%AF%BC%E4%BD%93/SEMI_WFF_2026_1Q.xlsx
"Hanking Electronics (Liaoning) Co., Ltd. - MEMS Fab Front End current wafer capacity (SEMI WFF)",,晶圆产能,SEMI WFF 工厂级晶圆产能观测。,current,10000,8,中国,/Users/simon/Documents/Simon-OB/本体论/base/半导体/SEMI_WFF_2026_1Q.xlsx,"Hanking Electronics (Liaoning) Co., Ltd.",MEMS,facility_capacity,,,"Hanking Electronics (Liaoning) Co., Ltd. - MEMS Fab Front End",3476,Company Detail,file:///Users/simon/Documents/Simon-OB/%E6%9C%AC%E4%BD%93%E8%AE%BA/base/%E5%8D%8A%E5%AF%BC%E4%BD%93/SEMI_WFF_2026_1Q.xlsx
"HC SemiTek Co., Ltd. - Suzhou fab current wafer capacity (SEMI WFF)",,晶圆产能,SEMI WFF 工厂级晶圆产能观测。,current,120000,4,中国,/Users/simon/Documents/Simon-OB/本体论/base/半导体/SEMI_WFF_2026_1Q.xlsx,"HC SemiTek Co., Ltd.",Opto,facility_capacity,,,"HC SemiTek Co., Ltd. - Suzhou fab",3533,Company Detail,file:///Users/simon/Documents/Simon-OB/%E6%9C%AC%E4%BD%93%E8%AE%BA/base/%E5%8D%8A%E5%AF%BC%E4%BD%93/SEMI_WFF_2026_1Q.xlsx
"HC SemiTek Co., Ltd. - Yiwu fab (phase 2) current wafer capacity (SEMI WFF)",,晶圆产能,SEMI WFF 工厂级晶圆产能观测。,current,100000,4,中国,/Users/simon/Documents/Simon-OB/本体论/base/半导体/SEMI_WFF_2026_1Q.xlsx,"HC SemiTek Co., Ltd.",Opto,facility_capacity,,,"HC SemiTek Co., Ltd. - Yiwu fab (phase 2)",4983,Company Detail,file:///Users/simon/Documents/Simon-OB/%E6%9C%AC%E4%BD%93%E8%AE%BA/base/%E5%8D%8A%E5%AF%BC%E4%BD%93/SEMI_WFF_2026_1Q.xlsx
"HC SemiTek Co., Ltd. - Wuhan fab current wafer capacity (SEMI WFF)",,晶圆产能,SEMI WFF 工厂级晶圆产能观测。,current,25000,4,中国,/Users/simon/Documents/Simon-OB/本体论/base/半导体/SEMI_WFF_2026_1Q.xlsx,"HC SemiTek Co., Ltd.",Opto,facility_capacity,,,"HC SemiTek Co., Ltd. - Wuhan fab",3351,Company Detail,file:///Users/simon/Documents/Simon-OB/%E6%9C%AC%E4%BD%93%E8%AE%BA/base/%E5%8D%8A%E5%AF%BC%E4%BD%93/SEMI_WFF_2026_1Q.xlsx
"HC SemiTek Co., Ltd. - Yiwu fab (phase 1) current wafer capacity (SEMI WFF)",,晶圆产能,SEMI WFF 工厂级晶圆产能观测。,current,150000,4,中国,/Users/simon/Documents/Simon-OB/本体论/base/半导体/SEMI_WFF_2026_1Q.xlsx,"HC SemiTek Co., Ltd.",Opto,facility_capacity,,,"HC SemiTek Co., Ltd. - Yiwu fab (phase 1)",3836,Company Detail,file:///Users/simon/Documents/Simon-OB/%E6%9C%AC%E4%BD%93%E8%AE%BA/base/%E5%8D%8A%E5%AF%BC%E4%BD%93/SEMI_WFF_2026_1Q.xlsx
"Headway Technologies, Inc. - Milpitas fab current wafer capacity (SEMI WFF)",,晶圆产能,SEMI WFF 工厂级晶圆产能观测。,current,5000,8,美洲,/Users/simon/Documents/Simon-OB/本体论/base/半导体/SEMI_WFF_2026_1Q.xlsx,"Headway Technologies, Inc.",Logic&Micro,facility_capacity,,,"Headway Technologies, Inc. - Milpitas fab",3693,Company Detail,file:///Users/simon/Documents/Simon-OB/%E6%9C%AC%E4%BD%93%E8%AE%BA/base/%E5%8D%8A%E5%AF%BC%E4%BD%93/SEMI_WFF_2026_1Q.xlsx
Helios Technology - Wujin fab current wafer capacity (SEMI WFF),,晶圆产能,SEMI WFF 工厂级晶圆产能观测。,current,10000,2,中国,/Users/simon/Documents/Simon-OB/本体论/base/半导体/SEMI_WFF_2026_1Q.xlsx,Helios Technology,Opto,facility_capacity,,,Helios Technology - Wujin fab,3605,Company Detail,file:///Users/simon/Documents/Simon-OB/%E6%9C%AC%E4%BD%93%E8%AE%BA/base/%E5%8D%8A%E5%AF%BC%E4%BD%93/SEMI_WFF_2026_1Q.xlsx
"Henan Xinrui Electronics Technology Co., Ltd. - Fab 1 current wafer capacity (SEMI WFF)",,晶圆产能,SEMI WFF 工厂级晶圆产能观测。,current,20000,6,中国,/Users/simon/Documents/Simon-OB/本体论/base/半导体/SEMI_WFF_2026_1Q.xlsx,"Henan Xinrui Electronics Technology Co., Ltd.",Analog,facility_capacity,,,"Henan Xinrui Electronics Technology Co., Ltd. - Fab 1",6149,Company Detail,file:///Users/simon/Documents/Simon-OB/%E6%9C%AC%E4%BD%93%E8%AE%BA/base/%E5%8D%8A%E5%AF%BC%E4%BD%93/SEMI_WFF_2026_1Q.xlsx
Hewlett-Packard Company - HP Inkjet Wafer Fab II 8-inch line current wafer capacity (SEMI WFF),,晶圆产能,SEMI WFF 工厂级晶圆产能观测。,current,10000,8,SE Asia,/Users/simon/Documents/Simon-OB/本体论/base/半导体/SEMI_WFF_2026_1Q.xlsx,Hewlett-Packard Company,MEMS,facility_capacity,,,Hewlett-Packard Company - HP Inkjet Wafer Fab II 8-inch line,6451,Company Detail,file:///Users/simon/Documents/Simon-OB/%E6%9C%AC%E4%BD%93%E8%AE%BA/base/%E5%8D%8A%E5%AF%BC%E4%BD%93/SEMI_WFF_2026_1Q.xlsx
"Hewlett-Packard Company - Fab 30, Bldg 3 8-inch line (MEMS wafer Fab and Ink Lab) current wafer capacity (SEMI WFF)",,晶圆产能,SEMI WFF 工厂级晶圆产能观测。,current,5000,8,美洲,/Users/simon/Documents/Simon-OB/本体论/base/半导体/SEMI_WFF_2026_1Q.xlsx,Hewlett-Packard Company,MEMS,facility_capacity,,,"Hewlett-Packard Company - Fab 30, Bldg 3 8-inch line (MEMS wafer Fab and Ink Lab)",6449,Company Detail,file:///Users/simon/Documents/Simon-OB/%E6%9C%AC%E4%BD%93%E8%AE%BA/base/%E5%8D%8A%E5%AF%BC%E4%BD%93/SEMI_WFF_2026_1Q.xlsx
"Hewlett-Packard Company - B22, Bldg 2 8-inch line (wafer fab and 3D) current wafer capacity (SEMI WFF)",,晶圆产能,SEMI WFF 工厂级晶圆产能观测。,current,17000,8,美洲,/Users/simon/Documents/Simon-OB/本体论/base/半导体/SEMI_WFF_2026_1Q.xlsx,Hewlett-Packard Company,MEMS,facility_capacity,,,"Hewlett-Packard Company - B22, Bldg 2 8-inch line (wafer fab and 3D)",6450,Company Detail,file:///Users/simon/Documents/Simon-OB/%E6%9C%AC%E4%BD%93%E8%AE%BA/base/%E5%8D%8A%E5%AF%BC%E4%BD%93/SEMI_WFF_2026_1Q.xlsx
Hexalux Optoelectronics Corp. - Yunling fab current wafer capacity (SEMI WFF),,晶圆产能,SEMI WFF 工厂级晶圆产能观测。,current,15000,2,中国,/Users/simon/Documents/Simon-OB/本体论/base/半导体/SEMI_WFF_2026_1Q.xlsx,Hexalux Optoelectronics Corp.,Opto,facility_capacity,,,Hexalux Optoelectronics Corp. - Yunling fab,3423,Company Detail,file:///Users/simon/Documents/Simon-OB/%E6%9C%AC%E4%BD%93%E8%AE%BA/base/%E5%8D%8A%E5%AF%BC%E4%BD%93/SEMI_WFF_2026_1Q.xlsx
Hexatech Inc. - n/a current wafer capacity (SEMI WFF),,晶圆产能,SEMI WFF 工厂级晶圆产能观测。,current,1000,2,美洲,/Users/simon/Documents/Simon-OB/本体论/base/半导体/SEMI_WFF_2026_1Q.xlsx,Hexatech Inc.,Opto,facility_capacity,,,Hexatech Inc. - n/a,3765,Company Detail,file:///Users/simon/Documents/Simon-OB/%E6%9C%AC%E4%BD%93%E8%AE%BA/base/%E5%8D%8A%E5%AF%BC%E4%BD%93/SEMI_WFF_2026_1Q.xlsx
"Hexawave, Inc. - N/A current wafer capacity (SEMI WFF)",,晶圆产能,SEMI WFF 工厂级晶圆产能观测。,current,3000,4,中国台湾,/Users/simon/Documents/Simon-OB/本体论/base/半导体/SEMI_WFF_2026_1Q.xlsx,"Hexawave, Inc.",Discrete,facility_capacity,,,"Hexawave, Inc. - N/A",1831,Company Detail,file:///Users/simon/Documents/Simon-OB/%E6%9C%AC%E4%BD%93%E8%AE%BA/base/%E5%8D%8A%E5%AF%BC%E4%BD%93/SEMI_WFF_2026_1Q.xlsx
High Power Opto Inc. - HPO HQ current wafer capacity (SEMI WFF),,晶圆产能,SEMI WFF 工厂级晶圆产能观测。,current,44000,2,中国台湾,/Users/simon/Documents/Simon-OB/本体论/base/半导体/SEMI_WFF_2026_1Q.xlsx,High Power Opto Inc.,Opto,facility_capacity,,,High Power Opto Inc. - HPO HQ,3200,Company Detail,file:///Users/simon/Documents/Simon-OB/%E6%9C%AC%E4%BD%93%E8%AE%BA/base/%E5%8D%8A%E5%AF%BC%E4%BD%93/SEMI_WFF_2026_1Q.xlsx
Hitachi Power Device - Rinkai Works current wafer capacity (SEMI WFF),,晶圆产能,SEMI WFF 工厂级晶圆产能观测。,current,6000,6,日本,/Users/simon/Documents/Simon-OB/本体论/base/半导体/SEMI_WFF_2026_1Q.xlsx,Hitachi Power Device,Discrete,facility_capacity,,,Hitachi Power Device - Rinkai Works,268,Company Detail,file:///Users/simon/Documents/Simon-OB/%E6%9C%AC%E4%BD%93%E8%AE%BA/base/%E5%8D%8A%E5%AF%BC%E4%BD%93/SEMI_WFF_2026_1Q.xlsx
Hitachi Power Device - Rinkai Works (expansion Fab) current wafer capacity (SEMI WFF),,晶圆产能,SEMI WFF 工厂级晶圆产能观测。,current,9000,6,日本,/Users/simon/Documents/Simon-OB/本体论/base/半导体/SEMI_WFF_2026_1Q.xlsx,Hitachi Power Device,Discrete,facility_capacity,,,Hitachi Power Device - Rinkai Works (expansion Fab),1502,Company Detail,file:///Users/simon/Documents/Simon-OB/%E6%9C%AC%E4%BD%93%E8%AE%BA/base/%E5%8D%8A%E5%AF%BC%E4%BD%93/SEMI_WFF_2026_1Q.xlsx
Hitachi Power Device - Haramachi Dai-1 current wafer capacity (SEMI WFF),,晶圆产能,SEMI WFF 工厂级晶圆产能观测。,current,35000,5,日本,/Users/simon/Documents/Simon-OB/本体论/base/半导体/SEMI_WFF_2026_1Q.xlsx,Hitachi Power Device,Discrete,facility_capacity,,,Hitachi Power Device - Haramachi Dai-1,3558,Company Detail,file:///Users/simon/Documents/Simon-OB/%E6%9C%AC%E4%BD%93%E8%AE%BA/base/%E5%8D%8A%E5%AF%BC%E4%BD%93/SEMI_WFF_2026_1Q.xlsx
HKC - Qingdao HKC fab current wafer capacity (SEMI WFF),,晶圆产能,SEMI WFF 工厂级晶圆产能观测。,current,75000,6,中国,/Users/simon/Documents/Simon-OB/本体论/base/半导体/SEMI_WFF_2026_1Q.xlsx,HKC,Discrete,facility_capacity,,,HKC - Qingdao HKC fab,6182,Company Detail,file:///Users/simon/Documents/Simon-OB/%E6%9C%AC%E4%BD%93%E8%AE%BA/base/%E5%8D%8A%E5%AF%BC%E4%BD%93/SEMI_WFF_2026_1Q.xlsx
"HLJ Technology Co., Ltd - Hukou fab current wafer capacity (SEMI WFF)",,晶圆产能,SEMI WFF 工厂级晶圆产能观测。,current,1500,4,中国台湾,/Users/simon/Documents/Simon-OB/本体论/base/半导体/SEMI_WFF_2026_1Q.xlsx,"HLJ Technology Co., Ltd",Opto,facility_capacity,,,"HLJ Technology Co., Ltd - Hukou fab",5014,Company Detail,file:///Users/simon/Documents/Simon-OB/%E6%9C%AC%E4%BD%93%E8%AE%BA/base/%E5%8D%8A%E5%AF%BC%E4%BD%93/SEMI_WFF_2026_1Q.xlsx
"HLJ Technology Co., Ltd - 6"" line current wafer capacity (SEMI WFF)",,晶圆产能,SEMI WFF 工厂级晶圆产能观测。,current,2000,6,中国台湾,/Users/simon/Documents/Simon-OB/本体论/base/半导体/SEMI_WFF_2026_1Q.xlsx,"HLJ Technology Co., Ltd",Opto,facility_capacity,,,"HLJ Technology Co., Ltd - 6"" line",5015,Company Detail,file:///Users/simon/Documents/Simon-OB/%E6%9C%AC%E4%BD%93%E8%AE%BA/base/%E5%8D%8A%E5%AF%BC%E4%BD%93/SEMI_WFF_2026_1Q.xlsx
HL-Planartechnik GmbH - Fab 1 current wafer capacity (SEMI WFF),,晶圆产能,SEMI WFF 工厂级晶圆产能观测。,current,1100,6,Europe & Mideast,/Users/simon/Documents/Simon-OB/本体论/base/半导体/SEMI_WFF_2026_1Q.xlsx,HL-Planartechnik GmbH,MEMS,facility_capacity,,,HL-Planartechnik GmbH - Fab 1,2286,Company Detail,file:///Users/simon/Documents/Simon-OB/%E6%9C%AC%E4%BD%93%E8%AE%BA/base/%E5%8D%8A%E5%AF%BC%E4%BD%93/SEMI_WFF_2026_1Q.xlsx
Honda - Honda R&D Center current wafer capacity (SEMI WFF),,晶圆产能,SEMI WFF 工厂级晶圆产能观测。,current,3000,4,日本,/Users/simon/Documents/Simon-OB/本体论/base/半导体/SEMI_WFF_2026_1Q.xlsx,Honda,Other,facility_capacity,,,Honda - Honda R&D Center,307,Company Detail,file:///Users/simon/Documents/Simon-OB/%E6%9C%AC%E4%BD%93%E8%AE%BA/base/%E5%8D%8A%E5%AF%BC%E4%BD%93/SEMI_WFF_2026_1Q.xlsx
Honeywell Incorporated - Solid State Electonic Center current wafer capacity (SEMI WFF),,晶圆产能,SEMI WFF 工厂级晶圆产能观测。,current,3000,6,美洲,/Users/simon/Documents/Simon-OB/本体论/base/半导体/SEMI_WFF_2026_1Q.xlsx,Honeywell Incorporated,Logic&Micro,facility_capacity,,,Honeywell Incorporated - Solid State Electonic Center,311,Company Detail,file:///Users/simon/Documents/Simon-OB/%E6%9C%AC%E4%BD%93%E8%AE%BA/base/%E5%8D%8A%E5%AF%BC%E4%BD%93/SEMI_WFF_2026_1Q.xlsx
Honeywell Incorporated - 研发 current wafer capacity (SEMI WFF),,晶圆产能,SEMI WFF 工厂级晶圆产能观测。,current,400,4,美洲,/Users/simon/Documents/Simon-OB/本体论/base/半导体/SEMI_WFF_2026_1Q.xlsx,Honeywell Incorporated,Discrete,facility_capacity,,,Honeywell Incorporated - 研发,2247,Company Detail,file:///Users/simon/Documents/Simon-OB/%E6%9C%AC%E4%BD%93%E8%AE%BA/base/%E5%8D%8A%E5%AF%BC%E4%BD%93/SEMI_WFF_2026_1Q.xlsx
Honeywell Incorporated - Fab 2 current wafer capacity (SEMI WFF),,晶圆产能,SEMI WFF 工厂级晶圆产能观测。,current,830,8,美洲,/Users/simon/Documents/Simon-OB/本体论/base/半导体/SEMI_WFF_2026_1Q.xlsx,Honeywell Incorporated,Logic&Micro,facility_capacity,,,Honeywell Incorporated - Fab 2,2157,Company Detail,file:///Users/simon/Documents/Simon-OB/%E6%9C%AC%E4%BD%93%E8%AE%BA/base/%E5%8D%8A%E5%AF%BC%E4%BD%93/SEMI_WFF_2026_1Q.xlsx
Honeywell Incorporated - 6-inch MEMS (was 4-inch) current wafer capacity (SEMI WFF),,晶圆产能,SEMI WFF 工厂级晶圆产能观测。,current,800,6,美洲,/Users/simon/Documents/Simon-OB/本体论/base/半导体/SEMI_WFF_2026_1Q.xlsx,Honeywell Incorporated,MEMS,facility_capacity,,,Honeywell Incorporated - 6-inch MEMS (was 4-inch),2174,Company Detail,file:///Users/simon/Documents/Simon-OB/%E6%9C%AC%E4%BD%93%E8%AE%BA/base/%E5%8D%8A%E5%AF%BC%E4%BD%93/SEMI_WFF_2026_1Q.xlsx
Honeywell Incorporated - Richardson Sensor Fab current wafer capacity (SEMI WFF),,晶圆产能,SEMI WFF 工厂级晶圆产能观测。,current,5000,8,美洲,/Users/simon/Documents/Simon-OB/本体论/base/半导体/SEMI_WFF_2026_1Q.xlsx,Honeywell Incorporated,MEMS,facility_capacity,,,Honeywell Incorporated - Richardson Sensor Fab,3437,Company Detail,file:///Users/simon/Documents/Simon-OB/%E6%9C%AC%E4%BD%93%E8%AE%BA/base/%E5%8D%8A%E5%AF%BC%E4%BD%93/SEMI_WFF_2026_1Q.xlsx
HRL Laboratories - High Speed Circuits Laboratory current wafer capacity (SEMI WFF),,晶圆产能,SEMI WFF 工厂级晶圆产能观测。,current,500,3,美洲,/Users/simon/Documents/Simon-OB/本体论/base/半导体/SEMI_WFF_2026_1Q.xlsx,HRL Laboratories,Other,facility_capacity,,,HRL Laboratories - High Speed Circuits Laboratory,325,Company Detail,file:///Users/simon/Documents/Simon-OB/%E6%9C%AC%E4%BD%93%E8%AE%BA/base/%E5%8D%8A%E5%AF%BC%E4%BD%93/SEMI_WFF_2026_1Q.xlsx
HR-Micro - HR-Micro 150mm Fab current wafer capacity (SEMI WFF),,晶圆产能,SEMI WFF 工厂级晶圆产能观测。,current,10000,6,中国,/Users/simon/Documents/Simon-OB/本体论/base/半导体/SEMI_WFF_2026_1Q.xlsx,HR-Micro,Discrete,facility_capacity,,,HR-Micro - HR-Micro 150mm Fab,6360,Company Detail,file:///Users/simon/Documents/Simon-OB/%E6%9C%AC%E4%BD%93%E8%AE%BA/base/%E5%8D%8A%E5%AF%BC%E4%BD%93/SEMI_WFF_2026_1Q.xlsx
Hua Hong Semiconductor - Fab 1 (was HHNEC) current wafer capacity (SEMI WFF),,晶圆产能,SEMI WFF 工厂级晶圆产能观测。,current,65000,8,中国,/Users/simon/Documents/Simon-OB/本体论/base/半导体/SEMI_WFF_2026_1Q.xlsx,Hua Hong Semiconductor,Analog,facility_capacity,,,Hua Hong Semiconductor - Fab 1 (was HHNEC),1419,Company Detail,file:///Users/simon/Documents/Simon-OB/%E6%9C%AC%E4%BD%93%E8%AE%BA/base/%E5%8D%8A%E5%AF%BC%E4%BD%93/SEMI_WFF_2026_1Q.xlsx
Hua Hong Semiconductor - Fab 9A (Wuxi 2nd Fab Phase 1) current wafer capacity (SEMI WFF),,晶圆产能,SEMI WFF 工厂级晶圆产能观测。,current,83000,12,中国,/Users/simon/Documents/Simon-OB/本体论/base/半导体/SEMI_WFF_2026_1Q.xlsx,Hua Hong Semiconductor,Analog,facility_capacity,,,Hua Hong Semiconductor - Fab 9A (Wuxi 2nd Fab Phase 1),6250,Company Detail,file:///Users/simon/Documents/Simon-OB/%E6%9C%AC%E4%BD%93%E8%AE%BA/base/%E5%8D%8A%E5%AF%BC%E4%BD%93/SEMI_WFF_2026_1Q.xlsx
Hua Hong Semiconductor - Fab 2 (was HHNEC) current wafer capacity (SEMI WFF),,晶圆产能,SEMI WFF 工厂级晶圆产能观测。,current,60000,8,中国,/Users/simon/Documents/Simon-OB/本体论/base/半导体/SEMI_WFF_2026_1Q.xlsx,Hua Hong Semiconductor,Analog,facility_capacity,,,Hua Hong Semiconductor - Fab 2 (was HHNEC),2342,Company Detail,file:///Users/simon/Documents/Simon-OB/%E6%9C%AC%E4%BD%93%E8%AE%BA/base/%E5%8D%8A%E5%AF%BC%E4%BD%93/SEMI_WFF_2026_1Q.xlsx
Hua Hong Semiconductor - Fab 9B (Wuxi 2nd Fab Phase 2) current wafer capacity (SEMI WFF),,晶圆产能,SEMI WFF 工厂级晶圆产能观测。,current,65000,12,中国,/Users/simon/Documents/Simon-OB/本体论/base/半导体/SEMI_WFF_2026_1Q.xlsx,Hua Hong Semiconductor,Analog,facility_capacity,,,Hua Hong Semiconductor - Fab 9B (Wuxi 2nd Fab Phase 2),6662,Company Detail,file:///Users/simon/Documents/Simon-OB/%E6%9C%AC%E4%BD%93%E8%AE%BA/base/%E5%8D%8A%E5%AF%BC%E4%BD%93/SEMI_WFF_2026_1Q.xlsx
Hua Hong Semiconductor - Fab 3 (was Grace) current wafer capacity (SEMI WFF),,晶圆产能,SEMI WFF 工厂级晶圆产能观测。,current,55000,8,中国,/Users/simon/Documents/Simon-OB/本体论/base/半导体/SEMI_WFF_2026_1Q.xlsx,Hua Hong Semiconductor,Discrete,facility_capacity,,,Hua Hong Semiconductor - Fab 3 (was Grace),1799,Company Detail,file:///Users/simon/Documents/Simon-OB/%E6%9C%AC%E4%BD%93%E8%AE%BA/base/%E5%8D%8A%E5%AF%BC%E4%BD%93/SEMI_WFF_2026_1Q.xlsx
Hua Hong Semiconductor - Fab 7 (Wuxi 300mm) current wafer capacity (SEMI WFF),,晶圆产能,SEMI WFF 工厂级晶圆产能观测。,current,95000,12,中国,/Users/simon/Documents/Simon-OB/本体论/base/半导体/SEMI_WFF_2026_1Q.xlsx,Hua Hong Semiconductor,Analog,facility_capacity,,,Hua Hong Semiconductor - Fab 7 (Wuxi 300mm),4958,Company Detail,file:///Users/simon/Documents/Simon-OB/%E6%9C%AC%E4%BD%93%E8%AE%BA/base/%E5%8D%8A%E5%AF%BC%E4%BD%93/SEMI_WFF_2026_1Q.xlsx
Hua Li Microelectronics (HLMC) - Hua Hong Chengdu (HH Fab10) current wafer capacity (SEMI WFF),,晶圆产能,SEMI WFF 工厂级晶圆产能观测。,current,30000,12,中国,/Users/simon/Documents/Simon-OB/本体论/base/半导体/SEMI_WFF_2026_1Q.xlsx,Hua Li Microelectronics (HLMC),Logic&Micro,facility_capacity,,,Hua Li Microelectronics (HLMC) - Hua Hong Chengdu (HH Fab10),3914,Company Detail,file:///Users/simon/Documents/Simon-OB/%E6%9C%AC%E4%BD%93%E8%AE%BA/base/%E5%8D%8A%E5%AF%BC%E4%BD%93/SEMI_WFF_2026_1Q.xlsx
Hua Li Microelectronics (HLMC) - HLMC Fab 1 current wafer capacity (SEMI WFF),,晶圆产能,SEMI WFF 工厂级晶圆产能观测。,current,38000,12,中国,/Users/simon/Documents/Simon-OB/本体论/base/半导体/SEMI_WFF_2026_1Q.xlsx,Hua Li Microelectronics (HLMC),Logic&Micro,facility_capacity,,,Hua Li Microelectronics (HLMC) - HLMC Fab 1,2111,Company Detail,file:///Users/simon/Documents/Simon-OB/%E6%9C%AC%E4%BD%93%E8%AE%BA/base/%E5%8D%8A%E5%AF%BC%E4%BD%93/SEMI_WFF_2026_1Q.xlsx
Hua Li Microelectronics (HLMC) - HLMC Fab 2 current wafer capacity (SEMI WFF),,晶圆产能,SEMI WFF 工厂级晶圆产能观测。,current,40000,12,中国,/Users/simon/Documents/Simon-OB/本体论/base/半导体/SEMI_WFF_2026_1Q.xlsx,Hua Li Microelectronics (HLMC),Logic&Micro,facility_capacity,,,Hua Li Microelectronics (HLMC) - HLMC Fab 2,3683,Company Detail,file:///Users/simon/Documents/Simon-OB/%E6%9C%AC%E4%BD%93%E8%AE%BA/base/%E5%8D%8A%E5%AF%BC%E4%BD%93/SEMI_WFF_2026_1Q.xlsx
Hua Li Microelectronics (HLMC) - HLMC Fab 3 Phase 2 (HH Fab 8-2) current wafer capacity (SEMI WFF),,晶圆产能,SEMI WFF 工厂级晶圆产能观测。,current,20000,12,中国,/Users/simon/Documents/Simon-OB/本体论/base/半导体/SEMI_WFF_2026_1Q.xlsx,Hua Li Microelectronics (HLMC),Logic&Micro,facility_capacity,,,Hua Li Microelectronics (HLMC) - HLMC Fab 3 Phase 2 (HH Fab 8-2),6660,Company Detail,file:///Users/simon/Documents/Simon-OB/%E6%9C%AC%E4%BD%93%E8%AE%BA/base/%E5%8D%8A%E5%AF%BC%E4%BD%93/SEMI_WFF_2026_1Q.xlsx
Hua Li Microelectronics (HLMC) - Hua Hong Chengdu Phase 2 (HH Fab10) current wafer capacity (SEMI WFF),,晶圆产能,SEMI WFF 工厂级晶圆产能观测。,current,30000,12,中国,/Users/simon/Documents/Simon-OB/本体论/base/半导体/SEMI_WFF_2026_1Q.xlsx,Hua Li Microelectronics (HLMC),Logic&Micro,facility_capacity,,,Hua Li Microelectronics (HLMC) - Hua Hong Chengdu Phase 2 (HH Fab10),6550,Company Detail,file:///Users/simon/Documents/Simon-OB/%E6%9C%AC%E4%BD%93%E8%AE%BA/base/%E5%8D%8A%E5%AF%BC%E4%BD%93/SEMI_WFF_2026_1Q.xlsx
Hua Li Microelectronics (HLMC) - HLMC Fab 3 Phase 1  (HH Fab 8-1) current wafer capacity (SEMI WFF),,晶圆产能,SEMI WFF 工厂级晶圆产能观测。,current,20000,12,中国,/Users/simon/Documents/Simon-OB/本体论/base/半导体/SEMI_WFF_2026_1Q.xlsx,Hua Li Microelectronics (HLMC),Logic&Micro,facility_capacity,,,Hua Li Microelectronics (HLMC) - HLMC Fab 3 Phase 1  (HH Fab 8-1),6514,Company Detail,file:///Users/simon/Documents/Simon-OB/%E6%9C%AC%E4%BD%93%E8%AE%BA/base/%E5%8D%8A%E5%AF%BC%E4%BD%93/SEMI_WFF_2026_1Q.xlsx
Huawei - Wuhan HiSilicon fab current wafer capacity (SEMI WFF),,晶圆产能,SEMI WFF 工厂级晶圆产能观测。,current,2000,12,中国,/Users/simon/Documents/Simon-OB/本体论/base/半导体/SEMI_WFF_2026_1Q.xlsx,Huawei,Opto,facility_capacity,,,Huawei - Wuhan HiSilicon fab,6181,Company Detail,file:///Users/simon/Documents/Simon-OB/%E6%9C%AC%E4%BD%93%E8%AE%BA/base/%E5%8D%8A%E5%AF%BC%E4%BD%93/SEMI_WFF_2026_1Q.xlsx
"Huayue Microelectronics Co.,Ltd - Fab 1 current wafer capacity (SEMI WFF)",,晶圆产能,SEMI WFF 工厂级晶圆产能观测。,current,23500,5,中国,/Users/simon/Documents/Simon-OB/本体论/base/半导体/SEMI_WFF_2026_1Q.xlsx,"Huayue Microelectronics Co.,Ltd",Discrete,facility_capacity,,,"Huayue Microelectronics Co.,Ltd - Fab 1",1307,Company Detail,file:///Users/simon/Documents/Simon-OB/%E6%9C%AC%E4%BD%93%E8%AE%BA/base/%E5%8D%8A%E5%AF%BC%E4%BD%93/SEMI_WFF_2026_1Q.xlsx
"Huayue Microelectronics Co.,Ltd - Fab 2 current wafer capacity (SEMI WFF)",,晶圆产能,SEMI WFF 工厂级晶圆产能观测。,current,20000,4,中国,/Users/simon/Documents/Simon-OB/本体论/base/半导体/SEMI_WFF_2026_1Q.xlsx,"Huayue Microelectronics Co.,Ltd",Discrete,facility_capacity,,,"Huayue Microelectronics Co.,Ltd - Fab 2",321,Company Detail,file:///Users/simon/Documents/Simon-OB/%E6%9C%AC%E4%BD%93%E8%AE%BA/base/%E5%8D%8A%E5%AF%BC%E4%BD%93/SEMI_WFF_2026_1Q.xlsx
"Huayue Microelectronics Co.,Ltd - Fab 3 current wafer capacity (SEMI WFF)",,晶圆产能,SEMI WFF 工厂级晶圆产能观测。,current,20000,5,中国,/Users/simon/Documents/Simon-OB/本体论/base/半导体/SEMI_WFF_2026_1Q.xlsx,"Huayue Microelectronics Co.,Ltd",Discrete,facility_capacity,,,"Huayue Microelectronics Co.,Ltd - Fab 3",2994,Company Detail,file:///Users/simon/Documents/Simon-OB/%E6%9C%AC%E4%BD%93%E8%AE%BA/base/%E5%8D%8A%E5%AF%BC%E4%BD%93/SEMI_WFF_2026_1Q.xlsx
Hunan HuaLei Optoelectronic Corporation - Chenzhou fab current wafer capacity (SEMI WFF),,晶圆产能,SEMI WFF 工厂级晶圆产能观测。,current,90000,2,中国,/Users/simon/Documents/Simon-OB/本体论/base/半导体/SEMI_WFF_2026_1Q.xlsx,Hunan HuaLei Optoelectronic Corporation,Opto,facility_capacity,,,Hunan HuaLei Optoelectronic Corporation - Chenzhou fab,3163,Company Detail,file:///Users/simon/Documents/Simon-OB/%E6%9C%AC%E4%BD%93%E8%AE%BA/base/%E5%8D%8A%E5%AF%BC%E4%BD%93/SEMI_WFF_2026_1Q.xlsx
HY Electronic Limited - Yangzhou Fab 2 current wafer capacity (SEMI WFF),,晶圆产能,SEMI WFF 工厂级晶圆产能观测。,current,36000,4,中国,/Users/simon/Documents/Simon-OB/本体论/base/半导体/SEMI_WFF_2026_1Q.xlsx,HY Electronic Limited,Discrete,facility_capacity,,,HY Electronic Limited - Yangzhou Fab 2,4972,Company Detail,file:///Users/simon/Documents/Simon-OB/%E6%9C%AC%E4%BD%93%E8%AE%BA/base/%E5%8D%8A%E5%AF%BC%E4%BD%93/SEMI_WFF_2026_1Q.xlsx
HYPRES - N/A current wafer capacity (SEMI WFF),,晶圆产能,SEMI WFF 工厂级晶圆产能观测。,current,1000,6,美洲,/Users/simon/Documents/Simon-OB/本体论/base/半导体/SEMI_WFF_2026_1Q.xlsx,HYPRES,Analog,facility_capacity,,,HYPRES - N/A,1680,Company Detail,file:///Users/simon/Documents/Simon-OB/%E6%9C%AC%E4%BD%93%E8%AE%BA/base/%E5%8D%8A%E5%AF%BC%E4%BD%93/SEMI_WFF_2026_1Q.xlsx
IBM Microelectronics - Nanotech Lab Zurich current wafer capacity (SEMI WFF),,晶圆产能,SEMI WFF 工厂级晶圆产能观测。,current,200,6,Europe & Mideast,/Users/simon/Documents/Simon-OB/本体论/base/半导体/SEMI_WFF_2026_1Q.xlsx,IBM Microelectronics,Other,facility_capacity,,,IBM Microelectronics - Nanotech Lab Zurich,3141,Company Detail,file:///Users/simon/Documents/Simon-OB/%E6%9C%AC%E4%BD%93%E8%AE%BA/base/%E5%8D%8A%E5%AF%BC%E4%BD%93/SEMI_WFF_2026_1Q.xlsx
IBM Microelectronics - The Watson Research Center current wafer capacity (SEMI WFF),,晶圆产能,SEMI WFF 工厂级晶圆产能观测。,current,500,8,美洲,/Users/simon/Documents/Simon-OB/本体论/base/半导体/SEMI_WFF_2026_1Q.xlsx,IBM Microelectronics,Other,facility_capacity,,,IBM Microelectronics - The Watson Research Center,363,Company Detail,file:///Users/simon/Documents/Simon-OB/%E6%9C%AC%E4%BD%93%E8%AE%BA/base/%E5%8D%8A%E5%AF%BC%E4%BD%93/SEMI_WFF_2026_1Q.xlsx
IHP GmbH - IHP Fraunhofer current wafer capacity (SEMI WFF),,晶圆产能,SEMI WFF 工厂级晶圆产能观测。,current,2000,8,Europe & Mideast,/Users/simon/Documents/Simon-OB/本体论/base/半导体/SEMI_WFF_2026_1Q.xlsx,IHP GmbH,Other,facility_capacity,,,IHP GmbH - IHP Fraunhofer,1722,Company Detail,file:///Users/simon/Documents/Simon-OB/%E6%9C%AC%E4%BD%93%E8%AE%BA/base/%E5%8D%8A%E5%AF%BC%E4%BD%93/SEMI_WFF_2026_1Q.xlsx
III-V Lab - Marcoussis lab current wafer capacity (SEMI WFF),,晶圆产能,SEMI WFF 工厂级晶圆产能观测。,current,500,4,Europe & Mideast,/Users/simon/Documents/Simon-OB/本体论/base/半导体/SEMI_WFF_2026_1Q.xlsx,III-V Lab,Opto,facility_capacity,,,III-V Lab - Marcoussis lab,3488,Company Detail,file:///Users/simon/Documents/Simon-OB/%E6%9C%AC%E4%BD%93%E8%AE%BA/base/%E5%8D%8A%E5%AF%BC%E4%BD%93/SEMI_WFF_2026_1Q.xlsx
III-V Lab - Palaiseau lab current wafer capacity (SEMI WFF),,晶圆产能,SEMI WFF 工厂级晶圆产能观测。,current,500,4,Europe & Mideast,/Users/simon/Documents/Simon-OB/本体论/base/半导体/SEMI_WFF_2026_1Q.xlsx,III-V Lab,Opto,facility_capacity,,,III-V Lab - Palaiseau lab,3489,Company Detail,file:///Users/simon/Documents/Simon-OB/%E6%9C%AC%E4%BD%93%E8%AE%BA/base/%E5%8D%8A%E5%AF%BC%E4%BD%93/SEMI_WFF_2026_1Q.xlsx
IMEC - 300mm: Fab 3 (was 450mm pilot) current wafer capacity (SEMI WFF),,晶圆产能,SEMI WFF 工厂级晶圆产能观测。,current,2500,12,Europe & Mideast,/Users/simon/Documents/Simon-OB/本体论/base/半导体/SEMI_WFF_2026_1Q.xlsx,IMEC,Other,facility_capacity,,,IMEC - 300mm: Fab 3 (was 450mm pilot),3441,Company Detail,file:///Users/simon/Documents/Simon-OB/%E6%9C%AC%E4%BD%93%E8%AE%BA/base/%E5%8D%8A%E5%AF%BC%E4%BD%93/SEMI_WFF_2026_1Q.xlsx
IMEC - 200mm: Fab 1 (Silicon Pilot Line) current wafer capacity (SEMI WFF),,晶圆产能,SEMI WFF 工厂级晶圆产能观测。,current,500,8,Europe & Mideast,/Users/simon/Documents/Simon-OB/本体论/base/半导体/SEMI_WFF_2026_1Q.xlsx,IMEC,Other,facility_capacity,,,IMEC - 200mm: Fab 1 (Silicon Pilot Line),374,Company Detail,file:///Users/simon/Documents/Simon-OB/%E6%9C%AC%E4%BD%93%E8%AE%BA/base/%E5%8D%8A%E5%AF%BC%E4%BD%93/SEMI_WFF_2026_1Q.xlsx
IMEC - 300mm: Fab 2 + Fab 2-300mm extension (Nanoelectronics Lab) current wafer capacity (SEMI WFF),,晶圆产能,SEMI WFF 工厂级晶圆产能观测。,current,2000,12,Europe & Mideast,/Users/simon/Documents/Simon-OB/本体论/base/半导体/SEMI_WFF_2026_1Q.xlsx,IMEC,Other,facility_capacity,,,IMEC - 300mm: Fab 2 + Fab 2-300mm extension (Nanoelectronics Lab),1960,Company Detail,file:///Users/simon/Documents/Simon-OB/%E6%9C%AC%E4%BD%93%E8%AE%BA/base/%E5%8D%8A%E5%AF%BC%E4%BD%93/SEMI_WFF_2026_1Q.xlsx
IMEC - 300mm: Fab 4 (sub-1nm pilot) current wafer capacity (SEMI WFF),,晶圆产能,SEMI WFF 工厂级晶圆产能观测。,current,1500,12,Europe & Mideast,/Users/simon/Documents/Simon-OB/本体论/base/半导体/SEMI_WFF_2026_1Q.xlsx,IMEC,Other,facility_capacity,,,IMEC - 300mm: Fab 4 (sub-1nm pilot),6564,Company Detail,file:///Users/simon/Documents/Simon-OB/%E6%9C%AC%E4%BD%93%E8%AE%BA/base/%E5%8D%8A%E5%AF%BC%E4%BD%93/SEMI_WFF_2026_1Q.xlsx
IMEC - 300mm: Fab 5 (Chip Innovation Centre) current wafer capacity (SEMI WFF),,晶圆产能,SEMI WFF 工厂级晶圆产能观测。,current,2000,12,Europe & Mideast,/Users/simon/Documents/Simon-OB/本体论/base/半导体/SEMI_WFF_2026_1Q.xlsx,IMEC,Other,facility_capacity,,,IMEC - 300mm: Fab 5 (Chip Innovation Centre),6676,Company Detail,file:///Users/simon/Documents/Simon-OB/%E6%9C%AC%E4%BD%93%E8%AE%BA/base/%E5%8D%8A%E5%AF%BC%E4%BD%93/SEMI_WFF_2026_1Q.xlsx
IMEC - 300mm: NanoIC Pilot Line current wafer capacity (SEMI WFF),,晶圆产能,SEMI WFF 工厂级晶圆产能观测。,current,1500,12,Europe & Mideast,/Users/simon/Documents/Simon-OB/本体论/base/半导体/SEMI_WFF_2026_1Q.xlsx,IMEC,Other,facility_capacity,,,IMEC - 300mm: NanoIC Pilot Line,6694,Company Detail,file:///Users/simon/Documents/Simon-OB/%E6%9C%AC%E4%BD%93%E8%AE%BA/base/%E5%8D%8A%E5%AF%BC%E4%BD%93/SEMI_WFF_2026_1Q.xlsx
Incotex International Ltd. - Botevgrad facility current wafer capacity (SEMI WFF),,晶圆产能,SEMI WFF 工厂级晶圆产能观测。,current,7500,2,Europe & Mideast,/Users/simon/Documents/Simon-OB/本体论/base/半导体/SEMI_WFF_2026_1Q.xlsx,Incotex International Ltd.,Opto,facility_capacity,,,Incotex International Ltd. - Botevgrad facility,3338,Company Detail,file:///Users/simon/Documents/Simon-OB/%E6%9C%AC%E4%BD%93%E8%AE%BA/base/%E5%8D%8A%E5%AF%BC%E4%BD%93/SEMI_WFF_2026_1Q.xlsx
Infineon - Villach 300mm thin wafer pilot current wafer capacity (SEMI WFF),,晶圆产能,SEMI WFF 工厂级晶圆产能观测。,current,11000,12,Europe & Mideast,/Users/simon/Documents/Simon-OB/本体论/base/半导体/SEMI_WFF_2026_1Q.xlsx,Infineon,Discrete,facility_capacity,,,Infineon - Villach 300mm thin wafer pilot,3337,Company Detail,file:///Users/simon/Documents/Simon-OB/%E6%9C%AC%E4%BD%93%E8%AE%BA/base/%E5%8D%8A%E5%AF%BC%E4%BD%93/SEMI_WFF_2026_1Q.xlsx
Infineon - Kulim 2 current wafer capacity (SEMI WFF),,晶圆产能,SEMI WFF 工厂级晶圆产能观测。,current,135000,8,SE Asia,/Users/simon/Documents/Simon-OB/本体论/base/半导体/SEMI_WFF_2026_1Q.xlsx,Infineon,Analog,facility_capacity,,,Infineon - Kulim 2,3412,Company Detail,file:///Users/simon/Documents/Simon-OB/%E6%9C%AC%E4%BD%93%E8%AE%BA/base/%E5%8D%8A%E5%AF%BC%E4%BD%93/SEMI_WFF_2026_1Q.xlsx
Infineon - Dresden - Module 3 (former SC300) (building 32) current wafer capacity (SEMI WFF),,晶圆产能,SEMI WFF 工厂级晶圆产能观测。,current,120000,12,Europe & Mideast,/Users/simon/Documents/Simon-OB/本体论/base/半导体/SEMI_WFF_2026_1Q.xlsx,Infineon,Discrete,facility_capacity,,,Infineon - Dresden - Module 3 (former SC300) (building 32),1650,Company Detail,file:///Users/simon/Documents/Simon-OB/%E6%9C%AC%E4%BD%93%E8%AE%BA/base/%E5%8D%8A%E5%AF%BC%E4%BD%93/SEMI_WFF_2026_1Q.xlsx
Infineon - Villach 300mm new current wafer capacity (SEMI WFF),,晶圆产能,SEMI WFF 工厂级晶圆产能观测。,current,65000,12,Europe & Mideast,/Users/simon/Documents/Simon-OB/本体论/base/半导体/SEMI_WFF_2026_1Q.xlsx,Infineon,Discrete,facility_capacity,,,Infineon - Villach 300mm new,5016,Company Detail,file:///Users/simon/Documents/Simon-OB/%E6%9C%AC%E4%BD%93%E8%AE%BA/base/%E5%8D%8A%E5%AF%BC%E4%BD%93/SEMI_WFF_2026_1Q.xlsx
Infineon - Villach Building 17a and 17b (part of Pilot 4.0) current wafer capacity (SEMI WFF),,晶圆产能,SEMI WFF 工厂级晶圆产能观测。,current,2000,8,Europe & Mideast,/Users/simon/Documents/Simon-OB/本体论/base/半导体/SEMI_WFF_2026_1Q.xlsx,Infineon,Analog,facility_capacity,,,Infineon - Villach Building 17a and 17b (part of Pilot 4.0),3826,Company Detail,file:///Users/simon/Documents/Simon-OB/%E6%9C%AC%E4%BD%93%E8%AE%BA/base/%E5%8D%8A%E5%AF%BC%E4%BD%93/SEMI_WFF_2026_1Q.xlsx
Infineon - Regensburg-West current wafer capacity (SEMI WFF),,晶圆产能,SEMI WFF 工厂级晶圆产能观测。,current,60000,8,Europe & Mideast,/Users/simon/Documents/Simon-OB/本体论/base/半导体/SEMI_WFF_2026_1Q.xlsx,Infineon,Discrete,facility_capacity,,,Infineon - Regensburg-West,976,Company Detail,file:///Users/simon/Documents/Simon-OB/%E6%9C%AC%E4%BD%93%E8%AE%BA/base/%E5%8D%8A%E5%AF%BC%E4%BD%93/SEMI_WFF_2026_1Q.xlsx
Infineon - Dresden 200 - Module 1 (building 34) current wafer capacity (SEMI WFF),,晶圆产能,SEMI WFF 工厂级晶圆产能观测。,current,28000,8,Europe & Mideast,/Users/simon/Documents/Simon-OB/本体论/base/半导体/SEMI_WFF_2026_1Q.xlsx,Infineon,Logic&Micro,facility_capacity,,,Infineon - Dresden 200 - Module 1 (building 34),969,Company Detail,file:///Users/simon/Documents/Simon-OB/%E6%9C%AC%E4%BD%93%E8%AE%BA/base/%E5%8D%8A%E5%AF%BC%E4%BD%93/SEMI_WFF_2026_1Q.xlsx
Infineon - Dresden 200 - Module 2 (building 36) current wafer capacity (SEMI WFF),,晶圆产能,SEMI WFF 工厂级晶圆产能观测。,current,28000,8,Europe & Mideast,/Users/simon/Documents/Simon-OB/本体论/base/半导体/SEMI_WFF_2026_1Q.xlsx,Infineon,Logic&Micro,facility_capacity,,,Infineon - Dresden 200 - Module 2 (building 36),2201,Company Detail,file:///Users/simon/Documents/Simon-OB/%E6%9C%AC%E4%BD%93%E8%AE%BA/base/%E5%8D%8A%E5%AF%BC%E4%BD%93/SEMI_WFF_2026_1Q.xlsx
"Infineon - Mesa Facility-was Infineon,was IRF current wafer capacity (SEMI WFF)",,晶圆产能,SEMI WFF 工厂级晶圆产能观测。,current,3000,8,美洲,/Users/simon/Documents/Simon-OB/本体论/base/半导体/SEMI_WFF_2026_1Q.xlsx,Infineon,EPI,facility_capacity,,,"Infineon - Mesa Facility-was Infineon,was IRF",2265,Company Detail,file:///Users/simon/Documents/Simon-OB/%E6%9C%AC%E4%BD%93%E8%AE%BA/base/%E5%8D%8A%E5%AF%BC%E4%BD%93/SEMI_WFF_2026_1Q.xlsx
Infineon - Kulim 1 current wafer capacity (SEMI WFF),,晶圆产能,SEMI WFF 工厂级晶圆产能观测。,current,110000,8,SE Asia,/Users/simon/Documents/Simon-OB/本体论/base/半导体/SEMI_WFF_2026_1Q.xlsx,Infineon,Analog,facility_capacity,,,Infineon - Kulim 1,2130,Company Detail,file:///Users/simon/Documents/Simon-OB/%E6%9C%AC%E4%BD%93%E8%AE%BA/base/%E5%8D%8A%E5%AF%BC%E4%BD%93/SEMI_WFF_2026_1Q.xlsx
Infineon - Villach 150mm IGBT Lines current wafer capacity (SEMI WFF),,晶圆产能,SEMI WFF 工厂级晶圆产能观测。,current,35000,6,Europe & Mideast,/Users/simon/Documents/Simon-OB/本体论/base/半导体/SEMI_WFF_2026_1Q.xlsx,Infineon,Analog,facility_capacity,,,Infineon - Villach 150mm IGBT Lines,979,Company Detail,file:///Users/simon/Documents/Simon-OB/%E6%9C%AC%E4%BD%93%E8%AE%BA/base/%E5%8D%8A%E5%AF%BC%E4%BD%93/SEMI_WFF_2026_1Q.xlsx
Infineon - Villach 200mm Line (Building 17) current wafer capacity (SEMI WFF),,晶圆产能,SEMI WFF 工厂级晶圆产能观测。,current,70000,8,Europe & Mideast,/Users/simon/Documents/Simon-OB/本体论/base/半导体/SEMI_WFF_2026_1Q.xlsx,Infineon,Analog,facility_capacity,,,Infineon - Villach 200mm Line (Building 17),978,Company Detail,file:///Users/simon/Documents/Simon-OB/%E6%9C%AC%E4%BD%93%E8%AE%BA/base/%E5%8D%8A%E5%AF%BC%E4%BD%93/SEMI_WFF_2026_1Q.xlsx
Infineon - Kulim 3 Phase 2 current wafer capacity (SEMI WFF),,晶圆产能,SEMI WFF 工厂级晶圆产能观测。,current,90000,8,SE Asia,/Users/simon/Documents/Simon-OB/本体论/base/半导体/SEMI_WFF_2026_1Q.xlsx,Infineon,Analog,facility_capacity,,,Infineon - Kulim 3 Phase 2,6474,Company Detail,file:///Users/simon/Documents/Simon-OB/%E6%9C%AC%E4%BD%93%E8%AE%BA/base/%E5%8D%8A%E5%AF%BC%E4%BD%93/SEMI_WFF_2026_1Q.xlsx
Infineon - Villach 150mm SiC and GaN lines (combined) current wafer capacity (SEMI WFF),,晶圆产能,SEMI WFF 工厂级晶圆产能观测。,current,35000,6,Europe & Mideast,/Users/simon/Documents/Simon-OB/本体论/base/半导体/SEMI_WFF_2026_1Q.xlsx,Infineon,Discrete,facility_capacity,,,Infineon - Villach 150mm SiC and GaN lines (combined),6161,Company Detail,file:///Users/simon/Documents/Simon-OB/%E6%9C%AC%E4%BD%93%E8%AE%BA/base/%E5%8D%8A%E5%AF%BC%E4%BD%93/SEMI_WFF_2026_1Q.xlsx
Infineon - Kulim 3 Phase 1 (SiC Fab) current wafer capacity (SEMI WFF),,晶圆产能,SEMI WFF 工厂级晶圆产能观测。,current,90000,8,SE Asia,/Users/simon/Documents/Simon-OB/本体论/base/半导体/SEMI_WFF_2026_1Q.xlsx,Infineon,Analog,facility_capacity,,,Infineon - Kulim 3 Phase 1 (SiC Fab),6262,Company Detail,file:///Users/simon/Documents/Simon-OB/%E6%9C%AC%E4%BD%93%E8%AE%BA/base/%E5%8D%8A%E5%AF%BC%E4%BD%93/SEMI_WFF_2026_1Q.xlsx
Infineon - Dresden - Module 4 (Smart Power Fab) current wafer capacity (SEMI WFF),,晶圆产能,SEMI WFF 工厂级晶圆产能观测。,current,90000,12,Europe & Mideast,/Users/simon/Documents/Simon-OB/本体论/base/半导体/SEMI_WFF_2026_1Q.xlsx,Infineon,Analog,facility_capacity,,,Infineon - Dresden - Module 4 (Smart Power Fab),6228,Company Detail,file:///Users/simon/Documents/Simon-OB/%E6%9C%AC%E4%BD%93%E8%AE%BA/base/%E5%8D%8A%E5%AF%BC%E4%BD%93/SEMI_WFF_2026_1Q.xlsx
Infineon - Building 38 - 200mm Line (was Prototype fab with Fraunhofer) current wafer capacity (SEMI WFF),,晶圆产能,SEMI WFF 工厂级晶圆产能观测。,current,500,8,Europe & Mideast,/Users/simon/Documents/Simon-OB/本体论/base/半导体/SEMI_WFF_2026_1Q.xlsx,Infineon,Logic&Micro,facility_capacity,,,Infineon - Building 38 - 200mm Line (was Prototype fab with Fraunhofer),6521,Company Detail,file:///Users/simon/Documents/Simon-OB/%E6%9C%AC%E4%BD%93%E8%AE%BA/base/%E5%8D%8A%E5%AF%BC%E4%BD%93/SEMI_WFF_2026_1Q.xlsx
Infineon - Building 47 - 200mm Line (was Screening fab Fraunhofer IPMS) current wafer capacity (SEMI WFF),,晶圆产能,SEMI WFF 工厂级晶圆产能观测。,current,2000,8,Europe & Mideast,/Users/simon/Documents/Simon-OB/本体论/base/半导体/SEMI_WFF_2026_1Q.xlsx,Infineon,Other,facility_capacity,,,Infineon - Building 47 - 200mm Line (was Screening fab Fraunhofer IPMS),6522,Company Detail,file:///Users/simon/Documents/Simon-OB/%E6%9C%AC%E4%BD%93%E8%AE%BA/base/%E5%8D%8A%E5%AF%BC%E4%BD%93/SEMI_WFF_2026_1Q.xlsx
InnoScience Inc. - Zhuhai R&D center current wafer capacity (SEMI WFF),,晶圆产能,SEMI WFF 工厂级晶圆产能观测。,current,12000,8,中国,/Users/simon/Documents/Simon-OB/本体论/base/半导体/SEMI_WFF_2026_1Q.xlsx,InnoScience Inc.,Discrete,facility_capacity,,,InnoScience Inc. - Zhuhai R&D center,4954,Company Detail,file:///Users/simon/Documents/Simon-OB/%E6%9C%AC%E4%BD%93%E8%AE%BA/base/%E5%8D%8A%E5%AF%BC%E4%BD%93/SEMI_WFF_2026_1Q.xlsx
InnoScience Inc. - Suzhou fab (Phase 1) current wafer capacity (SEMI WFF),,晶圆产能,SEMI WFF 工厂级晶圆产能观测。,current,32500,8,中国,/Users/simon/Documents/Simon-OB/本体论/base/半导体/SEMI_WFF_2026_1Q.xlsx,InnoScience Inc.,Discrete,facility_capacity,,,InnoScience Inc. - Suzhou fab (Phase 1),5022,Company Detail,file:///Users/simon/Documents/Simon-OB/%E6%9C%AC%E4%BD%93%E8%AE%BA/base/%E5%8D%8A%E5%AF%BC%E4%BD%93/SEMI_WFF_2026_1Q.xlsx
Institute for Photonics and Nanotechnologies (IFN) - IFN-CNR Rome current wafer capacity (SEMI WFF),,晶圆产能,SEMI WFF 工厂级晶圆产能观测。,current,500,6,Europe & Mideast,/Users/simon/Documents/Simon-OB/本体论/base/半导体/SEMI_WFF_2026_1Q.xlsx,Institute for Photonics and Nanotechnologies (IFN),Opto,facility_capacity,,,Institute for Photonics and Nanotechnologies (IFN) - IFN-CNR Rome,3090,Company Detail,file:///Users/simon/Documents/Simon-OB/%E6%9C%AC%E4%BD%93%E8%AE%BA/base/%E5%8D%8A%E5%AF%BC%E4%BD%93/SEMI_WFF_2026_1Q.xlsx
Institute of Microelectronics - Chernogolovka current wafer capacity (SEMI WFF),,晶圆产能,SEMI WFF 工厂级晶圆产能观测。,current,500,2,Europe & Mideast,/Users/simon/Documents/Simon-OB/本体论/base/半导体/SEMI_WFF_2026_1Q.xlsx,Institute of Microelectronics,Other,facility_capacity,,,Institute of Microelectronics - Chernogolovka,381,Company Detail,file:///Users/simon/Documents/Simon-OB/%E6%9C%AC%E4%BD%93%E8%AE%BA/base/%E5%8D%8A%E5%AF%BC%E4%BD%93/SEMI_WFF_2026_1Q.xlsx
Institute of Microelectronics - Yaroslavl current wafer capacity (SEMI WFF),,晶圆产能,SEMI WFF 工厂级晶圆产能观测。,current,500,2,Europe & Mideast,/Users/simon/Documents/Simon-OB/本体论/base/半导体/SEMI_WFF_2026_1Q.xlsx,Institute of Microelectronics,Other,facility_capacity,,,Institute of Microelectronics - Yaroslavl,382,Company Detail,file:///Users/simon/Documents/Simon-OB/%E6%9C%AC%E4%BD%93%E8%AE%BA/base/%E5%8D%8A%E5%AF%BC%E4%BD%93/SEMI_WFF_2026_1Q.xlsx
Institute of Science & Technology - N/A current wafer capacity (SEMI WFF),,晶圆产能,SEMI WFF 工厂级晶圆产能观测。,current,10000,4,Europe & Mideast,/Users/simon/Documents/Simon-OB/本体论/base/半导体/SEMI_WFF_2026_1Q.xlsx,Institute of Science & Technology,Other,facility_capacity,,,Institute of Science & Technology - N/A,384,Company Detail,file:///Users/simon/Documents/Simon-OB/%E6%9C%AC%E4%BD%93%E8%AE%BA/base/%E5%8D%8A%E5%AF%BC%E4%BD%93/SEMI_WFF_2026_1Q.xlsx
Institute of Semiconductors CAS - Research Center for Semiconductor current wafer capacity (SEMI WFF),,晶圆产能,SEMI WFF 工厂级晶圆产能观测。,current,1000,4,中国,/Users/simon/Documents/Simon-OB/本体论/base/半导体/SEMI_WFF_2026_1Q.xlsx,Institute of Semiconductors CAS,Other,facility_capacity,,,Institute of Semiconductors CAS - Research Center for Semiconductor,3091,Company Detail,file:///Users/simon/Documents/Simon-OB/%E6%9C%AC%E4%BD%93%E8%AE%BA/base/%E5%8D%8A%E5%AF%BC%E4%BD%93/SEMI_WFF_2026_1Q.xlsx
Institute of Semiconductors CAS - Semiconductor Lighting R&D Center current wafer capacity (SEMI WFF),,晶圆产能,SEMI WFF 工厂级晶圆产能观测。,current,2000,2,中国,/Users/simon/Documents/Simon-OB/本体论/base/半导体/SEMI_WFF_2026_1Q.xlsx,Institute of Semiconductors CAS,Opto,facility_capacity,,,Institute of Semiconductors CAS - Semiconductor Lighting R&D Center,3092,Company Detail,file:///Users/simon/Documents/Simon-OB/%E6%9C%AC%E4%BD%93%E8%AE%BA/base/%E5%8D%8A%E5%AF%BC%E4%BD%93/SEMI_WFF_2026_1Q.xlsx
Institute of Technology Georgia - Pettit Microelectronics Center current wafer capacity (SEMI WFF),,晶圆产能,SEMI WFF 工厂级晶圆产能观测。,current,50,4,美洲,/Users/simon/Documents/Simon-OB/本体论/base/半导体/SEMI_WFF_2026_1Q.xlsx,Institute of Technology Georgia,Other,facility_capacity,,,Institute of Technology Georgia - Pettit Microelectronics Center,2462,Company Detail,file:///Users/simon/Documents/Simon-OB/%E6%9C%AC%E4%BD%93%E8%AE%BA/base/%E5%8D%8A%E5%AF%BC%E4%BD%93/SEMI_WFF_2026_1Q.xlsx
"Integral, Research and Production Corporation - 200mm Pilot current wafer capacity (SEMI WFF)",,晶圆产能,SEMI WFF 工厂级晶圆产能观测。,current,1000,8,Europe & Mideast,/Users/simon/Documents/Simon-OB/本体论/base/半导体/SEMI_WFF_2026_1Q.xlsx,"Integral, Research and Production Corporation",Other,facility_capacity,,,"Integral, Research and Production Corporation - 200mm Pilot",2428,Company Detail,file:///Users/simon/Documents/Simon-OB/%E6%9C%AC%E4%BD%93%E8%AE%BA/base/%E5%8D%8A%E5%AF%BC%E4%BD%93/SEMI_WFF_2026_1Q.xlsx
"Integral, Research and Production Corporation - Semiconductor Device Factory current wafer capacity (SEMI WFF)",,晶圆产能,SEMI WFF 工厂级晶圆产能观测。,current,10000,6,Europe & Mideast,/Users/simon/Documents/Simon-OB/本体论/base/半导体/SEMI_WFF_2026_1Q.xlsx,"Integral, Research and Production Corporation",Discrete,facility_capacity,,,"Integral, Research and Production Corporation - Semiconductor Device Factory",385,Company Detail,file:///Users/simon/Documents/Simon-OB/%E6%9C%AC%E4%BD%93%E8%AE%BA/base/%E5%8D%8A%E5%AF%BC%E4%BD%93/SEMI_WFF_2026_1Q.xlsx
"Integral, Research and Production Corporation - Integrated Circuit (Transistor Plant) current wafer capacity (SEMI WFF)",,晶圆产能,SEMI WFF 工厂级晶圆产能观测。,current,15000,4,Europe & Mideast,/Users/simon/Documents/Simon-OB/本体论/base/半导体/SEMI_WFF_2026_1Q.xlsx,"Integral, Research and Production Corporation",Discrete,facility_capacity,,,"Integral, Research and Production Corporation - Integrated Circuit (Transistor Plant)",1488,Company Detail,file:///Users/simon/Documents/Simon-OB/%E6%9C%AC%E4%BD%93%E8%AE%BA/base/%E5%8D%8A%E5%AF%BC%E4%BD%93/SEMI_WFF_2026_1Q.xlsx
"Integral, Research and Production Corporation - Integrated Circuits current wafer capacity (SEMI WFF)",,晶圆产能,SEMI WFF 工厂级晶圆产能观测。,current,30000,4,Europe & Mideast,/Users/simon/Documents/Simon-OB/本体论/base/半导体/SEMI_WFF_2026_1Q.xlsx,"Integral, Research and Production Corporation",Discrete,facility_capacity,,,"Integral, Research and Production Corporation - Integrated Circuits",3611,Company Detail,file:///Users/simon/Documents/Simon-OB/%E6%9C%AC%E4%BD%93%E8%AE%BA/base/%E5%8D%8A%E5%AF%BC%E4%BD%93/SEMI_WFF_2026_1Q.xlsx
Intel - D1X Module 2 current wafer capacity (SEMI WFF),,晶圆产能,SEMI WFF 工厂级晶圆产能观测。,current,13000,12,美洲,/Users/simon/Documents/Simon-OB/本体论/base/半导体/SEMI_WFF_2026_1Q.xlsx,Intel,Logic&Micro,facility_capacity,,,Intel - D1X Module 2,3525,Company Detail,file:///Users/simon/Documents/Simon-OB/%E6%9C%AC%E4%BD%93%E8%AE%BA/base/%E5%8D%8A%E5%AF%BC%E4%BD%93/SEMI_WFF_2026_1Q.xlsx
Intel - D1X Module 1 current wafer capacity (SEMI WFF),,晶圆产能,SEMI WFF 工厂级晶圆产能观测。,current,13000,12,美洲,/Users/simon/Documents/Simon-OB/本体论/base/半导体/SEMI_WFF_2026_1Q.xlsx,Intel,Logic&Micro,facility_capacity,,,Intel - D1X Module 1,3332,Company Detail,file:///Users/simon/Documents/Simon-OB/%E6%9C%AC%E4%BD%93%E8%AE%BA/base/%E5%8D%8A%E5%AF%BC%E4%BD%93/SEMI_WFF_2026_1Q.xlsx
Intel - Fab 42 current wafer capacity (SEMI WFF),,晶圆产能,SEMI WFF 工厂级晶圆产能观测。,current,35000,12,美洲,/Users/simon/Documents/Simon-OB/本体论/base/半导体/SEMI_WFF_2026_1Q.xlsx,Intel,Logic&Micro,facility_capacity,,,Intel - Fab 42,3361,Company Detail,file:///Users/simon/Documents/Simon-OB/%E6%9C%AC%E4%BD%93%E8%AE%BA/base/%E5%8D%8A%E5%AF%BC%E4%BD%93/SEMI_WFF_2026_1Q.xlsx
Intel - D1X Module 3 current wafer capacity (SEMI WFF),,晶圆产能,SEMI WFF 工厂级晶圆产能观测。,current,18000,12,美洲,/Users/simon/Documents/Simon-OB/本体论/base/半导体/SEMI_WFF_2026_1Q.xlsx,Intel,Logic&Micro,facility_capacity,,,Intel - D1X Module 3,5079,Company Detail,file:///Users/simon/Documents/Simon-OB/%E6%9C%AC%E4%BD%93%E8%AE%BA/base/%E5%8D%8A%E5%AF%BC%E4%BD%93/SEMI_WFF_2026_1Q.xlsx
Intel - Fab 38 Phase 1 (new Fab Israel) current wafer capacity (SEMI WFF),,晶圆产能,SEMI WFF 工厂级晶圆产能观测。,current,30000,12,Europe & Mideast,/Users/simon/Documents/Simon-OB/本体论/base/半导体/SEMI_WFF_2026_1Q.xlsx,Intel,Logic&Micro,facility_capacity,,,Intel - Fab 38 Phase 1 (new Fab Israel),5081,Company Detail,file:///Users/simon/Documents/Simon-OB/%E6%9C%AC%E4%BD%93%E8%AE%BA/base/%E5%8D%8A%E5%AF%BC%E4%BD%93/SEMI_WFF_2026_1Q.xlsx
Intel - Fab 34 (Module 1 + 2) Intel-Apollo JV current wafer capacity (SEMI WFF),,晶圆产能,SEMI WFF 工厂级晶圆产能观测。,current,40000,12,Europe & Mideast,/Users/simon/Documents/Simon-OB/本体论/base/半导体/SEMI_WFF_2026_1Q.xlsx,Intel,Logic&Micro,facility_capacity,,,Intel - Fab 34 (Module 1 + 2) Intel-Apollo JV,3920,Company Detail,file:///Users/simon/Documents/Simon-OB/%E6%9C%AC%E4%BD%93%E8%AE%BA/base/%E5%8D%8A%E5%AF%BC%E4%BD%93/SEMI_WFF_2026_1Q.xlsx
"Intel - Fab 11X (includes expansion, was Fab 11E) current wafer capacity (SEMI WFF)",,晶圆产能,SEMI WFF 工厂级晶圆产能观测。,current,50000,12,美洲,/Users/simon/Documents/Simon-OB/本体论/base/半导体/SEMI_WFF_2026_1Q.xlsx,Intel,Logic&Micro,facility_capacity,,,"Intel - Fab 11X (includes expansion, was Fab 11E)",1796,Company Detail,file:///Users/simon/Documents/Simon-OB/%E6%9C%AC%E4%BD%93%E8%AE%BA/base/%E5%8D%8A%E5%AF%BC%E4%BD%93/SEMI_WFF_2026_1Q.xlsx
Intel - Fab 24 (+ Fab 14 combined) current wafer capacity (SEMI WFF),,晶圆产能,SEMI WFF 工厂级晶圆产能观测。,current,50000,12,Europe & Mideast,/Users/simon/Documents/Simon-OB/本体论/base/半导体/SEMI_WFF_2026_1Q.xlsx,Intel,Logic&Micro,facility_capacity,,,Intel - Fab 24 (+ Fab 14 combined),1802,Company Detail,file:///Users/simon/Documents/Simon-OB/%E6%9C%AC%E4%BD%93%E8%AE%BA/base/%E5%8D%8A%E5%AF%BC%E4%BD%93/SEMI_WFF_2026_1Q.xlsx
Intel - Fab 28 (+Fab 28A) current wafer capacity (SEMI WFF),,晶圆产能,SEMI WFF 工厂级晶圆产能观测。,current,70000,12,Europe & Mideast,/Users/simon/Documents/Simon-OB/本体论/base/半导体/SEMI_WFF_2026_1Q.xlsx,Intel,Logic&Micro,facility_capacity,,,Intel - Fab 28 (+Fab 28A),1792,Company Detail,file:///Users/simon/Documents/Simon-OB/%E6%9C%AC%E4%BD%93%E8%AE%BA/base/%E5%8D%8A%E5%AF%BC%E4%BD%93/SEMI_WFF_2026_1Q.xlsx
Intel - Fab 29 - Mod 2 (Magdeburg) current wafer capacity (SEMI WFF),,晶圆产能,SEMI WFF 工厂级晶圆产能观测。,current,30000,12,Europe & Mideast,/Users/simon/Documents/Simon-OB/本体论/base/半导体/SEMI_WFF_2026_1Q.xlsx,Intel,Logic&Micro,facility_capacity,,,Intel - Fab 29 - Mod 2 (Magdeburg),6273,Company Detail,file:///Users/simon/Documents/Simon-OB/%E6%9C%AC%E4%BD%93%E8%AE%BA/base/%E5%8D%8A%E5%AF%BC%E4%BD%93/SEMI_WFF_2026_1Q.xlsx
Intel - Fab 29 - Mod 1 (Magdeburg) current wafer capacity (SEMI WFF),,晶圆产能,SEMI WFF 工厂级晶圆产能观测。,current,30000,12,Europe & Mideast,/Users/simon/Documents/Simon-OB/本体论/base/半导体/SEMI_WFF_2026_1Q.xlsx,Intel,Logic&Micro,facility_capacity,,,Intel - Fab 29 - Mod 1 (Magdeburg),6247,Company Detail,file:///Users/simon/Documents/Simon-OB/%E6%9C%AC%E4%BD%93%E8%AE%BA/base/%E5%8D%8A%E5%AF%BC%E4%BD%93/SEMI_WFF_2026_1Q.xlsx
Intel - D1C (+ D1C expansion Fab 20) current wafer capacity (SEMI WFF),,晶圆产能,SEMI WFF 工厂级晶圆产能观测。,current,27000,12,美洲,/Users/simon/Documents/Simon-OB/本体论/base/半导体/SEMI_WFF_2026_1Q.xlsx,Intel,Logic&Micro,facility_capacity,,,Intel - D1C (+ D1C expansion Fab 20),401,Company Detail,file:///Users/simon/Documents/Simon-OB/%E6%9C%AC%E4%BD%93%E8%AE%BA/base/%E5%8D%8A%E5%AF%BC%E4%BD%93/SEMI_WFF_2026_1Q.xlsx
Intel - Fab 32 Megafab (Fab 32+Fab 22+Fab 12) current wafer capacity (SEMI WFF),,晶圆产能,SEMI WFF 工厂级晶圆产能观测。,current,66000,12,美洲,/Users/simon/Documents/Simon-OB/本体论/base/半导体/SEMI_WFF_2026_1Q.xlsx,Intel,Logic&Micro,facility_capacity,,,Intel - Fab 32 Megafab (Fab 32+Fab 22+Fab 12),2183,Company Detail,file:///Users/simon/Documents/Simon-OB/%E6%9C%AC%E4%BD%93%E8%AE%BA/base/%E5%8D%8A%E5%AF%BC%E4%BD%93/SEMI_WFF_2026_1Q.xlsx
Intel - RP1 current wafer capacity (SEMI WFF),,晶圆产能,SEMI WFF 工厂级晶圆产能观测。,current,500,12,美洲,/Users/simon/Documents/Simon-OB/本体论/base/半导体/SEMI_WFF_2026_1Q.xlsx,Intel,Other,facility_capacity,,,Intel - RP1,1866,Company Detail,file:///Users/simon/Documents/Simon-OB/%E6%9C%AC%E4%BD%93%E8%AE%BA/base/%E5%8D%8A%E5%AF%BC%E4%BD%93/SEMI_WFF_2026_1Q.xlsx
Intel - D1D current wafer capacity (SEMI WFF),,晶圆产能,SEMI WFF 工厂级晶圆产能观测。,current,16000,12,美洲,/Users/simon/Documents/Simon-OB/本体论/base/半导体/SEMI_WFF_2026_1Q.xlsx,Intel,Logic&Micro,facility_capacity,,,Intel - D1D,1867,Company Detail,file:///Users/simon/Documents/Simon-OB/%E6%9C%AC%E4%BD%93%E8%AE%BA/base/%E5%8D%8A%E5%AF%BC%E4%BD%93/SEMI_WFF_2026_1Q.xlsx
Intel - D1X Module 4 current wafer capacity (SEMI WFF),,晶圆产能,SEMI WFF 工厂级晶圆产能观测。,current,16000,12,美洲,/Users/simon/Documents/Simon-OB/本体论/base/半导体/SEMI_WFF_2026_1Q.xlsx,Intel,Logic&Micro,facility_capacity,,,Intel - D1X Module 4,6475,Company Detail,file:///Users/simon/Documents/Simon-OB/%E6%9C%AC%E4%BD%93%E8%AE%BA/base/%E5%8D%8A%E5%AF%BC%E4%BD%93/SEMI_WFF_2026_1Q.xlsx
Intel - Fab 52 current wafer capacity (SEMI WFF),,晶圆产能,SEMI WFF 工厂级晶圆产能观测。,current,40000,12,美洲,/Users/simon/Documents/Simon-OB/本体论/base/半导体/SEMI_WFF_2026_1Q.xlsx,Intel,Logic&Micro,facility_capacity,,,Intel - Fab 52,6219,Company Detail,file:///Users/simon/Documents/Simon-OB/%E6%9C%AC%E4%BD%93%E8%AE%BA/base/%E5%8D%8A%E5%AF%BC%E4%BD%93/SEMI_WFF_2026_1Q.xlsx
Intel - Fab 62 current wafer capacity (SEMI WFF),,晶圆产能,SEMI WFF 工厂级晶圆产能观测。,current,32000,12,美洲,/Users/simon/Documents/Simon-OB/本体论/base/半导体/SEMI_WFF_2026_1Q.xlsx,Intel,Logic&Micro,facility_capacity,,,Intel - Fab 62,6220,Company Detail,file:///Users/simon/Documents/Simon-OB/%E6%9C%AC%E4%BD%93%E8%AE%BA/base/%E5%8D%8A%E5%AF%BC%E4%BD%93/SEMI_WFF_2026_1Q.xlsx
Intel - Fab 27 - Mod 2 (Ohio) current wafer capacity (SEMI WFF),,晶圆产能,SEMI WFF 工厂级晶圆产能观测。,current,25000,12,美洲,/Users/simon/Documents/Simon-OB/本体论/base/半导体/SEMI_WFF_2026_1Q.xlsx,Intel,Logic&Micro,facility_capacity,,,Intel - Fab 27 - Mod 2 (Ohio),6272,Company Detail,file:///Users/simon/Documents/Simon-OB/%E6%9C%AC%E4%BD%93%E8%AE%BA/base/%E5%8D%8A%E5%AF%BC%E4%BD%93/SEMI_WFF_2026_1Q.xlsx
Intel - Fab 38 Phase 2 current wafer capacity (SEMI WFF),,晶圆产能,SEMI WFF 工厂级晶圆产能观测。,current,25000,12,Europe & Mideast,/Users/simon/Documents/Simon-OB/本体论/base/半导体/SEMI_WFF_2026_1Q.xlsx,Intel,Logic&Micro,facility_capacity,,,Intel - Fab 38 Phase 2,6274,Company Detail,file:///Users/simon/Documents/Simon-OB/%E6%9C%AC%E4%BD%93%E8%AE%BA/base/%E5%8D%8A%E5%AF%BC%E4%BD%93/SEMI_WFF_2026_1Q.xlsx
Intel - Fab 27 - Mod 1 (Ohio) current wafer capacity (SEMI WFF),,晶圆产能,SEMI WFF 工厂级晶圆产能观测。,current,30000,12,美洲,/Users/simon/Documents/Simon-OB/本体论/base/半导体/SEMI_WFF_2026_1Q.xlsx,Intel,Logic&Micro,facility_capacity,,,Intel - Fab 27 - Mod 1 (Ohio),6246,Company Detail,file:///Users/simon/Documents/Simon-OB/%E6%9C%AC%E4%BD%93%E8%AE%BA/base/%E5%8D%8A%E5%AF%BC%E4%BD%93/SEMI_WFF_2026_1Q.xlsx
IntelliEPI Inc. - Tianjin fab current wafer capacity (SEMI WFF),,晶圆产能,SEMI WFF 工厂级晶圆产能观测。,current,10000,3,中国,/Users/simon/Documents/Simon-OB/本体论/base/半导体/SEMI_WFF_2026_1Q.xlsx,IntelliEPI Inc.,EPI,facility_capacity,,,IntelliEPI Inc. - Tianjin fab,5051,Company Detail,file:///Users/simon/Documents/Simon-OB/%E6%9C%AC%E4%BD%93%E8%AE%BA/base/%E5%8D%8A%E5%AF%BC%E4%BD%93/SEMI_WFF_2026_1Q.xlsx
IntelliEPI Inc. - Ridgemont fab & HQ current wafer capacity (SEMI WFF),,晶圆产能,SEMI WFF 工厂级晶圆产能观测。,current,15000,6,美洲,/Users/simon/Documents/Simon-OB/本体论/base/半导体/SEMI_WFF_2026_1Q.xlsx,IntelliEPI Inc.,EPI,facility_capacity,,,IntelliEPI Inc. - Ridgemont fab & HQ,5050,Company Detail,file:///Users/simon/Documents/Simon-OB/%E6%9C%AC%E4%BD%93%E8%AE%BA/base/%E5%8D%8A%E5%AF%BC%E4%BD%93/SEMI_WFF_2026_1Q.xlsx
IntelliEPI Inc. - Richardson fab current wafer capacity (SEMI WFF),,晶圆产能,SEMI WFF 工厂级晶圆产能观测。,current,13000,4,美洲,/Users/simon/Documents/Simon-OB/本体论/base/半导体/SEMI_WFF_2026_1Q.xlsx,IntelliEPI Inc.,EPI,facility_capacity,,,IntelliEPI Inc. - Richardson fab,3589,Company Detail,file:///Users/simon/Documents/Simon-OB/%E6%9C%AC%E4%BD%93%E8%AE%BA/base/%E5%8D%8A%E5%AF%BC%E4%BD%93/SEMI_WFF_2026_1Q.xlsx
Inventchip Technology - Yiwu Fab1 current wafer capacity (SEMI WFF),,晶圆产能,SEMI WFF 工厂级晶圆产能观测。,current,10000,6,中国,/Users/simon/Documents/Simon-OB/本体论/base/半导体/SEMI_WFF_2026_1Q.xlsx,Inventchip Technology,Discrete,facility_capacity,,,Inventchip Technology - Yiwu Fab1,6576,Company Detail,file:///Users/simon/Documents/Simon-OB/%E6%9C%AC%E4%BD%93%E8%AE%BA/base/%E5%8D%8A%E5%AF%BC%E4%BD%93/SEMI_WFF_2026_1Q.xlsx
IPG - Wafer Fab (4-inch line) current wafer capacity (SEMI WFF),,晶圆产能,SEMI WFF 工厂级晶圆产能观测。,current,40000,4,美洲,/Users/simon/Documents/Simon-OB/本体论/base/半导体/SEMI_WFF_2026_1Q.xlsx,IPG,Opto,facility_capacity,,,IPG - Wafer Fab (4-inch line),6192,Company Detail,file:///Users/simon/Documents/Simon-OB/%E6%9C%AC%E4%BD%93%E8%AE%BA/base/%E5%8D%8A%E5%AF%BC%E4%BD%93/SEMI_WFF_2026_1Q.xlsx
IQE plc - Newport current wafer capacity (SEMI WFF),,晶圆产能,SEMI WFF 工厂级晶圆产能观测。,current,13000,6,Europe & Mideast,/Users/simon/Documents/Simon-OB/本体论/base/半导体/SEMI_WFF_2026_1Q.xlsx,IQE plc,EPI,facility_capacity,,,IQE plc - Newport,6700,Company Detail,file:///Users/simon/Documents/Simon-OB/%E6%9C%AC%E4%BD%93%E8%AE%BA/base/%E5%8D%8A%E5%AF%BC%E4%BD%93/SEMI_WFF_2026_1Q.xlsx
IQE plc - IQE Taiwan current wafer capacity (SEMI WFF),,晶圆产能,SEMI WFF 工厂级晶圆产能观测。,current,10000,6,中国台湾,/Users/simon/Documents/Simon-OB/本体论/base/半导体/SEMI_WFF_2026_1Q.xlsx,IQE plc,EPI,facility_capacity,,,IQE plc - IQE Taiwan,6701,Company Detail,file:///Users/simon/Documents/Simon-OB/%E6%9C%AC%E4%BD%93%E8%AE%BA/base/%E5%8D%8A%E5%AF%BC%E4%BD%93/SEMI_WFF_2026_1Q.xlsx
IQE plc - IQE North Carolina (was RFMD Fab 2 MBE) current wafer capacity (SEMI WFF),,晶圆产能,SEMI WFF 工厂级晶圆产能观测。,current,8000,6,美洲,/Users/simon/Documents/Simon-OB/本体论/base/半导体/SEMI_WFF_2026_1Q.xlsx,IQE plc,EPI,facility_capacity,,,IQE plc - IQE North Carolina (was RFMD Fab 2 MBE),3868,Company Detail,file:///Users/simon/Documents/Simon-OB/%E6%9C%AC%E4%BD%93%E8%AE%BA/base/%E5%8D%8A%E5%AF%BC%E4%BD%93/SEMI_WFF_2026_1Q.xlsx
IQE plc - IQE (Europe) Ltd. Manufacturing current wafer capacity (SEMI WFF),,晶圆产能,SEMI WFF 工厂级晶圆产能观测。,current,4000,6,Europe & Mideast,/Users/simon/Documents/Simon-OB/本体论/base/半导体/SEMI_WFF_2026_1Q.xlsx,IQE plc,EPI,facility_capacity,,,IQE plc - IQE (Europe) Ltd. Manufacturing,2277,Company Detail,file:///Users/simon/Documents/Simon-OB/%E6%9C%AC%E4%BD%93%E8%AE%BA/base/%E5%8D%8A%E5%AF%BC%E4%BD%93/SEMI_WFF_2026_1Q.xlsx
IQE plc - Beech House (IQE Silicon Compounds Ltd) current wafer capacity (SEMI WFF),,晶圆产能,SEMI WFF 工厂级晶圆产能观测。,current,1000,8,Europe & Mideast,/Users/simon/Documents/Simon-OB/本体论/base/半导体/SEMI_WFF_2026_1Q.xlsx,IQE plc,EPI,facility_capacity,,,IQE plc - Beech House (IQE Silicon Compounds Ltd),2279,Company Detail,file:///Users/simon/Documents/Simon-OB/%E6%9C%AC%E4%BD%93%E8%AE%BA/base/%E5%8D%8A%E5%AF%BC%E4%BD%93/SEMI_WFF_2026_1Q.xlsx
IQE plc - Somerset (was Emcore) current wafer capacity (SEMI WFF),,晶圆产能,SEMI WFF 工厂级晶圆产能观测。,current,1500,6,美洲,/Users/simon/Documents/Simon-OB/本体论/base/半导体/SEMI_WFF_2026_1Q.xlsx,IQE plc,EPI,facility_capacity,,,IQE plc - Somerset (was Emcore),2333,Company Detail,file:///Users/simon/Documents/Simon-OB/%E6%9C%AC%E4%BD%93%E8%AE%BA/base/%E5%8D%8A%E5%AF%BC%E4%BD%93/SEMI_WFF_2026_1Q.xlsx
IQE plc - Taunton 2 current wafer capacity (SEMI WFF),,晶圆产能,SEMI WFF 工厂级晶圆产能观测。,current,12000,6,美洲,/Users/simon/Documents/Simon-OB/本体论/base/半导体/SEMI_WFF_2026_1Q.xlsx,IQE plc,EPI,facility_capacity,,,IQE plc - Taunton 2,3153,Company Detail,file:///Users/simon/Documents/Simon-OB/%E6%9C%AC%E4%BD%93%E8%AE%BA/base/%E5%8D%8A%E5%AF%BC%E4%BD%93/SEMI_WFF_2026_1Q.xlsx
IQE plc - Taunton current wafer capacity (SEMI WFF),,晶圆产能,SEMI WFF 工厂级晶圆产能观测。,current,20000,4,美洲,/Users/simon/Documents/Simon-OB/本体论/base/半导体/SEMI_WFF_2026_1Q.xlsx,IQE plc,EPI,facility_capacity,,,IQE plc - Taunton,3152,Company Detail,file:///Users/simon/Documents/Simon-OB/%E6%9C%AC%E4%BD%93%E8%AE%BA/base/%E5%8D%8A%E5%AF%BC%E4%BD%93/SEMI_WFF_2026_1Q.xlsx
ISS- Integrated Sensing Systems - Fab (2 cleanrooms) current wafer capacity (SEMI WFF),,晶圆产能,SEMI WFF 工厂级晶圆产能观测。,current,5000,6,美洲,/Users/simon/Documents/Simon-OB/本体论/base/半导体/SEMI_WFF_2026_1Q.xlsx,ISS- Integrated Sensing Systems,MEMS,facility_capacity,,,ISS- Integrated Sensing Systems - Fab (2 cleanrooms),2120,Company Detail,file:///Users/simon/Documents/Simon-OB/%E6%9C%AC%E4%BD%93%E8%AE%BA/base/%E5%8D%8A%E5%AF%BC%E4%BD%93/SEMI_WFF_2026_1Q.xlsx
Istok - Istok current wafer capacity (SEMI WFF),,晶圆产能,SEMI WFF 工厂级晶圆产能观测。,current,4000,4,Europe & Mideast,/Users/simon/Documents/Simon-OB/本体论/base/半导体/SEMI_WFF_2026_1Q.xlsx,Istok,Discrete,facility_capacity,,,Istok - Istok,2435,Company Detail,file:///Users/simon/Documents/Simon-OB/%E6%9C%AC%E4%BD%93%E8%AE%BA/base/%E5%8D%8A%E5%AF%BC%E4%BD%93/SEMI_WFF_2026_1Q.xlsx
Istok - 6-inch (new) current wafer capacity (SEMI WFF),,晶圆产能,SEMI WFF 工厂级晶圆产能观测。,current,1500,6,Europe & Mideast,/Users/simon/Documents/Simon-OB/本体论/base/半导体/SEMI_WFF_2026_1Q.xlsx,Istok,Discrete,facility_capacity,,,Istok - 6-inch (new),2481,Company Detail,file:///Users/simon/Documents/Simon-OB/%E6%9C%AC%E4%BD%93%E8%AE%BA/base/%E5%8D%8A%E5%AF%BC%E4%BD%93/SEMI_WFF_2026_1Q.xlsx
IXYS Corporation - Fab 3 (MwT) current wafer capacity (SEMI WFF),,晶圆产能,SEMI WFF 工厂级晶圆产能观测。,current,1000,3,美洲,/Users/simon/Documents/Simon-OB/本体论/base/半导体/SEMI_WFF_2026_1Q.xlsx,IXYS Corporation,Discrete,facility_capacity,,,IXYS Corporation - Fab 3 (MwT),2239,Company Detail,file:///Users/simon/Documents/Simon-OB/%E6%9C%AC%E4%BD%93%E8%AE%BA/base/%E5%8D%8A%E5%AF%BC%E4%BD%93/SEMI_WFF_2026_1Q.xlsx
IXYS Corporation - Westcode current wafer capacity (SEMI WFF),,晶圆产能,SEMI WFF 工厂级晶圆产能观测。,current,10000,5,Europe & Mideast,/Users/simon/Documents/Simon-OB/本体论/base/半导体/SEMI_WFF_2026_1Q.xlsx,IXYS Corporation,Discrete,facility_capacity,,,IXYS Corporation - Westcode,1196,Company Detail,file:///Users/simon/Documents/Simon-OB/%E6%9C%AC%E4%BD%93%E8%AE%BA/base/%E5%8D%8A%E5%AF%BC%E4%BD%93/SEMI_WFF_2026_1Q.xlsx
IXYS Corporation - Fab 1 current wafer capacity (SEMI WFF),,晶圆产能,SEMI WFF 工厂级晶圆产能观测。,current,18000,6,Europe & Mideast,/Users/simon/Documents/Simon-OB/本体论/base/半导体/SEMI_WFF_2026_1Q.xlsx,IXYS Corporation,Discrete,facility_capacity,,,IXYS Corporation - Fab 1,1,Company Detail,file:///Users/simon/Documents/Simon-OB/%E6%9C%AC%E4%BD%93%E8%AE%BA/base/%E5%8D%8A%E5%AF%BC%E4%BD%93/SEMI_WFF_2026_1Q.xlsx
IXYS Corporation - Fab 2 current wafer capacity (SEMI WFF),,晶圆产能,SEMI WFF 工厂级晶圆产能观测。,current,10700,6,美洲,/Users/simon/Documents/Simon-OB/本体论/base/半导体/SEMI_WFF_2026_1Q.xlsx,IXYS Corporation,Discrete,facility_capacity,,,IXYS Corporation - Fab 2,1558,Company Detail,file:///Users/simon/Documents/Simon-OB/%E6%9C%AC%E4%BD%93%E8%AE%BA/base/%E5%8D%8A%E5%AF%BC%E4%BD%93/SEMI_WFF_2026_1Q.xlsx
Japan Semiconductor - Oita C-Cubed 2 (110 Bldg) current wafer capacity (SEMI WFF),,晶圆产能,SEMI WFF 工厂级晶圆产能观测。,current,15000,6,日本,/Users/simon/Documents/Simon-OB/本体论/base/半导体/SEMI_WFF_2026_1Q.xlsx,Japan Semiconductor,Discrete,facility_capacity,,,Japan Semiconductor - Oita C-Cubed 2 (110 Bldg),1122,Company Detail,file:///Users/simon/Documents/Simon-OB/%E6%9C%AC%E4%BD%93%E8%AE%BA/base/%E5%8D%8A%E5%AF%BC%E4%BD%93/SEMI_WFF_2026_1Q.xlsx
Japan Semiconductor - Iwate Operations current wafer capacity (SEMI WFF),,晶圆产能,SEMI WFF 工厂级晶圆产能观测。,current,23000,8,日本,/Users/simon/Documents/Simon-OB/本体论/base/半导体/SEMI_WFF_2026_1Q.xlsx,Japan Semiconductor,Logic&Micro,facility_capacity,,,Japan Semiconductor - Iwate Operations,1361,Company Detail,file:///Users/simon/Documents/Simon-OB/%E6%9C%AC%E4%BD%93%E8%AE%BA/base/%E5%8D%8A%E5%AF%BC%E4%BD%93/SEMI_WFF_2026_1Q.xlsx
Japan Semiconductor - Oita C-Cubed 4 + OTSS + Annex current wafer capacity (SEMI WFF),,晶圆产能,SEMI WFF 工厂级晶圆产能观测。,current,50000,8,日本,/Users/simon/Documents/Simon-OB/本体论/base/半导体/SEMI_WFF_2026_1Q.xlsx,Japan Semiconductor,Logic&Micro,facility_capacity,,,Japan Semiconductor - Oita C-Cubed 4 + OTSS + Annex,1130,Company Detail,file:///Users/simon/Documents/Simon-OB/%E6%9C%AC%E4%BD%93%E8%AE%BA/base/%E5%8D%8A%E5%AF%BC%E4%BD%93/SEMI_WFF_2026_1Q.xlsx
Japan Semiconductor - Oita C-Cubed 3 (110 Bldg) current wafer capacity (SEMI WFF),,晶圆产能,SEMI WFF 工厂级晶圆产能观测。,current,25000,8,日本,/Users/simon/Documents/Simon-OB/本体论/base/半导体/SEMI_WFF_2026_1Q.xlsx,Japan Semiconductor,Logic&Micro,facility_capacity,,,Japan Semiconductor - Oita C-Cubed 3 (110 Bldg),1127,Company Detail,file:///Users/simon/Documents/Simon-OB/%E6%9C%AC%E4%BD%93%E8%AE%BA/base/%E5%8D%8A%E5%AF%BC%E4%BD%93/SEMI_WFF_2026_1Q.xlsx
Japan Semiconductor Manufacturing Corporation (JSMC) - JSMC Fab 1 current wafer capacity (SEMI WFF),,晶圆产能,SEMI WFF 工厂级晶圆产能观测。,current,40000,12,日本,/Users/simon/Documents/Simon-OB/本体论/base/半导体/SEMI_WFF_2026_1Q.xlsx,Japan Semiconductor Manufacturing Corporation (JSMC),Logic&Micro,facility_capacity,,,Japan Semiconductor Manufacturing Corporation (JSMC) - JSMC Fab 1,6500,Company Detail,file:///Users/simon/Documents/Simon-OB/%E6%9C%AC%E4%BD%93%E8%AE%BA/base/%E5%8D%8A%E5%AF%BC%E4%BD%93/SEMI_WFF_2026_1Q.xlsx
JENOPTIK Diode Lab GmbH - Berlin-Adlershof current wafer capacity (SEMI WFF),,晶圆产能,SEMI WFF 工厂级晶圆产能观测。,current,3000,3,Europe & Mideast,/Users/simon/Documents/Simon-OB/本体论/base/半导体/SEMI_WFF_2026_1Q.xlsx,JENOPTIK Diode Lab GmbH,Opto,facility_capacity,,,JENOPTIK Diode Lab GmbH - Berlin-Adlershof,2190,Company Detail,file:///Users/simon/Documents/Simon-OB/%E6%9C%AC%E4%BD%93%E8%AE%BA/base/%E5%8D%8A%E5%AF%BC%E4%BD%93/SEMI_WFF_2026_1Q.xlsx
JENOPTIK Diode Lab GmbH - TESAG current wafer capacity (SEMI WFF),,晶圆产能,SEMI WFF 工厂级晶圆产能观测。,current,1000,4,Europe & Mideast,/Users/simon/Documents/Simon-OB/本体论/base/半导体/SEMI_WFF_2026_1Q.xlsx,JENOPTIK Diode Lab GmbH,EPI,facility_capacity,,,JENOPTIK Diode Lab GmbH - TESAG,2489,Company Detail,file:///Users/simon/Documents/Simon-OB/%E6%9C%AC%E4%BD%93%E8%AE%BA/base/%E5%8D%8A%E5%AF%BC%E4%BD%93/SEMI_WFF_2026_1Q.xlsx
"JENOPTIK Optical Systems, Inc - Fab 1 current wafer capacity (SEMI WFF)",,晶圆产能,SEMI WFF 工厂级晶圆产能观测。,current,1000,6,美洲,/Users/simon/Documents/Simon-OB/本体论/base/半导体/SEMI_WFF_2026_1Q.xlsx,"JENOPTIK Optical Systems, Inc",MEMS,facility_capacity,,,"JENOPTIK Optical Systems, Inc - Fab 1",2119,Company Detail,file:///Users/simon/Documents/Simon-OB/%E6%9C%AC%E4%BD%93%E8%AE%BA/base/%E5%8D%8A%E5%AF%BC%E4%BD%93/SEMI_WFF_2026_1Q.xlsx
Jiangsu Advanced Memory Semiconductor Corp. - PCM fab current wafer capacity (SEMI WFF),,晶圆产能,SEMI WFF 工厂级晶圆产能观测。,current,8500,12,中国,/Users/simon/Documents/Simon-OB/本体论/base/半导体/SEMI_WFF_2026_1Q.xlsx,Jiangsu Advanced Memory Semiconductor Corp.,Memory,facility_capacity,,,Jiangsu Advanced Memory Semiconductor Corp. - PCM fab,4943,Company Detail,file:///Users/simon/Documents/Simon-OB/%E6%9C%AC%E4%BD%93%E8%AE%BA/base/%E5%8D%8A%E5%AF%BC%E4%BD%93/SEMI_WFF_2026_1Q.xlsx
Jiangsu CAS-IGBT Technology - LFoundry S.r.l (was Micron Fab 9 MIT) current wafer capacity (SEMI WFF),,晶圆产能,SEMI WFF 工厂级晶圆产能观测。,current,45000,8,Europe & Mideast,/Users/simon/Documents/Simon-OB/本体论/base/半导体/SEMI_WFF_2026_1Q.xlsx,Jiangsu CAS-IGBT Technology,Analog,facility_capacity,,,Jiangsu CAS-IGBT Technology - LFoundry S.r.l (was Micron Fab 9 MIT),1061,Company Detail,file:///Users/simon/Documents/Simon-OB/%E6%9C%AC%E4%BD%93%E8%AE%BA/base/%E5%8D%8A%E5%AF%BC%E4%BD%93/SEMI_WFF_2026_1Q.xlsx
Jiangsu E-lite Semiconductor - E-lite fab current wafer capacity (SEMI WFF),,晶圆产能,SEMI WFF 工厂级晶圆产能观测。,current,10000,2,中国,/Users/simon/Documents/Simon-OB/本体论/base/半导体/SEMI_WFF_2026_1Q.xlsx,Jiangsu E-lite Semiconductor,Opto,facility_capacity,,,Jiangsu E-lite Semiconductor - E-lite fab,3561,Company Detail,file:///Users/simon/Documents/Simon-OB/%E6%9C%AC%E4%BD%93%E8%AE%BA/base/%E5%8D%8A%E5%AF%BC%E4%BD%93/SEMI_WFF_2026_1Q.xlsx
"Jiangsu JieJie Microelectronics Co.,Ltd. - Fab 2 current wafer capacity (SEMI WFF)",,晶圆产能,SEMI WFF 工厂级晶圆产能观测。,current,36000,4,中国,/Users/simon/Documents/Simon-OB/本体论/base/半导体/SEMI_WFF_2026_1Q.xlsx,"Jiangsu JieJie Microelectronics Co.,Ltd.",Discrete,facility_capacity,,,"Jiangsu JieJie Microelectronics Co.,Ltd. - Fab 2",3357,Company Detail,file:///Users/simon/Documents/Simon-OB/%E6%9C%AC%E4%BD%93%E8%AE%BA/base/%E5%8D%8A%E5%AF%BC%E4%BD%93/SEMI_WFF_2026_1Q.xlsx
"Jiangsu JieJie Microelectronics Co.,Ltd. - Fab 1 current wafer capacity (SEMI WFF)",,晶圆产能,SEMI WFF 工厂级晶圆产能观测。,current,22500,4,中国,/Users/simon/Documents/Simon-OB/本体论/base/半导体/SEMI_WFF_2026_1Q.xlsx,"Jiangsu JieJie Microelectronics Co.,Ltd.",Discrete,facility_capacity,,,"Jiangsu JieJie Microelectronics Co.,Ltd. - Fab 1",3356,Company Detail,file:///Users/simon/Documents/Simon-OB/%E6%9C%AC%E4%BD%93%E8%AE%BA/base/%E5%8D%8A%E5%AF%BC%E4%BD%93/SEMI_WFF_2026_1Q.xlsx
"Jiangsu JieJie Microelectronics Co.,Ltd. - Nantong fab current wafer capacity (SEMI WFF)",,晶圆产能,SEMI WFF 工厂级晶圆产能观测。,current,60000,4,中国,/Users/simon/Documents/Simon-OB/本体论/base/半导体/SEMI_WFF_2026_1Q.xlsx,"Jiangsu JieJie Microelectronics Co.,Ltd.",Discrete,facility_capacity,,,"Jiangsu JieJie Microelectronics Co.,Ltd. - Nantong fab",3925,Company Detail,file:///Users/simon/Documents/Simon-OB/%E6%9C%AC%E4%BD%93%E8%AE%BA/base/%E5%8D%8A%E5%AF%BC%E4%BD%93/SEMI_WFF_2026_1Q.xlsx
"Jiangsu JieJie Microelectronics Co.,Ltd. - Nantong 150mm line current wafer capacity (SEMI WFF)",,晶圆产能,SEMI WFF 工厂级晶圆产能观测。,current,80000,6,中国,/Users/simon/Documents/Simon-OB/本体论/base/半导体/SEMI_WFF_2026_1Q.xlsx,"Jiangsu JieJie Microelectronics Co.,Ltd.",Discrete,facility_capacity,,,"Jiangsu JieJie Microelectronics Co.,Ltd. - Nantong 150mm line",6226,Company Detail,file:///Users/simon/Documents/Simon-OB/%E6%9C%AC%E4%BD%93%E8%AE%BA/base/%E5%8D%8A%E5%AF%BC%E4%BD%93/SEMI_WFF_2026_1Q.xlsx
"Jiangsu JieJie Microelectronics Co.,Ltd. - Nantong 200mm Fab current wafer capacity (SEMI WFF)",,晶圆产能,SEMI WFF 工厂级晶圆产能观测。,current,80000,8,中国,/Users/simon/Documents/Simon-OB/本体论/base/半导体/SEMI_WFF_2026_1Q.xlsx,"Jiangsu JieJie Microelectronics Co.,Ltd.",Discrete,facility_capacity,,,"Jiangsu JieJie Microelectronics Co.,Ltd. - Nantong 200mm Fab",6520,Company Detail,file:///Users/simon/Documents/Simon-OB/%E6%9C%AC%E4%BD%93%E8%AE%BA/base/%E5%8D%8A%E5%AF%BC%E4%BD%93/SEMI_WFF_2026_1Q.xlsx
Jiangsu Maxscend - Xinzhuo 12inch IPD Line current wafer capacity (SEMI WFF),,晶圆产能,SEMI WFF 工厂级晶圆产能观测。,current,5000,12,中国,/Users/simon/Documents/Simon-OB/本体论/base/半导体/SEMI_WFF_2026_1Q.xlsx,Jiangsu Maxscend,Discrete,facility_capacity,,,Jiangsu Maxscend - Xinzhuo 12inch IPD Line,6544,Company Detail,file:///Users/simon/Documents/Simon-OB/%E6%9C%AC%E4%BD%93%E8%AE%BA/base/%E5%8D%8A%E5%AF%BC%E4%BD%93/SEMI_WFF_2026_1Q.xlsx
Jiangsu Maxscend - Xinzhuo 6inch SAW line current wafer capacity (SEMI WFF),,晶圆产能,SEMI WFF 工厂级晶圆产能观测。,current,16000,6,中国,/Users/simon/Documents/Simon-OB/本体论/base/半导体/SEMI_WFF_2026_1Q.xlsx,Jiangsu Maxscend,Discrete,facility_capacity,,,Jiangsu Maxscend - Xinzhuo 6inch SAW line,6543,Company Detail,file:///Users/simon/Documents/Simon-OB/%E6%9C%AC%E4%BD%93%E8%AE%BA/base/%E5%8D%8A%E5%AF%BC%E4%BD%93/SEMI_WFF_2026_1Q.xlsx
Jiangsu Xinguanglian Technology (XGL) - Wuxi XGL current wafer capacity (SEMI WFF),,晶圆产能,SEMI WFF 工厂级晶圆产能观测。,current,60000,2,中国,/Users/simon/Documents/Simon-OB/本体论/base/半导体/SEMI_WFF_2026_1Q.xlsx,Jiangsu Xinguanglian Technology (XGL),Opto,facility_capacity,,,Jiangsu Xinguanglian Technology (XGL) - Wuxi XGL,3585,Company Detail,file:///Users/simon/Documents/Simon-OB/%E6%9C%AC%E4%BD%93%E8%AE%BA/base/%E5%8D%8A%E5%AF%BC%E4%BD%93/SEMI_WFF_2026_1Q.xlsx
"Jiangsu Yingrui Semiconductor Co., Ltd - Yingrui semi current wafer capacity (SEMI WFF)",,晶圆产能,SEMI WFF 工厂级晶圆产能观测。,current,50000,6,中国,/Users/simon/Documents/Simon-OB/本体论/base/半导体/SEMI_WFF_2026_1Q.xlsx,"Jiangsu Yingrui Semiconductor Co., Ltd",Discrete,facility_capacity,,,"Jiangsu Yingrui Semiconductor Co., Ltd - Yingrui semi",6150,Company Detail,file:///Users/simon/Documents/Simon-OB/%E6%9C%AC%E4%BD%93%E8%AE%BA/base/%E5%8D%8A%E5%AF%BC%E4%BD%93/SEMI_WFF_2026_1Q.xlsx
"Jiangxi Lianovation Optoelecronics Science & Technology Co.,Ltd. - Sunrise LED current wafer capacity (SEMI WFF)",,晶圆产能,SEMI WFF 工厂级晶圆产能观测。,current,10000,2,中国,/Users/simon/Documents/Simon-OB/本体论/base/半导体/SEMI_WFF_2026_1Q.xlsx,"Jiangxi Lianovation Optoelecronics Science & Technology Co.,Ltd.",Opto,facility_capacity,,,"Jiangxi Lianovation Optoelecronics Science & Technology Co.,Ltd. - Sunrise LED",3156,Company Detail,file:///Users/simon/Documents/Simon-OB/%E6%9C%AC%E4%BD%93%E8%AE%BA/base/%E5%8D%8A%E5%AF%BC%E4%BD%93/SEMI_WFF_2026_1Q.xlsx
Jiangxi Yuhongjin Material Technology (YHJ) - Fab 1 (Fuzhou) current wafer capacity (SEMI WFF),,晶圆产能,SEMI WFF 工厂级晶圆产能观测。,current,15000,6,中国,/Users/simon/Documents/Simon-OB/本体论/base/半导体/SEMI_WFF_2026_1Q.xlsx,Jiangxi Yuhongjin Material Technology (YHJ),Discrete,facility_capacity,,,Jiangxi Yuhongjin Material Technology (YHJ) - Fab 1 (Fuzhou),6528,Company Detail,file:///Users/simon/Documents/Simon-OB/%E6%9C%AC%E4%BD%93%E8%AE%BA/base/%E5%8D%8A%E5%AF%BC%E4%BD%93/SEMI_WFF_2026_1Q.xlsx
Jiangxi Yuhongjin Material Technology (YHJ) - Fab 2 (Jinghe) current wafer capacity (SEMI WFF),,晶圆产能,SEMI WFF 工厂级晶圆产能观测。,current,100000,6,中国,/Users/simon/Documents/Simon-OB/本体论/base/半导体/SEMI_WFF_2026_1Q.xlsx,Jiangxi Yuhongjin Material Technology (YHJ),Discrete,facility_capacity,,,Jiangxi Yuhongjin Material Technology (YHJ) - Fab 2 (Jinghe),6529,Company Detail,file:///Users/simon/Documents/Simon-OB/%E6%9C%AC%E4%BD%93%E8%AE%BA/base/%E5%8D%8A%E5%AF%BC%E4%BD%93/SEMI_WFF_2026_1Q.xlsx
"Jiangyin Xinshun Microelectronic Co., Ltd. - Fab 1 current wafer capacity (SEMI WFF)",,晶圆产能,SEMI WFF 工厂级晶圆产能观测。,current,80000,5,中国,/Users/simon/Documents/Simon-OB/本体论/base/半导体/SEMI_WFF_2026_1Q.xlsx,"Jiangyin Xinshun Microelectronic Co., Ltd.",Discrete,facility_capacity,,,"Jiangyin Xinshun Microelectronic Co., Ltd. - Fab 1",3484,Company Detail,file:///Users/simon/Documents/Simon-OB/%E6%9C%AC%E4%BD%93%E8%AE%BA/base/%E5%8D%8A%E5%AF%BC%E4%BD%93/SEMI_WFF_2026_1Q.xlsx
Jiaxing Boncom-Semi - Jiaxing current wafer capacity (SEMI WFF),,晶圆产能,SEMI WFF 工厂级晶圆产能观测。,current,250,6,中国,/Users/simon/Documents/Simon-OB/本体论/base/半导体/SEMI_WFF_2026_1Q.xlsx,Jiaxing Boncom-Semi,Discrete,facility_capacity,,,Jiaxing Boncom-Semi - Jiaxing,6639,Company Detail,file:///Users/simon/Documents/Simon-OB/%E6%9C%AC%E4%BD%93%E8%AE%BA/base/%E5%8D%8A%E5%AF%BC%E4%BD%93/SEMI_WFF_2026_1Q.xlsx
Jilin Magic Semiconductor - 4-inch Line (inside Jilin Sino-Microelectronics) current wafer capacity (SEMI WFF),,晶圆产能,SEMI WFF 工厂级晶圆产能观测。,current,58000,4,中国,/Users/simon/Documents/Simon-OB/本体论/base/半导体/SEMI_WFF_2026_1Q.xlsx,Jilin Magic Semiconductor,Discrete,facility_capacity,,,Jilin Magic Semiconductor - 4-inch Line (inside Jilin Sino-Microelectronics),2465,Company Detail,file:///Users/simon/Documents/Simon-OB/%E6%9C%AC%E4%BD%93%E8%AE%BA/base/%E5%8D%8A%E5%AF%BC%E4%BD%93/SEMI_WFF_2026_1Q.xlsx
Jilin Magic Semiconductor - 5-inch Line (inside Jilin Sino-Microelectronics) current wafer capacity (SEMI WFF),,晶圆产能,SEMI WFF 工厂级晶圆产能观测。,current,25000,5,中国,/Users/simon/Documents/Simon-OB/本体论/base/半导体/SEMI_WFF_2026_1Q.xlsx,Jilin Magic Semiconductor,Discrete,facility_capacity,,,Jilin Magic Semiconductor - 5-inch Line (inside Jilin Sino-Microelectronics),2466,Company Detail,file:///Users/simon/Documents/Simon-OB/%E6%9C%AC%E4%BD%93%E8%AE%BA/base/%E5%8D%8A%E5%AF%BC%E4%BD%93/SEMI_WFF_2026_1Q.xlsx
Jilin Sino-Microelectronics Co. Ltd. - 6-inch (built together with Philips JV) current wafer capacity (SEMI WFF),,晶圆产能,SEMI WFF 工厂级晶圆产能观测。,current,40000,6,中国,/Users/simon/Documents/Simon-OB/本体论/base/半导体/SEMI_WFF_2026_1Q.xlsx,Jilin Sino-Microelectronics Co. Ltd.,Discrete,facility_capacity,,,Jilin Sino-Microelectronics Co. Ltd. - 6-inch (built together with Philips JV),2044,Company Detail,file:///Users/simon/Documents/Simon-OB/%E6%9C%AC%E4%BD%93%E8%AE%BA/base/%E5%8D%8A%E5%AF%BC%E4%BD%93/SEMI_WFF_2026_1Q.xlsx
Jilin Sino-Microelectronics Co. Ltd. - 3-inch current wafer capacity (SEMI WFF),,晶圆产能,SEMI WFF 工厂级晶圆产能观测。,current,30000,3,中国,/Users/simon/Documents/Simon-OB/本体论/base/半导体/SEMI_WFF_2026_1Q.xlsx,Jilin Sino-Microelectronics Co. Ltd.,Discrete,facility_capacity,,,Jilin Sino-Microelectronics Co. Ltd. - 3-inch,1990,Company Detail,file:///Users/simon/Documents/Simon-OB/%E6%9C%AC%E4%BD%93%E8%AE%BA/base/%E5%8D%8A%E5%AF%BC%E4%BD%93/SEMI_WFF_2026_1Q.xlsx
Jilin Sino-Microelectronics Co. Ltd. - 4-inch current wafer capacity (SEMI WFF),,晶圆产能,SEMI WFF 工厂级晶圆产能观测。,current,50000,4,中国,/Users/simon/Documents/Simon-OB/本体论/base/半导体/SEMI_WFF_2026_1Q.xlsx,Jilin Sino-Microelectronics Co. Ltd.,Discrete,facility_capacity,,,Jilin Sino-Microelectronics Co. Ltd. - 4-inch,1991,Company Detail,file:///Users/simon/Documents/Simon-OB/%E6%9C%AC%E4%BD%93%E8%AE%BA/base/%E5%8D%8A%E5%AF%BC%E4%BD%93/SEMI_WFF_2026_1Q.xlsx
Jilin Sino-Microelectronics Co. Ltd. - 8-inch current wafer capacity (SEMI WFF),,晶圆产能,SEMI WFF 工厂级晶圆产能观测。,current,10000,8,中国,/Users/simon/Documents/Simon-OB/本体论/base/半导体/SEMI_WFF_2026_1Q.xlsx,Jilin Sino-Microelectronics Co. Ltd.,Discrete,facility_capacity,,,Jilin Sino-Microelectronics Co. Ltd. - 8-inch,5097,Company Detail,file:///Users/simon/Documents/Simon-OB/%E6%9C%AC%E4%BD%93%E8%AE%BA/base/%E5%8D%8A%E5%AF%BC%E4%BD%93/SEMI_WFF_2026_1Q.xlsx
JiuFengShan Lab (JFS Lab) - JFS Lab 8inch line current wafer capacity (SEMI WFF),,晶圆产能,SEMI WFF 工厂级晶圆产能观测。,current,3000,8,中国,/Users/simon/Documents/Simon-OB/本体论/base/半导体/SEMI_WFF_2026_1Q.xlsx,JiuFengShan Lab (JFS Lab),Other,facility_capacity,,,JiuFengShan Lab (JFS Lab) - JFS Lab 8inch line,6496,Company Detail,file:///Users/simon/Documents/Simon-OB/%E6%9C%AC%E4%BD%93%E8%AE%BA/base/%E5%8D%8A%E5%AF%BC%E4%BD%93/SEMI_WFF_2026_1Q.xlsx
JiuFengShan Lab (JFS Lab) - JFS Lab 6inch Line current wafer capacity (SEMI WFF),,晶圆产能,SEMI WFF 工厂级晶圆产能观测。,current,3000,6,中国,/Users/simon/Documents/Simon-OB/本体论/base/半导体/SEMI_WFF_2026_1Q.xlsx,JiuFengShan Lab (JFS Lab),Other,facility_capacity,,,JiuFengShan Lab (JFS Lab) - JFS Lab 6inch Line,6497,Company Detail,file:///Users/simon/Documents/Simon-OB/%E6%9C%AC%E4%BD%93%E8%AE%BA/base/%E5%8D%8A%E5%AF%BC%E4%BD%93/SEMI_WFF_2026_1Q.xlsx
JiuFengShan Lab (JFS Lab) - JFS Lab 4inch Line current wafer capacity (SEMI WFF),,晶圆产能,SEMI WFF 工厂级晶圆产能观测。,current,2000,4,中国,/Users/simon/Documents/Simon-OB/本体论/base/半导体/SEMI_WFF_2026_1Q.xlsx,JiuFengShan Lab (JFS Lab),Other,facility_capacity,,,JiuFengShan Lab (JFS Lab) - JFS Lab 4inch Line,6498,Company Detail,file:///Users/simon/Documents/Simon-OB/%E6%9C%AC%E4%BD%93%E8%AE%BA/base/%E5%8D%8A%E5%AF%BC%E4%BD%93/SEMI_WFF_2026_1Q.xlsx
"JS Foundry K.K - Niigata-N1 (was Onsemi, was SANYO) current wafer capacity (SEMI WFF)",,晶圆产能,SEMI WFF 工厂级晶圆产能观测。,current,27000,6,日本,/Users/simon/Documents/Simon-OB/本体论/base/半导体/SEMI_WFF_2026_1Q.xlsx,JS Foundry K.K,Discrete,facility_capacity,,,"JS Foundry K.K - Niigata-N1 (was Onsemi, was SANYO)",888,Company Detail,file:///Users/simon/Documents/Simon-OB/%E6%9C%AC%E4%BD%93%E8%AE%BA/base/%E5%8D%8A%E5%AF%BC%E4%BD%93/SEMI_WFF_2026_1Q.xlsx
"JS Foundry K.K - Niigata-N2 (was Onsemi, was SANYO) current wafer capacity (SEMI WFF)",,晶圆产能,SEMI WFF 工厂级晶圆产能观测。,current,26000,6,日本,/Users/simon/Documents/Simon-OB/本体论/base/半导体/SEMI_WFF_2026_1Q.xlsx,JS Foundry K.K,Discrete,facility_capacity,,,"JS Foundry K.K - Niigata-N2 (was Onsemi, was SANYO)",886,Company Detail,file:///Users/simon/Documents/Simon-OB/%E6%9C%AC%E4%BD%93%E8%AE%BA/base/%E5%8D%8A%E5%AF%BC%E4%BD%93/SEMI_WFF_2026_1Q.xlsx
JSC ALFA - N/A current wafer capacity (SEMI WFF),,晶圆产能,SEMI WFF 工厂级晶圆产能观测。,current,20000,4,Europe & Mideast,/Users/simon/Documents/Simon-OB/本体论/base/半导体/SEMI_WFF_2026_1Q.xlsx,JSC ALFA,Analog,facility_capacity,,,JSC ALFA - N/A,11,Company Detail,file:///Users/simon/Documents/Simon-OB/%E6%9C%AC%E4%BD%93%E8%AE%BA/base/%E5%8D%8A%E5%AF%BC%E4%BD%93/SEMI_WFF_2026_1Q.xlsx
JTC Corporation - SemiconSpace Phase 1 (unit 1+2) Wafer processing current wafer capacity (SEMI WFF),,晶圆产能,SEMI WFF 工厂级晶圆产能观测。,current,8000,8,SE Asia,/Users/simon/Documents/Simon-OB/本体论/base/半导体/SEMI_WFF_2026_1Q.xlsx,JTC Corporation,Discrete,facility_capacity,,,JTC Corporation - SemiconSpace Phase 1 (unit 1+2) Wafer processing,6143,Company Detail,file:///Users/simon/Documents/Simon-OB/%E6%9C%AC%E4%BD%93%E8%AE%BA/base/%E5%8D%8A%E5%AF%BC%E4%BD%93/SEMI_WFF_2026_1Q.xlsx
"Kaiam - PLC Fab (was Gemfire, was Avanex, was Alcatel) current wafer capacity (SEMI WFF)",,晶圆产能,SEMI WFF 工厂级晶圆产能观测。,current,5000,8,Europe & Mideast,/Users/simon/Documents/Simon-OB/本体论/base/半导体/SEMI_WFF_2026_1Q.xlsx,Kaiam,MEMS,facility_capacity,,,"Kaiam - PLC Fab (was Gemfire, was Avanex, was Alcatel)",1787,Company Detail,file:///Users/simon/Documents/Simon-OB/%E6%9C%AC%E4%BD%93%E8%AE%BA/base/%E5%8D%8A%E5%AF%BC%E4%BD%93/SEMI_WFF_2026_1Q.xlsx
"KEC Corporation - 4"" Line current wafer capacity (SEMI WFF)",,晶圆产能,SEMI WFF 工厂级晶圆产能观测。,current,20000,4,韩国,/Users/simon/Documents/Simon-OB/本体论/base/半导体/SEMI_WFF_2026_1Q.xlsx,KEC Corporation,Discrete,facility_capacity,,,"KEC Corporation - 4"" Line",443,Company Detail,file:///Users/simon/Documents/Simon-OB/%E6%9C%AC%E4%BD%93%E8%AE%BA/base/%E5%8D%8A%E5%AF%BC%E4%BD%93/SEMI_WFF_2026_1Q.xlsx
"KEC Corporation - 5"" Line current wafer capacity (SEMI WFF)",,晶圆产能,SEMI WFF 工厂级晶圆产能观测。,current,10000,5,韩国,/Users/simon/Documents/Simon-OB/本体论/base/半导体/SEMI_WFF_2026_1Q.xlsx,KEC Corporation,Discrete,facility_capacity,,,"KEC Corporation - 5"" Line",444,Company Detail,file:///Users/simon/Documents/Simon-OB/%E6%9C%AC%E4%BD%93%E8%AE%BA/base/%E5%8D%8A%E5%AF%BC%E4%BD%93/SEMI_WFF_2026_1Q.xlsx
KEC Corporation - MOS Fab current wafer capacity (SEMI WFF),,晶圆产能,SEMI WFF 工厂级晶圆产能观测。,current,30000,6,韩国,/Users/simon/Documents/Simon-OB/本体论/base/半导体/SEMI_WFF_2026_1Q.xlsx,KEC Corporation,Discrete,facility_capacity,,,KEC Corporation - MOS Fab,3103,Company Detail,file:///Users/simon/Documents/Simon-OB/%E6%9C%AC%E4%BD%93%E8%AE%BA/base/%E5%8D%8A%E5%AF%BC%E4%BD%93/SEMI_WFF_2026_1Q.xlsx
KEC Corporation - KEC-C current wafer capacity (SEMI WFF),,晶圆产能,SEMI WFF 工厂级晶圆产能观测。,current,11000,6,中国,/Users/simon/Documents/Simon-OB/本体论/base/半导体/SEMI_WFF_2026_1Q.xlsx,KEC Corporation,Discrete,facility_capacity,,,KEC Corporation - KEC-C,3104,Company Detail,file:///Users/simon/Documents/Simon-OB/%E6%9C%AC%E4%BD%93%E8%AE%BA/base/%E5%8D%8A%E5%AF%BC%E4%BD%93/SEMI_WFF_2026_1Q.xlsx
Keysight Technologies - 3-inch current wafer capacity (SEMI WFF),,晶圆产能,SEMI WFF 工厂级晶圆产能观测。,current,4000,3,美洲,/Users/simon/Documents/Simon-OB/本体论/base/半导体/SEMI_WFF_2026_1Q.xlsx,Keysight Technologies,Discrete,facility_capacity,,,Keysight Technologies - 3-inch,3688,Company Detail,file:///Users/simon/Documents/Simon-OB/%E6%9C%AC%E4%BD%93%E8%AE%BA/base/%E5%8D%8A%E5%AF%BC%E4%BD%93/SEMI_WFF_2026_1Q.xlsx
Kioxia/WD (was Flash Alliance) - Fab 2 (Y2) (2 floors each 297K SF) current wafer capacity (SEMI WFF),,晶圆产能,SEMI WFF 工厂级晶圆产能观测。,current,152000,12,日本,/Users/simon/Documents/Simon-OB/本体论/base/半导体/SEMI_WFF_2026_1Q.xlsx,Kioxia/WD (was Flash Alliance),Memory,facility_capacity,,,Kioxia/WD (was Flash Alliance) - Fab 2 (Y2) (2 floors each 297K SF),3659,Company Detail,file:///Users/simon/Documents/Simon-OB/%E6%9C%AC%E4%BD%93%E8%AE%BA/base/%E5%8D%8A%E5%AF%BC%E4%BD%93/SEMI_WFF_2026_1Q.xlsx
Kioxia/WD (was Flash Alliance) - Fab 7 Phase 1 current wafer capacity (SEMI WFF),,晶圆产能,SEMI WFF 工厂级晶圆产能观测。,current,40000,12,日本,/Users/simon/Documents/Simon-OB/本体论/base/半导体/SEMI_WFF_2026_1Q.xlsx,Kioxia/WD (was Flash Alliance),Memory,facility_capacity,,,Kioxia/WD (was Flash Alliance) - Fab 7 Phase 1,5007,Company Detail,file:///Users/simon/Documents/Simon-OB/%E6%9C%AC%E4%BD%93%E8%AE%BA/base/%E5%8D%8A%E5%AF%BC%E4%BD%93/SEMI_WFF_2026_1Q.xlsx
Kioxia/WD (was Flash Alliance) - Fab 5 P1+P2 (3D NAND) current wafer capacity (SEMI WFF),,晶圆产能,SEMI WFF 工厂级晶圆产能观测。,current,57000,12,日本,/Users/simon/Documents/Simon-OB/本体论/base/半导体/SEMI_WFF_2026_1Q.xlsx,Kioxia/WD (was Flash Alliance),Memory,facility_capacity,,,Kioxia/WD (was Flash Alliance) - Fab 5 P1+P2 (3D NAND),3887,Company Detail,file:///Users/simon/Documents/Simon-OB/%E6%9C%AC%E4%BD%93%E8%AE%BA/base/%E5%8D%8A%E5%AF%BC%E4%BD%93/SEMI_WFF_2026_1Q.xlsx
Kioxia/WD (was Flash Alliance) - Fab 3+Fab 4 (3D NAND) current wafer capacity (SEMI WFF),,晶圆产能,SEMI WFF 工厂级晶圆产能观测。,current,100000,12,日本,/Users/simon/Documents/Simon-OB/本体论/base/半导体/SEMI_WFF_2026_1Q.xlsx,Kioxia/WD (was Flash Alliance),Memory,facility_capacity,,,Kioxia/WD (was Flash Alliance) - Fab 3+Fab 4 (3D NAND),3888,Company Detail,file:///Users/simon/Documents/Simon-OB/%E6%9C%AC%E4%BD%93%E8%AE%BA/base/%E5%8D%8A%E5%AF%BC%E4%BD%93/SEMI_WFF_2026_1Q.xlsx
Kioxia/WD (was Flash Alliance) - Fab 6 Phase 2 current wafer capacity (SEMI WFF),,晶圆产能,SEMI WFF 工厂级晶圆产能观测。,current,47000,12,日本,/Users/simon/Documents/Simon-OB/本体论/base/半导体/SEMI_WFF_2026_1Q.xlsx,Kioxia/WD (was Flash Alliance),Memory,facility_capacity,,,Kioxia/WD (was Flash Alliance) - Fab 6 Phase 2,3904,Company Detail,file:///Users/simon/Documents/Simon-OB/%E6%9C%AC%E4%BD%93%E8%AE%BA/base/%E5%8D%8A%E5%AF%BC%E4%BD%93/SEMI_WFF_2026_1Q.xlsx
Kioxia/WD (was Flash Alliance) - New R&D Center current wafer capacity (SEMI WFF),,晶圆产能,SEMI WFF 工厂级晶圆产能观测。,current,500,12,日本,/Users/simon/Documents/Simon-OB/本体论/base/半导体/SEMI_WFF_2026_1Q.xlsx,Kioxia/WD (was Flash Alliance),Memory,facility_capacity,,,Kioxia/WD (was Flash Alliance) - New R&D Center,3905,Company Detail,file:///Users/simon/Documents/Simon-OB/%E6%9C%AC%E4%BD%93%E8%AE%BA/base/%E5%8D%8A%E5%AF%BC%E4%BD%93/SEMI_WFF_2026_1Q.xlsx
Kioxia/WD (was Flash Alliance) - Fab 6 Phase 1 current wafer capacity (SEMI WFF),,晶圆产能,SEMI WFF 工厂级晶圆产能观测。,current,45000,12,日本,/Users/simon/Documents/Simon-OB/本体论/base/半导体/SEMI_WFF_2026_1Q.xlsx,Kioxia/WD (was Flash Alliance),Memory,facility_capacity,,,Kioxia/WD (was Flash Alliance) - Fab 6 Phase 1,3835,Company Detail,file:///Users/simon/Documents/Simon-OB/%E6%9C%AC%E4%BD%93%E8%AE%BA/base/%E5%8D%8A%E5%AF%BC%E4%BD%93/SEMI_WFF_2026_1Q.xlsx
Kioxia/WD (was Flash Alliance) - K1 (P1+P2) current wafer capacity (SEMI WFF),,晶圆产能,SEMI WFF 工厂级晶圆产能观测。,current,100000,12,日本,/Users/simon/Documents/Simon-OB/本体论/base/半导体/SEMI_WFF_2026_1Q.xlsx,Kioxia/WD (was Flash Alliance),Memory,facility_capacity,,,Kioxia/WD (was Flash Alliance) - K1 (P1+P2),2453,Company Detail,file:///Users/simon/Documents/Simon-OB/%E6%9C%AC%E4%BD%93%E8%AE%BA/base/%E5%8D%8A%E5%AF%BC%E4%BD%93/SEMI_WFF_2026_1Q.xlsx
Kioxia/WD (was Flash Alliance) - Fab 3+Fab 4 (2D NAND) current wafer capacity (SEMI WFF),,晶圆产能,SEMI WFF 工厂级晶圆产能观测。,current,204000,12,日本,/Users/simon/Documents/Simon-OB/本体论/base/半导体/SEMI_WFF_2026_1Q.xlsx,Kioxia/WD (was Flash Alliance),Memory,facility_capacity,,,Kioxia/WD (was Flash Alliance) - Fab 3+Fab 4 (2D NAND),1621,Company Detail,file:///Users/simon/Documents/Simon-OB/%E6%9C%AC%E4%BD%93%E8%AE%BA/base/%E5%8D%8A%E5%AF%BC%E4%BD%93/SEMI_WFF_2026_1Q.xlsx
Kioxia/WD (was Flash Alliance) - K2 (P1+P2) current wafer capacity (SEMI WFF),,晶圆产能,SEMI WFF 工厂级晶圆产能观测。,current,100000,12,日本,/Users/simon/Documents/Simon-OB/本体论/base/半导体/SEMI_WFF_2026_1Q.xlsx,Kioxia/WD (was Flash Alliance),Memory,facility_capacity,,,Kioxia/WD (was Flash Alliance) - K2 (P1+P2),6162,Company Detail,file:///Users/simon/Documents/Simon-OB/%E6%9C%AC%E4%BD%93%E8%AE%BA/base/%E5%8D%8A%E5%AF%BC%E4%BD%93/SEMI_WFF_2026_1Q.xlsx
Kioxia/WD (was Flash Alliance) - Fab 7 Phase 2 current wafer capacity (SEMI WFF),,晶圆产能,SEMI WFF 工厂级晶圆产能观测。,current,40000,12,日本,/Users/simon/Documents/Simon-OB/本体论/base/半导体/SEMI_WFF_2026_1Q.xlsx,Kioxia/WD (was Flash Alliance),Memory,facility_capacity,,,Kioxia/WD (was Flash Alliance) - Fab 7 Phase 2,6217,Company Detail,file:///Users/simon/Documents/Simon-OB/%E6%9C%AC%E4%BD%93%E8%AE%BA/base/%E5%8D%8A%E5%AF%BC%E4%BD%93/SEMI_WFF_2026_1Q.xlsx
Knowledge*on Inc. - Fab 1 current wafer capacity (SEMI WFF),,晶圆产能,SEMI WFF 工厂级晶圆产能观测。,current,8000,6,韩国,/Users/simon/Documents/Simon-OB/本体论/base/半导体/SEMI_WFF_2026_1Q.xlsx,Knowledge*on Inc.,Opto,facility_capacity,,,Knowledge*on Inc. - Fab 1,3201,Company Detail,file:///Users/simon/Documents/Simon-OB/%E6%9C%AC%E4%BD%93%E8%AE%BA/base/%E5%8D%8A%E5%AF%BC%E4%BD%93/SEMI_WFF_2026_1Q.xlsx
Knowledge*on Inc. - Fab 2 current wafer capacity (SEMI WFF),,晶圆产能,SEMI WFF 工厂级晶圆产能观测。,current,3000,6,韩国,/Users/simon/Documents/Simon-OB/本体论/base/半导体/SEMI_WFF_2026_1Q.xlsx,Knowledge*on Inc.,Opto,facility_capacity,,,Knowledge*on Inc. - Fab 2,3202,Company Detail,file:///Users/simon/Documents/Simon-OB/%E6%9C%AC%E4%BD%93%E8%AE%BA/base/%E5%8D%8A%E5%AF%BC%E4%BD%93/SEMI_WFF_2026_1Q.xlsx
KoBrite - Dongguan fab current wafer capacity (SEMI WFF),,晶圆产能,SEMI WFF 工厂级晶圆产能观测。,current,10000,2,中国,/Users/simon/Documents/Simon-OB/本体论/base/半导体/SEMI_WFF_2026_1Q.xlsx,KoBrite,Opto,facility_capacity,,,KoBrite - Dongguan fab,3154,Company Detail,file:///Users/simon/Documents/Simon-OB/%E6%9C%AC%E4%BD%93%E8%AE%BA/base/%E5%8D%8A%E5%AF%BC%E4%BD%93/SEMI_WFF_2026_1Q.xlsx
KoBrite - Hsinchu fab current wafer capacity (SEMI WFF),,晶圆产能,SEMI WFF 工厂级晶圆产能观测。,current,15000,2,中国台湾,/Users/simon/Documents/Simon-OB/本体论/base/半导体/SEMI_WFF_2026_1Q.xlsx,KoBrite,Opto,facility_capacity,,,KoBrite - Hsinchu fab,3597,Company Detail,file:///Users/simon/Documents/Simon-OB/%E6%9C%AC%E4%BD%93%E8%AE%BA/base/%E5%8D%8A%E5%AF%BC%E4%BD%93/SEMI_WFF_2026_1Q.xlsx
Kodenshi Corp - Fab 3 current wafer capacity (SEMI WFF),,晶圆产能,SEMI WFF 工厂级晶圆产能观测。,current,5000,4,日本,/Users/simon/Documents/Simon-OB/本体论/base/半导体/SEMI_WFF_2026_1Q.xlsx,Kodenshi Corp,Opto,facility_capacity,,,Kodenshi Corp - Fab 3,3028,Company Detail,file:///Users/simon/Documents/Simon-OB/%E6%9C%AC%E4%BD%93%E8%AE%BA/base/%E5%8D%8A%E5%AF%BC%E4%BD%93/SEMI_WFF_2026_1Q.xlsx
Kodenshi Corp - Fab 4 current wafer capacity (SEMI WFF),,晶圆产能,SEMI WFF 工厂级晶圆产能观测。,current,5000,4,日本,/Users/simon/Documents/Simon-OB/本体论/base/半导体/SEMI_WFF_2026_1Q.xlsx,Kodenshi Corp,Opto,facility_capacity,,,Kodenshi Corp - Fab 4,3030,Company Detail,file:///Users/simon/Documents/Simon-OB/%E6%9C%AC%E4%BD%93%E8%AE%BA/base/%E5%8D%8A%E5%AF%BC%E4%BD%93/SEMI_WFF_2026_1Q.xlsx
Kodenshi Corp - Device Technology Center current wafer capacity (SEMI WFF),,晶圆产能,SEMI WFF 工厂级晶圆产能观测。,current,6000,6,日本,/Users/simon/Documents/Simon-OB/本体论/base/半导体/SEMI_WFF_2026_1Q.xlsx,Kodenshi Corp,Opto,facility_capacity,,,Kodenshi Corp - Device Technology Center,3031,Company Detail,file:///Users/simon/Documents/Simon-OB/%E6%9C%AC%E4%BD%93%E8%AE%BA/base/%E5%8D%8A%E5%AF%BC%E4%BD%93/SEMI_WFF_2026_1Q.xlsx
Korea Advanced Nano Fab Center (KANC) - KANC current wafer capacity (SEMI WFF),,晶圆产能,SEMI WFF 工厂级晶圆产能观测。,current,2000,6,韩国,/Users/simon/Documents/Simon-OB/本体论/base/半导体/SEMI_WFF_2026_1Q.xlsx,Korea Advanced Nano Fab Center (KANC),Other,facility_capacity,,,Korea Advanced Nano Fab Center (KANC) - KANC,3135,Company Detail,file:///Users/simon/Documents/Simon-OB/%E6%9C%AC%E4%BD%93%E8%AE%BA/base/%E5%8D%8A%E5%AF%BC%E4%BD%93/SEMI_WFF_2026_1Q.xlsx
Korea National Center for Nanomaterials Technology (NCNT) - NCNT current wafer capacity (SEMI WFF),,晶圆产能,SEMI WFF 工厂级晶圆产能观测。,current,3000,8,韩国,/Users/simon/Documents/Simon-OB/本体论/base/半导体/SEMI_WFF_2026_1Q.xlsx,Korea National Center for Nanomaterials Technology (NCNT),Other,facility_capacity,,,Korea National Center for Nanomaterials Technology (NCNT) - NCNT,3136,Company Detail,file:///Users/simon/Documents/Simon-OB/%E6%9C%AC%E4%BD%93%E8%AE%BA/base/%E5%8D%8A%E5%AF%BC%E4%BD%93/SEMI_WFF_2026_1Q.xlsx
Korea National Nanofab Center - NNFC current wafer capacity (SEMI WFF),,晶圆产能,SEMI WFF 工厂级晶圆产能观测。,current,3000,8,韩国,/Users/simon/Documents/Simon-OB/本体论/base/半导体/SEMI_WFF_2026_1Q.xlsx,Korea National Nanofab Center,Other,facility_capacity,,,Korea National Nanofab Center - NNFC,3048,Company Detail,file:///Users/simon/Documents/Simon-OB/%E6%9C%AC%E4%BD%93%E8%AE%BA/base/%E5%8D%8A%E5%AF%BC%E4%BD%93/SEMI_WFF_2026_1Q.xlsx
Korea Photonics Technology Institute (KOPTI) - Pilot Production Center current wafer capacity (SEMI WFF),,晶圆产能,SEMI WFF 工厂级晶圆产能观测。,current,3000,2,韩国,/Users/simon/Documents/Simon-OB/本体论/base/半导体/SEMI_WFF_2026_1Q.xlsx,Korea Photonics Technology Institute (KOPTI),Opto,facility_capacity,,,Korea Photonics Technology Institute (KOPTI) - Pilot Production Center,3099,Company Detail,file:///Users/simon/Documents/Simon-OB/%E6%9C%AC%E4%BD%93%E8%AE%BA/base/%E5%8D%8A%E5%AF%BC%E4%BD%93/SEMI_WFF_2026_1Q.xlsx
Kulite Semiconductor - N/A current wafer capacity (SEMI WFF),,晶圆产能,SEMI WFF 工厂级晶圆产能观测。,current,24000,4,美洲,/Users/simon/Documents/Simon-OB/本体论/base/半导体/SEMI_WFF_2026_1Q.xlsx,Kulite Semiconductor,Discrete,facility_capacity,,,Kulite Semiconductor - N/A,449,Company Detail,file:///Users/simon/Documents/Simon-OB/%E6%9C%AC%E4%BD%93%E8%AE%BA/base/%E5%8D%8A%E5%AF%BC%E4%BD%93/SEMI_WFF_2026_1Q.xlsx
Kyocera - Fab 1 (Hadano) current wafer capacity (SEMI WFF),,晶圆产能,SEMI WFF 工厂级晶圆产能观测。,current,35000,5,日本,/Users/simon/Documents/Simon-OB/本体论/base/半导体/SEMI_WFF_2026_1Q.xlsx,Kyocera,Discrete,facility_capacity,,,Kyocera - Fab 1 (Hadano),1446,Company Detail,file:///Users/simon/Documents/Simon-OB/%E6%9C%AC%E4%BD%93%E8%AE%BA/base/%E5%8D%8A%E5%AF%BC%E4%BD%93/SEMI_WFF_2026_1Q.xlsx
Kyocera - Fab 2 (Tsukuba) current wafer capacity (SEMI WFF),,晶圆产能,SEMI WFF 工厂级晶圆产能观测。,current,12000,8,日本,/Users/simon/Documents/Simon-OB/本体论/base/半导体/SEMI_WFF_2026_1Q.xlsx,Kyocera,Discrete,facility_capacity,,,Kyocera - Fab 2 (Tsukuba),3050,Company Detail,file:///Users/simon/Documents/Simon-OB/%E6%9C%AC%E4%BD%93%E8%AE%BA/base/%E5%8D%8A%E5%AF%BC%E4%BD%93/SEMI_WFF_2026_1Q.xlsx
Kyosemi Corporation - Eniwa R&D Center (Eniwa Jigyosho) current wafer capacity (SEMI WFF),,晶圆产能,SEMI WFF 工厂级晶圆产能观测。,current,15000,4,日本,/Users/simon/Documents/Simon-OB/本体论/base/半导体/SEMI_WFF_2026_1Q.xlsx,Kyosemi Corporation,Opto,facility_capacity,,,Kyosemi Corporation - Eniwa R&D Center (Eniwa Jigyosho),3034,Company Detail,file:///Users/simon/Documents/Simon-OB/%E6%9C%AC%E4%BD%93%E8%AE%BA/base/%E5%8D%8A%E5%AF%BC%E4%BD%93/SEMI_WFF_2026_1Q.xlsx
Kyushu Semiconductor KAW - Hiji Factory current wafer capacity (SEMI WFF),,晶圆产能,SEMI WFF 工厂级晶圆产能观测。,current,1000,8,日本,/Users/simon/Documents/Simon-OB/本体论/base/半导体/SEMI_WFF_2026_1Q.xlsx,Kyushu Semiconductor KAW,MEMS,facility_capacity,,,Kyushu Semiconductor KAW - Hiji Factory,3879,Company Detail,file:///Users/simon/Documents/Simon-OB/%E6%9C%AC%E4%BD%93%E8%AE%BA/base/%E5%8D%8A%E5%AF%BC%E4%BD%93/SEMI_WFF_2026_1Q.xlsx
"LA Semiconductor - Pocatello (was onsemi, was AMI, Fab 10) current wafer capacity (SEMI WFF)",,晶圆产能,SEMI WFF 工厂级晶圆产能观测。,current,19000,8,美洲,/Users/simon/Documents/Simon-OB/本体论/base/半导体/SEMI_WFF_2026_1Q.xlsx,LA Semiconductor,Analog,facility_capacity,,,"LA Semiconductor - Pocatello (was onsemi, was AMI, Fab 10)",23,Company Detail,file:///Users/simon/Documents/Simon-OB/%E6%9C%AC%E4%BD%93%E8%AE%BA/base/%E5%8D%8A%E5%AF%BC%E4%BD%93/SEMI_WFF_2026_1Q.xlsx
Lakeside Optoelectronics Technology - Yixing 12inch Line current wafer capacity (SEMI WFF),,晶圆产能,SEMI WFF 工厂级晶圆产能观测。,current,7500,12,中国,/Users/simon/Documents/Simon-OB/本体论/base/半导体/SEMI_WFF_2026_1Q.xlsx,Lakeside Optoelectronics Technology,Opto,facility_capacity,,,Lakeside Optoelectronics Technology - Yixing 12inch Line,6570,Company Detail,file:///Users/simon/Documents/Simon-OB/%E6%9C%AC%E4%BD%93%E8%AE%BA/base/%E5%8D%8A%E5%AF%BC%E4%BD%93/SEMI_WFF_2026_1Q.xlsx
Lakeside Optoelectronics Technology - R&D Line current wafer capacity (SEMI WFF),,晶圆产能,SEMI WFF 工厂级晶圆产能观测。,current,500,8,中国,/Users/simon/Documents/Simon-OB/本体论/base/半导体/SEMI_WFF_2026_1Q.xlsx,Lakeside Optoelectronics Technology,Opto,facility_capacity,,,Lakeside Optoelectronics Technology - R&D Line,6605,Company Detail,file:///Users/simon/Documents/Simon-OB/%E6%9C%AC%E4%BD%93%E8%AE%BA/base/%E5%8D%8A%E5%AF%BC%E4%BD%93/SEMI_WFF_2026_1Q.xlsx
LandMark Optoelectronics Corporation - Tainan fab current wafer capacity (SEMI WFF),,晶圆产能,SEMI WFF 工厂级晶圆产能观测。,current,14000,2,中国台湾,/Users/simon/Documents/Simon-OB/本体论/base/半导体/SEMI_WFF_2026_1Q.xlsx,LandMark Optoelectronics Corporation,EPI,facility_capacity,,,LandMark Optoelectronics Corporation - Tainan fab,3816,Company Detail,file:///Users/simon/Documents/Simon-OB/%E6%9C%AC%E4%BD%93%E8%AE%BA/base/%E5%8D%8A%E5%AF%BC%E4%BD%93/SEMI_WFF_2026_1Q.xlsx
LandMark Optoelectronics Corporation - Tainan fab 2 current wafer capacity (SEMI WFF),,晶圆产能,SEMI WFF 工厂级晶圆产能观测。,current,10000,4,中国台湾,/Users/simon/Documents/Simon-OB/本体论/base/半导体/SEMI_WFF_2026_1Q.xlsx,LandMark Optoelectronics Corporation,EPI,facility_capacity,,,LandMark Optoelectronics Corporation - Tainan fab 2,4987,Company Detail,file:///Users/simon/Documents/Simon-OB/%E6%9C%AC%E4%BD%93%E8%AE%BA/base/%E5%8D%8A%E5%AF%BC%E4%BD%93/SEMI_WFF_2026_1Q.xlsx
"LAPIS Semiconductor Co, Ltd - SiC Fab current wafer capacity (SEMI WFF)",,晶圆产能,SEMI WFF 工厂级晶圆产能观测。,current,1500,6,日本,/Users/simon/Documents/Simon-OB/本体论/base/半导体/SEMI_WFF_2026_1Q.xlsx,"LAPIS Semiconductor Co, Ltd",Discrete,facility_capacity,,,"LAPIS Semiconductor Co, Ltd - SiC Fab",5047,Company Detail,file:///Users/simon/Documents/Simon-OB/%E6%9C%AC%E4%BD%93%E8%AE%BA/base/%E5%8D%8A%E5%AF%BC%E4%BD%93/SEMI_WFF_2026_1Q.xlsx
"LAPIS Semiconductor Co, Ltd - S-2 current wafer capacity (SEMI WFF)",,晶圆产能,SEMI WFF 工厂级晶圆产能观测。,current,40000,8,日本,/Users/simon/Documents/Simon-OB/本体论/base/半导体/SEMI_WFF_2026_1Q.xlsx,"LAPIS Semiconductor Co, Ltd",Logic&Micro,facility_capacity,,,"LAPIS Semiconductor Co, Ltd - S-2",749,Company Detail,file:///Users/simon/Documents/Simon-OB/%E6%9C%AC%E4%BD%93%E8%AE%BA/base/%E5%8D%8A%E5%AF%BC%E4%BD%93/SEMI_WFF_2026_1Q.xlsx
"LAPIS Semiconductor Co, Ltd - M3 current wafer capacity (SEMI WFF)",,晶圆产能,SEMI WFF 工厂级晶圆产能观测。,current,40000,6,日本,/Users/simon/Documents/Simon-OB/本体论/base/半导体/SEMI_WFF_2026_1Q.xlsx,"LAPIS Semiconductor Co, Ltd",Logic&Micro,facility_capacity,,,"LAPIS Semiconductor Co, Ltd - M3",752,Company Detail,file:///Users/simon/Documents/Simon-OB/%E6%9C%AC%E4%BD%93%E8%AE%BA/base/%E5%8D%8A%E5%AF%BC%E4%BD%93/SEMI_WFF_2026_1Q.xlsx
"LAPIS Semiconductor Co, Ltd - M2 current wafer capacity (SEMI WFF)",,晶圆产能,SEMI WFF 工厂级晶圆产能观测。,current,20000,6,日本,/Users/simon/Documents/Simon-OB/本体论/base/半导体/SEMI_WFF_2026_1Q.xlsx,"LAPIS Semiconductor Co, Ltd",Logic&Micro,facility_capacity,,,"LAPIS Semiconductor Co, Ltd - M2",754,Company Detail,file:///Users/simon/Documents/Simon-OB/%E6%9C%AC%E4%BD%93%E8%AE%BA/base/%E5%8D%8A%E5%AF%BC%E4%BD%93/SEMI_WFF_2026_1Q.xlsx
"LAPIS Semiconductor Co, Ltd - M1 current wafer capacity (SEMI WFF)",,晶圆产能,SEMI WFF 工厂级晶圆产能观测。,current,10000,6,日本,/Users/simon/Documents/Simon-OB/本体论/base/半导体/SEMI_WFF_2026_1Q.xlsx,"LAPIS Semiconductor Co, Ltd",MEMS,facility_capacity,,,"LAPIS Semiconductor Co, Ltd - M1",753,Company Detail,file:///Users/simon/Documents/Simon-OB/%E6%9C%AC%E4%BD%93%E8%AE%BA/base/%E5%8D%8A%E5%AF%BC%E4%BD%93/SEMI_WFF_2026_1Q.xlsx
"LAPIS Semiconductor Co, Ltd - Miyazaki Fab 2 (8 inch SiC Line) current wafer capacity (SEMI WFF)",,晶圆产能,SEMI WFF 工厂级晶圆产能观测。,current,60000,8,日本,/Users/simon/Documents/Simon-OB/本体论/base/半导体/SEMI_WFF_2026_1Q.xlsx,"LAPIS Semiconductor Co, Ltd",Discrete,facility_capacity,,,"LAPIS Semiconductor Co, Ltd - Miyazaki Fab 2 (8 inch SiC Line)",6553,Company Detail,file:///Users/simon/Documents/Simon-OB/%E6%9C%AC%E4%BD%93%E8%AE%BA/base/%E5%8D%8A%E5%AF%BC%E4%BD%93/SEMI_WFF_2026_1Q.xlsx
"LAPIS Semiconductor Co, Ltd - Miyazaki Fab 2 (6 inch SiC Line) current wafer capacity (SEMI WFF)",,晶圆产能,SEMI WFF 工厂级晶圆产能观测。,current,10000,6,日本,/Users/simon/Documents/Simon-OB/本体论/base/半导体/SEMI_WFF_2026_1Q.xlsx,"LAPIS Semiconductor Co, Ltd",Discrete,facility_capacity,,,"LAPIS Semiconductor Co, Ltd - Miyazaki Fab 2 (6 inch SiC Line)",6508,Company Detail,file:///Users/simon/Documents/Simon-OB/%E6%9C%AC%E4%BD%93%E8%AE%BA/base/%E5%8D%8A%E5%AF%BC%E4%BD%93/SEMI_WFF_2026_1Q.xlsx
Lasertel Inc. - Fab 2 (Innovation Park) current wafer capacity (SEMI WFF),,晶圆产能,SEMI WFF 工厂级晶圆产能观测。,current,18000,3,美洲,/Users/simon/Documents/Simon-OB/本体论/base/半导体/SEMI_WFF_2026_1Q.xlsx,Lasertel Inc.,Opto,facility_capacity,,,Lasertel Inc. - Fab 2 (Innovation Park),6269,Company Detail,file:///Users/simon/Documents/Simon-OB/%E6%9C%AC%E4%BD%93%E8%AE%BA/base/%E5%8D%8A%E5%AF%BC%E4%BD%93/SEMI_WFF_2026_1Q.xlsx
Lasertel Inc. - Fab 1 (Casa Grande) current wafer capacity (SEMI WFF),,晶圆产能,SEMI WFF 工厂级晶圆产能观测。,current,5000,3,美洲,/Users/simon/Documents/Simon-OB/本体论/base/半导体/SEMI_WFF_2026_1Q.xlsx,Lasertel Inc.,Opto,facility_capacity,,,Lasertel Inc. - Fab 1 (Casa Grande),3487,Company Detail,file:///Users/simon/Documents/Simon-OB/%E6%9C%AC%E4%BD%93%E8%AE%BA/base/%E5%8D%8A%E5%AF%BC%E4%BD%93/SEMI_WFF_2026_1Q.xlsx
Lattice Power Corporation - Chungzhou fab current wafer capacity (SEMI WFF),,晶圆产能,SEMI WFF 工厂级晶圆产能观测。,current,10000,4,中国,/Users/simon/Documents/Simon-OB/本体论/base/半导体/SEMI_WFF_2026_1Q.xlsx,Lattice Power Corporation,Opto,facility_capacity,,,Lattice Power Corporation - Chungzhou fab,3384,Company Detail,file:///Users/simon/Documents/Simon-OB/%E6%9C%AC%E4%BD%93%E8%AE%BA/base/%E5%8D%8A%E5%AF%BC%E4%BD%93/SEMI_WFF_2026_1Q.xlsx
Lattice Power Corporation - Nanchang fab current wafer capacity (SEMI WFF),,晶圆产能,SEMI WFF 工厂级晶圆产能观测。,current,35000,4,中国,/Users/simon/Documents/Simon-OB/本体论/base/半导体/SEMI_WFF_2026_1Q.xlsx,Lattice Power Corporation,Opto,facility_capacity,,,Lattice Power Corporation - Nanchang fab,3155,Company Detail,file:///Users/simon/Documents/Simon-OB/%E6%9C%AC%E4%BD%93%E8%AE%BA/base/%E5%8D%8A%E5%AF%BC%E4%BD%93/SEMI_WFF_2026_1Q.xlsx
Lawrence Livermore Labs - N/A current wafer capacity (SEMI WFF),,晶圆产能,SEMI WFF 工厂级晶圆产能观测。,current,5000,8,美洲,/Users/simon/Documents/Simon-OB/本体论/base/半导体/SEMI_WFF_2026_1Q.xlsx,Lawrence Livermore Labs,Other,facility_capacity,,,Lawrence Livermore Labs - N/A,456,Company Detail,file:///Users/simon/Documents/Simon-OB/%E6%9C%AC%E4%BD%93%E8%AE%BA/base/%E5%8D%8A%E5%AF%BC%E4%BD%93/SEMI_WFF_2026_1Q.xlsx
Leister Process Technologies - Axetris Division - Axetris current wafer capacity (SEMI WFF),,晶圆产能,SEMI WFF 工厂级晶圆产能观测。,current,4000,8,Europe & Mideast,/Users/simon/Documents/Simon-OB/本体论/base/半导体/SEMI_WFF_2026_1Q.xlsx,Leister Process Technologies - Axetris Division,MEMS,facility_capacity,,,Leister Process Technologies - Axetris Division - Axetris,3272,Company Detail,file:///Users/simon/Documents/Simon-OB/%E6%9C%AC%E4%BD%93%E8%AE%BA/base/%E5%8D%8A%E5%AF%BC%E4%BD%93/SEMI_WFF_2026_1Q.xlsx
LETI - PFP (Plate Forme Photonique) current wafer capacity (SEMI WFF),,晶圆产能,SEMI WFF 工厂级晶圆产能观测。,current,100,4,Europe & Mideast,/Users/simon/Documents/Simon-OB/本体论/base/半导体/SEMI_WFF_2026_1Q.xlsx,LETI,Opto,facility_capacity,,,LETI - PFP (Plate Forme Photonique),3809,Company Detail,file:///Users/simon/Documents/Simon-OB/%E6%9C%AC%E4%BD%93%E8%AE%BA/base/%E5%8D%8A%E5%AF%BC%E4%BD%93/SEMI_WFF_2026_1Q.xlsx
LETI - 200mm CMOS line Building 41 (Nanotec 200&300) current wafer capacity (SEMI WFF),,晶圆产能,SEMI WFF 工厂级晶圆产能观测。,current,500,8,Europe & Mideast,/Users/simon/Documents/Simon-OB/本体论/base/半导体/SEMI_WFF_2026_1Q.xlsx,LETI,Other,facility_capacity,,,LETI - 200mm CMOS line Building 41 (Nanotec 200&300),1443,Company Detail,file:///Users/simon/Documents/Simon-OB/%E6%9C%AC%E4%BD%93%E8%AE%BA/base/%E5%8D%8A%E5%AF%BC%E4%BD%93/SEMI_WFF_2026_1Q.xlsx
LETI - 3D Integration Building 41 (was 300mm CMOS line) current wafer capacity (SEMI WFF),,晶圆产能,SEMI WFF 工厂级晶圆产能观测。,current,500,12,Europe & Mideast,/Users/simon/Documents/Simon-OB/本体论/base/半导体/SEMI_WFF_2026_1Q.xlsx,LETI,Other,facility_capacity,,,LETI - 3D Integration Building 41 (was 300mm CMOS line),2091,Company Detail,file:///Users/simon/Documents/Simon-OB/%E6%9C%AC%E4%BD%93%E8%AE%BA/base/%E5%8D%8A%E5%AF%BC%E4%BD%93/SEMI_WFF_2026_1Q.xlsx
LETI - MEMS 200 (Building 52) current wafer capacity (SEMI WFF),,晶圆产能,SEMI WFF 工厂级晶圆产能观测。,current,500,8,Europe & Mideast,/Users/simon/Documents/Simon-OB/本体论/base/半导体/SEMI_WFF_2026_1Q.xlsx,LETI,MEMS,facility_capacity,,,LETI - MEMS 200 (Building 52),2251,Company Detail,file:///Users/simon/Documents/Simon-OB/%E6%9C%AC%E4%BD%93%E8%AE%BA/base/%E5%8D%8A%E5%AF%BC%E4%BD%93/SEMI_WFF_2026_1Q.xlsx
Linear Integrated Systems - Fab 1 current wafer capacity (SEMI WFF),,晶圆产能,SEMI WFF 工厂级晶圆产能观测。,current,800,4,美洲,/Users/simon/Documents/Simon-OB/本体论/base/半导体/SEMI_WFF_2026_1Q.xlsx,Linear Integrated Systems,Discrete,facility_capacity,,,Linear Integrated Systems - Fab 1,2461,Company Detail,file:///Users/simon/Documents/Simon-OB/%E6%9C%AC%E4%BD%93%E8%AE%BA/base/%E5%8D%8A%E5%AF%BC%E4%BD%93/SEMI_WFF_2026_1Q.xlsx
"Lishan Microelectronics - 4"" line current wafer capacity (SEMI WFF)",,晶圆产能,SEMI WFF 工厂级晶圆产能观测。,current,10000,4,中国,/Users/simon/Documents/Simon-OB/本体论/base/半导体/SEMI_WFF_2026_1Q.xlsx,Lishan Microelectronics,Discrete,facility_capacity,,,"Lishan Microelectronics - 4"" line",3107,Company Detail,file:///Users/simon/Documents/Simon-OB/%E6%9C%AC%E4%BD%93%E8%AE%BA/base/%E5%8D%8A%E5%AF%BC%E4%BD%93/SEMI_WFF_2026_1Q.xlsx
"Lishan Microelectronics - 3"" line current wafer capacity (SEMI WFF)",,晶圆产能,SEMI WFF 工厂级晶圆产能观测。,current,3000,3,中国,/Users/simon/Documents/Simon-OB/本体论/base/半导体/SEMI_WFF_2026_1Q.xlsx,Lishan Microelectronics,Discrete,facility_capacity,,,"Lishan Microelectronics - 3"" line",474,Company Detail,file:///Users/simon/Documents/Simon-OB/%E6%9C%AC%E4%BD%93%E8%AE%BA/base/%E5%8D%8A%E5%AF%BC%E4%BD%93/SEMI_WFF_2026_1Q.xlsx
Littelfuse - Wuxi fab current wafer capacity (SEMI WFF),,晶圆产能,SEMI WFF 工厂级晶圆产能观测。,current,50000,4,中国,/Users/simon/Documents/Simon-OB/本体论/base/半导体/SEMI_WFF_2026_1Q.xlsx,Littelfuse,Discrete,facility_capacity,,,Littelfuse - Wuxi fab,2440,Company Detail,file:///Users/simon/Documents/Simon-OB/%E6%9C%AC%E4%BD%93%E8%AE%BA/base/%E5%8D%8A%E5%AF%BC%E4%BD%93/SEMI_WFF_2026_1Q.xlsx
Littelfuse - Dortmund (will be Littelfuse on 12/31/24) current wafer capacity (SEMI WFF),,晶圆产能,SEMI WFF 工厂级晶圆产能观测。,current,8000,8,Europe & Mideast,/Users/simon/Documents/Simon-OB/本体论/base/半导体/SEMI_WFF_2026_1Q.xlsx,Littelfuse,Logic&Micro,facility_capacity,,,Littelfuse - Dortmund (will be Littelfuse on 12/31/24),148,Company Detail,file:///Users/simon/Documents/Simon-OB/%E6%9C%AC%E4%BD%93%E8%AE%BA/base/%E5%8D%8A%E5%AF%BC%E4%BD%93/SEMI_WFF_2026_1Q.xlsx
Lockheed Martin - N/A current wafer capacity (SEMI WFF),,晶圆产能,SEMI WFF 工厂级晶圆产能观测。,current,800,4,美洲,/Users/simon/Documents/Simon-OB/本体论/base/半导体/SEMI_WFF_2026_1Q.xlsx,Lockheed Martin,Other,facility_capacity,,,Lockheed Martin - N/A,480,Company Detail,file:///Users/simon/Documents/Simon-OB/%E6%9C%AC%E4%BD%93%E8%AE%BA/base/%E5%8D%8A%E5%AF%BC%E4%BD%93/SEMI_WFF_2026_1Q.xlsx
Lockheed Martin - VLSI Line current wafer capacity (SEMI WFF),,晶圆产能,SEMI WFF 工厂级晶圆产能观测。,current,800,5,美洲,/Users/simon/Documents/Simon-OB/本体论/base/半导体/SEMI_WFF_2026_1Q.xlsx,Lockheed Martin,Other,facility_capacity,,,Lockheed Martin - VLSI Line,491,Company Detail,file:///Users/simon/Documents/Simon-OB/%E6%9C%AC%E4%BD%93%E8%AE%BA/base/%E5%8D%8A%E5%AF%BC%E4%BD%93/SEMI_WFF_2026_1Q.xlsx
Lockheed Martin - GaAs Line current wafer capacity (SEMI WFF),,晶圆产能,SEMI WFF 工厂级晶圆产能观测。,current,5000,3,美洲,/Users/simon/Documents/Simon-OB/本体论/base/半导体/SEMI_WFF_2026_1Q.xlsx,Lockheed Martin,Other,facility_capacity,,,Lockheed Martin - GaAs Line,493,Company Detail,file:///Users/simon/Documents/Simon-OB/%E6%9C%AC%E4%BD%93%E8%AE%BA/base/%E5%8D%8A%E5%AF%BC%E4%BD%93/SEMI_WFF_2026_1Q.xlsx
Lumentum - Sagamihara fab current wafer capacity (SEMI WFF),,晶圆产能,SEMI WFF 工厂级晶圆产能观测。,current,4500,4,日本,/Users/simon/Documents/Simon-OB/本体论/base/半导体/SEMI_WFF_2026_1Q.xlsx,Lumentum,Opto,facility_capacity,,,Lumentum - Sagamihara fab,2383,Company Detail,file:///Users/simon/Documents/Simon-OB/%E6%9C%AC%E4%BD%93%E8%AE%BA/base/%E5%8D%8A%E5%AF%BC%E4%BD%93/SEMI_WFF_2026_1Q.xlsx
Lumentum - San Jose Fab current wafer capacity (SEMI WFF),,晶圆产能,SEMI WFF 工厂级晶圆产能观测。,current,5000,3,美洲,/Users/simon/Documents/Simon-OB/本体论/base/半导体/SEMI_WFF_2026_1Q.xlsx,Lumentum,Opto,facility_capacity,,,Lumentum - San Jose Fab,3211,Company Detail,file:///Users/simon/Documents/Simon-OB/%E6%9C%AC%E4%BD%93%E8%AE%BA/base/%E5%8D%8A%E5%AF%BC%E4%BD%93/SEMI_WFF_2026_1Q.xlsx
Lumentum - San Donato Milanese current wafer capacity (SEMI WFF),,晶圆产能,SEMI WFF 工厂级晶圆产能观测。,current,1200,3,Europe & Mideast,/Users/simon/Documents/Simon-OB/本体论/base/半导体/SEMI_WFF_2026_1Q.xlsx,Lumentum,Opto,facility_capacity,,,Lumentum - San Donato Milanese,2161,Company Detail,file:///Users/simon/Documents/Simon-OB/%E6%9C%AC%E4%BD%93%E8%AE%BA/base/%E5%8D%8A%E5%AF%BC%E4%BD%93/SEMI_WFF_2026_1Q.xlsx
Lumentum - Caswell fab current wafer capacity (SEMI WFF),,晶圆产能,SEMI WFF 工厂级晶圆产能观测。,current,2050,3,Europe & Mideast,/Users/simon/Documents/Simon-OB/本体论/base/半导体/SEMI_WFF_2026_1Q.xlsx,Lumentum,Opto,facility_capacity,,,Lumentum - Caswell fab,2007,Company Detail,file:///Users/simon/Documents/Simon-OB/%E6%9C%AC%E4%BD%93%E8%AE%BA/base/%E5%8D%8A%E5%AF%BC%E4%BD%93/SEMI_WFF_2026_1Q.xlsx
Lumileds - Yishun current wafer capacity (SEMI WFF),,晶圆产能,SEMI WFF 工厂级晶圆产能观测。,current,50000,6,SE Asia,/Users/simon/Documents/Simon-OB/本体论/base/半导体/SEMI_WFF_2026_1Q.xlsx,Lumileds,Opto,facility_capacity,,,Lumileds - Yishun,3119,Company Detail,file:///Users/simon/Documents/Simon-OB/%E6%9C%AC%E4%BD%93%E8%AE%BA/base/%E5%8D%8A%E5%AF%BC%E4%BD%93/SEMI_WFF_2026_1Q.xlsx
Lumileds - San Jose current wafer capacity (SEMI WFF),,晶圆产能,SEMI WFF 工厂级晶圆产能观测。,current,60000,6,美洲,/Users/simon/Documents/Simon-OB/本体论/base/半导体/SEMI_WFF_2026_1Q.xlsx,Lumileds,Opto,facility_capacity,,,Lumileds - San Jose,3117,Company Detail,file:///Users/simon/Documents/Simon-OB/%E6%9C%AC%E4%BD%93%E8%AE%BA/base/%E5%8D%8A%E5%AF%BC%E4%BD%93/SEMI_WFF_2026_1Q.xlsx
LuxNet Corporation - Hejiang fab current wafer capacity (SEMI WFF),,晶圆产能,SEMI WFF 工厂级晶圆产能观测。,current,3000,3,中国台湾,/Users/simon/Documents/Simon-OB/本体论/base/半导体/SEMI_WFF_2026_1Q.xlsx,LuxNet Corporation,Opto,facility_capacity,,,LuxNet Corporation - Hejiang fab,3821,Company Detail,file:///Users/simon/Documents/Simon-OB/%E6%9C%AC%E4%BD%93%E8%AE%BA/base/%E5%8D%8A%E5%AF%BC%E4%BD%93/SEMI_WFF_2026_1Q.xlsx
LuxtalTek Corporation - Dongguan fab (Luxtaltek) current wafer capacity (SEMI WFF),,晶圆产能,SEMI WFF 工厂级晶圆产能观测。,current,8000,2,中国,/Users/simon/Documents/Simon-OB/本体论/base/半导体/SEMI_WFF_2026_1Q.xlsx,LuxtalTek Corporation,Opto,facility_capacity,,,LuxtalTek Corporation - Dongguan fab (Luxtaltek),3598,Company Detail,file:///Users/simon/Documents/Simon-OB/%E6%9C%AC%E4%BD%93%E8%AE%BA/base/%E5%8D%8A%E5%AF%BC%E4%BD%93/SEMI_WFF_2026_1Q.xlsx
LuxtalTek Corporation - Chunan Factory current wafer capacity (SEMI WFF),,晶圆产能,SEMI WFF 工厂级晶圆产能观测。,current,25000,2,中国台湾,/Users/simon/Documents/Simon-OB/本体论/base/半导体/SEMI_WFF_2026_1Q.xlsx,LuxtalTek Corporation,Opto,facility_capacity,,,LuxtalTek Corporation - Chunan Factory,3052,Company Detail,file:///Users/simon/Documents/Simon-OB/%E6%9C%AC%E4%BD%93%E8%AE%BA/base/%E5%8D%8A%E5%AF%BC%E4%BD%93/SEMI_WFF_2026_1Q.xlsx
Lynred (was ULIS) - Development and Production (Was Sofradir) current wafer capacity (SEMI WFF),,晶圆产能,SEMI WFF 工厂级晶圆产能观测。,current,5000,4,Europe & Mideast,/Users/simon/Documents/Simon-OB/本体论/base/半导体/SEMI_WFF_2026_1Q.xlsx,Lynred (was ULIS),Opto,facility_capacity,,,Lynred (was ULIS) - Development and Production (Was Sofradir),3609,Company Detail,file:///Users/simon/Documents/Simon-OB/%E6%9C%AC%E4%BD%93%E8%AE%BA/base/%E5%8D%8A%E5%AF%BC%E4%BD%93/SEMI_WFF_2026_1Q.xlsx
Lynred (was ULIS) - Fab 2  (was ULIS) current wafer capacity (SEMI WFF),,晶圆产能,SEMI WFF 工厂级晶圆产能观测。,current,5000,8,Europe & Mideast,/Users/simon/Documents/Simon-OB/本体论/base/半导体/SEMI_WFF_2026_1Q.xlsx,Lynred (was ULIS),Opto,facility_capacity,,,Lynred (was ULIS) - Fab 2  (was ULIS),3509,Company Detail,file:///Users/simon/Documents/Simon-OB/%E6%9C%AC%E4%BD%93%E8%AE%BA/base/%E5%8D%8A%E5%AF%BC%E4%BD%93/SEMI_WFF_2026_1Q.xlsx
Lynred (was ULIS) - Fab 1 (was ULIS) current wafer capacity (SEMI WFF),,晶圆产能,SEMI WFF 工厂级晶圆产能观测。,current,3000,6,Europe & Mideast,/Users/simon/Documents/Simon-OB/本体论/base/半导体/SEMI_WFF_2026_1Q.xlsx,Lynred (was ULIS),Opto,facility_capacity,,,Lynred (was ULIS) - Fab 1 (was ULIS),3508,Company Detail,file:///Users/simon/Documents/Simon-OB/%E6%9C%AC%E4%BD%93%E8%AE%BA/base/%E5%8D%8A%E5%AF%BC%E4%BD%93/SEMI_WFF_2026_1Q.xlsx
MACOM - RTP Fab (100mm line) current wafer capacity (SEMI WFF),,晶圆产能,SEMI WFF 工厂级晶圆产能观测。,current,3000,4,美洲,/Users/simon/Documents/Simon-OB/本体论/base/半导体/SEMI_WFF_2026_1Q.xlsx,MACOM,Discrete,facility_capacity,,,MACOM - RTP Fab (100mm line),634,Company Detail,file:///Users/simon/Documents/Simon-OB/%E6%9C%AC%E4%BD%93%E8%AE%BA/base/%E5%8D%8A%E5%AF%BC%E4%BD%93/SEMI_WFF_2026_1Q.xlsx
"MACOM - Ann Arbor (was Luna, was Picometrix) current wafer capacity (SEMI WFF)",,晶圆产能,SEMI WFF 工厂级晶圆产能观测。,current,2000,4,美洲,/Users/simon/Documents/Simon-OB/本体论/base/半导体/SEMI_WFF_2026_1Q.xlsx,MACOM,Opto,facility_capacity,,,"MACOM - Ann Arbor (was Luna, was Picometrix)",3148,Company Detail,file:///Users/simon/Documents/Simon-OB/%E6%9C%AC%E4%BD%93%E8%AE%BA/base/%E5%8D%8A%E5%AF%BC%E4%BD%93/SEMI_WFF_2026_1Q.xlsx
MACOM - Walker Building current wafer capacity (SEMI WFF),,晶圆产能,SEMI WFF 工厂级晶圆产能观测。,current,5000,4,美洲,/Users/simon/Documents/Simon-OB/本体论/base/半导体/SEMI_WFF_2026_1Q.xlsx,MACOM,Analog,facility_capacity,,,MACOM - Walker Building,649,Company Detail,file:///Users/simon/Documents/Simon-OB/%E6%9C%AC%E4%BD%93%E8%AE%BA/base/%E5%8D%8A%E5%AF%BC%E4%BD%93/SEMI_WFF_2026_1Q.xlsx
"Macronix International Co., Ltd. (MXIC) - Fab 5 (2D NAND, former Promos Fab 2) current wafer capacity (SEMI WFF)",,晶圆产能,SEMI WFF 工厂级晶圆产能观测。,current,50000,12,中国台湾,/Users/simon/Documents/Simon-OB/本体论/base/半导体/SEMI_WFF_2026_1Q.xlsx,"Macronix International Co., Ltd. (MXIC)",Memory,facility_capacity,,,"Macronix International Co., Ltd. (MXIC) - Fab 5 (2D NAND, former Promos Fab 2)",1524,Company Detail,file:///Users/simon/Documents/Simon-OB/%E6%9C%AC%E4%BD%93%E8%AE%BA/base/%E5%8D%8A%E5%AF%BC%E4%BD%93/SEMI_WFF_2026_1Q.xlsx
"Macronix International Co., Ltd. (MXIC) - Fab 2 current wafer capacity (SEMI WFF)",,晶圆产能,SEMI WFF 工厂级晶圆产能观测。,current,48000,8,中国台湾,/Users/simon/Documents/Simon-OB/本体论/base/半导体/SEMI_WFF_2026_1Q.xlsx,"Macronix International Co., Ltd. (MXIC)",Memory,facility_capacity,,,"Macronix International Co., Ltd. (MXIC) - Fab 2",488,Company Detail,file:///Users/simon/Documents/Simon-OB/%E6%9C%AC%E4%BD%93%E8%AE%BA/base/%E5%8D%8A%E5%AF%BC%E4%BD%93/SEMI_WFF_2026_1Q.xlsx
"Macronix International Co., Ltd. (MXIC) - Fab 5 (3D NAND) current wafer capacity (SEMI WFF)",,晶圆产能,SEMI WFF 工厂级晶圆产能观测。,current,25000,12,中国台湾,/Users/simon/Documents/Simon-OB/本体论/base/半导体/SEMI_WFF_2026_1Q.xlsx,"Macronix International Co., Ltd. (MXIC)",Memory,facility_capacity,,,"Macronix International Co., Ltd. (MXIC) - Fab 5 (3D NAND)",5094,Company Detail,file:///Users/simon/Documents/Simon-OB/%E6%9C%AC%E4%BD%93%E8%AE%BA/base/%E5%8D%8A%E5%AF%BC%E4%BD%93/SEMI_WFF_2026_1Q.xlsx
MagnaChip - F 3 current wafer capacity (SEMI WFF),,晶圆产能,SEMI WFF 工厂级晶圆产能观测。,current,30000,8,韩国,/Users/simon/Documents/Simon-OB/本体论/base/半导体/SEMI_WFF_2026_1Q.xlsx,MagnaChip,Analog,facility_capacity,,,MagnaChip - F 3,464,Company Detail,file:///Users/simon/Documents/Simon-OB/%E6%9C%AC%E4%BD%93%E8%AE%BA/base/%E5%8D%8A%E5%AF%BC%E4%BD%93/SEMI_WFF_2026_1Q.xlsx
MAS (Micro Analog Systems Oy) - N/A current wafer capacity (SEMI WFF),,晶圆产能,SEMI WFF 工厂级晶圆产能观测。,current,4000,4,Europe & Mideast,/Users/simon/Documents/Simon-OB/本体论/base/半导体/SEMI_WFF_2026_1Q.xlsx,MAS (Micro Analog Systems Oy),Other,facility_capacity,,,MAS (Micro Analog Systems Oy) - N/A,550,Company Detail,file:///Users/simon/Documents/Simon-OB/%E6%9C%AC%E4%BD%93%E8%AE%BA/base/%E5%8D%8A%E5%AF%BC%E4%BD%93/SEMI_WFF_2026_1Q.xlsx
Masdar Institute of Science and Technology - Micro-fabrication laboratory current wafer capacity (SEMI WFF),,晶圆产能,SEMI WFF 工厂级晶圆产能观测。,current,150,6,Europe & Mideast,/Users/simon/Documents/Simon-OB/本体论/base/半导体/SEMI_WFF_2026_1Q.xlsx,Masdar Institute of Science and Technology,Other,facility_capacity,,,Masdar Institute of Science and Technology - Micro-fabrication laboratory,3571,Company Detail,file:///Users/simon/Documents/Simon-OB/%E6%9C%AC%E4%BD%93%E8%AE%BA/base/%E5%8D%8A%E5%AF%BC%E4%BD%93/SEMI_WFF_2026_1Q.xlsx
Masimo Semiconductor Inc - Hudson fab current wafer capacity (SEMI WFF),,晶圆产能,SEMI WFF 工厂级晶圆产能观测。,current,4000,4,美洲,/Users/simon/Documents/Simon-OB/本体论/base/半导体/SEMI_WFF_2026_1Q.xlsx,Masimo Semiconductor Inc,EPI,facility_capacity,,,Masimo Semiconductor Inc - Hudson fab,2317,Company Detail,file:///Users/simon/Documents/Simon-OB/%E6%9C%AC%E4%BD%93%E8%AE%BA/base/%E5%8D%8A%E5%AF%BC%E4%BD%93/SEMI_WFF_2026_1Q.xlsx
Measurement Specialties (MEAS) - N/A current wafer capacity (SEMI WFF),,晶圆产能,SEMI WFF 工厂级晶圆产能观测。,current,1000,8,美洲,/Users/simon/Documents/Simon-OB/本体论/base/半导体/SEMI_WFF_2026_1Q.xlsx,Measurement Specialties (MEAS),MEMS,facility_capacity,,,Measurement Specialties (MEAS) - N/A,366,Company Detail,file:///Users/simon/Documents/Simon-OB/%E6%9C%AC%E4%BD%93%E8%AE%BA/base/%E5%8D%8A%E5%AF%BC%E4%BD%93/SEMI_WFF_2026_1Q.xlsx
Medtronic Microelectronics Center - Tempe current wafer capacity (SEMI WFF),,晶圆产能,SEMI WFF 工厂级晶圆产能观测。,current,3600,6,美洲,/Users/simon/Documents/Simon-OB/本体论/base/半导体/SEMI_WFF_2026_1Q.xlsx,Medtronic Microelectronics Center,Analog,facility_capacity,,,Medtronic Microelectronics Center - Tempe,552,Company Detail,file:///Users/simon/Documents/Simon-OB/%E6%9C%AC%E4%BD%93%E8%AE%BA/base/%E5%8D%8A%E5%AF%BC%E4%BD%93/SEMI_WFF_2026_1Q.xlsx
Memscap S.A. - North Carolina current wafer capacity (SEMI WFF),,晶圆产能,SEMI WFF 工厂级晶圆产能观测。,current,2100,6,美洲,/Users/simon/Documents/Simon-OB/本体论/base/半导体/SEMI_WFF_2026_1Q.xlsx,Memscap S.A.,MEMS,facility_capacity,,,Memscap S.A. - North Carolina,2150,Company Detail,file:///Users/simon/Documents/Simon-OB/%E6%9C%AC%E4%BD%93%E8%AE%BA/base/%E5%8D%8A%E5%AF%BC%E4%BD%93/SEMI_WFF_2026_1Q.xlsx
MEMS-Foundry - MEMS-Foundry (division of HTE-Labs) current wafer capacity (SEMI WFF),,晶圆产能,SEMI WFF 工厂级晶圆产能观测。,current,250,6,美洲,/Users/simon/Documents/Simon-OB/本体论/base/半导体/SEMI_WFF_2026_1Q.xlsx,MEMS-Foundry,MEMS,facility_capacity,,,MEMS-Foundry - MEMS-Foundry (division of HTE-Labs),5026,Company Detail,file:///Users/simon/Documents/Simon-OB/%E6%9C%AC%E4%BD%93%E8%AE%BA/base/%E5%8D%8A%E5%AF%BC%E4%BD%93/SEMI_WFF_2026_1Q.xlsx
MEMSRight - MEMS Right current wafer capacity (SEMI WFF),,晶圆产能,SEMI WFF 工厂级晶圆产能观测。,current,4000,6,中国,/Users/simon/Documents/Simon-OB/本体论/base/半导体/SEMI_WFF_2026_1Q.xlsx,MEMSRight,MEMS,facility_capacity,,,MEMSRight - MEMS Right,3795,Company Detail,file:///Users/simon/Documents/Simon-OB/%E6%9C%AC%E4%BD%93%E8%AE%BA/base/%E5%8D%8A%E5%AF%BC%E4%BD%93/SEMI_WFF_2026_1Q.xlsx
"Mfab Co. Ltd. - 6"" line current wafer capacity (SEMI WFF)",,晶圆产能,SEMI WFF 工厂级晶圆产能观测。,current,1000,6,中国,/Users/simon/Documents/Simon-OB/本体论/base/半导体/SEMI_WFF_2026_1Q.xlsx,Mfab Co. Ltd.,MEMS,facility_capacity,,,"Mfab Co. Ltd. - 6"" line",6139,Company Detail,file:///Users/simon/Documents/Simon-OB/%E6%9C%AC%E4%BD%93%E8%AE%BA/base/%E5%8D%8A%E5%AF%BC%E4%BD%93/SEMI_WFF_2026_1Q.xlsx
MHS Electronics - MHS current wafer capacity (SEMI WFF),,晶圆产能,SEMI WFF 工厂级晶圆产能观测。,current,11000,6,Europe & Mideast,/Users/simon/Documents/Simon-OB/本体论/base/半导体/SEMI_WFF_2026_1Q.xlsx,MHS Electronics,Analog,facility_capacity,,,MHS Electronics - MHS,497,Company Detail,file:///Users/simon/Documents/Simon-OB/%E6%9C%AC%E4%BD%93%E8%AE%BA/base/%E5%8D%8A%E5%AF%BC%E4%BD%93/SEMI_WFF_2026_1Q.xlsx
Microchip - Fab 5 (Colorado) (was Atmel in 2015) current wafer capacity (SEMI WFF),,晶圆产能,SEMI WFF 工厂级晶圆产能观测。,current,75000,6,美洲,/Users/simon/Documents/Simon-OB/本体论/base/半导体/SEMI_WFF_2026_1Q.xlsx,Microchip,Logic&Micro,facility_capacity,,,Microchip - Fab 5 (Colorado) (was Atmel in 2015),40,Company Detail,file:///Users/simon/Documents/Simon-OB/%E6%9C%AC%E4%BD%93%E8%AE%BA/base/%E5%8D%8A%E5%AF%BC%E4%BD%93/SEMI_WFF_2026_1Q.xlsx
"Microchip - Lawrence (was Microsemi until 2Q18, was NES) current wafer capacity (SEMI WFF)",,晶圆产能,SEMI WFF 工厂级晶圆产能观测。,current,5000,4,美洲,/Users/simon/Documents/Simon-OB/本体论/base/半导体/SEMI_WFF_2026_1Q.xlsx,Microchip,Discrete,facility_capacity,,,"Microchip - Lawrence (was Microsemi until 2Q18, was NES)",1899,Company Detail,file:///Users/simon/Documents/Simon-OB/%E6%9C%AC%E4%BD%93%E8%AE%BA/base/%E5%8D%8A%E5%AF%BC%E4%BD%93/SEMI_WFF_2026_1Q.xlsx
Microchip - Fab 4 (Gresham) (was Fujitsu in 2002) current wafer capacity (SEMI WFF),,晶圆产能,SEMI WFF 工厂级晶圆产能观测。,current,90000,8,美洲,/Users/simon/Documents/Simon-OB/本体论/base/半导体/SEMI_WFF_2026_1Q.xlsx,Microchip,Logic&Micro,facility_capacity,,,Microchip - Fab 4 (Gresham) (was Fujitsu in 2002),184,Company Detail,file:///Users/simon/Documents/Simon-OB/%E6%9C%AC%E4%BD%93%E8%AE%BA/base/%E5%8D%8A%E5%AF%BC%E4%BD%93/SEMI_WFF_2026_1Q.xlsx
"Microchip - Fab 2 (Tempe) (was DEC, was GTE) current wafer capacity (SEMI WFF)",,晶圆产能,SEMI WFF 工厂级晶圆产能观测。,current,38000,8,美洲,/Users/simon/Documents/Simon-OB/本体论/base/半导体/SEMI_WFF_2026_1Q.xlsx,Microchip,Logic&Micro,facility_capacity,,,"Microchip - Fab 2 (Tempe) (was DEC, was GTE)",1605,Company Detail,file:///Users/simon/Documents/Simon-OB/%E6%9C%AC%E4%BD%93%E8%AE%BA/base/%E5%8D%8A%E5%AF%BC%E4%BD%93/SEMI_WFF_2026_1Q.xlsx
"Microchip - Beverly (was Microsemi until 2Q18, was Symmetricom) current wafer capacity (SEMI WFF)",,晶圆产能,SEMI WFF 工厂级晶圆产能观测。,current,2000,3,美洲,/Users/simon/Documents/Simon-OB/本体论/base/半导体/SEMI_WFF_2026_1Q.xlsx,Microchip,Discrete,facility_capacity,,,"Microchip - Beverly (was Microsemi until 2Q18, was Symmetricom)",3805,Company Detail,file:///Users/simon/Documents/Simon-OB/%E6%9C%AC%E4%BD%93%E8%AE%BA/base/%E5%8D%8A%E5%AF%BC%E4%BD%93/SEMI_WFF_2026_1Q.xlsx
"Microchip - Garden Grove (was Microsemi until 2Q18, was Linfinity Microelectronics) current wafer capacity (SEMI WFF)",,晶圆产能,SEMI WFF 工厂级晶圆产能观测。,current,12000,4,美洲,/Users/simon/Documents/Simon-OB/本体论/base/半导体/SEMI_WFF_2026_1Q.xlsx,Microchip,Opto,facility_capacity,,,"Microchip - Garden Grove (was Microsemi until 2Q18, was Linfinity Microelectronics)",983,Company Detail,file:///Users/simon/Documents/Simon-OB/%E6%9C%AC%E4%BD%93%E8%AE%BA/base/%E5%8D%8A%E5%AF%BC%E4%BD%93/SEMI_WFF_2026_1Q.xlsx
Microchip - Lowell (was Microsemi until 2Q18) current wafer capacity (SEMI WFF),,晶圆产能,SEMI WFF 工厂级晶圆产能观测。,current,15000,4,美洲,/Users/simon/Documents/Simon-OB/本体论/base/半导体/SEMI_WFF_2026_1Q.xlsx,Microchip,Discrete,facility_capacity,,,Microchip - Lowell (was Microsemi until 2Q18),3550,Company Detail,file:///Users/simon/Documents/Simon-OB/%E6%9C%AC%E4%BD%93%E8%AE%BA/base/%E5%8D%8A%E5%AF%BC%E4%BD%93/SEMI_WFF_2026_1Q.xlsx
Microchip - SiC Fab Expansion current wafer capacity (SEMI WFF),,晶圆产能,SEMI WFF 工厂级晶圆产能观测。,current,35000,8,美洲,/Users/simon/Documents/Simon-OB/本体论/base/半导体/SEMI_WFF_2026_1Q.xlsx,Microchip,Logic&Micro,facility_capacity,,,Microchip - SiC Fab Expansion,6437,Company Detail,file:///Users/simon/Documents/Simon-OB/%E6%9C%AC%E4%BD%93%E8%AE%BA/base/%E5%8D%8A%E5%AF%BC%E4%BD%93/SEMI_WFF_2026_1Q.xlsx
microFAB - Bremen fab current wafer capacity (SEMI WFF),,晶圆产能,SEMI WFF 工厂级晶圆产能观测。,current,1000,6,Europe & Mideast,/Users/simon/Documents/Simon-OB/本体论/base/半导体/SEMI_WFF_2026_1Q.xlsx,microFAB,MEMS,facility_capacity,,,microFAB - Bremen fab,3798,Company Detail,file:///Users/simon/Documents/Simon-OB/%E6%9C%AC%E4%BD%93%E8%AE%BA/base/%E5%8D%8A%E5%AF%BC%E4%BD%93/SEMI_WFF_2026_1Q.xlsx
Microfabrica - EFAB current wafer capacity (SEMI WFF),,晶圆产能,SEMI WFF 工厂级晶圆产能观测。,current,250,5,美洲,/Users/simon/Documents/Simon-OB/本体论/base/半导体/SEMI_WFF_2026_1Q.xlsx,Microfabrica,MEMS,facility_capacity,,,Microfabrica - EFAB,2356,Company Detail,file:///Users/simon/Documents/Simon-OB/%E6%9C%AC%E4%BD%93%E8%AE%BA/base/%E5%8D%8A%E5%AF%BC%E4%BD%93/SEMI_WFF_2026_1Q.xlsx
Micron - Fab 6 (MTV DRAM) current wafer capacity (SEMI WFF),,晶圆产能,SEMI WFF 工厂级晶圆产能观测。,current,40000,12,美洲,/Users/simon/Documents/Simon-OB/本体论/base/半导体/SEMI_WFF_2026_1Q.xlsx,Micron,Memory,facility_capacity,,,Micron - Fab 6 (MTV DRAM),1654,Company Detail,file:///Users/simon/Documents/Simon-OB/%E6%9C%AC%E4%BD%93%E8%AE%BA/base/%E5%8D%8A%E5%AF%BC%E4%BD%93/SEMI_WFF_2026_1Q.xlsx
"Micron - Fab 4 (Bldg. 24 C,D,E) current wafer capacity (SEMI WFF)",,晶圆产能,SEMI WFF 工厂级晶圆产能观测。,current,6000,12,美洲,/Users/simon/Documents/Simon-OB/本体论/base/半导体/SEMI_WFF_2026_1Q.xlsx,Micron,Memory,facility_capacity,,,"Micron - Fab 4 (Bldg. 24 C,D,E)",1286,Company Detail,file:///Users/simon/Documents/Simon-OB/%E6%9C%AC%E4%BD%93%E8%AE%BA/base/%E5%8D%8A%E5%AF%BC%E4%BD%93/SEMI_WFF_2026_1Q.xlsx
"Micron - Fab 6 (MTV Flash, former IMFT) current wafer capacity (SEMI WFF)",,晶圆产能,SEMI WFF 工厂级晶圆产能观测。,current,28000,12,美洲,/Users/simon/Documents/Simon-OB/本体论/base/半导体/SEMI_WFF_2026_1Q.xlsx,Micron,Memory,facility_capacity,,,"Micron - Fab 6 (MTV Flash, former IMFT)",1994,Company Detail,file:///Users/simon/Documents/Simon-OB/%E6%9C%AC%E4%BD%93%E8%AE%BA/base/%E5%8D%8A%E5%AF%BC%E4%BD%93/SEMI_WFF_2026_1Q.xlsx
Micron - Fab 16 A1 (former R1) current wafer capacity (SEMI WFF),,晶圆产能,SEMI WFF 工厂级晶圆产能观测。,current,47000,12,中国台湾,/Users/simon/Documents/Simon-OB/本体论/base/半导体/SEMI_WFF_2026_1Q.xlsx,Micron,Memory,facility_capacity,,,Micron - Fab 16 A1 (former R1),2109,Company Detail,file:///Users/simon/Documents/Simon-OB/%E6%9C%AC%E4%BD%93%E8%AE%BA/base/%E5%8D%8A%E5%AF%BC%E4%BD%93/SEMI_WFF_2026_1Q.xlsx
Micron - Fab 11 (Inotera Fab 2) current wafer capacity (SEMI WFF),,晶圆产能,SEMI WFF 工厂级晶圆产能观测。,current,31000,12,中国台湾,/Users/simon/Documents/Simon-OB/本体论/base/半导体/SEMI_WFF_2026_1Q.xlsx,Micron,Memory,facility_capacity,,,Micron - Fab 11 (Inotera Fab 2),2147,Company Detail,file:///Users/simon/Documents/Simon-OB/%E6%9C%AC%E4%BD%93%E8%AE%BA/base/%E5%8D%8A%E5%AF%BC%E4%BD%93/SEMI_WFF_2026_1Q.xlsx
Micron - Fab 16 A3 (phase 1 + phase 2) current wafer capacity (SEMI WFF),,晶圆产能,SEMI WFF 工厂级晶圆产能观测。,current,100000,12,中国台湾,/Users/simon/Documents/Simon-OB/本体论/base/半导体/SEMI_WFF_2026_1Q.xlsx,Micron,Memory,facility_capacity,,,Micron - Fab 16 A3 (phase 1 + phase 2),2241,Company Detail,file:///Users/simon/Documents/Simon-OB/%E6%9C%AC%E4%BD%93%E8%AE%BA/base/%E5%8D%8A%E5%AF%BC%E4%BD%93/SEMI_WFF_2026_1Q.xlsx
Micron - Fab 11 (Inotera Fab 1) current wafer capacity (SEMI WFF),,晶圆产能,SEMI WFF 工厂级晶圆产能观测。,current,31000,12,中国台湾,/Users/simon/Documents/Simon-OB/本体论/base/半导体/SEMI_WFF_2026_1Q.xlsx,Micron,Memory,facility_capacity,,,Micron - Fab 11 (Inotera Fab 1),1594,Company Detail,file:///Users/simon/Documents/Simon-OB/%E6%9C%AC%E4%BD%93%E8%AE%BA/base/%E5%8D%8A%E5%AF%BC%E4%BD%93/SEMI_WFF_2026_1Q.xlsx
Micron - Fab 15 +B-Bldg+F-Bldg (was Elpida E300) current wafer capacity (SEMI WFF),,晶圆产能,SEMI WFF 工厂级晶圆产能观测。,current,116000,12,日本,/Users/simon/Documents/Simon-OB/本体论/base/半导体/SEMI_WFF_2026_1Q.xlsx,Micron,Memory,facility_capacity,,,Micron - Fab 15 +B-Bldg+F-Bldg (was Elpida E300),1791,Company Detail,file:///Users/simon/Documents/Simon-OB/%E6%9C%AC%E4%BD%93%E8%AE%BA/base/%E5%8D%8A%E5%AF%BC%E4%BD%93/SEMI_WFF_2026_1Q.xlsx
Micron - Fab 4 (Bldg. 51 R&D expansion) current wafer capacity (SEMI WFF),,晶圆产能,SEMI WFF 工厂级晶圆产能观测。,current,8000,12,美洲,/Users/simon/Documents/Simon-OB/本体论/base/半导体/SEMI_WFF_2026_1Q.xlsx,Micron,Memory,facility_capacity,,,Micron - Fab 4 (Bldg. 51 R&D expansion),3813,Company Detail,file:///Users/simon/Documents/Simon-OB/%E6%9C%AC%E4%BD%93%E8%AE%BA/base/%E5%8D%8A%E5%AF%BC%E4%BD%93/SEMI_WFF_2026_1Q.xlsx
"Micron - Fab 10W 3D-part (former Fab 7, Tech) current wafer capacity (SEMI WFF)",,晶圆产能,SEMI WFF 工厂级晶圆产能观测。,current,13000,12,SE Asia,/Users/simon/Documents/Simon-OB/本体论/base/半导体/SEMI_WFF_2026_1Q.xlsx,Micron,Memory,facility_capacity,,,"Micron - Fab 10W 3D-part (former Fab 7, Tech)",3851,Company Detail,file:///Users/simon/Documents/Simon-OB/%E6%9C%AC%E4%BD%93%E8%AE%BA/base/%E5%8D%8A%E5%AF%BC%E4%BD%93/SEMI_WFF_2026_1Q.xlsx
Micron - Fab 10A (Phase 1 + 2) current wafer capacity (SEMI WFF),,晶圆产能,SEMI WFF 工厂级晶圆产能观测。,current,120000,12,SE Asia,/Users/simon/Documents/Simon-OB/本体论/base/半导体/SEMI_WFF_2026_1Q.xlsx,Micron,Memory,facility_capacity,,,Micron - Fab 10A (Phase 1 + 2),5003,Company Detail,file:///Users/simon/Documents/Simon-OB/%E6%9C%AC%E4%BD%93%E8%AE%BA/base/%E5%8D%8A%E5%AF%BC%E4%BD%93/SEMI_WFF_2026_1Q.xlsx
Micron - Expansion Fab current wafer capacity (SEMI WFF),,晶圆产能,SEMI WFF 工厂级晶圆产能观测。,current,35000,12,美洲,/Users/simon/Documents/Simon-OB/本体论/base/半导体/SEMI_WFF_2026_1Q.xlsx,Micron,Memory,facility_capacity,,,Micron - Expansion Fab,5037,Company Detail,file:///Users/simon/Documents/Simon-OB/%E6%9C%AC%E4%BD%93%E8%AE%BA/base/%E5%8D%8A%E5%AF%BC%E4%BD%93/SEMI_WFF_2026_1Q.xlsx
Micron - Fab P5 Phase 2 Tongluo (was P6 with PSMC) current wafer capacity (SEMI WFF),,晶圆产能,SEMI WFF 工厂级晶圆产能观测。,current,35000,12,中国台湾,/Users/simon/Documents/Simon-OB/本体论/base/半导体/SEMI_WFF_2026_1Q.xlsx,Micron,Memory,facility_capacity,,,Micron - Fab P5 Phase 2 Tongluo (was P6 with PSMC),5038,Company Detail,file:///Users/simon/Documents/Simon-OB/%E6%9C%AC%E4%BD%93%E8%AE%BA/base/%E5%8D%8A%E5%AF%BC%E4%BD%93/SEMI_WFF_2026_1Q.xlsx
Micron - Fab 10N - 3D portion current wafer capacity (SEMI WFF),,晶圆产能,SEMI WFF 工厂级晶圆产能观测。,current,32000,12,SE Asia,/Users/simon/Documents/Simon-OB/本体论/base/半导体/SEMI_WFF_2026_1Q.xlsx,Micron,Memory,facility_capacity,,,Micron - Fab 10N - 3D portion,3769,Company Detail,file:///Users/simon/Documents/Simon-OB/%E6%9C%AC%E4%BD%93%E8%AE%BA/base/%E5%8D%8A%E5%AF%BC%E4%BD%93/SEMI_WFF_2026_1Q.xlsx
Micron - Fab 11 (Inotera Fab 1a) current wafer capacity (SEMI WFF),,晶圆产能,SEMI WFF 工厂级晶圆产能观测。,current,50000,12,中国台湾,/Users/simon/Documents/Simon-OB/本体论/base/半导体/SEMI_WFF_2026_1Q.xlsx,Micron,Memory,facility_capacity,,,Micron - Fab 11 (Inotera Fab 1a),1500,Company Detail,file:///Users/simon/Documents/Simon-OB/%E6%9C%AC%E4%BD%93%E8%AE%BA/base/%E5%8D%8A%E5%AF%BC%E4%BD%93/SEMI_WFF_2026_1Q.xlsx
Micron - Fab 10X (Singapore) current wafer capacity (SEMI WFF),,晶圆产能,SEMI WFF 工厂级晶圆产能观测。,current,40000,12,SE Asia,/Users/simon/Documents/Simon-OB/本体论/base/半导体/SEMI_WFF_2026_1Q.xlsx,Micron,Memory,facility_capacity,,,Micron - Fab 10X (Singapore),3708,Company Detail,file:///Users/simon/Documents/Simon-OB/%E6%9C%AC%E4%BD%93%E8%AE%BA/base/%E5%8D%8A%E5%AF%BC%E4%BD%93/SEMI_WFF_2026_1Q.xlsx
Micron - Fab 16 A2 (former R2) current wafer capacity (SEMI WFF),,晶圆产能,SEMI WFF 工厂级晶圆产能观测。,current,38000,12,中国台湾,/Users/simon/Documents/Simon-OB/本体论/base/半导体/SEMI_WFF_2026_1Q.xlsx,Micron,Memory,facility_capacity,,,Micron - Fab 16 A2 (former R2),2154,Company Detail,file:///Users/simon/Documents/Simon-OB/%E6%9C%AC%E4%BD%93%E8%AE%BA/base/%E5%8D%8A%E5%AF%BC%E4%BD%93/SEMI_WFF_2026_1Q.xlsx
Micron - Fab 4 (Bldg. 50) current wafer capacity (SEMI WFF),,晶圆产能,SEMI WFF 工厂级晶圆产能观测。,current,4000,12,美洲,/Users/simon/Documents/Simon-OB/本体论/base/半导体/SEMI_WFF_2026_1Q.xlsx,Micron,Memory,facility_capacity,,,Micron - Fab 4 (Bldg. 50),3418,Company Detail,file:///Users/simon/Documents/Simon-OB/%E6%9C%AC%E4%BD%93%E8%AE%BA/base/%E5%8D%8A%E5%AF%BC%E4%BD%93/SEMI_WFF_2026_1Q.xlsx
Micron - ID 1 (New Boise Fab 1) current wafer capacity (SEMI WFF),,晶圆产能,SEMI WFF 工厂级晶圆产能观测。,current,95000,12,美洲,/Users/simon/Documents/Simon-OB/本体论/base/半导体/SEMI_WFF_2026_1Q.xlsx,Micron,Memory,facility_capacity,,,Micron - ID 1 (New Boise Fab 1),6279,Company Detail,file:///Users/simon/Documents/Simon-OB/%E6%9C%AC%E4%BD%93%E8%AE%BA/base/%E5%8D%8A%E5%AF%BC%E4%BD%93/SEMI_WFF_2026_1Q.xlsx
Micron - Clay Fab 1 (Phase 1A) current wafer capacity (SEMI WFF),,晶圆产能,SEMI WFF 工厂级晶圆产能观测。,current,150000,12,美洲,/Users/simon/Documents/Simon-OB/本体论/base/半导体/SEMI_WFF_2026_1Q.xlsx,Micron,Memory,facility_capacity,,,Micron - Clay Fab 1 (Phase 1A),6390,Company Detail,file:///Users/simon/Documents/Simon-OB/%E6%9C%AC%E4%BD%93%E8%AE%BA/base/%E5%8D%8A%E5%AF%BC%E4%BD%93/SEMI_WFF_2026_1Q.xlsx
Micron - Fab 15 expansion F-Building current wafer capacity (SEMI WFF),,晶圆产能,SEMI WFF 工厂级晶圆产能观测。,current,25000,12,日本,/Users/simon/Documents/Simon-OB/本体论/base/半导体/SEMI_WFF_2026_1Q.xlsx,Micron,Memory,facility_capacity,,,Micron - Fab 15 expansion F-Building,5112,Company Detail,file:///Users/simon/Documents/Simon-OB/%E6%9C%AC%E4%BD%93%E8%AE%BA/base/%E5%8D%8A%E5%AF%BC%E4%BD%93/SEMI_WFF_2026_1Q.xlsx
Micron - Clay Fab 2 (Phase 1B) current wafer capacity (SEMI WFF),,晶圆产能,SEMI WFF 工厂级晶圆产能观测。,current,145000,12,美洲,/Users/simon/Documents/Simon-OB/本体论/base/半导体/SEMI_WFF_2026_1Q.xlsx,Micron,Memory,facility_capacity,,,Micron - Clay Fab 2 (Phase 1B),6561,Company Detail,file:///Users/simon/Documents/Simon-OB/%E6%9C%AC%E4%BD%93%E8%AE%BA/base/%E5%8D%8A%E5%AF%BC%E4%BD%93/SEMI_WFF_2026_1Q.xlsx
Micron - Clay Fab 3 (Phase 2A) current wafer capacity (SEMI WFF),,晶圆产能,SEMI WFF 工厂级晶圆产能观测。,current,140000,12,美洲,/Users/simon/Documents/Simon-OB/本体论/base/半导体/SEMI_WFF_2026_1Q.xlsx,Micron,Memory,facility_capacity,,,Micron - Clay Fab 3 (Phase 2A),6584,Company Detail,file:///Users/simon/Documents/Simon-OB/%E6%9C%AC%E4%BD%93%E8%AE%BA/base/%E5%8D%8A%E5%AF%BC%E4%BD%93/SEMI_WFF_2026_1Q.xlsx
Micron - Clay Fab 4 (Phase 2B) current wafer capacity (SEMI WFF),,晶圆产能,SEMI WFF 工厂级晶圆产能观测。,current,135000,12,美洲,/Users/simon/Documents/Simon-OB/本体论/base/半导体/SEMI_WFF_2026_1Q.xlsx,Micron,Memory,facility_capacity,,,Micron - Clay Fab 4 (Phase 2B),6585,Company Detail,file:///Users/simon/Documents/Simon-OB/%E6%9C%AC%E4%BD%93%E8%AE%BA/base/%E5%8D%8A%E5%AF%BC%E4%BD%93/SEMI_WFF_2026_1Q.xlsx
Micron - Fab 10B (Phase 1 + 2) current wafer capacity (SEMI WFF),,晶圆产能,SEMI WFF 工厂级晶圆产能观测。,current,180000,12,SE Asia,/Users/simon/Documents/Simon-OB/本体论/base/半导体/SEMI_WFF_2026_1Q.xlsx,Micron,Memory,facility_capacity,,,Micron - Fab 10B (Phase 1 + 2),6693,Company Detail,file:///Users/simon/Documents/Simon-OB/%E6%9C%AC%E4%BD%93%E8%AE%BA/base/%E5%8D%8A%E5%AF%BC%E4%BD%93/SEMI_WFF_2026_1Q.xlsx
Micron - New DRAM/HBM Hybrid Fab current wafer capacity (SEMI WFF),,晶圆产能,SEMI WFF 工厂级晶圆产能观测。,current,40000,12,日本,/Users/simon/Documents/Simon-OB/本体论/base/半导体/SEMI_WFF_2026_1Q.xlsx,Micron,Memory,facility_capacity,,,Micron - New DRAM/HBM Hybrid Fab,6260,Company Detail,file:///Users/simon/Documents/Simon-OB/%E6%9C%AC%E4%BD%93%E8%AE%BA/base/%E5%8D%8A%E5%AF%BC%E4%BD%93/SEMI_WFF_2026_1Q.xlsx
Micron - Fab P5 Phase 1 (Tongluo) was Powerchip PSMC current wafer capacity (SEMI WFF),,晶圆产能,SEMI WFF 工厂级晶圆产能观测。,current,40000,12,中国台湾,/Users/simon/Documents/Simon-OB/本体论/base/半导体/SEMI_WFF_2026_1Q.xlsx,Micron,Memory,facility_capacity,,,Micron - Fab P5 Phase 1 (Tongluo) was Powerchip PSMC,6691,Company Detail,file:///Users/simon/Documents/Simon-OB/%E6%9C%AC%E4%BD%93%E8%AE%BA/base/%E5%8D%8A%E5%AF%BC%E4%BD%93/SEMI_WFF_2026_1Q.xlsx
Micron - ID 2 (New Boise Fab 2) current wafer capacity (SEMI WFF),,晶圆产能,SEMI WFF 工厂级晶圆产能观测。,current,95000,12,美洲,/Users/simon/Documents/Simon-OB/本体论/base/半导体/SEMI_WFF_2026_1Q.xlsx,Micron,Memory,facility_capacity,,,Micron - ID 2 (New Boise Fab 2),6658,Company Detail,file:///Users/simon/Documents/Simon-OB/%E6%9C%AC%E4%BD%93%E8%AE%BA/base/%E5%8D%8A%E5%AF%BC%E4%BD%93/SEMI_WFF_2026_1Q.xlsx
Micropac Industries - N/A current wafer capacity (SEMI WFF),,晶圆产能,SEMI WFF 工厂级晶圆产能观测。,current,3000,4,美洲,/Users/simon/Documents/Simon-OB/本体论/base/半导体/SEMI_WFF_2026_1Q.xlsx,Micropac Industries,Opto,facility_capacity,,,Micropac Industries - N/A,551,Company Detail,file:///Users/simon/Documents/Simon-OB/%E6%9C%AC%E4%BD%93%E8%AE%BA/base/%E5%8D%8A%E5%AF%BC%E4%BD%93/SEMI_WFF_2026_1Q.xlsx
Microwave Monolithics - 研发 current wafer capacity (SEMI WFF),,晶圆产能,SEMI WFF 工厂级晶圆产能观测。,current,500,3,美洲,/Users/simon/Documents/Simon-OB/本体论/base/半导体/SEMI_WFF_2026_1Q.xlsx,Microwave Monolithics,Other,facility_capacity,,,Microwave Monolithics - 研发,555,Company Detail,file:///Users/simon/Documents/Simon-OB/%E6%9C%AC%E4%BD%93%E8%AE%BA/base/%E5%8D%8A%E5%AF%BC%E4%BD%93/SEMI_WFF_2026_1Q.xlsx
Midwest MicroDevices (MMD) - MMD fab current wafer capacity (SEMI WFF),,晶圆产能,SEMI WFF 工厂级晶圆产能观测。,current,500,4,美洲,/Users/simon/Documents/Simon-OB/本体论/base/半导体/SEMI_WFF_2026_1Q.xlsx,Midwest MicroDevices (MMD),MEMS,facility_capacity,,,Midwest MicroDevices (MMD) - MMD fab,3540,Company Detail,file:///Users/simon/Documents/Simon-OB/%E6%9C%AC%E4%BD%93%E8%AE%BA/base/%E5%8D%8A%E5%AF%BC%E4%BD%93/SEMI_WFF_2026_1Q.xlsx
Mikron (JSC Mikron) - 100mm (4-inch) current wafer capacity (SEMI WFF),,晶圆产能,SEMI WFF 工厂级晶圆产能观测。,current,18000,4,Europe & Mideast,/Users/simon/Documents/Simon-OB/本体论/base/半导体/SEMI_WFF_2026_1Q.xlsx,Mikron (JSC Mikron),Analog,facility_capacity,,,Mikron (JSC Mikron) - 100mm (4-inch),562,Company Detail,file:///Users/simon/Documents/Simon-OB/%E6%9C%AC%E4%BD%93%E8%AE%BA/base/%E5%8D%8A%E5%AF%BC%E4%BD%93/SEMI_WFF_2026_1Q.xlsx
Mikron (JSC Mikron) - 150mm (6-inch Corona) current wafer capacity (SEMI WFF),,晶圆产能,SEMI WFF 工厂级晶圆产能观测。,current,5000,6,Europe & Mideast,/Users/simon/Documents/Simon-OB/本体论/base/半导体/SEMI_WFF_2026_1Q.xlsx,Mikron (JSC Mikron),Analog,facility_capacity,,,Mikron (JSC Mikron) - 150mm (6-inch Corona),1475,Company Detail,file:///Users/simon/Documents/Simon-OB/%E6%9C%AC%E4%BD%93%E8%AE%BA/base/%E5%8D%8A%E5%AF%BC%E4%BD%93/SEMI_WFF_2026_1Q.xlsx
Mikron (JSC Mikron) - 200mm current wafer capacity (SEMI WFF),,晶圆产能,SEMI WFF 工厂级晶圆产能观测。,current,3000,8,Europe & Mideast,/Users/simon/Documents/Simon-OB/本体论/base/半导体/SEMI_WFF_2026_1Q.xlsx,Mikron (JSC Mikron),Analog,facility_capacity,,,Mikron (JSC Mikron) - 200mm,2429,Company Detail,file:///Users/simon/Documents/Simon-OB/%E6%9C%AC%E4%BD%93%E8%AE%BA/base/%E5%8D%8A%E5%AF%BC%E4%BD%93/SEMI_WFF_2026_1Q.xlsx
MIMOS Semiconductor (MySem) - Fab 1 current wafer capacity (SEMI WFF),,晶圆产能,SEMI WFF 工厂级晶圆产能观测。,current,600,6,SE Asia,/Users/simon/Documents/Simon-OB/本体论/base/半导体/SEMI_WFF_2026_1Q.xlsx,MIMOS Semiconductor (MySem),MEMS,facility_capacity,,,MIMOS Semiconductor (MySem) - Fab 1,563,Company Detail,file:///Users/simon/Documents/Simon-OB/%E6%9C%AC%E4%BD%93%E8%AE%BA/base/%E5%8D%8A%E5%AF%BC%E4%BD%93/SEMI_WFF_2026_1Q.xlsx
MIMOS Semiconductor (MySem) - Fab 2 current wafer capacity (SEMI WFF),,晶圆产能,SEMI WFF 工厂级晶圆产能观测。,current,5000,8,SE Asia,/Users/simon/Documents/Simon-OB/本体论/base/半导体/SEMI_WFF_2026_1Q.xlsx,MIMOS Semiconductor (MySem),Analog,facility_capacity,,,MIMOS Semiconductor (MySem) - Fab 2,1305,Company Detail,file:///Users/simon/Documents/Simon-OB/%E6%9C%AC%E4%BD%93%E8%AE%BA/base/%E5%8D%8A%E5%AF%BC%E4%BD%93/SEMI_WFF_2026_1Q.xlsx
Minebea Mitsumi - Chitose fab current wafer capacity (SEMI WFF),,晶圆产能,SEMI WFF 工厂级晶圆产能观测。,current,35000,6,日本,/Users/simon/Documents/Simon-OB/本体论/base/半导体/SEMI_WFF_2026_1Q.xlsx,Minebea Mitsumi,Logic&Micro,facility_capacity,,,Minebea Mitsumi - Chitose fab,264,Company Detail,file:///Users/simon/Documents/Simon-OB/%E6%9C%AC%E4%BD%93%E8%AE%BA/base/%E5%8D%8A%E5%AF%BC%E4%BD%93/SEMI_WFF_2026_1Q.xlsx
Minebea Mitsumi - Yasu Fab (1st floor) was Omron current wafer capacity (SEMI WFF),,晶圆产能,SEMI WFF 工厂级晶圆产能观测。,current,10000,8,日本,/Users/simon/Documents/Simon-OB/本体论/base/半导体/SEMI_WFF_2026_1Q.xlsx,Minebea Mitsumi,Analog,facility_capacity,,,Minebea Mitsumi - Yasu Fab (1st floor) was Omron,3016,Company Detail,file:///Users/simon/Documents/Simon-OB/%E6%9C%AC%E4%BD%93%E8%AE%BA/base/%E5%8D%8A%E5%AF%BC%E4%BD%93/SEMI_WFF_2026_1Q.xlsx
Minebea Mitsumi - Yasu Fab (3rd floor) was Omron current wafer capacity (SEMI WFF),,晶圆产能,SEMI WFF 工厂级晶圆产能观测。,current,10000,8,日本,/Users/simon/Documents/Simon-OB/本体论/base/半导体/SEMI_WFF_2026_1Q.xlsx,Minebea Mitsumi,MEMS,facility_capacity,,,Minebea Mitsumi - Yasu Fab (3rd floor) was Omron,361,Company Detail,file:///Users/simon/Documents/Simon-OB/%E6%9C%AC%E4%BD%93%E8%AE%BA/base/%E5%8D%8A%E5%AF%BC%E4%BD%93/SEMI_WFF_2026_1Q.xlsx
Minebea Mitsumi - Yasu Fab (2nd floor) was Omron current wafer capacity (SEMI WFF),,晶圆产能,SEMI WFF 工厂级晶圆产能观测。,current,8000,5,日本,/Users/simon/Documents/Simon-OB/本体论/base/半导体/SEMI_WFF_2026_1Q.xlsx,Minebea Mitsumi,Analog,facility_capacity,,,Minebea Mitsumi - Yasu Fab (2nd floor) was Omron,3855,Company Detail,file:///Users/simon/Documents/Simon-OB/%E6%9C%AC%E4%BD%93%E8%AE%BA/base/%E5%8D%8A%E5%AF%BC%E4%BD%93/SEMI_WFF_2026_1Q.xlsx
MiQro Innovation Collaborative Centre (C2MI) - MiQro Innovation Collaborative Centre current wafer capacity (SEMI WFF),,晶圆产能,SEMI WFF 工厂级晶圆产能观测。,current,2500,8,美洲,/Users/simon/Documents/Simon-OB/本体论/base/半导体/SEMI_WFF_2026_1Q.xlsx,MiQro Innovation Collaborative Centre (C2MI),MEMS,facility_capacity,,,MiQro Innovation Collaborative Centre (C2MI) - MiQro Innovation Collaborative Centre,3180,Company Detail,file:///Users/simon/Documents/Simon-OB/%E6%9C%AC%E4%BD%93%E8%AE%BA/base/%E5%8D%8A%E5%AF%BC%E4%BD%93/SEMI_WFF_2026_1Q.xlsx
Mitsubishi Electric - Kumamoto Factory-D Bldg (was Renesas) current wafer capacity (SEMI WFF),,晶圆产能,SEMI WFF 工厂级晶圆产能观测。,current,70000,8,日本,/Users/simon/Documents/Simon-OB/本体论/base/半导体/SEMI_WFF_2026_1Q.xlsx,Mitsubishi Electric,Discrete,facility_capacity,,,Mitsubishi Electric - Kumamoto Factory-D Bldg (was Renesas),582,Company Detail,file:///Users/simon/Documents/Simon-OB/%E6%9C%AC%E4%BD%93%E8%AE%BA/base/%E5%8D%8A%E5%AF%BC%E4%BD%93/SEMI_WFF_2026_1Q.xlsx
Mitsubishi Electric - Power Devices Innovation Center (PI building) current wafer capacity (SEMI WFF),,晶圆产能,SEMI WFF 工厂级晶圆产能观测。,current,1000,8,日本,/Users/simon/Documents/Simon-OB/本体论/base/半导体/SEMI_WFF_2026_1Q.xlsx,Mitsubishi Electric,Discrete,facility_capacity,,,Mitsubishi Electric - Power Devices Innovation Center (PI building),3840,Company Detail,file:///Users/simon/Documents/Simon-OB/%E6%9C%AC%E4%BD%93%E8%AE%BA/base/%E5%8D%8A%E5%AF%BC%E4%BD%93/SEMI_WFF_2026_1Q.xlsx
Mitsubishi Electric - High Frequency & Optical Device Works current wafer capacity (SEMI WFF),,晶圆产能,SEMI WFF 工厂级晶圆产能观测。,current,5000,6,日本,/Users/simon/Documents/Simon-OB/本体论/base/半导体/SEMI_WFF_2026_1Q.xlsx,Mitsubishi Electric,Opto,facility_capacity,,,Mitsubishi Electric - High Frequency & Optical Device Works,1311,Company Detail,file:///Users/simon/Documents/Simon-OB/%E6%9C%AC%E4%BD%93%E8%AE%BA/base/%E5%8D%8A%E5%AF%BC%E4%BD%93/SEMI_WFF_2026_1Q.xlsx
Mitsubishi Electric - Power Device Works current wafer capacity (SEMI WFF),,晶圆产能,SEMI WFF 工厂级晶圆产能观测。,current,40000,6,日本,/Users/simon/Documents/Simon-OB/本体论/base/半导体/SEMI_WFF_2026_1Q.xlsx,Mitsubishi Electric,Discrete,facility_capacity,,,Mitsubishi Electric - Power Device Works,586,Company Detail,file:///Users/simon/Documents/Simon-OB/%E6%9C%AC%E4%BD%93%E8%AE%BA/base/%E5%8D%8A%E5%AF%BC%E4%BD%93/SEMI_WFF_2026_1Q.xlsx
Mitsubishi Electric - SiC power device pilot line current wafer capacity (SEMI WFF),,晶圆产能,SEMI WFF 工厂级晶圆产能观测。,current,3000,4,日本,/Users/simon/Documents/Simon-OB/本体论/base/半导体/SEMI_WFF_2026_1Q.xlsx,Mitsubishi Electric,Discrete,facility_capacity,,,Mitsubishi Electric - SiC power device pilot line,3498,Company Detail,file:///Users/simon/Documents/Simon-OB/%E6%9C%AC%E4%BD%93%E8%AE%BA/base/%E5%8D%8A%E5%AF%BC%E4%BD%93/SEMI_WFF_2026_1Q.xlsx
Mitsubishi Electric - Fukuyama Plant 2 (was Sharp) current wafer capacity (SEMI WFF),,晶圆产能,SEMI WFF 工厂级晶圆产能观测。,current,30000,6,日本,/Users/simon/Documents/Simon-OB/本体论/base/半导体/SEMI_WFF_2026_1Q.xlsx,Mitsubishi Electric,Discrete,facility_capacity,,,Mitsubishi Electric - Fukuyama Plant 2 (was Sharp),942,Company Detail,file:///Users/simon/Documents/Simon-OB/%E6%9C%AC%E4%BD%93%E8%AE%BA/base/%E5%8D%8A%E5%AF%BC%E4%BD%93/SEMI_WFF_2026_1Q.xlsx
Mitsubishi Electric - Fukuyama Plant 3 (was Sharp) current wafer capacity (SEMI WFF),,晶圆产能,SEMI WFF 工厂级晶圆产能观测。,current,20000,8,日本,/Users/simon/Documents/Simon-OB/本体论/base/半导体/SEMI_WFF_2026_1Q.xlsx,Mitsubishi Electric,Discrete,facility_capacity,,,Mitsubishi Electric - Fukuyama Plant 3 (was Sharp),408,Company Detail,file:///Users/simon/Documents/Simon-OB/%E6%9C%AC%E4%BD%93%E8%AE%BA/base/%E5%8D%8A%E5%AF%BC%E4%BD%93/SEMI_WFF_2026_1Q.xlsx
Mitsubishi Electric - New SiC Power Fab current wafer capacity (SEMI WFF),,晶圆产能,SEMI WFF 工厂级晶圆产能观测。,current,30000,8,日本,/Users/simon/Documents/Simon-OB/本体论/base/半导体/SEMI_WFF_2026_1Q.xlsx,Mitsubishi Electric,Discrete,facility_capacity,,,Mitsubishi Electric - New SiC Power Fab,6270,Company Detail,file:///Users/simon/Documents/Simon-OB/%E6%9C%AC%E4%BD%93%E8%AE%BA/base/%E5%8D%8A%E5%AF%BC%E4%BD%93/SEMI_WFF_2026_1Q.xlsx
Mitsubishi Electric - Fukuyama 300mm Power pilot line current wafer capacity (SEMI WFF),,晶圆产能,SEMI WFF 工厂级晶圆产能观测。,current,10000,12,日本,/Users/simon/Documents/Simon-OB/本体论/base/半导体/SEMI_WFF_2026_1Q.xlsx,Mitsubishi Electric,Discrete,facility_capacity,,,Mitsubishi Electric - Fukuyama 300mm Power pilot line,6253,Company Detail,file:///Users/simon/Documents/Simon-OB/%E6%9C%AC%E4%BD%93%E8%AE%BA/base/%E5%8D%8A%E5%AF%BC%E4%BD%93/SEMI_WFF_2026_1Q.xlsx
"Mitsubishi Electric - Kumamoto Factory (Bldg A,B,C) current wafer capacity (SEMI WFF)",,晶圆产能,SEMI WFF 工厂级晶圆产能观测。,current,100000,6,日本,/Users/simon/Documents/Simon-OB/本体论/base/半导体/SEMI_WFF_2026_1Q.xlsx,Mitsubishi Electric,Discrete,facility_capacity,,,"Mitsubishi Electric - Kumamoto Factory (Bldg A,B,C)",584,Company Detail,file:///Users/simon/Documents/Simon-OB/%E6%9C%AC%E4%BD%93%E8%AE%BA/base/%E5%8D%8A%E5%AF%BC%E4%BD%93/SEMI_WFF_2026_1Q.xlsx
Moscow Institute of Physics and Technology  (MIPT) - Device R&D current wafer capacity (SEMI WFF),,晶圆产能,SEMI WFF 工厂级晶圆产能观测。,current,50,4,Europe & Mideast,/Users/simon/Documents/Simon-OB/本体论/base/半导体/SEMI_WFF_2026_1Q.xlsx,Moscow Institute of Physics and Technology  (MIPT),Other,facility_capacity,,,Moscow Institute of Physics and Technology  (MIPT) - Device R&D,793,Company Detail,file:///Users/simon/Documents/Simon-OB/%E6%9C%AC%E4%BD%93%E8%AE%BA/base/%E5%8D%8A%E5%AF%BC%E4%BD%93/SEMI_WFF_2026_1Q.xlsx
Moscow Institute of Physics and Technology  (MIPT) - Litho R&D current wafer capacity (SEMI WFF),,晶圆产能,SEMI WFF 工厂级晶圆产能观测。,current,50,4,Europe & Mideast,/Users/simon/Documents/Simon-OB/本体论/base/半导体/SEMI_WFF_2026_1Q.xlsx,Moscow Institute of Physics and Technology  (MIPT),Other,facility_capacity,,,Moscow Institute of Physics and Technology  (MIPT) - Litho R&D,794,Company Detail,file:///Users/simon/Documents/Simon-OB/%E6%9C%AC%E4%BD%93%E8%AE%BA/base/%E5%8D%8A%E5%AF%BC%E4%BD%93/SEMI_WFF_2026_1Q.xlsx
Moscow Institute of Physics and Technology  (MIPT) - R&D Institute current wafer capacity (SEMI WFF),,晶圆产能,SEMI WFF 工厂级晶圆产能观测。,current,50,4,Europe & Mideast,/Users/simon/Documents/Simon-OB/本体论/base/半导体/SEMI_WFF_2026_1Q.xlsx,Moscow Institute of Physics and Technology  (MIPT),Other,facility_capacity,,,Moscow Institute of Physics and Technology  (MIPT) - R&D Institute,795,Company Detail,file:///Users/simon/Documents/Simon-OB/%E6%9C%AC%E4%BD%93%E8%AE%BA/base/%E5%8D%8A%E5%AF%BC%E4%BD%93/SEMI_WFF_2026_1Q.xlsx
Mosel Vitelic - Fab 1 (6-inch line) current wafer capacity (SEMI WFF),,晶圆产能,SEMI WFF 工厂级晶圆产能观测。,current,57000,6,中国台湾,/Users/simon/Documents/Simon-OB/本体论/base/半导体/SEMI_WFF_2026_1Q.xlsx,Mosel Vitelic,Analog,facility_capacity,,,Mosel Vitelic - Fab 1 (6-inch line),600,Company Detail,file:///Users/simon/Documents/Simon-OB/%E6%9C%AC%E4%BD%93%E8%AE%BA/base/%E5%8D%8A%E5%AF%BC%E4%BD%93/SEMI_WFF_2026_1Q.xlsx
MOSPEC Semiconductor Corp. - n/a current wafer capacity (SEMI WFF),,晶圆产能,SEMI WFF 工厂级晶圆产能观测。,current,12000,6,中国台湾,/Users/simon/Documents/Simon-OB/本体论/base/半导体/SEMI_WFF_2026_1Q.xlsx,MOSPEC Semiconductor Corp.,Discrete,facility_capacity,,,MOSPEC Semiconductor Corp. - n/a,3223,Company Detail,file:///Users/simon/Documents/Simon-OB/%E6%9C%AC%E4%BD%93%E8%AE%BA/base/%E5%8D%8A%E5%AF%BC%E4%BD%93/SEMI_WFF_2026_1Q.xlsx
"MT Microsystems - 6"" fab current wafer capacity (SEMI WFF)",,晶圆产能,SEMI WFF 工厂级晶圆产能观测。,current,10000,6,中国,/Users/simon/Documents/Simon-OB/本体论/base/半导体/SEMI_WFF_2026_1Q.xlsx,MT Microsystems,MEMS,facility_capacity,,,"MT Microsystems - 6"" fab",6138,Company Detail,file:///Users/simon/Documents/Simon-OB/%E6%9C%AC%E4%BD%93%E8%AE%BA/base/%E5%8D%8A%E5%AF%BC%E4%BD%93/SEMI_WFF_2026_1Q.xlsx
"Murata Manufacturing Company, Ltd. - Murata Integrated Passive Solution (was IPDiA Fab 2 6-inch) current wafer capacity (SEMI WFF)",,晶圆产能,SEMI WFF 工厂级晶圆产能观测。,current,12500,6,Europe & Mideast,/Users/simon/Documents/Simon-OB/本体论/base/半导体/SEMI_WFF_2026_1Q.xlsx,"Murata Manufacturing Company, Ltd.",Discrete,facility_capacity,,,"Murata Manufacturing Company, Ltd. - Murata Integrated Passive Solution (was IPDiA Fab 2 6-inch)",771,Company Detail,file:///Users/simon/Documents/Simon-OB/%E6%9C%AC%E4%BD%93%E8%AE%BA/base/%E5%8D%8A%E5%AF%BC%E4%BD%93/SEMI_WFF_2026_1Q.xlsx
"Murata Manufacturing Company, Ltd. - Sendai Fab current wafer capacity (SEMI WFF)",,晶圆产能,SEMI WFF 工厂级晶圆产能观测。,current,20000,6,日本,/Users/simon/Documents/Simon-OB/本体论/base/半导体/SEMI_WFF_2026_1Q.xlsx,"Murata Manufacturing Company, Ltd.",MEMS,facility_capacity,,,"Murata Manufacturing Company, Ltd. - Sendai Fab",3860,Company Detail,file:///Users/simon/Documents/Simon-OB/%E6%9C%AC%E4%BD%93%E8%AE%BA/base/%E5%8D%8A%E5%AF%BC%E4%BD%93/SEMI_WFF_2026_1Q.xlsx
"Murata Manufacturing Company, Ltd. - Kanazawa Fab 2 (Building E) current wafer capacity (SEMI WFF)",,晶圆产能,SEMI WFF 工厂级晶圆产能观测。,current,10000,8,日本,/Users/simon/Documents/Simon-OB/本体论/base/半导体/SEMI_WFF_2026_1Q.xlsx,"Murata Manufacturing Company, Ltd.",MEMS,facility_capacity,,,"Murata Manufacturing Company, Ltd. - Kanazawa Fab 2 (Building E)",3862,Company Detail,file:///Users/simon/Documents/Simon-OB/%E6%9C%AC%E4%BD%93%E8%AE%BA/base/%E5%8D%8A%E5%AF%BC%E4%BD%93/SEMI_WFF_2026_1Q.xlsx
"Murata Manufacturing Company, Ltd. - Vantaa Fab 3 current wafer capacity (SEMI WFF)",,晶圆产能,SEMI WFF 工厂级晶圆产能观测。,current,5000,6,Europe & Mideast,/Users/simon/Documents/Simon-OB/本体论/base/半导体/SEMI_WFF_2026_1Q.xlsx,"Murata Manufacturing Company, Ltd.",MEMS,facility_capacity,,,"Murata Manufacturing Company, Ltd. - Vantaa Fab 3",5032,Company Detail,file:///Users/simon/Documents/Simon-OB/%E6%9C%AC%E4%BD%93%E8%AE%BA/base/%E5%8D%8A%E5%AF%BC%E4%BD%93/SEMI_WFF_2026_1Q.xlsx
"Murata Manufacturing Company, Ltd. - Yasu Plant current wafer capacity (SEMI WFF)",,晶圆产能,SEMI WFF 工厂级晶圆产能观测。,current,14500,3,日本,/Users/simon/Documents/Simon-OB/本体论/base/半导体/SEMI_WFF_2026_1Q.xlsx,"Murata Manufacturing Company, Ltd.",Discrete,facility_capacity,,,"Murata Manufacturing Company, Ltd. - Yasu Plant",3039,Company Detail,file:///Users/simon/Documents/Simon-OB/%E6%9C%AC%E4%BD%93%E8%AE%BA/base/%E5%8D%8A%E5%AF%BC%E4%BD%93/SEMI_WFF_2026_1Q.xlsx
"Murata Manufacturing Company, Ltd. - Kanazawa Plant (A1 + combined) current wafer capacity (SEMI WFF)",,晶圆产能,SEMI WFF 工厂级晶圆产能观测。,current,5000,6,日本,/Users/simon/Documents/Simon-OB/本体论/base/半导体/SEMI_WFF_2026_1Q.xlsx,"Murata Manufacturing Company, Ltd.",MEMS,facility_capacity,,,"Murata Manufacturing Company, Ltd. - Kanazawa Plant (A1 + combined)",3040,Company Detail,file:///Users/simon/Documents/Simon-OB/%E6%9C%AC%E4%BD%93%E8%AE%BA/base/%E5%8D%8A%E5%AF%BC%E4%BD%93/SEMI_WFF_2026_1Q.xlsx
"Murata Manufacturing Company, Ltd. - Vantaa Fab 1 current wafer capacity (SEMI WFF)",,晶圆产能,SEMI WFF 工厂级晶圆产能观测。,current,5000,6,Europe & Mideast,/Users/simon/Documents/Simon-OB/本体论/base/半导体/SEMI_WFF_2026_1Q.xlsx,"Murata Manufacturing Company, Ltd.",MEMS,facility_capacity,,,"Murata Manufacturing Company, Ltd. - Vantaa Fab 1",2351,Company Detail,file:///Users/simon/Documents/Simon-OB/%E6%9C%AC%E4%BD%93%E8%AE%BA/base/%E5%8D%8A%E5%AF%BC%E4%BD%93/SEMI_WFF_2026_1Q.xlsx
"Murata Manufacturing Company, Ltd. - Vantaa Fab 2 current wafer capacity (SEMI WFF)",,晶圆产能,SEMI WFF 工厂级晶圆产能观测。,current,12000,6,Europe & Mideast,/Users/simon/Documents/Simon-OB/本体论/base/半导体/SEMI_WFF_2026_1Q.xlsx,"Murata Manufacturing Company, Ltd.",MEMS,facility_capacity,,,"Murata Manufacturing Company, Ltd. - Vantaa Fab 2",2352,Company Detail,file:///Users/simon/Documents/Simon-OB/%E6%9C%AC%E4%BD%93%E8%AE%BA/base/%E5%8D%8A%E5%AF%BC%E4%BD%93/SEMI_WFF_2026_1Q.xlsx
Nanchang Kingsoon - Nanchang fab current wafer capacity (SEMI WFF),,晶圆产能,SEMI WFF 工厂级晶圆产能观测。,current,10000,4,中国,/Users/simon/Documents/Simon-OB/本体论/base/半导体/SEMI_WFF_2026_1Q.xlsx,Nanchang Kingsoon,Opto,facility_capacity,,,Nanchang Kingsoon - Nanchang fab,3884,Company Detail,file:///Users/simon/Documents/Simon-OB/%E6%9C%AC%E4%BD%93%E8%AE%BA/base/%E5%8D%8A%E5%AF%BC%E4%BD%93/SEMI_WFF_2026_1Q.xlsx
Nanjing Gaoxin Semiconductor Corporation (NSMC) - Fab 3 current wafer capacity (SEMI WFF),,晶圆产能,SEMI WFF 工厂级晶圆产能观测。,current,3500,4,中国,/Users/simon/Documents/Simon-OB/本体论/base/半导体/SEMI_WFF_2026_1Q.xlsx,Nanjing Gaoxin Semiconductor Corporation (NSMC),Discrete,facility_capacity,,,Nanjing Gaoxin Semiconductor Corporation (NSMC) - Fab 3,1998,Company Detail,file:///Users/simon/Documents/Simon-OB/%E6%9C%AC%E4%BD%93%E8%AE%BA/base/%E5%8D%8A%E5%AF%BC%E4%BD%93/SEMI_WFF_2026_1Q.xlsx
Nanjing Gaoxin Semiconductor Corporation (NSMC) - Fab 2 (3rd floor R&D) current wafer capacity (SEMI WFF),,晶圆产能,SEMI WFF 工厂级晶圆产能观测。,current,100,3,中国,/Users/simon/Documents/Simon-OB/本体论/base/半导体/SEMI_WFF_2026_1Q.xlsx,Nanjing Gaoxin Semiconductor Corporation (NSMC),Other,facility_capacity,,,Nanjing Gaoxin Semiconductor Corporation (NSMC) - Fab 2 (3rd floor R&D),1695,Company Detail,file:///Users/simon/Documents/Simon-OB/%E6%9C%AC%E4%BD%93%E8%AE%BA/base/%E5%8D%8A%E5%AF%BC%E4%BD%93/SEMI_WFF_2026_1Q.xlsx
Nanjing Gaoxin Semiconductor Corporation (NSMC) - Fab 2 (4th floor) current wafer capacity (SEMI WFF),,晶圆产能,SEMI WFF 工厂级晶圆产能观测。,current,5000,3,中国,/Users/simon/Documents/Simon-OB/本体论/base/半导体/SEMI_WFF_2026_1Q.xlsx,Nanjing Gaoxin Semiconductor Corporation (NSMC),Analog,facility_capacity,,,Nanjing Gaoxin Semiconductor Corporation (NSMC) - Fab 2 (4th floor),655,Company Detail,file:///Users/simon/Documents/Simon-OB/%E6%9C%AC%E4%BD%93%E8%AE%BA/base/%E5%8D%8A%E5%AF%BC%E4%BD%93/SEMI_WFF_2026_1Q.xlsx
"Nanjing Guosheng Electronic Co., Ltd. - Jiangning fab (P1 4-inch to 6-inch) current wafer capacity (SEMI WFF)",,晶圆产能,SEMI WFF 工厂级晶圆产能观测。,current,60000,6,中国,/Users/simon/Documents/Simon-OB/本体论/base/半导体/SEMI_WFF_2026_1Q.xlsx,"Nanjing Guosheng Electronic Co., Ltd.",EPI,facility_capacity,,,"Nanjing Guosheng Electronic Co., Ltd. - Jiangning fab (P1 4-inch to 6-inch)",5012,Company Detail,file:///Users/simon/Documents/Simon-OB/%E6%9C%AC%E4%BD%93%E8%AE%BA/base/%E5%8D%8A%E5%AF%BC%E4%BD%93/SEMI_WFF_2026_1Q.xlsx
"Nanjing Guosheng Electronic Co., Ltd. - Jiangning fab (P2) current wafer capacity (SEMI WFF)",,晶圆产能,SEMI WFF 工厂级晶圆产能观测。,current,50000,8,中国,/Users/simon/Documents/Simon-OB/本体论/base/半导体/SEMI_WFF_2026_1Q.xlsx,"Nanjing Guosheng Electronic Co., Ltd.",EPI,facility_capacity,,,"Nanjing Guosheng Electronic Co., Ltd. - Jiangning fab (P2)",5013,Company Detail,file:///Users/simon/Documents/Simon-OB/%E6%9C%AC%E4%BD%93%E8%AE%BA/base/%E5%8D%8A%E5%AF%BC%E4%BD%93/SEMI_WFF_2026_1Q.xlsx
Nanjing Guozhao Optoelectronics Technology (GZOT) - Fab 1 current wafer capacity (SEMI WFF),,晶圆产能,SEMI WFF 工厂级晶圆产能观测。,current,10950,8,中国,/Users/simon/Documents/Simon-OB/本体论/base/半导体/SEMI_WFF_2026_1Q.xlsx,Nanjing Guozhao Optoelectronics Technology (GZOT),Opto,facility_capacity,,,Nanjing Guozhao Optoelectronics Technology (GZOT) - Fab 1,6607,Company Detail,file:///Users/simon/Documents/Simon-OB/%E6%9C%AC%E4%BD%93%E8%AE%BA/base/%E5%8D%8A%E5%AF%BC%E4%BD%93/SEMI_WFF_2026_1Q.xlsx
Nanjing Guozhao Optoelectronics Technology (GZOT) - Zhaoyi 12inch line current wafer capacity (SEMI WFF),,晶圆产能,SEMI WFF 工厂级晶圆产能观测。,current,3500,12,中国,/Users/simon/Documents/Simon-OB/本体论/base/半导体/SEMI_WFF_2026_1Q.xlsx,Nanjing Guozhao Optoelectronics Technology (GZOT),Opto,facility_capacity,,,Nanjing Guozhao Optoelectronics Technology (GZOT) - Zhaoyi 12inch line,6608,Company Detail,file:///Users/simon/Documents/Simon-OB/%E6%9C%AC%E4%BD%93%E8%AE%BA/base/%E5%8D%8A%E5%AF%BC%E4%BD%93/SEMI_WFF_2026_1Q.xlsx
Nanoshift LLC - Emeryville current wafer capacity (SEMI WFF),,晶圆产能,SEMI WFF 工厂级晶圆产能观测。,current,200,6,美洲,/Users/simon/Documents/Simon-OB/本体论/base/半导体/SEMI_WFF_2026_1Q.xlsx,Nanoshift LLC,MEMS,facility_capacity,,,Nanoshift LLC - Emeryville,3443,Company Detail,file:///Users/simon/Documents/Simon-OB/%E6%9C%AC%E4%BD%93%E8%AE%BA/base/%E5%8D%8A%E5%AF%BC%E4%BD%93/SEMI_WFF_2026_1Q.xlsx
"Nanostructures, Inc. - Fab 1 current wafer capacity (SEMI WFF)",,晶圆产能,SEMI WFF 工厂级晶圆产能观测。,current,400,6,美洲,/Users/simon/Documents/Simon-OB/本体论/base/半导体/SEMI_WFF_2026_1Q.xlsx,"Nanostructures, Inc.",MEMS,facility_capacity,,,"Nanostructures, Inc. - Fab 1",2117,Company Detail,file:///Users/simon/Documents/Simon-OB/%E6%9C%AC%E4%BD%93%E8%AE%BA/base/%E5%8D%8A%E5%AF%BC%E4%BD%93/SEMI_WFF_2026_1Q.xlsx
Nanotech - the UCSB Nanofabrication Facility - Nanotech current wafer capacity (SEMI WFF),,晶圆产能,SEMI WFF 工厂级晶圆产能观测。,current,1000,6,美洲,/Users/simon/Documents/Simon-OB/本体论/base/半导体/SEMI_WFF_2026_1Q.xlsx,Nanotech - the UCSB Nanofabrication Facility,Opto,facility_capacity,,,Nanotech - the UCSB Nanofabrication Facility - Nanotech,3222,Company Detail,file:///Users/simon/Documents/Simon-OB/%E6%9C%AC%E4%BD%93%E8%AE%BA/base/%E5%8D%8A%E5%AF%BC%E4%BD%93/SEMI_WFF_2026_1Q.xlsx
Nanovation - n/a current wafer capacity (SEMI WFF),,晶圆产能,SEMI WFF 工厂级晶圆产能观测。,current,1000,3,Europe & Mideast,/Users/simon/Documents/Simon-OB/本体论/base/半导体/SEMI_WFF_2026_1Q.xlsx,Nanovation,EPI,facility_capacity,,,Nanovation - n/a,3670,Company Detail,file:///Users/simon/Documents/Simon-OB/%E6%9C%AC%E4%BD%93%E8%AE%BA/base/%E5%8D%8A%E5%AF%BC%E4%BD%93/SEMI_WFF_2026_1Q.xlsx
Nanox - Nanox current wafer capacity (SEMI WFF),,晶圆产能,SEMI WFF 工厂级晶圆产能观测。,current,10000,4,韩国,/Users/simon/Documents/Simon-OB/本体论/base/半导体/SEMI_WFF_2026_1Q.xlsx,Nanox,MEMS,facility_capacity,,,Nanox - Nanox,6218,Company Detail,file:///Users/simon/Documents/Simon-OB/%E6%9C%AC%E4%BD%93%E8%AE%BA/base/%E5%8D%8A%E5%AF%BC%E4%BD%93/SEMI_WFF_2026_1Q.xlsx
Nanya Technology - Fab 5 Phase 1 current wafer capacity (SEMI WFF),,晶圆产能,SEMI WFF 工厂级晶圆产能观测。,current,20000,12,中国台湾,/Users/simon/Documents/Simon-OB/本体论/base/半导体/SEMI_WFF_2026_1Q.xlsx,Nanya Technology,Memory,facility_capacity,,,Nanya Technology - Fab 5 Phase 1,6221,Company Detail,file:///Users/simon/Documents/Simon-OB/%E6%9C%AC%E4%BD%93%E8%AE%BA/base/%E5%8D%8A%E5%AF%BC%E4%BD%93/SEMI_WFF_2026_1Q.xlsx
Nanya Technology - Fab 5 Phase 2 current wafer capacity (SEMI WFF),,晶圆产能,SEMI WFF 工厂级晶圆产能观测。,current,25000,12,中国台湾,/Users/simon/Documents/Simon-OB/本体论/base/半导体/SEMI_WFF_2026_1Q.xlsx,Nanya Technology,Memory,facility_capacity,,,Nanya Technology - Fab 5 Phase 2,6256,Company Detail,file:///Users/simon/Documents/Simon-OB/%E6%9C%AC%E4%BD%93%E8%AE%BA/base/%E5%8D%8A%E5%AF%BC%E4%BD%93/SEMI_WFF_2026_1Q.xlsx
Nanya Technology - Nanya Technology R&D Center current wafer capacity (SEMI WFF),,晶圆产能,SEMI WFF 工厂级晶圆产能观测。,current,1000,12,中国台湾,/Users/simon/Documents/Simon-OB/本体论/base/半导体/SEMI_WFF_2026_1Q.xlsx,Nanya Technology,Memory,facility_capacity,,,Nanya Technology - Nanya Technology R&D Center,6696,Company Detail,file:///Users/simon/Documents/Simon-OB/%E6%9C%AC%E4%BD%93%E8%AE%BA/base/%E5%8D%8A%E5%AF%BC%E4%BD%93/SEMI_WFF_2026_1Q.xlsx
Nanya Technology - Fab 3A North current wafer capacity (SEMI WFF),,晶圆产能,SEMI WFF 工厂级晶圆产能观测。,current,25000,12,中国台湾,/Users/simon/Documents/Simon-OB/本体论/base/半导体/SEMI_WFF_2026_1Q.xlsx,Nanya Technology,Memory,facility_capacity,,,Nanya Technology - Fab 3A North,3767,Company Detail,file:///Users/simon/Documents/Simon-OB/%E6%9C%AC%E4%BD%93%E8%AE%BA/base/%E5%8D%8A%E5%AF%BC%E4%BD%93/SEMI_WFF_2026_1Q.xlsx
Nanya Technology - Fab 3A current wafer capacity (SEMI WFF),,晶圆产能,SEMI WFF 工厂级晶圆产能观测。,current,35000,12,中国台湾,/Users/simon/Documents/Simon-OB/本体论/base/半导体/SEMI_WFF_2026_1Q.xlsx,Nanya Technology,Memory,facility_capacity,,,Nanya Technology - Fab 3A,2153,Company Detail,file:///Users/simon/Documents/Simon-OB/%E6%9C%AC%E4%BD%93%E8%AE%BA/base/%E5%8D%8A%E5%AF%BC%E4%BD%93/SEMI_WFF_2026_1Q.xlsx
Nanya Technology - Fab 5 Phase 3 current wafer capacity (SEMI WFF),,晶圆产能,SEMI WFF 工厂级晶圆产能观测。,current,15000,12,中国台湾,/Users/simon/Documents/Simon-OB/本体论/base/半导体/SEMI_WFF_2026_1Q.xlsx,Nanya Technology,Memory,facility_capacity,,,Nanya Technology - Fab 5 Phase 3,6257,Company Detail,file:///Users/simon/Documents/Simon-OB/%E6%9C%AC%E4%BD%93%E8%AE%BA/base/%E5%8D%8A%E5%AF%BC%E4%BD%93/SEMI_WFF_2026_1Q.xlsx
NASA - Goddard Laboratory - DDL (Detrector Development Lab) current wafer capacity (SEMI WFF),,晶圆产能,SEMI WFF 工厂级晶圆产能观测。,current,1000,6,美洲,/Users/simon/Documents/Simon-OB/本体论/base/半导体/SEMI_WFF_2026_1Q.xlsx,NASA - Goddard Laboratory,MEMS,facility_capacity,,,NASA - Goddard Laboratory - DDL (Detrector Development Lab),1580,Company Detail,file:///Users/simon/Documents/Simon-OB/%E6%9C%AC%E4%BD%93%E8%AE%BA/base/%E5%8D%8A%E5%AF%BC%E4%BD%93/SEMI_WFF_2026_1Q.xlsx
National Institute for Nanotechnology (NINT) - NINT current wafer capacity (SEMI WFF),,晶圆产能,SEMI WFF 工厂级晶圆产能观测。,current,500,6,美洲,/Users/simon/Documents/Simon-OB/本体论/base/半导体/SEMI_WFF_2026_1Q.xlsx,National Institute for Nanotechnology (NINT),MEMS,facility_capacity,,,National Institute for Nanotechnology (NINT) - NINT,4962,Company Detail,file:///Users/simon/Documents/Simon-OB/%E6%9C%AC%E4%BD%93%E8%AE%BA/base/%E5%8D%8A%E5%AF%BC%E4%BD%93/SEMI_WFF_2026_1Q.xlsx
National Nano Device Laboratories (NDL) - New Nano Fab current wafer capacity (SEMI WFF),,晶圆产能,SEMI WFF 工厂级晶圆产能观测。,current,500,8,中国台湾,/Users/simon/Documents/Simon-OB/本体论/base/半导体/SEMI_WFF_2026_1Q.xlsx,National Nano Device Laboratories (NDL),Other,facility_capacity,,,National Nano Device Laboratories (NDL) - New Nano Fab,1983,Company Detail,file:///Users/simon/Documents/Simon-OB/%E6%9C%AC%E4%BD%93%E8%AE%BA/base/%E5%8D%8A%E5%AF%BC%E4%BD%93/SEMI_WFF_2026_1Q.xlsx
National Nano Device Laboratories (NDL) - Nano Fab current wafer capacity (SEMI WFF),,晶圆产能,SEMI WFF 工厂级晶圆产能观测。,current,500,6,中国台湾,/Users/simon/Documents/Simon-OB/本体论/base/半导体/SEMI_WFF_2026_1Q.xlsx,National Nano Device Laboratories (NDL),Other,facility_capacity,,,National Nano Device Laboratories (NDL) - Nano Fab,1982,Company Detail,file:///Users/simon/Documents/Simon-OB/%E6%9C%AC%E4%BD%93%E8%AE%BA/base/%E5%8D%8A%E5%AF%BC%E4%BD%93/SEMI_WFF_2026_1Q.xlsx
NeoPhotonics Corporation - San Jose current wafer capacity (SEMI WFF),,晶圆产能,SEMI WFF 工厂级晶圆产能观测。,current,1000,8,美洲,/Users/simon/Documents/Simon-OB/本体论/base/半导体/SEMI_WFF_2026_1Q.xlsx,NeoPhotonics Corporation,Opto,facility_capacity,,,NeoPhotonics Corporation - San Jose,3151,Company Detail,file:///Users/simon/Documents/Simon-OB/%E6%9C%AC%E4%BD%93%E8%AE%BA/base/%E5%8D%8A%E5%AF%BC%E4%BD%93/SEMI_WFF_2026_1Q.xlsx
New Japan Radio - GaAs current wafer capacity (SEMI WFF),,晶圆产能,SEMI WFF 工厂级晶圆产能观测。,current,8000,4,日本,/Users/simon/Documents/Simon-OB/本体论/base/半导体/SEMI_WFF_2026_1Q.xlsx,New Japan Radio,Analog,facility_capacity,,,New Japan Radio - GaAs,713,Company Detail,file:///Users/simon/Documents/Simon-OB/%E6%9C%AC%E4%BD%93%E8%AE%BA/base/%E5%8D%8A%E5%AF%BC%E4%BD%93/SEMI_WFF_2026_1Q.xlsx
New Japan Radio - Fab 3 current wafer capacity (SEMI WFF),,晶圆产能,SEMI WFF 工厂级晶圆产能观测。,current,15000,5,日本,/Users/simon/Documents/Simon-OB/本体论/base/半导体/SEMI_WFF_2026_1Q.xlsx,New Japan Radio,Logic&Micro,facility_capacity,,,New Japan Radio - Fab 3,716,Company Detail,file:///Users/simon/Documents/Simon-OB/%E6%9C%AC%E4%BD%93%E8%AE%BA/base/%E5%8D%8A%E5%AF%BC%E4%BD%93/SEMI_WFF_2026_1Q.xlsx
New Japan Radio - Fab 4 current wafer capacity (SEMI WFF),,晶圆产能,SEMI WFF 工厂级晶圆产能观测。,current,7000,6,日本,/Users/simon/Documents/Simon-OB/本体论/base/半导体/SEMI_WFF_2026_1Q.xlsx,New Japan Radio,Logic&Micro,facility_capacity,,,New Japan Radio - Fab 4,3859,Company Detail,file:///Users/simon/Documents/Simon-OB/%E6%9C%AC%E4%BD%93%E8%AE%BA/base/%E5%8D%8A%E5%AF%BC%E4%BD%93/SEMI_WFF_2026_1Q.xlsx
New Japan Radio - NJR Fukuoka current wafer capacity (SEMI WFF),,晶圆产能,SEMI WFF 工厂级晶圆产能观测。,current,35000,6,日本,/Users/simon/Documents/Simon-OB/本体论/base/半导体/SEMI_WFF_2026_1Q.xlsx,New Japan Radio,Analog,facility_capacity,,,New Japan Radio - NJR Fukuoka,587,Company Detail,file:///Users/simon/Documents/Simon-OB/%E6%9C%AC%E4%BD%93%E8%AE%BA/base/%E5%8D%8A%E5%AF%BC%E4%BD%93/SEMI_WFF_2026_1Q.xlsx
New Jersey Institute of Technology - N/A current wafer capacity (SEMI WFF),,晶圆产能,SEMI WFF 工厂级晶圆产能观测。,current,500,6,美洲,/Users/simon/Documents/Simon-OB/本体论/base/半导体/SEMI_WFF_2026_1Q.xlsx,New Jersey Institute of Technology,Other,facility_capacity,,,New Jersey Institute of Technology - N/A,1313,Company Detail,file:///Users/simon/Documents/Simon-OB/%E6%9C%AC%E4%BD%93%E8%AE%BA/base/%E5%8D%8A%E5%AF%BC%E4%BD%93/SEMI_WFF_2026_1Q.xlsx
Nexchip - N1 (A1+A2) current wafer capacity (SEMI WFF),,晶圆产能,SEMI WFF 工厂级晶圆产能观测。,current,120000,12,中国,/Users/simon/Documents/Simon-OB/本体论/base/半导体/SEMI_WFF_2026_1Q.xlsx,Nexchip,Analog,facility_capacity,,,Nexchip - N1 (A1+A2),3808,Company Detail,file:///Users/simon/Documents/Simon-OB/%E6%9C%AC%E4%BD%93%E8%AE%BA/base/%E5%8D%8A%E5%AF%BC%E4%BD%93/SEMI_WFF_2026_1Q.xlsx
Nexchip - N1(A3+A4) current wafer capacity (SEMI WFF),,晶圆产能,SEMI WFF 工厂级晶圆产能观测。,current,105000,12,中国,/Users/simon/Documents/Simon-OB/本体论/base/半导体/SEMI_WFF_2026_1Q.xlsx,Nexchip,Analog,facility_capacity,,,Nexchip - N1(A3+A4),5045,Company Detail,file:///Users/simon/Documents/Simon-OB/%E6%9C%AC%E4%BD%93%E8%AE%BA/base/%E5%8D%8A%E5%AF%BC%E4%BD%93/SEMI_WFF_2026_1Q.xlsx
NexGen Power Systems - Avogy current wafer capacity (SEMI WFF),,晶圆产能,SEMI WFF 工厂级晶圆产能观测。,current,500,3,美洲,/Users/simon/Documents/Simon-OB/本体论/base/半导体/SEMI_WFF_2026_1Q.xlsx,NexGen Power Systems,Discrete,facility_capacity,,,NexGen Power Systems - Avogy,3842,Company Detail,file:///Users/simon/Documents/Simon-OB/%E6%9C%AC%E4%BD%93%E8%AE%BA/base/%E5%8D%8A%E5%AF%BC%E4%BD%93/SEMI_WFF_2026_1Q.xlsx
NEXIC Technology - Jiangyin 6inch Fab current wafer capacity (SEMI WFF),,晶圆产能,SEMI WFF 工厂级晶圆产能观测。,current,10000,6,中国,/Users/simon/Documents/Simon-OB/本体论/base/半导体/SEMI_WFF_2026_1Q.xlsx,NEXIC Technology,Discrete,facility_capacity,,,NEXIC Technology - Jiangyin 6inch Fab,6575,Company Detail,file:///Users/simon/Documents/Simon-OB/%E6%9C%AC%E4%BD%93%E8%AE%BA/base/%E5%8D%8A%E5%AF%BC%E4%BD%93/SEMI_WFF_2026_1Q.xlsx
Nexperia - Hamburg 8-inch current wafer capacity (SEMI WFF),,晶圆产能,SEMI WFF 工厂级晶圆产能观测。,current,60000,8,Europe & Mideast,/Users/simon/Documents/Simon-OB/本体论/base/半导体/SEMI_WFF_2026_1Q.xlsx,Nexperia,Analog,facility_capacity,,,Nexperia - Hamburg 8-inch,6666,Company Detail,file:///Users/simon/Documents/Simon-OB/%E6%9C%AC%E4%BD%93%E8%AE%BA/base/%E5%8D%8A%E5%AF%BC%E4%BD%93/SEMI_WFF_2026_1Q.xlsx
Nexperia - Hamburg 8-inch GaN and SiC current wafer capacity (SEMI WFF),,晶圆产能,SEMI WFF 工厂级晶圆产能观测。,current,25000,8,Europe & Mideast,/Users/simon/Documents/Simon-OB/本体论/base/半导体/SEMI_WFF_2026_1Q.xlsx,Nexperia,Analog,facility_capacity,,,Nexperia - Hamburg 8-inch GaN and SiC,6667,Company Detail,file:///Users/simon/Documents/Simon-OB/%E6%9C%AC%E4%BD%93%E8%AE%BA/base/%E5%8D%8A%E5%AF%BC%E4%BD%93/SEMI_WFF_2026_1Q.xlsx
Nexperia - Manchester 8-inch expansion (was Nexperia) current wafer capacity (SEMI WFF),,晶圆产能,SEMI WFF 工厂级晶圆产能观测。,current,27000,8,Europe & Mideast,/Users/simon/Documents/Simon-OB/本体论/base/半导体/SEMI_WFF_2026_1Q.xlsx,Nexperia,Discrete,facility_capacity,,,Nexperia - Manchester 8-inch expansion (was Nexperia),6211,Company Detail,file:///Users/simon/Documents/Simon-OB/%E6%9C%AC%E4%BD%93%E8%AE%BA/base/%E5%8D%8A%E5%AF%BC%E4%BD%93/SEMI_WFF_2026_1Q.xlsx
Nexperia - Manchester 6-inch (was Nexperia) current wafer capacity (SEMI WFF),,晶圆产能,SEMI WFF 工厂级晶圆产能观测。,current,45000,6,Europe & Mideast,/Users/simon/Documents/Simon-OB/本体论/base/半导体/SEMI_WFF_2026_1Q.xlsx,Nexperia,Discrete,facility_capacity,,,Nexperia - Manchester 6-inch (was Nexperia),1525,Company Detail,file:///Users/simon/Documents/Simon-OB/%E6%9C%AC%E4%BD%93%E8%AE%BA/base/%E5%8D%8A%E5%AF%BC%E4%BD%93/SEMI_WFF_2026_1Q.xlsx
Nexperia - Hamburg 6-inch current wafer capacity (SEMI WFF),,晶圆产能,SEMI WFF 工厂级晶圆产能观测。,current,50000,6,Europe & Mideast,/Users/simon/Documents/Simon-OB/本体论/base/半导体/SEMI_WFF_2026_1Q.xlsx,Nexperia,Analog,facility_capacity,,,Nexperia - Hamburg 6-inch,773,Company Detail,file:///Users/simon/Documents/Simon-OB/%E6%9C%AC%E4%BD%93%E8%AE%BA/base/%E5%8D%8A%E5%AF%BC%E4%BD%93/SEMI_WFF_2026_1Q.xlsx
Nichia Corporation - TN-Plant (Tatsumi Fab 1 and Fab 2) current wafer capacity (SEMI WFF),,晶圆产能,SEMI WFF 工厂级晶圆产能观测。,current,40000,4,日本,/Users/simon/Documents/Simon-OB/本体论/base/半导体/SEMI_WFF_2026_1Q.xlsx,Nichia Corporation,Opto,facility_capacity,,,Nichia Corporation - TN-Plant (Tatsumi Fab 1 and Fab 2),3078,Company Detail,file:///Users/simon/Documents/Simon-OB/%E6%9C%AC%E4%BD%93%E8%AE%BA/base/%E5%8D%8A%E5%AF%BC%E4%BD%93/SEMI_WFF_2026_1Q.xlsx
Nichia Corporation - Kaminaka R&D current wafer capacity (SEMI WFF),,晶圆产能,SEMI WFF 工厂级晶圆产能观测。,current,500,6,日本,/Users/simon/Documents/Simon-OB/本体论/base/半导体/SEMI_WFF_2026_1Q.xlsx,Nichia Corporation,Opto,facility_capacity,,,Nichia Corporation - Kaminaka R&D,3922,Company Detail,file:///Users/simon/Documents/Simon-OB/%E6%9C%AC%E4%BD%93%E8%AE%BA/base/%E5%8D%8A%E5%AF%BC%E4%BD%93/SEMI_WFF_2026_1Q.xlsx
Nichia Corporation - K6 (was LD fab HQ) current wafer capacity (SEMI WFF),,晶圆产能,SEMI WFF 工厂级晶圆产能观测。,current,50000,6,日本,/Users/simon/Documents/Simon-OB/本体论/base/半导体/SEMI_WFF_2026_1Q.xlsx,Nichia Corporation,Opto,facility_capacity,,,Nichia Corporation - K6 (was LD fab HQ),4949,Company Detail,file:///Users/simon/Documents/Simon-OB/%E6%9C%AC%E4%BD%93%E8%AE%BA/base/%E5%8D%8A%E5%AF%BC%E4%BD%93/SEMI_WFF_2026_1Q.xlsx
"Nichia Corporation - TS-Plant (Tatsumi, Fab 3) current wafer capacity (SEMI WFF)",,晶圆产能,SEMI WFF 工厂级晶圆产能观测。,current,40000,6,日本,/Users/simon/Documents/Simon-OB/本体论/base/半导体/SEMI_WFF_2026_1Q.xlsx,Nichia Corporation,Opto,facility_capacity,,,"Nichia Corporation - TS-Plant (Tatsumi, Fab 3)",3580,Company Detail,file:///Users/simon/Documents/Simon-OB/%E6%9C%AC%E4%BD%93%E8%AE%BA/base/%E5%8D%8A%E5%AF%BC%E4%BD%93/SEMI_WFF_2026_1Q.xlsx
"Nichia Corporation - Kaminaka Fab 2 (formerly Fab 1, Phase 2) current wafer capacity (SEMI WFF)",,晶圆产能,SEMI WFF 工厂级晶圆产能观测。,current,40000,6,日本,/Users/simon/Documents/Simon-OB/本体论/base/半导体/SEMI_WFF_2026_1Q.xlsx,Nichia Corporation,Opto,facility_capacity,,,"Nichia Corporation - Kaminaka Fab 2 (formerly Fab 1, Phase 2)",3451,Company Detail,file:///Users/simon/Documents/Simon-OB/%E6%9C%AC%E4%BD%93%E8%AE%BA/base/%E5%8D%8A%E5%AF%BC%E4%BD%93/SEMI_WFF_2026_1Q.xlsx
Nichia Corporation - Kaminaka Fab (HQ) current wafer capacity (SEMI WFF),,晶圆产能,SEMI WFF 工厂级晶圆产能观测。,current,40000,4,日本,/Users/simon/Documents/Simon-OB/本体论/base/半导体/SEMI_WFF_2026_1Q.xlsx,Nichia Corporation,Opto,facility_capacity,,,Nichia Corporation - Kaminaka Fab (HQ),3077,Company Detail,file:///Users/simon/Documents/Simon-OB/%E6%9C%AC%E4%BD%93%E8%AE%BA/base/%E5%8D%8A%E5%AF%BC%E4%BD%93/SEMI_WFF_2026_1Q.xlsx
Nichia Corporation - Kaminaka Fab 1 current wafer capacity (SEMI WFF),,晶圆产能,SEMI WFF 工厂级晶圆产能观测。,current,45000,6,日本,/Users/simon/Documents/Simon-OB/本体论/base/半导体/SEMI_WFF_2026_1Q.xlsx,Nichia Corporation,Opto,facility_capacity,,,Nichia Corporation - Kaminaka Fab 1,3230,Company Detail,file:///Users/simon/Documents/Simon-OB/%E6%9C%AC%E4%BD%93%E8%AE%BA/base/%E5%8D%8A%E5%AF%BC%E4%BD%93/SEMI_WFF_2026_1Q.xlsx
Nichia Corporation - Kaminaka Fab 3 current wafer capacity (SEMI WFF),,晶圆产能,SEMI WFF 工厂级晶圆产能观测。,current,60000,6,日本,/Users/simon/Documents/Simon-OB/本体论/base/半导体/SEMI_WFF_2026_1Q.xlsx,Nichia Corporation,Opto,facility_capacity,,,Nichia Corporation - Kaminaka Fab 3,6523,Company Detail,file:///Users/simon/Documents/Simon-OB/%E6%9C%AC%E4%BD%93%E8%AE%BA/base/%E5%8D%8A%E5%AF%BC%E4%BD%93/SEMI_WFF_2026_1Q.xlsx
NIIIS - Research Institute of Measuring Systems - NIIIS current wafer capacity (SEMI WFF),,晶圆产能,SEMI WFF 工厂级晶圆产能观测。,current,1500,6,Europe & Mideast,/Users/simon/Documents/Simon-OB/本体论/base/半导体/SEMI_WFF_2026_1Q.xlsx,NIIIS - Research Institute of Measuring Systems,Discrete,facility_capacity,,,NIIIS - Research Institute of Measuring Systems - NIIIS,3216,Company Detail,file:///Users/simon/Documents/Simon-OB/%E6%9C%AC%E4%BD%93%E8%AE%BA/base/%E5%8D%8A%E5%AF%BC%E4%BD%93/SEMI_WFF_2026_1Q.xlsx
"NIKKISO CO., LTD - Nikkiso Hakusan plant current wafer capacity (SEMI WFF)",,晶圆产能,SEMI WFF 工厂级晶圆产能观测。,current,10000,4,日本,/Users/simon/Documents/Simon-OB/本体论/base/半导体/SEMI_WFF_2026_1Q.xlsx,"NIKKISO CO., LTD",Opto,facility_capacity,,,"NIKKISO CO., LTD - Nikkiso Hakusan plant",3622,Company Detail,file:///Users/simon/Documents/Simon-OB/%E6%9C%AC%E4%BD%93%E8%AE%BA/base/%E5%8D%8A%E5%AF%BC%E4%BD%93/SEMI_WFF_2026_1Q.xlsx
Ningbo Semiconductor International Corporation (NSI) - Ningbo N2 current wafer capacity (SEMI WFF),,晶圆产能,SEMI WFF 工厂级晶圆产能观测。,current,27500,8,中国,/Users/simon/Documents/Simon-OB/本体论/base/半导体/SEMI_WFF_2026_1Q.xlsx,Ningbo Semiconductor International Corporation (NSI),MEMS,facility_capacity,,,Ningbo Semiconductor International Corporation (NSI) - Ningbo N2,5060,Company Detail,file:///Users/simon/Documents/Simon-OB/%E6%9C%AC%E4%BD%93%E8%AE%BA/base/%E5%8D%8A%E5%AF%BC%E4%BD%93/SEMI_WFF_2026_1Q.xlsx
Ningbo Semiconductor International Corporation (NSI) - Ningbo N1 current wafer capacity (SEMI WFF),,晶圆产能,SEMI WFF 工厂级晶圆产能观测。,current,15000,8,中国,/Users/simon/Documents/Simon-OB/本体论/base/半导体/SEMI_WFF_2026_1Q.xlsx,Ningbo Semiconductor International Corporation (NSI),MEMS,facility_capacity,,,Ningbo Semiconductor International Corporation (NSI) - Ningbo N1,3909,Company Detail,file:///Users/simon/Documents/Simon-OB/%E6%9C%AC%E4%BD%93%E8%AE%BA/base/%E5%8D%8A%E5%AF%BC%E4%BD%93/SEMI_WFF_2026_1Q.xlsx
Ningbo Zhongxin Semi - Zhongxin current wafer capacity (SEMI WFF),,晶圆产能,SEMI WFF 工厂级晶圆产能观测。,current,60000,6,中国,/Users/simon/Documents/Simon-OB/本体论/base/半导体/SEMI_WFF_2026_1Q.xlsx,Ningbo Zhongxin Semi,Opto,facility_capacity,,,Ningbo Zhongxin Semi - Zhongxin,6495,Company Detail,file:///Users/simon/Documents/Simon-OB/%E6%9C%AC%E4%BD%93%E8%AE%BA/base/%E5%8D%8A%E5%AF%BC%E4%BD%93/SEMI_WFF_2026_1Q.xlsx
Nissan ARC Ltd - Nissan Analysis and Research Center current wafer capacity (SEMI WFF),,晶圆产能,SEMI WFF 工厂级晶圆产能观测。,current,500,4,日本,/Users/simon/Documents/Simon-OB/本体论/base/半导体/SEMI_WFF_2026_1Q.xlsx,Nissan ARC Ltd,Analog,facility_capacity,,,Nissan ARC Ltd - Nissan Analysis and Research Center,730,Company Detail,file:///Users/simon/Documents/Simon-OB/%E6%9C%AC%E4%BD%93%E8%AE%BA/base/%E5%8D%8A%E5%AF%BC%E4%BD%93/SEMI_WFF_2026_1Q.xlsx
Nisshinbo - Yashiro Fab 1 (Ricoh Electro Device) current wafer capacity (SEMI WFF),,晶圆产能,SEMI WFF 工厂级晶圆产能观测。,current,15000,6,日本,/Users/simon/Documents/Simon-OB/本体论/base/半导体/SEMI_WFF_2026_1Q.xlsx,Nisshinbo,Logic&Micro,facility_capacity,,,Nisshinbo - Yashiro Fab 1 (Ricoh Electro Device),832,Company Detail,file:///Users/simon/Documents/Simon-OB/%E6%9C%AC%E4%BD%93%E8%AE%BA/base/%E5%8D%8A%E5%AF%BC%E4%BD%93/SEMI_WFF_2026_1Q.xlsx
Nisshinbo - Ikeda (was Ricoh) current wafer capacity (SEMI WFF),,晶圆产能,SEMI WFF 工厂级晶圆产能观测。,current,5000,6,日本,/Users/simon/Documents/Simon-OB/本体论/base/半导体/SEMI_WFF_2026_1Q.xlsx,Nisshinbo,MEMS,facility_capacity,,,Nisshinbo - Ikeda (was Ricoh),830,Company Detail,file:///Users/simon/Documents/Simon-OB/%E6%9C%AC%E4%BD%93%E8%AE%BA/base/%E5%8D%8A%E5%AF%BC%E4%BD%93/SEMI_WFF_2026_1Q.xlsx
Nisshinbo - Yashiro Fab 2 (Ricoh Electro Device) current wafer capacity (SEMI WFF),,晶圆产能,SEMI WFF 工厂级晶圆产能观测。,current,6500,8,日本,/Users/simon/Documents/Simon-OB/本体论/base/半导体/SEMI_WFF_2026_1Q.xlsx,Nisshinbo,Logic&Micro,facility_capacity,,,Nisshinbo - Yashiro Fab 2 (Ricoh Electro Device),831,Company Detail,file:///Users/simon/Documents/Simon-OB/%E6%9C%AC%E4%BD%93%E8%AE%BA/base/%E5%8D%8A%E5%AF%BC%E4%BD%93/SEMI_WFF_2026_1Q.xlsx
"Nitride Semiconductors Co., Ltd. - HQ Fab current wafer capacity (SEMI WFF)",,晶圆产能,SEMI WFF 工厂级晶圆产能观测。,current,5000,2,日本,/Users/simon/Documents/Simon-OB/本体论/base/半导体/SEMI_WFF_2026_1Q.xlsx,"Nitride Semiconductors Co., Ltd.",Opto,facility_capacity,,,"Nitride Semiconductors Co., Ltd. - HQ Fab",3452,Company Detail,file:///Users/simon/Documents/Simon-OB/%E6%9C%AC%E4%BD%93%E8%AE%BA/base/%E5%8D%8A%E5%AF%BC%E4%BD%93/SEMI_WFF_2026_1Q.xlsx
Nitronex Corporation - Durham Fab current wafer capacity (SEMI WFF),,晶圆产能,SEMI WFF 工厂级晶圆产能观测。,current,8000,6,美洲,/Users/simon/Documents/Simon-OB/本体论/base/半导体/SEMI_WFF_2026_1Q.xlsx,Nitronex Corporation,Discrete,facility_capacity,,,Nitronex Corporation - Durham Fab,2446,Company Detail,file:///Users/simon/Documents/Simon-OB/%E6%9C%AC%E4%BD%93%E8%AE%BA/base/%E5%8D%8A%E5%AF%BC%E4%BD%93/SEMI_WFF_2026_1Q.xlsx
Norcada Inc. - Fab 1 current wafer capacity (SEMI WFF),,晶圆产能,SEMI WFF 工厂级晶圆产能观测。,current,30,4,美洲,/Users/simon/Documents/Simon-OB/本体论/base/半导体/SEMI_WFF_2026_1Q.xlsx,Norcada Inc.,MEMS,facility_capacity,,,Norcada Inc. - Fab 1,2116,Company Detail,file:///Users/simon/Documents/Simon-OB/%E6%9C%AC%E4%BD%93%E8%AE%BA/base/%E5%8D%8A%E5%AF%BC%E4%BD%93/SEMI_WFF_2026_1Q.xlsx
Northrop Grumman - Manhattan Beach current wafer capacity (SEMI WFF),,晶圆产能,SEMI WFF 工厂级晶圆产能观测。,current,1000,4,美洲,/Users/simon/Documents/Simon-OB/本体论/base/半导体/SEMI_WFF_2026_1Q.xlsx,Northrop Grumman,Other,facility_capacity,,,Northrop Grumman - Manhattan Beach,1141,Company Detail,file:///Users/simon/Documents/Simon-OB/%E6%9C%AC%E4%BD%93%E8%AE%BA/base/%E5%8D%8A%E5%AF%BC%E4%BD%93/SEMI_WFF_2026_1Q.xlsx
Northrop Grumman - R1 (Redondo Beach) current wafer capacity (SEMI WFF),,晶圆产能,SEMI WFF 工厂级晶圆产能观测。,current,500,3,美洲,/Users/simon/Documents/Simon-OB/本体论/base/半导体/SEMI_WFF_2026_1Q.xlsx,Northrop Grumman,Analog,facility_capacity,,,Northrop Grumman - R1 (Redondo Beach),1143,Company Detail,file:///Users/simon/Documents/Simon-OB/%E6%9C%AC%E4%BD%93%E8%AE%BA/base/%E5%8D%8A%E5%AF%BC%E4%BD%93/SEMI_WFF_2026_1Q.xlsx
Northrop Grumman - D1 (Space Park) (Redondo Beach) current wafer capacity (SEMI WFF),,晶圆产能,SEMI WFF 工厂级晶圆产能观测。,current,7000,4,美洲,/Users/simon/Documents/Simon-OB/本体论/base/半导体/SEMI_WFF_2026_1Q.xlsx,Northrop Grumman,Analog,facility_capacity,,,Northrop Grumman - D1 (Space Park) (Redondo Beach),1820,Company Detail,file:///Users/simon/Documents/Simon-OB/%E6%9C%AC%E4%BD%93%E8%AE%BA/base/%E5%8D%8A%E5%AF%BC%E4%BD%93/SEMI_WFF_2026_1Q.xlsx
Northrop Grumman - ATL Baltimore (1 to 6 inch lines) current wafer capacity (SEMI WFF),,晶圆产能,SEMI WFF 工厂级晶圆产能观测。,current,4000,6,美洲,/Users/simon/Documents/Simon-OB/本体论/base/半导体/SEMI_WFF_2026_1Q.xlsx,Northrop Grumman,Analog,facility_capacity,,,Northrop Grumman - ATL Baltimore (1 to 6 inch lines),1199,Company Detail,file:///Users/simon/Documents/Simon-OB/%E6%9C%AC%E4%BD%93%E8%AE%BA/base/%E5%8D%8A%E5%AF%BC%E4%BD%93/SEMI_WFF_2026_1Q.xlsx
Northrop Grumman - ATL Baltimore (8 inch line) current wafer capacity (SEMI WFF),,晶圆产能,SEMI WFF 工厂级晶圆产能观测。,current,2000,8,美洲,/Users/simon/Documents/Simon-OB/本体论/base/半导体/SEMI_WFF_2026_1Q.xlsx,Northrop Grumman,Analog,facility_capacity,,,Northrop Grumman - ATL Baltimore (8 inch line),3849,Company Detail,file:///Users/simon/Documents/Simon-OB/%E6%9C%AC%E4%BD%93%E8%AE%BA/base/%E5%8D%8A%E5%AF%BC%E4%BD%93/SEMI_WFF_2026_1Q.xlsx
Novel Crystal Technology - Sayama fab current wafer capacity (SEMI WFF),,晶圆产能,SEMI WFF 工厂级晶圆产能观测。,current,500,4,日本,/Users/simon/Documents/Simon-OB/本体论/base/半导体/SEMI_WFF_2026_1Q.xlsx,Novel Crystal Technology,EPI,facility_capacity,,,Novel Crystal Technology - Sayama fab,6230,Company Detail,file:///Users/simon/Documents/Simon-OB/%E6%9C%AC%E4%BD%93%E8%AE%BA/base/%E5%8D%8A%E5%AF%BC%E4%BD%93/SEMI_WFF_2026_1Q.xlsx
NTT - Nippon Telegraph and Telephone Corp. - Atsugi Labs current wafer capacity (SEMI WFF),,晶圆产能,SEMI WFF 工厂级晶圆产能观测。,current,50,2,日本,/Users/simon/Documents/Simon-OB/本体论/base/半导体/SEMI_WFF_2026_1Q.xlsx,NTT - Nippon Telegraph and Telephone Corp.,Other,facility_capacity,,,NTT - Nippon Telegraph and Telephone Corp. - Atsugi Labs,740,Company Detail,file:///Users/simon/Documents/Simon-OB/%E6%9C%AC%E4%BD%93%E8%AE%BA/base/%E5%8D%8A%E5%AF%BC%E4%BD%93/SEMI_WFF_2026_1Q.xlsx
Nuova Mistral S.P.A. - N/A current wafer capacity (SEMI WFF),,晶圆产能,SEMI WFF 工厂级晶圆产能观测。,current,15000,3,Europe & Mideast,/Users/simon/Documents/Simon-OB/本体论/base/半导体/SEMI_WFF_2026_1Q.xlsx,Nuova Mistral S.P.A.,Discrete,facility_capacity,,,Nuova Mistral S.P.A. - N/A,741,Company Detail,file:///Users/simon/Documents/Simon-OB/%E6%9C%AC%E4%BD%93%E8%AE%BA/base/%E5%8D%8A%E5%AF%BC%E4%BD%93/SEMI_WFF_2026_1Q.xlsx
Nuvoton Technology - Fab D (was Panasonic) current wafer capacity (SEMI WFF),,晶圆产能,SEMI WFF 工厂级晶圆产能观测。,current,6000,6,日本,/Users/simon/Documents/Simon-OB/本体论/base/半导体/SEMI_WFF_2026_1Q.xlsx,Nuvoton Technology,Logic&Micro,facility_capacity,,,Nuvoton Technology - Fab D (was Panasonic),1844,Company Detail,file:///Users/simon/Documents/Simon-OB/%E6%9C%AC%E4%BD%93%E8%AE%BA/base/%E5%8D%8A%E5%AF%BC%E4%BD%93/SEMI_WFF_2026_1Q.xlsx
Nuvoton Technology - BIP (Backend) (was Panasonic) current wafer capacity (SEMI WFF),,晶圆产能,SEMI WFF 工厂级晶圆产能观测。,current,30000,4,日本,/Users/simon/Documents/Simon-OB/本体论/base/半导体/SEMI_WFF_2026_1Q.xlsx,Nuvoton Technology,Discrete,facility_capacity,,,Nuvoton Technology - BIP (Backend) (was Panasonic),506,Company Detail,file:///Users/simon/Documents/Simon-OB/%E6%9C%AC%E4%BD%93%E8%AE%BA/base/%E5%8D%8A%E5%AF%BC%E4%BD%93/SEMI_WFF_2026_1Q.xlsx
Nuvoton Technology - Techno Center (was Panasonic) current wafer capacity (SEMI WFF),,晶圆产能,SEMI WFF 工厂级晶圆产能观测。,current,3000,6,日本,/Users/simon/Documents/Simon-OB/本体论/base/半导体/SEMI_WFF_2026_1Q.xlsx,Nuvoton Technology,Other,facility_capacity,,,Nuvoton Technology - Techno Center (was Panasonic),507,Company Detail,file:///Users/simon/Documents/Simon-OB/%E6%9C%AC%E4%BD%93%E8%AE%BA/base/%E5%8D%8A%E5%AF%BC%E4%BD%93/SEMI_WFF_2026_1Q.xlsx
Nuvoton Technology - Nuvoton fab (was Winbond) current wafer capacity (SEMI WFF),,晶圆产能,SEMI WFF 工厂级晶圆产能观测。,current,45000,6,中国台湾,/Users/simon/Documents/Simon-OB/本体论/base/半导体/SEMI_WFF_2026_1Q.xlsx,Nuvoton Technology,Logic&Micro,facility_capacity,,,Nuvoton Technology - Nuvoton fab (was Winbond),1201,Company Detail,file:///Users/simon/Documents/Simon-OB/%E6%9C%AC%E4%BD%93%E8%AE%BA/base/%E5%8D%8A%E5%AF%BC%E4%BD%93/SEMI_WFF_2026_1Q.xlsx
Nuvotronics - Virginia Fab current wafer capacity (SEMI WFF),,晶圆产能,SEMI WFF 工厂级晶圆产能观测。,current,1000,6,美洲,/Users/simon/Documents/Simon-OB/本体论/base/半导体/SEMI_WFF_2026_1Q.xlsx,Nuvotronics,MEMS,facility_capacity,,,Nuvotronics - Virginia Fab,3012,Company Detail,file:///Users/simon/Documents/Simon-OB/%E6%9C%AC%E4%BD%93%E8%AE%BA/base/%E5%8D%8A%E5%AF%BC%E4%BD%93/SEMI_WFF_2026_1Q.xlsx
Nuvotronics - Durham Fab current wafer capacity (SEMI WFF),,晶圆产能,SEMI WFF 工厂级晶圆产能观测。,current,1000,8,美洲,/Users/simon/Documents/Simon-OB/本体论/base/半导体/SEMI_WFF_2026_1Q.xlsx,Nuvotronics,MEMS,facility_capacity,,,Nuvotronics - Durham Fab,3916,Company Detail,file:///Users/simon/Documents/Simon-OB/%E6%9C%AC%E4%BD%93%E8%AE%BA/base/%E5%8D%8A%E5%AF%BC%E4%BD%93/SEMI_WFF_2026_1Q.xlsx
NVE - Non Volatilie Electronic Corporation - Fab 1 current wafer capacity (SEMI WFF),,晶圆产能,SEMI WFF 工厂级晶圆产能观测。,current,1000,6,美洲,/Users/simon/Documents/Simon-OB/本体论/base/半导体/SEMI_WFF_2026_1Q.xlsx,NVE - Non Volatilie Electronic Corporation,Memory,facility_capacity,,,NVE - Non Volatilie Electronic Corporation - Fab 1,2292,Company Detail,file:///Users/simon/Documents/Simon-OB/%E6%9C%AC%E4%BD%93%E8%AE%BA/base/%E5%8D%8A%E5%AF%BC%E4%BD%93/SEMI_WFF_2026_1Q.xlsx
NXP - Expansion Dan Noble Center current wafer capacity (SEMI WFF),,晶圆产能,SEMI WFF 工厂级晶圆产能观测。,current,7000,8,美洲,/Users/simon/Documents/Simon-OB/本体论/base/半导体/SEMI_WFF_2026_1Q.xlsx,NXP,Logic&Micro,facility_capacity,,,NXP - Expansion Dan Noble Center,6379,Company Detail,file:///Users/simon/Documents/Simon-OB/%E6%9C%AC%E4%BD%93%E8%AE%BA/base/%E5%8D%8A%E5%AF%BC%E4%BD%93/SEMI_WFF_2026_1Q.xlsx
"NXP - ATMC (used also by Everspin) (was Freescale, Austin Technology & Manufacturing Center) current wafer capacity (SEMI WFF)",,晶圆产能,SEMI WFF 工厂级晶圆产能观测。,current,30000,8,美洲,/Users/simon/Documents/Simon-OB/本体论/base/半导体/SEMI_WFF_2026_1Q.xlsx,NXP,Logic&Micro,facility_capacity,,,"NXP - ATMC (used also by Everspin) (was Freescale, Austin Technology & Manufacturing Center)",605,Company Detail,file:///Users/simon/Documents/Simon-OB/%E6%9C%AC%E4%BD%93%E8%AE%BA/base/%E5%8D%8A%E5%AF%BC%E4%BD%93/SEMI_WFF_2026_1Q.xlsx
NXP - ICN8 current wafer capacity (SEMI WFF),,晶圆产能,SEMI WFF 工厂级晶圆产能观测。,current,55000,8,Europe & Mideast,/Users/simon/Documents/Simon-OB/本体论/base/半导体/SEMI_WFF_2026_1Q.xlsx,NXP,Analog,facility_capacity,,,NXP - ICN8,776,Company Detail,file:///Users/simon/Documents/Simon-OB/%E6%9C%AC%E4%BD%93%E8%AE%BA/base/%E5%8D%8A%E5%AF%BC%E4%BD%93/SEMI_WFF_2026_1Q.xlsx
"NXP - CHD (used also by Everspin, was Freescale) current wafer capacity (SEMI WFF)",,晶圆产能,SEMI WFF 工厂级晶圆产能观测。,current,30000,8,美洲,/Users/simon/Documents/Simon-OB/本体论/base/半导体/SEMI_WFF_2026_1Q.xlsx,NXP,Logic&Micro,facility_capacity,,,"NXP - CHD (used also by Everspin, was Freescale)",614,Company Detail,file:///Users/simon/Documents/Simon-OB/%E6%9C%AC%E4%BD%93%E8%AE%BA/base/%E5%8D%8A%E5%AF%BC%E4%BD%93/SEMI_WFF_2026_1Q.xlsx
NXP - ECHO (GaN & SiC Fab new expansion in Chandler) current wafer capacity (SEMI WFF),,晶圆产能,SEMI WFF 工厂级晶圆产能观测。,current,15000,6,美洲,/Users/simon/Documents/Simon-OB/本体论/base/半导体/SEMI_WFF_2026_1Q.xlsx,NXP,Analog,facility_capacity,,,NXP - ECHO (GaN & SiC Fab new expansion in Chandler),6170,Company Detail,file:///Users/simon/Documents/Simon-OB/%E6%9C%AC%E4%BD%93%E8%AE%BA/base/%E5%8D%8A%E5%AF%BC%E4%BD%93/SEMI_WFF_2026_1Q.xlsx
NXP - OHT William Cannon - was Freescale current wafer capacity (SEMI WFF),,晶圆产能,SEMI WFF 工厂级晶圆产能观测。,current,15000,8,美洲,/Users/simon/Documents/Simon-OB/本体论/base/半导体/SEMI_WFF_2026_1Q.xlsx,NXP,EPI,facility_capacity,,,NXP - OHT William Cannon - was Freescale,6471,Company Detail,file:///Users/simon/Documents/Simon-OB/%E6%9C%AC%E4%BD%93%E8%AE%BA/base/%E5%8D%8A%E5%AF%BC%E4%BD%93/SEMI_WFF_2026_1Q.xlsx
Odyssey - Ithaca current wafer capacity (SEMI WFF),,晶圆产能,SEMI WFF 工厂级晶圆产能观测。,current,1200,3,美洲,/Users/simon/Documents/Simon-OB/本体论/base/半导体/SEMI_WFF_2026_1Q.xlsx,Odyssey,Opto,facility_capacity,,,Odyssey - Ithaca,3700,Company Detail,file:///Users/simon/Documents/Simon-OB/%E6%9C%AC%E4%BD%93%E8%AE%BA/base/%E5%8D%8A%E5%AF%BC%E4%BD%93/SEMI_WFF_2026_1Q.xlsx
OEPIC Inc. - N/A current wafer capacity (SEMI WFF),,晶圆产能,SEMI WFF 工厂级晶圆产能观测。,current,500,4,美洲,/Users/simon/Documents/Simon-OB/本体论/base/半导体/SEMI_WFF_2026_1Q.xlsx,OEPIC Inc.,Opto,facility_capacity,,,OEPIC Inc. - N/A,1917,Company Detail,file:///Users/simon/Documents/Simon-OB/%E6%9C%AC%E4%BD%93%E8%AE%BA/base/%E5%8D%8A%E5%AF%BC%E4%BD%93/SEMI_WFF_2026_1Q.xlsx
"Oita Device Technology Co., Ltd - ODT fab current wafer capacity (SEMI WFF)",,晶圆产能,SEMI WFF 工厂级晶圆产能观测。,current,2000,4,日本,/Users/simon/Documents/Simon-OB/本体论/base/半导体/SEMI_WFF_2026_1Q.xlsx,"Oita Device Technology Co., Ltd",MEMS,facility_capacity,,,"Oita Device Technology Co., Ltd - ODT fab",3880,Company Detail,file:///Users/simon/Documents/Simon-OB/%E6%9C%AC%E4%BD%93%E8%AE%BA/base/%E5%8D%8A%E5%AF%BC%E4%BD%93/SEMI_WFF_2026_1Q.xlsx
OKI Data Corporation - OKI Digital Imaging (ODI) current wafer capacity (SEMI WFF),,晶圆产能,SEMI WFF 工厂级晶圆产能观测。,current,20000,2,日本,/Users/simon/Documents/Simon-OB/本体论/base/半导体/SEMI_WFF_2026_1Q.xlsx,OKI Data Corporation,Opto,facility_capacity,,,OKI Data Corporation - OKI Digital Imaging (ODI),1712,Company Detail,file:///Users/simon/Documents/Simon-OB/%E6%9C%AC%E4%BD%93%E8%AE%BA/base/%E5%8D%8A%E5%AF%BC%E4%BD%93/SEMI_WFF_2026_1Q.xlsx
Olympus Corporation - Corporate R&D Center - Tatsuno plant current wafer capacity (SEMI WFF),,晶圆产能,SEMI WFF 工厂级晶圆产能观测。,current,5000,6,日本,/Users/simon/Documents/Simon-OB/本体论/base/半导体/SEMI_WFF_2026_1Q.xlsx,Olympus Corporation,MEMS,facility_capacity,,,Olympus Corporation - Corporate R&D Center - Tatsuno plant,756,Company Detail,file:///Users/simon/Documents/Simon-OB/%E6%9C%AC%E4%BD%93%E8%AE%BA/base/%E5%8D%8A%E5%AF%BC%E4%BD%93/SEMI_WFF_2026_1Q.xlsx
OMMIC - Fab 1 current wafer capacity (SEMI WFF),,晶圆产能,SEMI WFF 工厂级晶圆产能观测。,current,500,6,Europe & Mideast,/Users/simon/Documents/Simon-OB/本体论/base/半导体/SEMI_WFF_2026_1Q.xlsx,OMMIC,Discrete,facility_capacity,,,OMMIC - Fab 1,2213,Company Detail,file:///Users/simon/Documents/Simon-OB/%E6%9C%AC%E4%BD%93%E8%AE%BA/base/%E5%8D%8A%E5%AF%BC%E4%BD%93/SEMI_WFF_2026_1Q.xlsx
"OnChip Devices, Inc. - N/A current wafer capacity (SEMI WFF)",,晶圆产能,SEMI WFF 工厂级晶圆产能观测。,current,6000,6,美洲,/Users/simon/Documents/Simon-OB/本体论/base/半导体/SEMI_WFF_2026_1Q.xlsx,"OnChip Devices, Inc.",Discrete,facility_capacity,,,"OnChip Devices, Inc. - N/A",3570,Company Detail,file:///Users/simon/Documents/Simon-OB/%E6%9C%AC%E4%BD%93%E8%AE%BA/base/%E5%8D%8A%E5%AF%BC%E4%BD%93/SEMI_WFF_2026_1Q.xlsx
OnMicro Electronics (HunterSun) - Hangzhou MEMS fab current wafer capacity (SEMI WFF),,晶圆产能,SEMI WFF 工厂级晶圆产能观测。,current,10000,8,中国,/Users/simon/Documents/Simon-OB/本体论/base/半导体/SEMI_WFF_2026_1Q.xlsx,OnMicro Electronics (HunterSun),MEMS,facility_capacity,,,OnMicro Electronics (HunterSun) - Hangzhou MEMS fab,6227,Company Detail,file:///Users/simon/Documents/Simon-OB/%E6%9C%AC%E4%BD%93%E8%AE%BA/base/%E5%8D%8A%E5%AF%BC%E4%BD%93/SEMI_WFF_2026_1Q.xlsx
onsemi - Si/EPI Fab current wafer capacity (SEMI WFF),,晶圆产能,SEMI WFF 工厂级晶圆产能观测。,current,15000,6,Europe & Mideast,/Users/simon/Documents/Simon-OB/本体论/base/半导体/SEMI_WFF_2026_1Q.xlsx,onsemi,EPI,facility_capacity,,,onsemi - Si/EPI Fab,6393,Company Detail,file:///Users/simon/Documents/Simon-OB/%E6%9C%AC%E4%BD%93%E8%AE%BA/base/%E5%8D%8A%E5%AF%BC%E4%BD%93/SEMI_WFF_2026_1Q.xlsx
onsemi - Roznov Expansion Phase 1 for SiC / EPI current wafer capacity (SEMI WFF),,晶圆产能,SEMI WFF 工厂级晶圆产能观测。,current,3000,6,Europe & Mideast,/Users/simon/Documents/Simon-OB/本体论/base/半导体/SEMI_WFF_2026_1Q.xlsx,onsemi,EPI,facility_capacity,,,onsemi - Roznov Expansion Phase 1 for SiC / EPI,6394,Company Detail,file:///Users/simon/Documents/Simon-OB/%E6%9C%AC%E4%BD%93%E8%AE%BA/base/%E5%8D%8A%E5%AF%BC%E4%BD%93/SEMI_WFF_2026_1Q.xlsx
onsemi - Roznov Expansion Phase 2 for SiC / EPI current wafer capacity (SEMI WFF),,晶圆产能,SEMI WFF 工厂级晶圆产能观测。,current,45000,6,Europe & Mideast,/Users/simon/Documents/Simon-OB/本体论/base/半导体/SEMI_WFF_2026_1Q.xlsx,onsemi,EPI,facility_capacity,,,onsemi - Roznov Expansion Phase 2 for SiC / EPI,6396,Company Detail,file:///Users/simon/Documents/Simon-OB/%E6%9C%AC%E4%BD%93%E8%AE%BA/base/%E5%8D%8A%E5%AF%BC%E4%BD%93/SEMI_WFF_2026_1Q.xlsx
onsemi - Hudson SiC Fab (was GTAT) current wafer capacity (SEMI WFF),,晶圆产能,SEMI WFF 工厂级晶圆产能观测。,current,20000,6,美洲,/Users/simon/Documents/Simon-OB/本体论/base/半导体/SEMI_WFF_2026_1Q.xlsx,onsemi,EPI,facility_capacity,,,onsemi - Hudson SiC Fab (was GTAT),6397,Company Detail,file:///Users/simon/Documents/Simon-OB/%E6%9C%AC%E4%BD%93%E8%AE%BA/base/%E5%8D%8A%E5%AF%BC%E4%BD%93/SEMI_WFF_2026_1Q.xlsx
onsemi - DeWitt fab current wafer capacity (SEMI WFF),,晶圆产能,SEMI WFF 工厂级晶圆产能观测。,current,22000,6,美洲,/Users/simon/Documents/Simon-OB/本体论/base/半导体/SEMI_WFF_2026_1Q.xlsx,onsemi,EPI,facility_capacity,,,onsemi - DeWitt fab,3820,Company Detail,file:///Users/simon/Documents/Simon-OB/%E6%9C%AC%E4%BD%93%E8%AE%BA/base/%E5%8D%8A%E5%AF%BC%E4%BD%93/SEMI_WFF_2026_1Q.xlsx
onsemi - Roznov SiC Wafer & EPI 200mm current wafer capacity (SEMI WFF),,晶圆产能,SEMI WFF 工厂级晶圆产能观测。,current,45000,8,Europe & Mideast,/Users/simon/Documents/Simon-OB/本体论/base/半导体/SEMI_WFF_2026_1Q.xlsx,onsemi,EPI,facility_capacity,,,onsemi - Roznov SiC Wafer & EPI 200mm,6602,Company Detail,file:///Users/simon/Documents/Simon-OB/%E6%9C%AC%E4%BD%93%E8%AE%BA/base/%E5%8D%8A%E5%AF%BC%E4%BD%93/SEMI_WFF_2026_1Q.xlsx
onsemi - Roznov SiC Device 200mm current wafer capacity (SEMI WFF),,晶圆产能,SEMI WFF 工厂级晶圆产能观测。,current,45000,8,Europe & Mideast,/Users/simon/Documents/Simon-OB/本体论/base/半导体/SEMI_WFF_2026_1Q.xlsx,onsemi,Discrete,facility_capacity,,,onsemi - Roznov SiC Device 200mm,6603,Company Detail,file:///Users/simon/Documents/Simon-OB/%E6%9C%AC%E4%BD%93%E8%AE%BA/base/%E5%8D%8A%E5%AF%BC%E4%BD%93/SEMI_WFF_2026_1Q.xlsx
onsemi - Bucheon 200mm (was Fairchild) current wafer capacity (SEMI WFF),,晶圆产能,SEMI WFF 工厂级晶圆产能观测。,current,70000,8,韩国,/Users/simon/Documents/Simon-OB/本体论/base/半导体/SEMI_WFF_2026_1Q.xlsx,onsemi,Discrete,facility_capacity,,,onsemi - Bucheon 200mm (was Fairchild),3593,Company Detail,file:///Users/simon/Documents/Simon-OB/%E6%9C%AC%E4%BD%93%E8%AE%BA/base/%E5%8D%8A%E5%AF%BC%E4%BD%93/SEMI_WFF_2026_1Q.xlsx
onsemi - ISMF-Malaysia current wafer capacity (SEMI WFF),,晶圆产能,SEMI WFF 工厂级晶圆产能观测。,current,95000,6,SE Asia,/Users/simon/Documents/Simon-OB/本体论/base/半导体/SEMI_WFF_2026_1Q.xlsx,onsemi,Discrete,facility_capacity,,,onsemi - ISMF-Malaysia,635,Company Detail,file:///Users/simon/Documents/Simon-OB/%E6%9C%AC%E4%BD%93%E8%AE%BA/base/%E5%8D%8A%E5%AF%BC%E4%BD%93/SEMI_WFF_2026_1Q.xlsx
onsemi - Roznov Device Fab current wafer capacity (SEMI WFF),,晶圆产能,SEMI WFF 工厂级晶圆产能观测。,current,80000,6,Europe & Mideast,/Users/simon/Documents/Simon-OB/本体论/base/半导体/SEMI_WFF_2026_1Q.xlsx,onsemi,Analog,facility_capacity,,,onsemi - Roznov Device Fab,2460,Company Detail,file:///Users/simon/Documents/Simon-OB/%E6%9C%AC%E4%BD%93%E8%AE%BA/base/%E5%8D%8A%E5%AF%BC%E4%BD%93/SEMI_WFF_2026_1Q.xlsx
"onsemi - Aizu fab (was Aizu Fujitsu) was FASL 1A, was JV1 current wafer capacity (SEMI WFF)",,晶圆产能,SEMI WFF 工厂级晶圆产能观测。,current,56000,8,日本,/Users/simon/Documents/Simon-OB/本体论/base/半导体/SEMI_WFF_2026_1Q.xlsx,onsemi,Analog,facility_capacity,,,"onsemi - Aizu fab (was Aizu Fujitsu) was FASL 1A, was JV1",200,Company Detail,file:///Users/simon/Documents/Simon-OB/%E6%9C%AC%E4%BD%93%E8%AE%BA/base/%E5%8D%8A%E5%AF%BC%E4%BD%93/SEMI_WFF_2026_1Q.xlsx
onsemi - Gresham current wafer capacity (SEMI WFF),,晶圆产能,SEMI WFF 工厂级晶圆产能观测。,current,45000,8,美洲,/Users/simon/Documents/Simon-OB/本体论/base/半导体/SEMI_WFF_2026_1Q.xlsx,onsemi,Analog,facility_capacity,,,onsemi - Gresham,483,Company Detail,file:///Users/simon/Documents/Simon-OB/%E6%9C%AC%E4%BD%93%E8%AE%BA/base/%E5%8D%8A%E5%AF%BC%E4%BD%93/SEMI_WFF_2026_1Q.xlsx
"onsemi - Fab 10 (was Glofo Fab 10, was IBM Bldg. 323 plus Annex) current wafer capacity (SEMI WFF)",,晶圆产能,SEMI WFF 工厂级晶圆产能观测。,current,32000,12,美洲,/Users/simon/Documents/Simon-OB/本体论/base/半导体/SEMI_WFF_2026_1Q.xlsx,onsemi,Analog,facility_capacity,,,"onsemi - Fab 10 (was Glofo Fab 10, was IBM Bldg. 323 plus Annex)",1825,Company Detail,file:///Users/simon/Documents/Simon-OB/%E6%9C%AC%E4%BD%93%E8%AE%BA/base/%E5%8D%8A%E5%AF%BC%E4%BD%93/SEMI_WFF_2026_1Q.xlsx
onsemi - Bucheon 150mm current wafer capacity (SEMI WFF),,晶圆产能,SEMI WFF 工厂级晶圆产能观测。,current,50000,6,韩国,/Users/simon/Documents/Simon-OB/本体论/base/半导体/SEMI_WFF_2026_1Q.xlsx,onsemi,Discrete,facility_capacity,,,onsemi - Bucheon 150mm,1834,Company Detail,file:///Users/simon/Documents/Simon-OB/%E6%9C%AC%E4%BD%93%E8%AE%BA/base/%E5%8D%8A%E5%AF%BC%E4%BD%93/SEMI_WFF_2026_1Q.xlsx
onsemi - Rochester (was Kodak) current wafer capacity (SEMI WFF),,晶圆产能,SEMI WFF 工厂级晶圆产能观测。,current,10000,6,美洲,/Users/simon/Documents/Simon-OB/本体论/base/半导体/SEMI_WFF_2026_1Q.xlsx,onsemi,MEMS,facility_capacity,,,onsemi - Rochester (was Kodak),438,Company Detail,file:///Users/simon/Documents/Simon-OB/%E6%9C%AC%E4%BD%93%E8%AE%BA/base/%E5%8D%8A%E5%AF%BC%E4%BD%93/SEMI_WFF_2026_1Q.xlsx
onsemi - Pennsylvania (was Fairchild) current wafer capacity (SEMI WFF),,晶圆产能,SEMI WFF 工厂级晶圆产能观测。,current,36000,8,美洲,/Users/simon/Documents/Simon-OB/本体论/base/半导体/SEMI_WFF_2026_1Q.xlsx,onsemi,Discrete,facility_capacity,,,onsemi - Pennsylvania (was Fairchild),1284,Company Detail,file:///Users/simon/Documents/Simon-OB/%E6%9C%AC%E4%BD%93%E8%AE%BA/base/%E5%8D%8A%E5%AF%BC%E4%BD%93/SEMI_WFF_2026_1Q.xlsx
Optimal Perenni - Fab 2 current wafer capacity (SEMI WFF),,晶圆产能,SEMI WFF 工厂级晶圆产能观测。,current,40000,12,中国,/Users/simon/Documents/Simon-OB/本体论/base/半导体/SEMI_WFF_2026_1Q.xlsx,Optimal Perenni,Logic&Micro,facility_capacity,,,Optimal Perenni - Fab 2,6623,Company Detail,file:///Users/simon/Documents/Simon-OB/%E6%9C%AC%E4%BD%93%E8%AE%BA/base/%E5%8D%8A%E5%AF%BC%E4%BD%93/SEMI_WFF_2026_1Q.xlsx
Optimal Perenni - Fab 1 current wafer capacity (SEMI WFF),,晶圆产能,SEMI WFF 工厂级晶圆产能观测。,current,30000,12,中国,/Users/simon/Documents/Simon-OB/本体论/base/半导体/SEMI_WFF_2026_1Q.xlsx,Optimal Perenni,Logic&Micro,facility_capacity,,,Optimal Perenni - Fab 1,6622,Company Detail,file:///Users/simon/Documents/Simon-OB/%E6%9C%AC%E4%BD%93%E8%AE%BA/base/%E5%8D%8A%E5%AF%BC%E4%BD%93/SEMI_WFF_2026_1Q.xlsx
Opto Diode Corporation - Newbury Park fab current wafer capacity (SEMI WFF),,晶圆产能,SEMI WFF 工厂级晶圆产能观测。,current,10000,6,美洲,/Users/simon/Documents/Simon-OB/本体论/base/半导体/SEMI_WFF_2026_1Q.xlsx,Opto Diode Corporation,Opto,facility_capacity,,,Opto Diode Corporation - Newbury Park fab,3669,Company Detail,file:///Users/simon/Documents/Simon-OB/%E6%9C%AC%E4%BD%93%E8%AE%BA/base/%E5%8D%8A%E5%AF%BC%E4%BD%93/SEMI_WFF_2026_1Q.xlsx
Optoenergy - Sakura plant current wafer capacity (SEMI WFF),,晶圆产能,SEMI WFF 工厂级晶圆产能观测。,current,2000,4,日本,/Users/simon/Documents/Simon-OB/本体论/base/半导体/SEMI_WFF_2026_1Q.xlsx,Optoenergy,Opto,facility_capacity,,,Optoenergy - Sakura plant,3256,Company Detail,file:///Users/simon/Documents/Simon-OB/%E6%9C%AC%E4%BD%93%E8%AE%BA/base/%E5%8D%8A%E5%AF%BC%E4%BD%93/SEMI_WFF_2026_1Q.xlsx
OptoGaN - Optogan Oy current wafer capacity (SEMI WFF),,晶圆产能,SEMI WFF 工厂级晶圆产能观测。,current,100,2,Europe & Mideast,/Users/simon/Documents/Simon-OB/本体论/base/半导体/SEMI_WFF_2026_1Q.xlsx,OptoGaN,Opto,facility_capacity,,,OptoGaN - Optogan Oy,3231,Company Detail,file:///Users/simon/Documents/Simon-OB/%E6%9C%AC%E4%BD%93%E8%AE%BA/base/%E5%8D%8A%E5%AF%BC%E4%BD%93/SEMI_WFF_2026_1Q.xlsx
OptoGaN - Optogan GmbH current wafer capacity (SEMI WFF),,晶圆产能,SEMI WFF 工厂级晶圆产能观测。,current,500,4,Europe & Mideast,/Users/simon/Documents/Simon-OB/本体论/base/半导体/SEMI_WFF_2026_1Q.xlsx,OptoGaN,Opto,facility_capacity,,,OptoGaN - Optogan GmbH,3232,Company Detail,file:///Users/simon/Documents/Simon-OB/%E6%9C%AC%E4%BD%93%E8%AE%BA/base/%E5%8D%8A%E5%AF%BC%E4%BD%93/SEMI_WFF_2026_1Q.xlsx
OptoGaN - Landshut current wafer capacity (SEMI WFF),,晶圆产能,SEMI WFF 工厂级晶圆产能观测。,current,2000,4,Europe & Mideast,/Users/simon/Documents/Simon-OB/本体论/base/半导体/SEMI_WFF_2026_1Q.xlsx,OptoGaN,Opto,facility_capacity,,,OptoGaN - Landshut,3442,Company Detail,file:///Users/simon/Documents/Simon-OB/%E6%9C%AC%E4%BD%93%E8%AE%BA/base/%E5%8D%8A%E5%AF%BC%E4%BD%93/SEMI_WFF_2026_1Q.xlsx
Orient Opto - Shenzhen fab current wafer capacity (SEMI WFF),,晶圆产能,SEMI WFF 工厂级晶圆产能观测。,current,10000,2,中国,/Users/simon/Documents/Simon-OB/本体论/base/半导体/SEMI_WFF_2026_1Q.xlsx,Orient Opto,Opto,facility_capacity,,,Orient Opto - Shenzhen fab,3421,Company Detail,file:///Users/simon/Documents/Simon-OB/%E6%9C%AC%E4%BD%93%E8%AE%BA/base/%E5%8D%8A%E5%AF%BC%E4%BD%93/SEMI_WFF_2026_1Q.xlsx
Orient Opto - Jiangmen fab current wafer capacity (SEMI WFF),,晶圆产能,SEMI WFF 工厂级晶圆产能观测。,current,50000,2,中国,/Users/simon/Documents/Simon-OB/本体论/base/半导体/SEMI_WFF_2026_1Q.xlsx,Orient Opto,Opto,facility_capacity,,,Orient Opto - Jiangmen fab,3422,Company Detail,file:///Users/simon/Documents/Simon-OB/%E6%9C%AC%E4%BD%93%E8%AE%BA/base/%E5%8D%8A%E5%AF%BC%E4%BD%93/SEMI_WFF_2026_1Q.xlsx
Origin Electric - Mamada current wafer capacity (SEMI WFF),,晶圆产能,SEMI WFF 工厂级晶圆产能观测。,current,8000,4,日本,/Users/simon/Documents/Simon-OB/本体论/base/半导体/SEMI_WFF_2026_1Q.xlsx,Origin Electric,Discrete,facility_capacity,,,Origin Electric - Mamada,764,Company Detail,file:///Users/simon/Documents/Simon-OB/%E6%9C%AC%E4%BD%93%E8%AE%BA/base/%E5%8D%8A%E5%AF%BC%E4%BD%93/SEMI_WFF_2026_1Q.xlsx
Origin Electric - Mikasa current wafer capacity (SEMI WFF),,晶圆产能,SEMI WFF 工厂级晶圆产能观测。,current,15000,4,日本,/Users/simon/Documents/Simon-OB/本体论/base/半导体/SEMI_WFF_2026_1Q.xlsx,Origin Electric,Other,facility_capacity,,,Origin Electric - Mikasa,1447,Company Detail,file:///Users/simon/Documents/Simon-OB/%E6%9C%AC%E4%BD%93%E8%AE%BA/base/%E5%8D%8A%E5%AF%BC%E4%BD%93/SEMI_WFF_2026_1Q.xlsx
Ostendo - Carlsbad current wafer capacity (SEMI WFF),,晶圆产能,SEMI WFF 工厂级晶圆产能观测。,current,100,4,美洲,/Users/simon/Documents/Simon-OB/本体论/base/半导体/SEMI_WFF_2026_1Q.xlsx,Ostendo,Opto,facility_capacity,,,Ostendo - Carlsbad,5059,Company Detail,file:///Users/simon/Documents/Simon-OB/%E6%9C%AC%E4%BD%93%E8%AE%BA/base/%E5%8D%8A%E5%AF%BC%E4%BD%93/SEMI_WFF_2026_1Q.xlsx
Panjit International - Pynmax Fab (Fab 1 Device line) current wafer capacity (SEMI WFF),,晶圆产能,SEMI WFF 工厂级晶圆产能观测。,current,60000,6,中国台湾,/Users/simon/Documents/Simon-OB/本体论/base/半导体/SEMI_WFF_2026_1Q.xlsx,Panjit International,Discrete,facility_capacity,,,Panjit International - Pynmax Fab (Fab 1 Device line),2486,Company Detail,file:///Users/simon/Documents/Simon-OB/%E6%9C%AC%E4%BD%93%E8%AE%BA/base/%E5%8D%8A%E5%AF%BC%E4%BD%93/SEMI_WFF_2026_1Q.xlsx
Panjit International - Fab 2 current wafer capacity (SEMI WFF),,晶圆产能,SEMI WFF 工厂级晶圆产能观测。,current,30000,4,中国,/Users/simon/Documents/Simon-OB/本体论/base/半导体/SEMI_WFF_2026_1Q.xlsx,Panjit International,Discrete,facility_capacity,,,Panjit International - Fab 2,6628,Company Detail,file:///Users/simon/Documents/Simon-OB/%E6%9C%AC%E4%BD%93%E8%AE%BA/base/%E5%8D%8A%E5%AF%BC%E4%BD%93/SEMI_WFF_2026_1Q.xlsx
Panjit International - Pynmax Fab (Fab 1 EPI line) current wafer capacity (SEMI WFF),,晶圆产能,SEMI WFF 工厂级晶圆产能观测。,current,60000,6,中国台湾,/Users/simon/Documents/Simon-OB/本体论/base/半导体/SEMI_WFF_2026_1Q.xlsx,Panjit International,EPI,facility_capacity,,,Panjit International - Pynmax Fab (Fab 1 EPI line),6629,Company Detail,file:///Users/simon/Documents/Simon-OB/%E6%9C%AC%E4%BD%93%E8%AE%BA/base/%E5%8D%8A%E5%AF%BC%E4%BD%93/SEMI_WFF_2026_1Q.xlsx
Panjit International - Pynmax Fab (Fab 3 8-inch line) current wafer capacity (SEMI WFF),,晶圆产能,SEMI WFF 工厂级晶圆产能观测。,current,10500,8,中国台湾,/Users/simon/Documents/Simon-OB/本体论/base/半导体/SEMI_WFF_2026_1Q.xlsx,Panjit International,Discrete,facility_capacity,,,Panjit International - Pynmax Fab (Fab 3 8-inch line),6630,Company Detail,file:///Users/simon/Documents/Simon-OB/%E6%9C%AC%E4%BD%93%E8%AE%BA/base/%E5%8D%8A%E5%AF%BC%E4%BD%93/SEMI_WFF_2026_1Q.xlsx
Pengxinwei Semiconductor (PXW Semi) - PXW Semi Fab 1 current wafer capacity (SEMI WFF),,晶圆产能,SEMI WFF 工厂级晶圆产能观测。,current,20000,12,中国,/Users/simon/Documents/Simon-OB/本体论/base/半导体/SEMI_WFF_2026_1Q.xlsx,Pengxinwei Semiconductor (PXW Semi),Logic&Micro,facility_capacity,,,Pengxinwei Semiconductor (PXW Semi) - PXW Semi Fab 1,6486,Company Detail,file:///Users/simon/Documents/Simon-OB/%E6%9C%AC%E4%BD%93%E8%AE%BA/base/%E5%8D%8A%E5%AF%BC%E4%BD%93/SEMI_WFF_2026_1Q.xlsx
Pensun Technology (PST Semi) - PST Fab 1 current wafer capacity (SEMI WFF),,晶圆产能,SEMI WFF 工厂级晶圆产能观测。,current,20000,12,中国,/Users/simon/Documents/Simon-OB/本体论/base/半导体/SEMI_WFF_2026_1Q.xlsx,Pensun Technology (PST Semi),Logic&Micro,facility_capacity,,,Pensun Technology (PST Semi) - PST Fab 1,6487,Company Detail,file:///Users/simon/Documents/Simon-OB/%E6%9C%AC%E4%BD%93%E8%AE%BA/base/%E5%8D%8A%E5%AF%BC%E4%BD%93/SEMI_WFF_2026_1Q.xlsx
Pensun Technology (PST Semi) - PST Fab 2 current wafer capacity (SEMI WFF),,晶圆产能,SEMI WFF 工厂级晶圆产能观测。,current,40000,12,中国,/Users/simon/Documents/Simon-OB/本体论/base/半导体/SEMI_WFF_2026_1Q.xlsx,Pensun Technology (PST Semi),Logic&Micro,facility_capacity,,,Pensun Technology (PST Semi) - PST Fab 2,6513,Company Detail,file:///Users/simon/Documents/Simon-OB/%E6%9C%AC%E4%BD%93%E8%AE%BA/base/%E5%8D%8A%E5%AF%BC%E4%BD%93/SEMI_WFF_2026_1Q.xlsx
Perkin Elmer Optoelectronics - N/A current wafer capacity (SEMI WFF),,晶圆产能,SEMI WFF 工厂级晶圆产能观测。,current,16000,3,美洲,/Users/simon/Documents/Simon-OB/本体论/base/半导体/SEMI_WFF_2026_1Q.xlsx,Perkin Elmer Optoelectronics,Discrete,facility_capacity,,,Perkin Elmer Optoelectronics - N/A,142,Company Detail,file:///Users/simon/Documents/Simon-OB/%E6%9C%AC%E4%BD%93%E8%AE%BA/base/%E5%8D%8A%E5%AF%BC%E4%BD%93/SEMI_WFF_2026_1Q.xlsx
Phenitec Semicondcutor - Okayama Factroy 2 current wafer capacity (SEMI WFF),,晶圆产能,SEMI WFF 工厂级晶圆产能观测。,current,50000,5,日本,/Users/simon/Documents/Simon-OB/本体论/base/半导体/SEMI_WFF_2026_1Q.xlsx,Phenitec Semicondcutor,Discrete,facility_capacity,,,Phenitec Semicondcutor - Okayama Factroy 2,1273,Company Detail,file:///Users/simon/Documents/Simon-OB/%E6%9C%AC%E4%BD%93%E8%AE%BA/base/%E5%8D%8A%E5%AF%BC%E4%BD%93/SEMI_WFF_2026_1Q.xlsx
"Phenitec Semicondcutor - 1st Factory (Bldg 3, 150mm) current wafer capacity (SEMI WFF)",,晶圆产能,SEMI WFF 工厂级晶圆产能观测。,current,26000,6,日本,/Users/simon/Documents/Simon-OB/本体论/base/半导体/SEMI_WFF_2026_1Q.xlsx,Phenitec Semicondcutor,Discrete,facility_capacity,,,"Phenitec Semicondcutor - 1st Factory (Bldg 3, 150mm)",3565,Company Detail,file:///Users/simon/Documents/Simon-OB/%E6%9C%AC%E4%BD%93%E8%AE%BA/base/%E5%8D%8A%E5%AF%BC%E4%BD%93/SEMI_WFF_2026_1Q.xlsx
Phenitec Semicondcutor - 1st Factory (125mm) current wafer capacity (SEMI WFF),,晶圆产能,SEMI WFF 工厂级晶圆产能观测。,current,20000,5,日本,/Users/simon/Documents/Simon-OB/本体论/base/半导体/SEMI_WFF_2026_1Q.xlsx,Phenitec Semicondcutor,Discrete,facility_capacity,,,Phenitec Semicondcutor - 1st Factory (125mm),1099,Company Detail,file:///Users/simon/Documents/Simon-OB/%E6%9C%AC%E4%BD%93%E8%AE%BA/base/%E5%8D%8A%E5%AF%BC%E4%BD%93/SEMI_WFF_2026_1Q.xlsx
Phenitec Semicondcutor - Aira Fab (was Yamaha) current wafer capacity (SEMI WFF),,晶圆产能,SEMI WFF 工厂级晶圆产能观测。,current,20000,6,日本,/Users/simon/Documents/Simon-OB/本体论/base/半导体/SEMI_WFF_2026_1Q.xlsx,Phenitec Semicondcutor,Discrete,facility_capacity,,,Phenitec Semicondcutor - Aira Fab (was Yamaha),1527,Company Detail,file:///Users/simon/Documents/Simon-OB/%E6%9C%AC%E4%BD%93%E8%AE%BA/base/%E5%8D%8A%E5%AF%BC%E4%BD%93/SEMI_WFF_2026_1Q.xlsx
Photonic Corporation - Photonic Fab current wafer capacity (SEMI WFF),,晶圆产能,SEMI WFF 工厂级晶圆产能观测。,current,2000,8,美洲,/Users/simon/Documents/Simon-OB/本体论/base/半导体/SEMI_WFF_2026_1Q.xlsx,Photonic Corporation,Opto,facility_capacity,,,Photonic Corporation - Photonic Fab,2467,Company Detail,file:///Users/simon/Documents/Simon-OB/%E6%9C%AC%E4%BD%93%E8%AE%BA/base/%E5%8D%8A%E5%AF%BC%E4%BD%93/SEMI_WFF_2026_1Q.xlsx
Pioneer Micro Technology Corporation - Kofu plant current wafer capacity (SEMI WFF),,晶圆产能,SEMI WFF 工厂级晶圆产能观测。,current,7000,6,日本,/Users/simon/Documents/Simon-OB/本体论/base/半导体/SEMI_WFF_2026_1Q.xlsx,Pioneer Micro Technology Corporation,Analog,facility_capacity,,,Pioneer Micro Technology Corporation - Kofu plant,797,Company Detail,file:///Users/simon/Documents/Simon-OB/%E6%9C%AC%E4%BD%93%E8%AE%BA/base/%E5%8D%8A%E5%AF%BC%E4%BD%93/SEMI_WFF_2026_1Q.xlsx
Plessey (owned by Haylo Labs) - Plessey 8-inch line current wafer capacity (SEMI WFF),,晶圆产能,SEMI WFF 工厂级晶圆产能观测。,current,15000,8,Europe & Mideast,/Users/simon/Documents/Simon-OB/本体论/base/半导体/SEMI_WFF_2026_1Q.xlsx,Plessey (owned by Haylo Labs),Opto,facility_capacity,,,Plessey (owned by Haylo Labs) - Plessey 8-inch line,210,Company Detail,file:///Users/simon/Documents/Simon-OB/%E6%9C%AC%E4%BD%93%E8%AE%BA/base/%E5%8D%8A%E5%AF%BC%E4%BD%93/SEMI_WFF_2026_1Q.xlsx
Plessey (owned by Haylo Labs) - Plessey 6-inch line current wafer capacity (SEMI WFF),,晶圆产能,SEMI WFF 工厂级晶圆产能观测。,current,6000,6,Europe & Mideast,/Users/simon/Documents/Simon-OB/本体论/base/半导体/SEMI_WFF_2026_1Q.xlsx,Plessey (owned by Haylo Labs),Opto,facility_capacity,,,Plessey (owned by Haylo Labs) - Plessey 6-inch line,211,Company Detail,file:///Users/simon/Documents/Simon-OB/%E6%9C%AC%E4%BD%93%E8%AE%BA/base/%E5%8D%8A%E5%AF%BC%E4%BD%93/SEMI_WFF_2026_1Q.xlsx
"Polar Semiconductor, Inc (PSI) (Polarfab) - PolarFab 2 current wafer capacity (SEMI WFF)",,晶圆产能,SEMI WFF 工厂级晶圆产能观测。,current,4000,8,美洲,/Users/simon/Documents/Simon-OB/本体论/base/半导体/SEMI_WFF_2026_1Q.xlsx,"Polar Semiconductor, Inc (PSI) (Polarfab)",Analog,facility_capacity,,,"Polar Semiconductor, Inc (PSI) (Polarfab) - PolarFab 2",1888,Company Detail,file:///Users/simon/Documents/Simon-OB/%E6%9C%AC%E4%BD%93%E8%AE%BA/base/%E5%8D%8A%E5%AF%BC%E4%BD%93/SEMI_WFF_2026_1Q.xlsx
"Polar Semiconductor, Inc (PSI) (Polarfab) - PolarFab 3 (was Fab 2-N) current wafer capacity (SEMI WFF)",,晶圆产能,SEMI WFF 工厂级晶圆产能观测。,current,23000,8,美洲,/Users/simon/Documents/Simon-OB/本体论/base/半导体/SEMI_WFF_2026_1Q.xlsx,"Polar Semiconductor, Inc (PSI) (Polarfab)",Analog,facility_capacity,,,"Polar Semiconductor, Inc (PSI) (Polarfab) - PolarFab 3 (was Fab 2-N)",3788,Company Detail,file:///Users/simon/Documents/Simon-OB/%E6%9C%AC%E4%BD%93%E8%AE%BA/base/%E5%8D%8A%E5%AF%BC%E4%BD%93/SEMI_WFF_2026_1Q.xlsx
"Polar Semiconductor, Inc (PSI) (Polarfab) - PolarFab 1 (8-inch) current wafer capacity (SEMI WFF)",,晶圆产能,SEMI WFF 工厂级晶圆产能观测。,current,16000,8,美洲,/Users/simon/Documents/Simon-OB/本体论/base/半导体/SEMI_WFF_2026_1Q.xlsx,"Polar Semiconductor, Inc (PSI) (Polarfab)",Analog,facility_capacity,,,"Polar Semiconductor, Inc (PSI) (Polarfab) - PolarFab 1 (8-inch)",6286,Company Detail,file:///Users/simon/Documents/Simon-OB/%E6%9C%AC%E4%BD%93%E8%AE%BA/base/%E5%8D%8A%E5%AF%BC%E4%BD%93/SEMI_WFF_2026_1Q.xlsx
Poseico - Genova current wafer capacity (SEMI WFF),,晶圆产能,SEMI WFF 工厂级晶圆产能观测。,current,1000,4,Europe & Mideast,/Users/simon/Documents/Simon-OB/本体论/base/半导体/SEMI_WFF_2026_1Q.xlsx,Poseico,Discrete,facility_capacity,,,Poseico - Genova,34,Company Detail,file:///Users/simon/Documents/Simon-OB/%E6%9C%AC%E4%BD%93%E8%AE%BA/base/%E5%8D%8A%E5%AF%BC%E4%BD%93/SEMI_WFF_2026_1Q.xlsx
Power Master Semiconductor - Cheongju Epi Line current wafer capacity (SEMI WFF),,晶圆产能,SEMI WFF 工厂级晶圆产能观测。,current,3500,8,韩国,/Users/simon/Documents/Simon-OB/本体论/base/半导体/SEMI_WFF_2026_1Q.xlsx,Power Master Semiconductor,EPI,facility_capacity,,,Power Master Semiconductor - Cheongju Epi Line,6617,Company Detail,file:///Users/simon/Documents/Simon-OB/%E6%9C%AC%E4%BD%93%E8%AE%BA/base/%E5%8D%8A%E5%AF%BC%E4%BD%93/SEMI_WFF_2026_1Q.xlsx
Power Master Semiconductor - Cheongju SiC 6inch Line current wafer capacity (SEMI WFF),,晶圆产能,SEMI WFF 工厂级晶圆产能观测。,current,3500,6,韩国,/Users/simon/Documents/Simon-OB/本体论/base/半导体/SEMI_WFF_2026_1Q.xlsx,Power Master Semiconductor,Discrete,facility_capacity,,,Power Master Semiconductor - Cheongju SiC 6inch Line,6618,Company Detail,file:///Users/simon/Documents/Simon-OB/%E6%9C%AC%E4%BD%93%E8%AE%BA/base/%E5%8D%8A%E5%AF%BC%E4%BD%93/SEMI_WFF_2026_1Q.xlsx
Power Master Semiconductor - Cheongju SiC 8inch Line current wafer capacity (SEMI WFF),,晶圆产能,SEMI WFF 工厂级晶圆产能观测。,current,4000,8,韩国,/Users/simon/Documents/Simon-OB/本体论/base/半导体/SEMI_WFF_2026_1Q.xlsx,Power Master Semiconductor,Discrete,facility_capacity,,,Power Master Semiconductor - Cheongju SiC 8inch Line,6619,Company Detail,file:///Users/simon/Documents/Simon-OB/%E6%9C%AC%E4%BD%93%E8%AE%BA/base/%E5%8D%8A%E5%AF%BC%E4%BD%93/SEMI_WFF_2026_1Q.xlsx
Powerchip Semiconductor Manufacturing Corp (PSMC) - Fab P1 current wafer capacity (SEMI WFF),,晶圆产能,SEMI WFF 工厂级晶圆产能观测。,current,37000,12,中国台湾,/Users/simon/Documents/Simon-OB/本体论/base/半导体/SEMI_WFF_2026_1Q.xlsx,Powerchip Semiconductor Manufacturing Corp (PSMC),Analog,facility_capacity,,,Powerchip Semiconductor Manufacturing Corp (PSMC) - Fab P1,1517,Company Detail,file:///Users/simon/Documents/Simon-OB/%E6%9C%AC%E4%BD%93%E8%AE%BA/base/%E5%8D%8A%E5%AF%BC%E4%BD%93/SEMI_WFF_2026_1Q.xlsx
Powerchip Semiconductor Manufacturing Corp (PSMC) - Fab P3 current wafer capacity (SEMI WFF),,晶圆产能,SEMI WFF 工厂级晶圆产能观测。,current,35000,12,中国台湾,/Users/simon/Documents/Simon-OB/本体论/base/半导体/SEMI_WFF_2026_1Q.xlsx,Powerchip Semiconductor Manufacturing Corp (PSMC),Memory,facility_capacity,,,Powerchip Semiconductor Manufacturing Corp (PSMC) - Fab P3,1936,Company Detail,file:///Users/simon/Documents/Simon-OB/%E6%9C%AC%E4%BD%93%E8%AE%BA/base/%E5%8D%8A%E5%AF%BC%E4%BD%93/SEMI_WFF_2026_1Q.xlsx
Powerchip Semiconductor Manufacturing Corp (PSMC) - Fab P2 current wafer capacity (SEMI WFF),,晶圆产能,SEMI WFF 工厂级晶圆产能观测。,current,38000,12,中国台湾,/Users/simon/Documents/Simon-OB/本体论/base/半导体/SEMI_WFF_2026_1Q.xlsx,Powerchip Semiconductor Manufacturing Corp (PSMC),Analog,facility_capacity,,,Powerchip Semiconductor Manufacturing Corp (PSMC) - Fab P2,1924,Company Detail,file:///Users/simon/Documents/Simon-OB/%E6%9C%AC%E4%BD%93%E8%AE%BA/base/%E5%8D%8A%E5%AF%BC%E4%BD%93/SEMI_WFF_2026_1Q.xlsx
Powerchip Semiconductor Manufacturing Corp (PSMC) - Fab 8A (was Maxchip) current wafer capacity (SEMI WFF),,晶圆产能,SEMI WFF 工厂级晶圆产能观测。,current,50000,8,中国台湾,/Users/simon/Documents/Simon-OB/本体论/base/半导体/SEMI_WFF_2026_1Q.xlsx,Powerchip Semiconductor Manufacturing Corp (PSMC),Analog,facility_capacity,,,Powerchip Semiconductor Manufacturing Corp (PSMC) - Fab 8A (was Maxchip),802,Company Detail,file:///Users/simon/Documents/Simon-OB/%E6%9C%AC%E4%BD%93%E8%AE%BA/base/%E5%8D%8A%E5%AF%BC%E4%BD%93/SEMI_WFF_2026_1Q.xlsx
Powerchip Semiconductor Manufacturing Corp (PSMC) - Fab 8A-D (200mm line inside Episil Duxing fab) current wafer capacity (SEMI WFF),,晶圆产能,SEMI WFF 工厂级晶圆产能观测。,current,25000,8,中国台湾,/Users/simon/Documents/Simon-OB/本体论/base/半导体/SEMI_WFF_2026_1Q.xlsx,Powerchip Semiconductor Manufacturing Corp (PSMC),Analog,facility_capacity,,,Powerchip Semiconductor Manufacturing Corp (PSMC) - Fab 8A-D (200mm line inside Episil Duxing fab),3870,Company Detail,file:///Users/simon/Documents/Simon-OB/%E6%9C%AC%E4%BD%93%E8%AE%BA/base/%E5%8D%8A%E5%AF%BC%E4%BD%93/SEMI_WFF_2026_1Q.xlsx
Powerchip Semiconductor Manufacturing Corp (PSMC) - Fab 8B current wafer capacity (SEMI WFF),,晶圆产能,SEMI WFF 工厂级晶圆产能观测。,current,48000,8,中国台湾,/Users/simon/Documents/Simon-OB/本体论/base/半导体/SEMI_WFF_2026_1Q.xlsx,Powerchip Semiconductor Manufacturing Corp (PSMC),Discrete,facility_capacity,,,Powerchip Semiconductor Manufacturing Corp (PSMC) - Fab 8B,5002,Company Detail,file:///Users/simon/Documents/Simon-OB/%E6%9C%AC%E4%BD%93%E8%AE%BA/base/%E5%8D%8A%E5%AF%BC%E4%BD%93/SEMI_WFF_2026_1Q.xlsx
Powerchip Semiconductor Manufacturing Corp (PSMC) - Fab P5 (Tongluo) current wafer capacity (SEMI WFF),,晶圆产能,SEMI WFF 工厂级晶圆产能观测。,current,15000,12,中国台湾,/Users/simon/Documents/Simon-OB/本体论/base/半导体/SEMI_WFF_2026_1Q.xlsx,Powerchip Semiconductor Manufacturing Corp (PSMC),Analog,facility_capacity,,,Powerchip Semiconductor Manufacturing Corp (PSMC) - Fab P5 (Tongluo),5006,Company Detail,file:///Users/simon/Documents/Simon-OB/%E6%9C%AC%E4%BD%93%E8%AE%BA/base/%E5%8D%8A%E5%AF%BC%E4%BD%93/SEMI_WFF_2026_1Q.xlsx
Powerchip Technology Corporation - LED fab current wafer capacity (SEMI WFF),,晶圆产能,SEMI WFF 工厂级晶圆产能观测。,current,33000,2,中国,/Users/simon/Documents/Simon-OB/本体论/base/半导体/SEMI_WFF_2026_1Q.xlsx,Powerchip Technology Corporation,Opto,facility_capacity,,,Powerchip Technology Corporation - LED fab,2115,Company Detail,file:///Users/simon/Documents/Simon-OB/%E6%9C%AC%E4%BD%93%E8%AE%BA/base/%E5%8D%8A%E5%AF%BC%E4%BD%93/SEMI_WFF_2026_1Q.xlsx
Powerex - Power Bipolar current wafer capacity (SEMI WFF),,晶圆产能,SEMI WFF 工厂级晶圆产能观测。,current,10000,4,美洲,/Users/simon/Documents/Simon-OB/本体论/base/半导体/SEMI_WFF_2026_1Q.xlsx,Powerex,Discrete,facility_capacity,,,Powerex - Power Bipolar,805,Company Detail,file:///Users/simon/Documents/Simon-OB/%E6%9C%AC%E4%BD%93%E8%AE%BA/base/%E5%8D%8A%E5%AF%BC%E4%BD%93/SEMI_WFF_2026_1Q.xlsx
PREMA Semiconductor GmbH - Prema current wafer capacity (SEMI WFF),,晶圆产能,SEMI WFF 工厂级晶圆产能观测。,current,10000,8,Europe & Mideast,/Users/simon/Documents/Simon-OB/本体论/base/半导体/SEMI_WFF_2026_1Q.xlsx,PREMA Semiconductor GmbH,Analog,facility_capacity,,,PREMA Semiconductor GmbH - Prema,1661,Company Detail,file:///Users/simon/Documents/Simon-OB/%E6%9C%AC%E4%BD%93%E8%AE%BA/base/%E5%8D%8A%E5%AF%BC%E4%BD%93/SEMI_WFF_2026_1Q.xlsx
Pulsar (Scientific Research Institute) - 6-inch current wafer capacity (SEMI WFF),,晶圆产能,SEMI WFF 工厂级晶圆产能观测。,current,1500,6,Europe & Mideast,/Users/simon/Documents/Simon-OB/本体论/base/半导体/SEMI_WFF_2026_1Q.xlsx,Pulsar (Scientific Research Institute),Discrete,facility_capacity,,,Pulsar (Scientific Research Institute) - 6-inch,2482,Company Detail,file:///Users/simon/Documents/Simon-OB/%E6%9C%AC%E4%BD%93%E8%AE%BA/base/%E5%8D%8A%E5%AF%BC%E4%BD%93/SEMI_WFF_2026_1Q.xlsx
Pure Wafer - Campbell (was Noel Technologies) current wafer capacity (SEMI WFF),,晶圆产能,SEMI WFF 工厂级晶圆产能观测。,current,800,12,美洲,/Users/simon/Documents/Simon-OB/本体论/base/半导体/SEMI_WFF_2026_1Q.xlsx,Pure Wafer,Other,facility_capacity,,,Pure Wafer - Campbell (was Noel Technologies),3626,Company Detail,file:///Users/simon/Documents/Simon-OB/%E6%9C%AC%E4%BD%93%E8%AE%BA/base/%E5%8D%8A%E5%AF%BC%E4%BD%93/SEMI_WFF_2026_1Q.xlsx
"Qidong Jilai Electronics Co., Ltd. - Fab 1 current wafer capacity (SEMI WFF)",,晶圆产能,SEMI WFF 工厂级晶圆产能观测。,current,40000,3,中国,/Users/simon/Documents/Simon-OB/本体论/base/半导体/SEMI_WFF_2026_1Q.xlsx,"Qidong Jilai Electronics Co., Ltd.",Discrete,facility_capacity,,,"Qidong Jilai Electronics Co., Ltd. - Fab 1",3483,Company Detail,file:///Users/simon/Documents/Simon-OB/%E6%9C%AC%E4%BD%93%E8%AE%BA/base/%E5%8D%8A%E5%AF%BC%E4%BD%93/SEMI_WFF_2026_1Q.xlsx
"Qingdao Jason Electric Co., Ltd. - QD Jason current wafer capacity (SEMI WFF)",,晶圆产能,SEMI WFF 工厂级晶圆产能观测。,current,4000,2,中国,/Users/simon/Documents/Simon-OB/本体论/base/半导体/SEMI_WFF_2026_1Q.xlsx,"Qingdao Jason Electric Co., Ltd.",Opto,facility_capacity,,,"Qingdao Jason Electric Co., Ltd. - QD Jason",3380,Company Detail,file:///Users/simon/Documents/Simon-OB/%E6%9C%AC%E4%BD%93%E8%AE%BA/base/%E5%8D%8A%E5%AF%BC%E4%BD%93/SEMI_WFF_2026_1Q.xlsx
Qinzhou Shenghe Electronic Technology - Kun Yan LED fab current wafer capacity (SEMI WFF),,晶圆产能,SEMI WFF 工厂级晶圆产能观测。,current,100000,2,中国,/Users/simon/Documents/Simon-OB/本体论/base/半导体/SEMI_WFF_2026_1Q.xlsx,Qinzhou Shenghe Electronic Technology,Opto,facility_capacity,,,Qinzhou Shenghe Electronic Technology - Kun Yan LED fab,3631,Company Detail,file:///Users/simon/Documents/Simon-OB/%E6%9C%AC%E4%BD%93%E8%AE%BA/base/%E5%8D%8A%E5%AF%BC%E4%BD%93/SEMI_WFF_2026_1Q.xlsx
Qorvo Inc. - Farmers Branch (was Maxim) current wafer capacity (SEMI WFF),,晶圆产能,SEMI WFF 工厂级晶圆产能观测。,current,15000,8,美洲,/Users/simon/Documents/Simon-OB/本体论/base/半导体/SEMI_WFF_2026_1Q.xlsx,Qorvo Inc.,MEMS,facility_capacity,,,Qorvo Inc. - Farmers Branch (was Maxim),4933,Company Detail,file:///Users/simon/Documents/Simon-OB/%E6%9C%AC%E4%BD%93%E8%AE%BA/base/%E5%8D%8A%E5%AF%BC%E4%BD%93/SEMI_WFF_2026_1Q.xlsx
Qorvo Inc. - Richardson 200mm BAW line current wafer capacity (SEMI WFF),,晶圆产能,SEMI WFF 工厂级晶圆产能观测。,current,18000,8,美洲,/Users/simon/Documents/Simon-OB/本体论/base/半导体/SEMI_WFF_2026_1Q.xlsx,Qorvo Inc.,MEMS,facility_capacity,,,Qorvo Inc. - Richardson 200mm BAW line,3844,Company Detail,file:///Users/simon/Documents/Simon-OB/%E6%9C%AC%E4%BD%93%E8%AE%BA/base/%E5%8D%8A%E5%AF%BC%E4%BD%93/SEMI_WFF_2026_1Q.xlsx
Qorvo Inc. - Richardson 150mm & 100mm (was Triquint) current wafer capacity (SEMI WFF),,晶圆产能,SEMI WFF 工厂级晶圆产能观测。,current,20000,6,美洲,/Users/simon/Documents/Simon-OB/本体论/base/半导体/SEMI_WFF_2026_1Q.xlsx,Qorvo Inc.,MEMS,facility_capacity,,,Qorvo Inc. - Richardson 150mm & 100mm (was Triquint),1088,Company Detail,file:///Users/simon/Documents/Simon-OB/%E6%9C%AC%E4%BD%93%E8%AE%BA/base/%E5%8D%8A%E5%AF%BC%E4%BD%93/SEMI_WFF_2026_1Q.xlsx
Qorvo Inc. - Apopka (was Triquint) current wafer capacity (SEMI WFF),,晶圆产能,SEMI WFF 工厂级晶圆产能观测。,current,28000,6,美洲,/Users/simon/Documents/Simon-OB/本体论/base/半导体/SEMI_WFF_2026_1Q.xlsx,Qorvo Inc.,MEMS,facility_capacity,,,Qorvo Inc. - Apopka (was Triquint),2083,Company Detail,file:///Users/simon/Documents/Simon-OB/%E6%9C%AC%E4%BD%93%E8%AE%BA/base/%E5%8D%8A%E5%AF%BC%E4%BD%93/SEMI_WFF_2026_1Q.xlsx
"Qorvo Inc. - Design Center (was RF Nitro, then RFMD) current wafer capacity (SEMI WFF)",,晶圆产能,SEMI WFF 工厂级晶圆产能观测。,current,417,4,美洲,/Users/simon/Documents/Simon-OB/本体论/base/半导体/SEMI_WFF_2026_1Q.xlsx,Qorvo Inc.,Discrete,facility_capacity,,,"Qorvo Inc. - Design Center (was RF Nitro, then RFMD)",1889,Company Detail,file:///Users/simon/Documents/Simon-OB/%E6%9C%AC%E4%BD%93%E8%AE%BA/base/%E5%8D%8A%E5%AF%BC%E4%BD%93/SEMI_WFF_2026_1Q.xlsx
Qorvo Inc. - Hilsboro (was Triquint) current wafer capacity (SEMI WFF),,晶圆产能,SEMI WFF 工厂级晶圆产能观测。,current,20000,6,美洲,/Users/simon/Documents/Simon-OB/本体论/base/半导体/SEMI_WFF_2026_1Q.xlsx,Qorvo Inc.,Analog,facility_capacity,,,Qorvo Inc. - Hilsboro (was Triquint),1376,Company Detail,file:///Users/simon/Documents/Simon-OB/%E6%9C%AC%E4%BD%93%E8%AE%BA/base/%E5%8D%8A%E5%AF%BC%E4%BD%93/SEMI_WFF_2026_1Q.xlsx
Qorvo Inc. - Greensboro (was Fab 2 RFMD) current wafer capacity (SEMI WFF),,晶圆产能,SEMI WFF 工厂级晶圆产能观测。,current,34000,6,美洲,/Users/simon/Documents/Simon-OB/本体论/base/半导体/SEMI_WFF_2026_1Q.xlsx,Qorvo Inc.,MEMS,facility_capacity,,,Qorvo Inc. - Greensboro (was Fab 2 RFMD),1721,Company Detail,file:///Users/simon/Documents/Simon-OB/%E6%9C%AC%E4%BD%93%E8%AE%BA/base/%E5%8D%8A%E5%AF%BC%E4%BD%93/SEMI_WFF_2026_1Q.xlsx
Qorvo Inc. - Bend current wafer capacity (SEMI WFF),,晶圆产能,SEMI WFF 工厂级晶圆产能观测。,current,50,4,美洲,/Users/simon/Documents/Simon-OB/本体论/base/半导体/SEMI_WFF_2026_1Q.xlsx,Qorvo Inc.,Other,facility_capacity,,,Qorvo Inc. - Bend,6169,Company Detail,file:///Users/simon/Documents/Simon-OB/%E6%9C%AC%E4%BD%93%E8%AE%BA/base/%E5%8D%8A%E5%AF%BC%E4%BD%93/SEMI_WFF_2026_1Q.xlsx
Qualcomm RF360 - Munich Fab current wafer capacity (SEMI WFF),,晶圆产能,SEMI WFF 工厂级晶圆产能观测。,current,20000,5,Europe & Mideast,/Users/simon/Documents/Simon-OB/本体论/base/半导体/SEMI_WFF_2026_1Q.xlsx,Qualcomm RF360,MEMS,facility_capacity,,,Qualcomm RF360 - Munich Fab,3865,Company Detail,file:///Users/simon/Documents/Simon-OB/%E6%9C%AC%E4%BD%93%E8%AE%BA/base/%E5%8D%8A%E5%AF%BC%E4%BD%93/SEMI_WFF_2026_1Q.xlsx
Qualcomm RF360 - Singapore Fab current wafer capacity (SEMI WFF),,晶圆产能,SEMI WFF 工厂级晶圆产能观测。,current,40000,5,SE Asia,/Users/simon/Documents/Simon-OB/本体论/base/半导体/SEMI_WFF_2026_1Q.xlsx,Qualcomm RF360,MEMS,facility_capacity,,,Qualcomm RF360 - Singapore Fab,3864,Company Detail,file:///Users/simon/Documents/Simon-OB/%E6%9C%AC%E4%BD%93%E8%AE%BA/base/%E5%8D%8A%E5%AF%BC%E4%BD%93/SEMI_WFF_2026_1Q.xlsx
Quantum Wafer Inc. - Foshan fab current wafer capacity (SEMI WFF),,晶圆产能,SEMI WFF 工厂级晶圆产能观测。,current,20000,2,中国,/Users/simon/Documents/Simon-OB/本体论/base/半导体/SEMI_WFF_2026_1Q.xlsx,Quantum Wafer Inc.,Opto,facility_capacity,,,Quantum Wafer Inc. - Foshan fab,3477,Company Detail,file:///Users/simon/Documents/Simon-OB/%E6%9C%AC%E4%BD%93%E8%AE%BA/base/%E5%8D%8A%E5%AF%BC%E4%BD%93/SEMI_WFF_2026_1Q.xlsx
Rapidus - IIM-1 (Fab 1: Innovative Integration for Manufacturing) current wafer capacity (SEMI WFF),,晶圆产能,SEMI WFF 工厂级晶圆产能观测。,current,25000,12,日本,/Users/simon/Documents/Simon-OB/本体论/base/半导体/SEMI_WFF_2026_1Q.xlsx,Rapidus,Logic&Micro,facility_capacity,,,Rapidus - IIM-1 (Fab 1: Innovative Integration for Manufacturing),6444,Company Detail,file:///Users/simon/Documents/Simon-OB/%E6%9C%AC%E4%BD%93%E8%AE%BA/base/%E5%8D%8A%E5%AF%BC%E4%BD%93/SEMI_WFF_2026_1Q.xlsx
Rapidus - IIM-2 (Fab 2) current wafer capacity (SEMI WFF),,晶圆产能,SEMI WFF 工厂级晶圆产能观测。,current,25000,12,日本,/Users/simon/Documents/Simon-OB/本体论/base/半导体/SEMI_WFF_2026_1Q.xlsx,Rapidus,Logic&Micro,facility_capacity,,,Rapidus - IIM-2 (Fab 2),6445,Company Detail,file:///Users/simon/Documents/Simon-OB/%E6%9C%AC%E4%BD%93%E8%AE%BA/base/%E5%8D%8A%E5%AF%BC%E4%BD%93/SEMI_WFF_2026_1Q.xlsx
RayVio - Hayward fab current wafer capacity (SEMI WFF),,晶圆产能,SEMI WFF 工厂级晶圆产能观测。,current,2000,2,美洲,/Users/simon/Documents/Simon-OB/本体论/base/半导体/SEMI_WFF_2026_1Q.xlsx,RayVio,Opto,facility_capacity,,,RayVio - Hayward fab,3828,Company Detail,file:///Users/simon/Documents/Simon-OB/%E6%9C%AC%E4%BD%93%E8%AE%BA/base/%E5%8D%8A%E5%AF%BC%E4%BD%93/SEMI_WFF_2026_1Q.xlsx
RCL Semiconductors Ltd. - HQ Factory current wafer capacity (SEMI WFF),,晶圆产能,SEMI WFF 工厂级晶圆产能观测。,current,25000,5,中国,/Users/simon/Documents/Simon-OB/本体论/base/半导体/SEMI_WFF_2026_1Q.xlsx,RCL Semiconductors Ltd.,Logic&Micro,facility_capacity,,,RCL Semiconductors Ltd. - HQ Factory,827,Company Detail,file:///Users/simon/Documents/Simon-OB/%E6%9C%AC%E4%BD%93%E8%AE%BA/base/%E5%8D%8A%E5%AF%BC%E4%BD%93/SEMI_WFF_2026_1Q.xlsx
RCL Semiconductors Ltd. - Shandong fab current wafer capacity (SEMI WFF),,晶圆产能,SEMI WFF 工厂级晶圆产能观测。,current,30000,6,中国,/Users/simon/Documents/Simon-OB/本体论/base/半导体/SEMI_WFF_2026_1Q.xlsx,RCL Semiconductors Ltd.,Discrete,facility_capacity,,,RCL Semiconductors Ltd. - Shandong fab,6151,Company Detail,file:///Users/simon/Documents/Simon-OB/%E6%9C%AC%E4%BD%93%E8%AE%BA/base/%E5%8D%8A%E5%AF%BC%E4%BD%93/SEMI_WFF_2026_1Q.xlsx
Rectron Ltd. - No. 1 current wafer capacity (SEMI WFF),,晶圆产能,SEMI WFF 工厂级晶圆产能观测。,current,25000,4,中国台湾,/Users/simon/Documents/Simon-OB/本体论/base/半导体/SEMI_WFF_2026_1Q.xlsx,Rectron Ltd.,Discrete,facility_capacity,,,Rectron Ltd. - No. 1,828,Company Detail,file:///Users/simon/Documents/Simon-OB/%E6%9C%AC%E4%BD%93%E8%AE%BA/base/%E5%8D%8A%E5%AF%BC%E4%BD%93/SEMI_WFF_2026_1Q.xlsx
Redlen Technologies - CZT Fab current wafer capacity (SEMI WFF),,晶圆产能,SEMI WFF 工厂级晶圆产能观测。,current,1000,4,美洲,/Users/simon/Documents/Simon-OB/本体论/base/半导体/SEMI_WFF_2026_1Q.xlsx,Redlen Technologies,Discrete,facility_capacity,,,Redlen Technologies - CZT Fab,3678,Company Detail,file:///Users/simon/Documents/Simon-OB/%E6%9C%AC%E4%BD%93%E8%AE%BA/base/%E5%8D%8A%E5%AF%BC%E4%BD%93/SEMI_WFF_2026_1Q.xlsx
Renesas - Kawashiri (Line 8 + Line 9) current wafer capacity (SEMI WFF),,晶圆产能,SEMI WFF 工厂级晶圆产能观测。,current,65000,8,日本,/Users/simon/Documents/Simon-OB/本体论/base/半导体/SEMI_WFF_2026_1Q.xlsx,Renesas,Logic&Micro,facility_capacity,,,Renesas - Kawashiri (Line 8 + Line 9),683,Company Detail,file:///Users/simon/Documents/Simon-OB/%E6%9C%AC%E4%BD%93%E8%AE%BA/base/%E5%8D%8A%E5%AF%BC%E4%BD%93/SEMI_WFF_2026_1Q.xlsx
Renesas - Saijo Factory current wafer capacity (SEMI WFF),,晶圆产能,SEMI WFF 工厂级晶圆产能观测。,current,42000,8,日本,/Users/simon/Documents/Simon-OB/本体论/base/半导体/SEMI_WFF_2026_1Q.xlsx,Renesas,Logic&Micro,facility_capacity,,,Renesas - Saijo Factory,1310,Company Detail,file:///Users/simon/Documents/Simon-OB/%E6%9C%AC%E4%BD%93%E8%AE%BA/base/%E5%8D%8A%E5%AF%BC%E4%BD%93/SEMI_WFF_2026_1Q.xlsx
Renesas - Takasaki Factory (6-inch) current wafer capacity (SEMI WFF),,晶圆产能,SEMI WFF 工厂级晶圆产能观测。,current,35000,6,日本,/Users/simon/Documents/Simon-OB/本体论/base/半导体/SEMI_WFF_2026_1Q.xlsx,Renesas,Analog,facility_capacity,,,Renesas - Takasaki Factory (6-inch),299,Company Detail,file:///Users/simon/Documents/Simon-OB/%E6%9C%AC%E4%BD%93%E8%AE%BA/base/%E5%8D%8A%E5%AF%BC%E4%BD%93/SEMI_WFF_2026_1Q.xlsx
"Renesas - 6-inch ITAR line (was Intersil, was Fab 59) current wafer capacity (SEMI WFF)",,晶圆产能,SEMI WFF 工厂级晶圆产能观测。,current,32000,6,美洲,/Users/simon/Documents/Simon-OB/本体论/base/半导体/SEMI_WFF_2026_1Q.xlsx,Renesas,Analog,facility_capacity,,,"Renesas - 6-inch ITAR line (was Intersil, was Fab 59)",1499,Company Detail,file:///Users/simon/Documents/Simon-OB/%E6%9C%AC%E4%BD%93%E8%AE%BA/base/%E5%8D%8A%E5%AF%BC%E4%BD%93/SEMI_WFF_2026_1Q.xlsx
Renesas - Naka 200mm line (Bldg. N2) current wafer capacity (SEMI WFF),,晶圆产能,SEMI WFF 工厂级晶圆产能观测。,current,33000,8,日本,/Users/simon/Documents/Simon-OB/本体论/base/半导体/SEMI_WFF_2026_1Q.xlsx,Renesas,Logic&Micro,facility_capacity,,,Renesas - Naka 200mm line (Bldg. N2),1340,Company Detail,file:///Users/simon/Documents/Simon-OB/%E6%9C%AC%E4%BD%93%E8%AE%BA/base/%E5%8D%8A%E5%AF%BC%E4%BD%93/SEMI_WFF_2026_1Q.xlsx
Renesas - Naka 300mm line (Bldg. N3- 1F+2F) current wafer capacity (SEMI WFF),,晶圆产能,SEMI WFF 工厂级晶圆产能观测。,current,26000,12,日本,/Users/simon/Documents/Simon-OB/本体论/base/半导体/SEMI_WFF_2026_1Q.xlsx,Renesas,Logic&Micro,facility_capacity,,,Renesas - Naka 300mm line (Bldg. N3- 1F+2F),1512,Company Detail,file:///Users/simon/Documents/Simon-OB/%E6%9C%AC%E4%BD%93%E8%AE%BA/base/%E5%8D%8A%E5%AF%BC%E4%BD%93/SEMI_WFF_2026_1Q.xlsx
Renesas - New 300mm Fab (reopened closed 200mm and 150m line) current wafer capacity (SEMI WFF),,晶圆产能,SEMI WFF 工厂级晶圆产能观测。,current,29100,12,日本,/Users/simon/Documents/Simon-OB/本体论/base/半导体/SEMI_WFF_2026_1Q.xlsx,Renesas,Discrete,facility_capacity,,,Renesas - New 300mm Fab (reopened closed 200mm and 150m line),6361,Company Detail,file:///Users/simon/Documents/Simon-OB/%E6%9C%AC%E4%BD%93%E8%AE%BA/base/%E5%8D%8A%E5%AF%BC%E4%BD%93/SEMI_WFF_2026_1Q.xlsx
Renesas - Takasaki SiC Line current wafer capacity (SEMI WFF),,晶圆产能,SEMI WFF 工厂级晶圆产能观测。,current,20000,6,日本,/Users/simon/Documents/Simon-OB/本体论/base/半导体/SEMI_WFF_2026_1Q.xlsx,Renesas,Discrete,facility_capacity,,,Renesas - Takasaki SiC Line,6506,Company Detail,file:///Users/simon/Documents/Simon-OB/%E6%9C%AC%E4%BD%93%E8%AE%BA/base/%E5%8D%8A%E5%AF%BC%E4%BD%93/SEMI_WFF_2026_1Q.xlsx
Resonac - Chichibu SiC EPI line current wafer capacity (SEMI WFF),,晶圆产能,SEMI WFF 工厂级晶圆产能观测。,current,50000,6,日本,/Users/simon/Documents/Simon-OB/本体论/base/半导体/SEMI_WFF_2026_1Q.xlsx,Resonac,EPI,facility_capacity,,,Resonac - Chichibu SiC EPI line,6460,Company Detail,file:///Users/simon/Documents/Simon-OB/%E6%9C%AC%E4%BD%93%E8%AE%BA/base/%E5%8D%8A%E5%AF%BC%E4%BD%93/SEMI_WFF_2026_1Q.xlsx
Resonac - Resonac Optelectronics Kagoshima (was Shoke Hioki fab using former Panasonic PSDOSC) current wafer capacity (SEMI WFF),,晶圆产能,SEMI WFF 工厂级晶圆产能观测。,current,6000,4,日本,/Users/simon/Documents/Simon-OB/本体论/base/半导体/SEMI_WFF_2026_1Q.xlsx,Resonac,Opto,facility_capacity,,,Resonac - Resonac Optelectronics Kagoshima (was Shoke Hioki fab using former Panasonic PSDOSC),5018,Company Detail,file:///Users/simon/Documents/Simon-OB/%E6%9C%AC%E4%BD%93%E8%AE%BA/base/%E5%8D%8A%E5%AF%BC%E4%BD%93/SEMI_WFF_2026_1Q.xlsx
Resonac - Chichibu plant (was Showa Denko) current wafer capacity (SEMI WFF),,晶圆产能,SEMI WFF 工厂级晶圆产能观测。,current,13000,6,日本,/Users/simon/Documents/Simon-OB/本体论/base/半导体/SEMI_WFF_2026_1Q.xlsx,Resonac,Opto,facility_capacity,,,Resonac - Chichibu plant (was Showa Denko),3457,Company Detail,file:///Users/simon/Documents/Simon-OB/%E6%9C%AC%E4%BD%93%E8%AE%BA/base/%E5%8D%8A%E5%AF%BC%E4%BD%93/SEMI_WFF_2026_1Q.xlsx
Retina Implant AG - Retina Implant current wafer capacity (SEMI WFF),,晶圆产能,SEMI WFF 工厂级晶圆产能观测。,current,500,4,Europe & Mideast,/Users/simon/Documents/Simon-OB/本体论/base/半导体/SEMI_WFF_2026_1Q.xlsx,Retina Implant AG,Opto,facility_capacity,,,Retina Implant AG - Retina Implant,3333,Company Detail,file:///Users/simon/Documents/Simon-OB/%E6%9C%AC%E4%BD%93%E8%AE%BA/base/%E5%8D%8A%E5%AF%BC%E4%BD%93/SEMI_WFF_2026_1Q.xlsx
RISE - Electrum Lab (used by Ascatron subsidiary of II-VI) current wafer capacity (SEMI WFF),,晶圆产能,SEMI WFF 工厂级晶圆产能观测。,current,500,6,Europe & Mideast,/Users/simon/Documents/Simon-OB/本体论/base/半导体/SEMI_WFF_2026_1Q.xlsx,RISE,Other,facility_capacity,,,RISE - Electrum Lab (used by Ascatron subsidiary of II-VI),2377,Company Detail,file:///Users/simon/Documents/Simon-OB/%E6%9C%AC%E4%BD%93%E8%AE%BA/base/%E5%8D%8A%E5%AF%BC%E4%BD%93/SEMI_WFF_2026_1Q.xlsx
Rogue Valley Microdevices - Fab 1 (wafer processing) current wafer capacity (SEMI WFF),,晶圆产能,SEMI WFF 工厂级晶圆产能观测。,current,3000,8,美洲,/Users/simon/Documents/Simon-OB/本体论/base/半导体/SEMI_WFF_2026_1Q.xlsx,Rogue Valley Microdevices,MEMS,facility_capacity,,,Rogue Valley Microdevices - Fab 1 (wafer processing),3271,Company Detail,file:///Users/simon/Documents/Simon-OB/%E6%9C%AC%E4%BD%93%E8%AE%BA/base/%E5%8D%8A%E5%AF%BC%E4%BD%93/SEMI_WFF_2026_1Q.xlsx
Rogue Valley Microdevices - Fab 2 (wafer processing) current wafer capacity (SEMI WFF),,晶圆产能,SEMI WFF 工厂级晶圆产能观测。,current,21000,12,美洲,/Users/simon/Documents/Simon-OB/本体论/base/半导体/SEMI_WFF_2026_1Q.xlsx,Rogue Valley Microdevices,MEMS,facility_capacity,,,Rogue Valley Microdevices - Fab 2 (wafer processing),6136,Company Detail,file:///Users/simon/Documents/Simon-OB/%E6%9C%AC%E4%BD%93%E8%AE%BA/base/%E5%8D%8A%E5%AF%BC%E4%BD%93/SEMI_WFF_2026_1Q.xlsx
Rohm - New Chikugo SiC 8-inch line current wafer capacity (SEMI WFF),,晶圆产能,SEMI WFF 工厂级晶圆产能观测。,current,15000,8,日本,/Users/simon/Documents/Simon-OB/本体论/base/半导体/SEMI_WFF_2026_1Q.xlsx,Rohm,Discrete,facility_capacity,,,Rohm - New Chikugo SiC 8-inch line,6552,Company Detail,file:///Users/simon/Documents/Simon-OB/%E6%9C%AC%E4%BD%93%E8%AE%BA/base/%E5%8D%8A%E5%AF%BC%E4%BD%93/SEMI_WFF_2026_1Q.xlsx
Rohm - Chikugo SiC 6-inch line current wafer capacity (SEMI WFF),,晶圆产能,SEMI WFF 工厂级晶圆产能观测。,current,10000,6,日本,/Users/simon/Documents/Simon-OB/本体论/base/半导体/SEMI_WFF_2026_1Q.xlsx,Rohm,Discrete,facility_capacity,,,Rohm - Chikugo SiC 6-inch line,5004,Company Detail,file:///Users/simon/Documents/Simon-OB/%E6%9C%AC%E4%BD%93%E8%AE%BA/base/%E5%8D%8A%E5%AF%BC%E4%BD%93/SEMI_WFF_2026_1Q.xlsx
Rohm - Rohm Shiga (was Renesas) current wafer capacity (SEMI WFF),,晶圆产能,SEMI WFF 工厂级晶圆产能观测。,current,20000,8,日本,/Users/simon/Documents/Simon-OB/本体论/base/半导体/SEMI_WFF_2026_1Q.xlsx,Rohm,Discrete,facility_capacity,,,Rohm - Rohm Shiga (was Renesas),698,Company Detail,file:///Users/simon/Documents/Simon-OB/%E6%9C%AC%E4%BD%93%E8%AE%BA/base/%E5%8D%8A%E5%AF%BC%E4%BD%93/SEMI_WFF_2026_1Q.xlsx
Rohm - Apollo Chikugo (SiC Line) current wafer capacity (SEMI WFF),,晶圆产能,SEMI WFF 工厂级晶圆产能观测。,current,4000,6,日本,/Users/simon/Documents/Simon-OB/本体论/base/半导体/SEMI_WFF_2026_1Q.xlsx,Rohm,Discrete,facility_capacity,,,Rohm - Apollo Chikugo (SiC Line),3853,Company Detail,file:///Users/simon/Documents/Simon-OB/%E6%9C%AC%E4%BD%93%E8%AE%BA/base/%E5%8D%8A%E5%AF%BC%E4%BD%93/SEMI_WFF_2026_1Q.xlsx
Rohm - Hamamatsu (300mm Line) current wafer capacity (SEMI WFF),,晶圆产能,SEMI WFF 工厂级晶圆产能观测。,current,23000,12,日本,/Users/simon/Documents/Simon-OB/本体论/base/半导体/SEMI_WFF_2026_1Q.xlsx,Rohm,Logic&Micro,facility_capacity,,,Rohm - Hamamatsu (300mm Line),4951,Company Detail,file:///Users/simon/Documents/Simon-OB/%E6%9C%AC%E4%BD%93%E8%AE%BA/base/%E5%8D%8A%E5%AF%BC%E4%BD%93/SEMI_WFF_2026_1Q.xlsx
Rohm - Wako Device current wafer capacity (SEMI WFF),,晶圆产能,SEMI WFF 工厂级晶圆产能观测。,current,40000,6,日本,/Users/simon/Documents/Simon-OB/本体论/base/半导体/SEMI_WFF_2026_1Q.xlsx,Rohm,Discrete,facility_capacity,,,Rohm - Wako Device,2077,Company Detail,file:///Users/simon/Documents/Simon-OB/%E6%9C%AC%E4%BD%93%E8%AE%BA/base/%E5%8D%8A%E5%AF%BC%E4%BD%93/SEMI_WFF_2026_1Q.xlsx
Rohm - LED Research current wafer capacity (SEMI WFF),,晶圆产能,SEMI WFF 工厂级晶圆产能观测。,current,5000,4,日本,/Users/simon/Documents/Simon-OB/本体论/base/半导体/SEMI_WFF_2026_1Q.xlsx,Rohm,Opto,facility_capacity,,,Rohm - LED Research,843,Company Detail,file:///Users/simon/Documents/Simon-OB/%E6%9C%AC%E4%BD%93%E8%AE%BA/base/%E5%8D%8A%E5%AF%BC%E4%BD%93/SEMI_WFF_2026_1Q.xlsx
Rohm - Hamamatsu (200mm Line) current wafer capacity (SEMI WFF),,晶圆产能,SEMI WFF 工厂级晶圆产能观测。,current,15000,8,日本,/Users/simon/Documents/Simon-OB/本体论/base/半导体/SEMI_WFF_2026_1Q.xlsx,Rohm,Logic&Micro,facility_capacity,,,Rohm - Hamamatsu (200mm Line),1409,Company Detail,file:///Users/simon/Documents/Simon-OB/%E6%9C%AC%E4%BD%93%E8%AE%BA/base/%E5%8D%8A%E5%AF%BC%E4%BD%93/SEMI_WFF_2026_1Q.xlsx
Rohm - VLSI Research Center current wafer capacity (SEMI WFF),,晶圆产能,SEMI WFF 工厂级晶圆产能观测。,current,20000,8,日本,/Users/simon/Documents/Simon-OB/本体论/base/半导体/SEMI_WFF_2026_1Q.xlsx,Rohm,Logic&Micro,facility_capacity,,,Rohm - VLSI Research Center,1670,Company Detail,file:///Users/simon/Documents/Simon-OB/%E6%9C%AC%E4%BD%93%E8%AE%BA/base/%E5%8D%8A%E5%AF%BC%E4%BD%93/SEMI_WFF_2026_1Q.xlsx
Rohm - Apollo Chikugo (6-inch SiC line) current wafer capacity (SEMI WFF),,晶圆产能,SEMI WFF 工厂级晶圆产能观测。,current,35000,6,日本,/Users/simon/Documents/Simon-OB/本体论/base/半导体/SEMI_WFF_2026_1Q.xlsx,Rohm,Discrete,facility_capacity,,,Rohm - Apollo Chikugo (6-inch SiC line),1506,Company Detail,file:///Users/simon/Documents/Simon-OB/%E6%9C%AC%E4%BD%93%E8%AE%BA/base/%E5%8D%8A%E5%AF%BC%E4%BD%93/SEMI_WFF_2026_1Q.xlsx
Rohm (Kionix Inc.) - Ithaca fab and HQ current wafer capacity (SEMI WFF),,晶圆产能,SEMI WFF 工厂级晶圆产能观测。,current,15000,8,美洲,/Users/simon/Documents/Simon-OB/本体论/base/半导体/SEMI_WFF_2026_1Q.xlsx,Rohm (Kionix Inc.),MEMS,facility_capacity,,,Rohm (Kionix Inc.) - Ithaca fab and HQ,1896,Company Detail,file:///Users/simon/Documents/Simon-OB/%E6%9C%AC%E4%BD%93%E8%AE%BA/base/%E5%8D%8A%E5%AF%BC%E4%BD%93/SEMI_WFF_2026_1Q.xlsx
Rohm (Kionix Inc.) - Kyoto MEMS fab current wafer capacity (SEMI WFF),,晶圆产能,SEMI WFF 工厂级晶圆产能观测。,current,7000,8,日本,/Users/simon/Documents/Simon-OB/本体论/base/半导体/SEMI_WFF_2026_1Q.xlsx,Rohm (Kionix Inc.),MEMS,facility_capacity,,,Rohm (Kionix Inc.) - Kyoto MEMS fab,3682,Company Detail,file:///Users/simon/Documents/Simon-OB/%E6%9C%AC%E4%BD%93%E8%AE%BA/base/%E5%8D%8A%E5%AF%BC%E4%BD%93/SEMI_WFF_2026_1Q.xlsx
Rong Semi (former HIDM Tacoma) - Huaian 300mm fab (HIDM) current wafer capacity (SEMI WFF),,晶圆产能,SEMI WFF 工厂级晶圆产能观测。,current,40000,12,中国,/Users/simon/Documents/Simon-OB/本体论/base/半导体/SEMI_WFF_2026_1Q.xlsx,Rong Semi (former HIDM Tacoma),Opto,facility_capacity,,,Rong Semi (former HIDM Tacoma) - Huaian 300mm fab (HIDM),3924,Company Detail,file:///Users/simon/Documents/Simon-OB/%E6%9C%AC%E4%BD%93%E8%AE%BA/base/%E5%8D%8A%E5%AF%BC%E4%BD%93/SEMI_WFF_2026_1Q.xlsx
Rong Semi (former HIDM Tacoma) - Ningbo New 300mm Fab current wafer capacity (SEMI WFF),,晶圆产能,SEMI WFF 工厂级晶圆产能观测。,current,35000,12,中国,/Users/simon/Documents/Simon-OB/本体论/base/半导体/SEMI_WFF_2026_1Q.xlsx,Rong Semi (former HIDM Tacoma),Opto,facility_capacity,,,Rong Semi (former HIDM Tacoma) - Ningbo New 300mm Fab,6422,Company Detail,file:///Users/simon/Documents/Simon-OB/%E6%9C%AC%E4%BD%93%E8%AE%BA/base/%E5%8D%8A%E5%AF%BC%E4%BD%93/SEMI_WFF_2026_1Q.xlsx
RTX (former Raytheon Company) - Collins Aerospace - Cedar Rapids facility current wafer capacity (SEMI WFF),,晶圆产能,SEMI WFF 工厂级晶圆产能观测。,current,3000,4,美洲,/Users/simon/Documents/Simon-OB/本体论/base/半导体/SEMI_WFF_2026_1Q.xlsx,RTX (former Raytheon Company),Analog,facility_capacity,,,RTX (former Raytheon Company) - Collins Aerospace - Cedar Rapids facility,6686,Company Detail,file:///Users/simon/Documents/Simon-OB/%E6%9C%AC%E4%BD%93%E8%AE%BA/base/%E5%8D%8A%E5%AF%BC%E4%BD%93/SEMI_WFF_2026_1Q.xlsx
RTX (former Raytheon Company) - Glenrothes facility current wafer capacity (SEMI WFF),,晶圆产能,SEMI WFF 工厂级晶圆产能观测。,current,5000,4,Europe & Mideast,/Users/simon/Documents/Simon-OB/本体论/base/半导体/SEMI_WFF_2026_1Q.xlsx,RTX (former Raytheon Company),Analog,facility_capacity,,,RTX (former Raytheon Company) - Glenrothes facility,323,Company Detail,file:///Users/simon/Documents/Simon-OB/%E6%9C%AC%E4%BD%93%E8%AE%BA/base/%E5%8D%8A%E5%AF%BC%E4%BD%93/SEMI_WFF_2026_1Q.xlsx
RTX (former Raytheon Company) - N/A current wafer capacity (SEMI WFF),,晶圆产能,SEMI WFF 工厂级晶圆产能观测。,current,250,3,美洲,/Users/simon/Documents/Simon-OB/本体论/base/半导体/SEMI_WFF_2026_1Q.xlsx,RTX (former Raytheon Company),Other,facility_capacity,,,RTX (former Raytheon Company) - N/A,826,Company Detail,file:///Users/simon/Documents/Simon-OB/%E6%9C%AC%E4%BD%93%E8%AE%BA/base/%E5%8D%8A%E5%AF%BC%E4%BD%93/SEMI_WFF_2026_1Q.xlsx
RTX (former Raytheon Company) - Si R&D current wafer capacity (SEMI WFF),,晶圆产能,SEMI WFF 工厂级晶圆产能观测。,current,400,4,美洲,/Users/simon/Documents/Simon-OB/本体论/base/半导体/SEMI_WFF_2026_1Q.xlsx,RTX (former Raytheon Company),Other,facility_capacity,,,RTX (former Raytheon Company) - Si R&D,821,Company Detail,file:///Users/simon/Documents/Simon-OB/%E6%9C%AC%E4%BD%93%E8%AE%BA/base/%E5%8D%8A%E5%AF%BC%E4%BD%93/SEMI_WFF_2026_1Q.xlsx
RTX (former Raytheon Company) - RF Components (RRFC) current wafer capacity (SEMI WFF),,晶圆产能,SEMI WFF 工厂级晶圆产能观测。,current,10000,4,美洲,/Users/simon/Documents/Simon-OB/本体论/base/半导体/SEMI_WFF_2026_1Q.xlsx,RTX (former Raytheon Company),Discrete,facility_capacity,,,RTX (former Raytheon Company) - RF Components (RRFC),817,Company Detail,file:///Users/simon/Documents/Simon-OB/%E6%9C%AC%E4%BD%93%E8%AE%BA/base/%E5%8D%8A%E5%AF%BC%E4%BD%93/SEMI_WFF_2026_1Q.xlsx
Ruttonsha International Rectifier - Fab 1 current wafer capacity (SEMI WFF),,晶圆产能,SEMI WFF 工厂级晶圆产能观测。,current,1000,6,SE Asia,/Users/simon/Documents/Simon-OB/本体论/base/半导体/SEMI_WFF_2026_1Q.xlsx,Ruttonsha International Rectifier,Discrete,facility_capacity,,,Ruttonsha International Rectifier - Fab 1,2168,Company Detail,file:///Users/simon/Documents/Simon-OB/%E6%9C%AC%E4%BD%93%E8%AE%BA/base/%E5%8D%8A%E5%AF%BC%E4%BD%93/SEMI_WFF_2026_1Q.xlsx
Samsung - Line 6 current wafer capacity (SEMI WFF),,晶圆产能,SEMI WFF 工厂级晶圆产能观测。,current,100000,8,韩国,/Users/simon/Documents/Simon-OB/本体论/base/半导体/SEMI_WFF_2026_1Q.xlsx,Samsung,Logic&Micro,facility_capacity,,,Samsung - Line 6,853,Company Detail,file:///Users/simon/Documents/Simon-OB/%E6%9C%AC%E4%BD%93%E8%AE%BA/base/%E5%8D%8A%E5%AF%BC%E4%BD%93/SEMI_WFF_2026_1Q.xlsx
Samsung - Line 7 current wafer capacity (SEMI WFF),,晶圆产能,SEMI WFF 工厂级晶圆产能观测。,current,115000,8,韩国,/Users/simon/Documents/Simon-OB/本体论/base/半导体/SEMI_WFF_2026_1Q.xlsx,Samsung,Logic&Micro,facility_capacity,,,Samsung - Line 7,857,Company Detail,file:///Users/simon/Documents/Simon-OB/%E6%9C%AC%E4%BD%93%E8%AE%BA/base/%E5%8D%8A%E5%AF%BC%E4%BD%93/SEMI_WFF_2026_1Q.xlsx
Samsung - S4 CIS (part of Line 11) current wafer capacity (SEMI WFF),,晶圆产能,SEMI WFF 工厂级晶圆产能观测。,current,37000,12,韩国,/Users/simon/Documents/Simon-OB/本体论/base/半导体/SEMI_WFF_2026_1Q.xlsx,Samsung,Opto,facility_capacity,,,Samsung - S4 CIS (part of Line 11),4984,Company Detail,file:///Users/simon/Documents/Simon-OB/%E6%9C%AC%E4%BD%93%E8%AE%BA/base/%E5%8D%8A%E5%AF%BC%E4%BD%93/SEMI_WFF_2026_1Q.xlsx
Samsung - P1 Phase 2 DRAM (8th floor) current wafer capacity (SEMI WFF),,晶圆产能,SEMI WFF 工厂级晶圆产能观测。,current,75000,12,韩国,/Users/simon/Documents/Simon-OB/本体论/base/半导体/SEMI_WFF_2026_1Q.xlsx,Samsung,Memory,facility_capacity,,,Samsung - P1 Phase 2 DRAM (8th floor),4979,Company Detail,file:///Users/simon/Documents/Simon-OB/%E6%9C%AC%E4%BD%93%E8%AE%BA/base/%E5%8D%8A%E5%AF%BC%E4%BD%93/SEMI_WFF_2026_1Q.xlsx
Samsung - P2 Phase 1 (DRAM) current wafer capacity (SEMI WFF),,晶圆产能,SEMI WFF 工厂级晶圆产能观测。,current,139000,12,韩国,/Users/simon/Documents/Simon-OB/本体论/base/半导体/SEMI_WFF_2026_1Q.xlsx,Samsung,Memory,facility_capacity,,,Samsung - P2 Phase 1 (DRAM),4980,Company Detail,file:///Users/simon/Documents/Simon-OB/%E6%9C%AC%E4%BD%93%E8%AE%BA/base/%E5%8D%8A%E5%AF%BC%E4%BD%93/SEMI_WFF_2026_1Q.xlsx
Samsung - P2 Phase 2 (3D NAND) current wafer capacity (SEMI WFF),,晶圆产能,SEMI WFF 工厂级晶圆产能观测。,current,50000,12,韩国,/Users/simon/Documents/Simon-OB/本体论/base/半导体/SEMI_WFF_2026_1Q.xlsx,Samsung,Memory,facility_capacity,,,Samsung - P2 Phase 2 (3D NAND),4981,Company Detail,file:///Users/simon/Documents/Simon-OB/%E6%9C%AC%E4%BD%93%E8%AE%BA/base/%E5%8D%8A%E5%AF%BC%E4%BD%93/SEMI_WFF_2026_1Q.xlsx
Samsung - Line 16 (DRAM) current wafer capacity (SEMI WFF),,晶圆产能,SEMI WFF 工厂级晶圆产能观测。,current,70000,12,韩国,/Users/simon/Documents/Simon-OB/本体论/base/半导体/SEMI_WFF_2026_1Q.xlsx,Samsung,Memory,facility_capacity,,,Samsung - Line 16 (DRAM),4982,Company Detail,file:///Users/simon/Documents/Simon-OB/%E6%9C%AC%E4%BD%93%E8%AE%BA/base/%E5%8D%8A%E5%AF%BC%E4%BD%93/SEMI_WFF_2026_1Q.xlsx
Samsung - San Jose current wafer capacity (SEMI WFF),,晶圆产能,SEMI WFF 工厂级晶圆产能观测。,current,50,12,美洲,/Users/simon/Documents/Simon-OB/本体论/base/半导体/SEMI_WFF_2026_1Q.xlsx,Samsung,Other,facility_capacity,,,Samsung - San Jose,3599,Company Detail,file:///Users/simon/Documents/Simon-OB/%E6%9C%AC%E4%BD%93%E8%AE%BA/base/%E5%8D%8A%E5%AF%BC%E4%BD%93/SEMI_WFF_2026_1Q.xlsx
Samsung - Line 5 (LED was System LSI) current wafer capacity (SEMI WFF),,晶圆产能,SEMI WFF 工厂级晶圆产能观测。,current,60000,4,韩国,/Users/simon/Documents/Simon-OB/本体论/base/半导体/SEMI_WFF_2026_1Q.xlsx,Samsung,Opto,facility_capacity,,,Samsung - Line 5 (LED was System LSI),858,Company Detail,file:///Users/simon/Documents/Simon-OB/%E6%9C%AC%E4%BD%93%E8%AE%BA/base/%E5%8D%8A%E5%AF%BC%E4%BD%93/SEMI_WFF_2026_1Q.xlsx
Samsung - SCS Line 2 (former Xian Module 2) current wafer capacity (SEMI WFF),,晶圆产能,SEMI WFF 工厂级晶圆产能观测。,current,112000,12,中国,/Users/simon/Documents/Simon-OB/本体论/base/半导体/SEMI_WFF_2026_1Q.xlsx,Samsung,Memory,facility_capacity,,,Samsung - SCS Line 2 (former Xian Module 2),3728,Company Detail,file:///Users/simon/Documents/Simon-OB/%E6%9C%AC%E4%BD%93%E8%AE%BA/base/%E5%8D%8A%E5%AF%BC%E4%BD%93/SEMI_WFF_2026_1Q.xlsx
Samsung - Xian R&D Center current wafer capacity (SEMI WFF),,晶圆产能,SEMI WFF 工厂级晶圆产能观测。,current,500,12,中国,/Users/simon/Documents/Simon-OB/本体论/base/半导体/SEMI_WFF_2026_1Q.xlsx,Samsung,Other,facility_capacity,,,Samsung - Xian R&D Center,3697,Company Detail,file:///Users/simon/Documents/Simon-OB/%E6%9C%AC%E4%BD%93%E8%AE%BA/base/%E5%8D%8A%E5%AF%BC%E4%BD%93/SEMI_WFF_2026_1Q.xlsx
Samsung - S3-3rd floor (part of Line 17) EUV current wafer capacity (SEMI WFF),,晶圆产能,SEMI WFF 工厂级晶圆产能观测。,current,50000,12,韩国,/Users/simon/Documents/Simon-OB/本体论/base/半导体/SEMI_WFF_2026_1Q.xlsx,Samsung,Logic&Micro,facility_capacity,,,Samsung - S3-3rd floor (part of Line 17) EUV,3698,Company Detail,file:///Users/simon/Documents/Simon-OB/%E6%9C%AC%E4%BD%93%E8%AE%BA/base/%E5%8D%8A%E5%AF%BC%E4%BD%93/SEMI_WFF_2026_1Q.xlsx
"Samsung - Line 4 (LED, was System LSI) current wafer capacity (SEMI WFF)",,晶圆产能,SEMI WFF 工厂级晶圆产能观测。,current,60000,4,韩国,/Users/simon/Documents/Simon-OB/本体论/base/半导体/SEMI_WFF_2026_1Q.xlsx,Samsung,Opto,facility_capacity,,,"Samsung - Line 4 (LED, was System LSI)",859,Company Detail,file:///Users/simon/Documents/Simon-OB/%E6%9C%AC%E4%BD%93%E8%AE%BA/base/%E5%8D%8A%E5%AF%BC%E4%BD%93/SEMI_WFF_2026_1Q.xlsx
Samsung - Line 5 (LED line) 8-inch current wafer capacity (SEMI WFF),,晶圆产能,SEMI WFF 工厂级晶圆产能观测。,current,3000,8,韩国,/Users/simon/Documents/Simon-OB/本体论/base/半导体/SEMI_WFF_2026_1Q.xlsx,Samsung,Opto,facility_capacity,,,Samsung - Line 5 (LED line) 8-inch,3634,Company Detail,file:///Users/simon/Documents/Simon-OB/%E6%9C%AC%E4%BD%93%E8%AE%BA/base/%E5%8D%8A%E5%AF%BC%E4%BD%93/SEMI_WFF_2026_1Q.xlsx
Samsung - SCS Line 1 (former Xian Module 1) current wafer capacity (SEMI WFF),,晶圆产能,SEMI WFF 工厂级晶圆产能观测。,current,100000,12,中国,/Users/simon/Documents/Simon-OB/本体论/base/半导体/SEMI_WFF_2026_1Q.xlsx,Samsung,Memory,facility_capacity,,,Samsung - SCS Line 1 (former Xian Module 1),3458,Company Detail,file:///Users/simon/Documents/Simon-OB/%E6%9C%AC%E4%BD%93%E8%AE%BA/base/%E5%8D%8A%E5%AF%BC%E4%BD%93/SEMI_WFF_2026_1Q.xlsx
Samsung - S2 Logic Line (Main Fab) current wafer capacity (SEMI WFF),,晶圆产能,SEMI WFF 工厂级晶圆产能观测。,current,60000,12,美洲,/Users/simon/Documents/Simon-OB/本体论/base/半导体/SEMI_WFF_2026_1Q.xlsx,Samsung,Logic&Micro,facility_capacity,,,Samsung - S2 Logic Line (Main Fab),3264,Company Detail,file:///Users/simon/Documents/Simon-OB/%E6%9C%AC%E4%BD%93%E8%AE%BA/base/%E5%8D%8A%E5%AF%BC%E4%BD%93/SEMI_WFF_2026_1Q.xlsx
Samsung - S7 (in P4) current wafer capacity (SEMI WFF),,晶圆产能,SEMI WFF 工厂级晶圆产能观测。,current,35000,12,韩国,/Users/simon/Documents/Simon-OB/本体论/base/半导体/SEMI_WFF_2026_1Q.xlsx,Samsung,Logic&Micro,facility_capacity,,,Samsung - S7 (in P4),6638,Company Detail,file:///Users/simon/Documents/Simon-OB/%E6%9C%AC%E4%BD%93%E8%AE%BA/base/%E5%8D%8A%E5%AF%BC%E4%BD%93/SEMI_WFF_2026_1Q.xlsx
Samsung - Line 13 (CIS Line) current wafer capacity (SEMI WFF),,晶圆产能,SEMI WFF 工厂级晶圆产能观测。,current,34000,12,韩国,/Users/simon/Documents/Simon-OB/本体论/base/半导体/SEMI_WFF_2026_1Q.xlsx,Samsung,Opto,facility_capacity,,,Samsung - Line 13 (CIS Line),5115,Company Detail,file:///Users/simon/Documents/Simon-OB/%E6%9C%AC%E4%BD%93%E8%AE%BA/base/%E5%8D%8A%E5%AF%BC%E4%BD%93/SEMI_WFF_2026_1Q.xlsx
Samsung - S1 (former S1-A Line includes S1-C former Line 14start 1Q16) current wafer capacity (SEMI WFF),,晶圆产能,SEMI WFF 工厂级晶圆产能观测。,current,35000,12,韩国,/Users/simon/Documents/Simon-OB/本体论/base/半导体/SEMI_WFF_2026_1Q.xlsx,Samsung,Logic&Micro,facility_capacity,,,Samsung - S1 (former S1-A Line includes S1-C former Line 14start 1Q16),2096,Company Detail,file:///Users/simon/Documents/Simon-OB/%E6%9C%AC%E4%BD%93%E8%AE%BA/base/%E5%8D%8A%E5%AF%BC%E4%BD%93/SEMI_WFF_2026_1Q.xlsx
Samsung - R Square current wafer capacity (SEMI WFF),,晶圆产能,SEMI WFF 工厂级晶圆产能观测。,current,500,12,韩国,/Users/simon/Documents/Simon-OB/本体论/base/半导体/SEMI_WFF_2026_1Q.xlsx,Samsung,Memory,facility_capacity,,,Samsung - R Square,2100,Company Detail,file:///Users/simon/Documents/Simon-OB/%E6%9C%AC%E4%BD%93%E8%AE%BA/base/%E5%8D%8A%E5%AF%BC%E4%BD%93/SEMI_WFF_2026_1Q.xlsx
Samsung - Line 12 (2D NAND) + R&D current wafer capacity (SEMI WFF),,晶圆产能,SEMI WFF 工厂级晶圆产能观测。,current,110000,12,韩国,/Users/simon/Documents/Simon-OB/本体论/base/半导体/SEMI_WFF_2026_1Q.xlsx,Samsung,Memory,facility_capacity,,,Samsung - Line 12 (2D NAND) + R&D,1815,Company Detail,file:///Users/simon/Documents/Simon-OB/%E6%9C%AC%E4%BD%93%E8%AE%BA/base/%E5%8D%8A%E5%AF%BC%E4%BD%93/SEMI_WFF_2026_1Q.xlsx
Samsung - Line 15-2F & Line 15-1F (8th floor) current wafer capacity (SEMI WFF),,晶圆产能,SEMI WFF 工厂级晶圆产能观测。,current,161000,12,韩国,/Users/simon/Documents/Simon-OB/本体论/base/半导体/SEMI_WFF_2026_1Q.xlsx,Samsung,Memory,facility_capacity,,,Samsung - Line 15-2F & Line 15-1F (8th floor),2049,Company Detail,file:///Users/simon/Documents/Simon-OB/%E6%9C%AC%E4%BD%93%E8%AE%BA/base/%E5%8D%8A%E5%AF%BC%E4%BD%93/SEMI_WFF_2026_1Q.xlsx
"Samsung - Line 13 (DRAM, FEOL) current wafer capacity (SEMI WFF)",,晶圆产能,SEMI WFF 工厂级晶圆产能观测。,current,95000,12,韩国,/Users/simon/Documents/Simon-OB/本体论/base/半导体/SEMI_WFF_2026_1Q.xlsx,Samsung,Memory,facility_capacity,,,"Samsung - Line 13 (DRAM, FEOL)",1948,Company Detail,file:///Users/simon/Documents/Simon-OB/%E6%9C%AC%E4%BD%93%E8%AE%BA/base/%E5%8D%8A%E5%AF%BC%E4%BD%93/SEMI_WFF_2026_1Q.xlsx
Samsung - Line 17-DRAM (8th floor+3rd floor) current wafer capacity (SEMI WFF),,晶圆产能,SEMI WFF 工厂级晶圆产能观测。,current,112000,12,韩国,/Users/simon/Documents/Simon-OB/本体论/base/半导体/SEMI_WFF_2026_1Q.xlsx,Samsung,Memory,facility_capacity,,,Samsung - Line 17-DRAM (8th floor+3rd floor),2224,Company Detail,file:///Users/simon/Documents/Simon-OB/%E6%9C%AC%E4%BD%93%E8%AE%BA/base/%E5%8D%8A%E5%AF%BC%E4%BD%93/SEMI_WFF_2026_1Q.xlsx
Samsung - P1 Phase 1 3D NAND (3rd floor) current wafer capacity (SEMI WFF),,晶圆产能,SEMI WFF 工厂级晶圆产能观测。,current,81000,12,韩国,/Users/simon/Documents/Simon-OB/本体论/base/半导体/SEMI_WFF_2026_1Q.xlsx,Samsung,Memory,facility_capacity,,,Samsung - P1 Phase 1 3D NAND (3rd floor),2225,Company Detail,file:///Users/simon/Documents/Simon-OB/%E6%9C%AC%E4%BD%93%E8%AE%BA/base/%E5%8D%8A%E5%AF%BC%E4%BD%93/SEMI_WFF_2026_1Q.xlsx
Samsung - P1 Phase 2 3D NAND (8th floor) current wafer capacity (SEMI WFF),,晶圆产能,SEMI WFF 工厂级晶圆产能观测。,current,81000,12,韩国,/Users/simon/Documents/Simon-OB/本体论/base/半导体/SEMI_WFF_2026_1Q.xlsx,Samsung,Memory,facility_capacity,,,Samsung - P1 Phase 2 3D NAND (8th floor),2226,Company Detail,file:///Users/simon/Documents/Simon-OB/%E6%9C%AC%E4%BD%93%E8%AE%BA/base/%E5%8D%8A%E5%AF%BC%E4%BD%93/SEMI_WFF_2026_1Q.xlsx
Samsung - NRD Line current wafer capacity (SEMI WFF),,晶圆产能,SEMI WFF 工厂级晶圆产能观测。,current,1500,12,韩国,/Users/simon/Documents/Simon-OB/本体论/base/半导体/SEMI_WFF_2026_1Q.xlsx,Samsung,Other,facility_capacity,,,Samsung - NRD Line,2185,Company Detail,file:///Users/simon/Documents/Simon-OB/%E6%9C%AC%E4%BD%93%E8%AE%BA/base/%E5%8D%8A%E5%AF%BC%E4%BD%93/SEMI_WFF_2026_1Q.xlsx
Samsung - S2 CIS Line (Main Fab) current wafer capacity (SEMI WFF),,晶圆产能,SEMI WFF 工厂级晶圆产能观测。,current,10000,12,美洲,/Users/simon/Documents/Simon-OB/本体论/base/半导体/SEMI_WFF_2026_1Q.xlsx,Samsung,Opto,facility_capacity,,,Samsung - S2 CIS Line (Main Fab),6663,Company Detail,file:///Users/simon/Documents/Simon-OB/%E6%9C%AC%E4%BD%93%E8%AE%BA/base/%E5%8D%8A%E5%AF%BC%E4%BD%93/SEMI_WFF_2026_1Q.xlsx
Samsung - Taylor R&D Facility current wafer capacity (SEMI WFF),,晶圆产能,SEMI WFF 工厂级晶圆产能观测。,current,2000,12,美洲,/Users/simon/Documents/Simon-OB/本体论/base/半导体/SEMI_WFF_2026_1Q.xlsx,Samsung,Logic&Micro,facility_capacity,,,Samsung - Taylor R&D Facility,6582,Company Detail,file:///Users/simon/Documents/Simon-OB/%E6%9C%AC%E4%BD%93%E8%AE%BA/base/%E5%8D%8A%E5%AF%BC%E4%BD%93/SEMI_WFF_2026_1Q.xlsx
Samsung - P3 Phase 1 Support (DRAM for P1 and P2) current wafer capacity (SEMI WFF),,晶圆产能,SEMI WFF 工厂级晶圆产能观测。,current,50000,12,韩国,/Users/simon/Documents/Simon-OB/本体论/base/半导体/SEMI_WFF_2026_1Q.xlsx,Samsung,Memory,facility_capacity,,,Samsung - P3 Phase 1 Support (DRAM for P1 and P2),6624,Company Detail,file:///Users/simon/Documents/Simon-OB/%E6%9C%AC%E4%BD%93%E8%AE%BA/base/%E5%8D%8A%E5%AF%BC%E4%BD%93/SEMI_WFF_2026_1Q.xlsx
Samsung - Line 12 (3D NAND) current wafer capacity (SEMI WFF),,晶圆产能,SEMI WFF 工厂级晶圆产能观测。,current,30000,12,韩国,/Users/simon/Documents/Simon-OB/本体论/base/半导体/SEMI_WFF_2026_1Q.xlsx,Samsung,Memory,facility_capacity,,,Samsung - Line 12 (3D NAND),5086,Company Detail,file:///Users/simon/Documents/Simon-OB/%E6%9C%AC%E4%BD%93%E8%AE%BA/base/%E5%8D%8A%E5%AF%BC%E4%BD%93/SEMI_WFF_2026_1Q.xlsx
Samsung - Line 5 (SiC and GaN Line) current wafer capacity (SEMI WFF),,晶圆产能,SEMI WFF 工厂级晶圆产能观测。,current,10000,8,韩国,/Users/simon/Documents/Simon-OB/本体论/base/半导体/SEMI_WFF_2026_1Q.xlsx,Samsung,Discrete,facility_capacity,,,Samsung - Line 5 (SiC and GaN Line),6452,Company Detail,file:///Users/simon/Documents/Simon-OB/%E6%9C%AC%E4%BD%93%E8%AE%BA/base/%E5%8D%8A%E5%AF%BC%E4%BD%93/SEMI_WFF_2026_1Q.xlsx
Samsung - Taylor Phase 2 (was S6 Phase 2) current wafer capacity (SEMI WFF),,晶圆产能,SEMI WFF 工厂级晶圆产能观测。,current,35000,12,美洲,/Users/simon/Documents/Simon-OB/本体论/base/半导体/SEMI_WFF_2026_1Q.xlsx,Samsung,Logic&Micro,facility_capacity,,,Samsung - Taylor Phase 2 (was S6 Phase 2),6442,Company Detail,file:///Users/simon/Documents/Simon-OB/%E6%9C%AC%E4%BD%93%E8%AE%BA/base/%E5%8D%8A%E5%AF%BC%E4%BD%93/SEMI_WFF_2026_1Q.xlsx
Samsung - P5 Phase 1 (3D NAND was DRAM) current wafer capacity (SEMI WFF),,晶圆产能,SEMI WFF 工厂级晶圆产能观测。,current,150000,12,韩国,/Users/simon/Documents/Simon-OB/本体论/base/半导体/SEMI_WFF_2026_1Q.xlsx,Samsung,Memory,facility_capacity,,,Samsung - P5 Phase 1 (3D NAND was DRAM),6371,Company Detail,file:///Users/simon/Documents/Simon-OB/%E6%9C%AC%E4%BD%93%E8%AE%BA/base/%E5%8D%8A%E5%AF%BC%E4%BD%93/SEMI_WFF_2026_1Q.xlsx
Samsung - P5 Phase 2 (DRAM was 3D NAND) current wafer capacity (SEMI WFF),,晶圆产能,SEMI WFF 工厂级晶圆产能观测。,current,150000,12,韩国,/Users/simon/Documents/Simon-OB/本体论/base/半导体/SEMI_WFF_2026_1Q.xlsx,Samsung,Memory,facility_capacity,,,Samsung - P5 Phase 2 (DRAM was 3D NAND),6372,Company Detail,file:///Users/simon/Documents/Simon-OB/%E6%9C%AC%E4%BD%93%E8%AE%BA/base/%E5%8D%8A%E5%AF%BC%E4%BD%93/SEMI_WFF_2026_1Q.xlsx
Samsung - S1 (CIS Line) (Line 9+Line14) current wafer capacity (SEMI WFF),,晶圆产能,SEMI WFF 工厂级晶圆产能观测。,current,30000,12,韩国,/Users/simon/Documents/Simon-OB/本体论/base/半导体/SEMI_WFF_2026_1Q.xlsx,Samsung,Opto,facility_capacity,,,Samsung - S1 (CIS Line) (Line 9+Line14),5067,Company Detail,file:///Users/simon/Documents/Simon-OB/%E6%9C%AC%E4%BD%93%E8%AE%BA/base/%E5%8D%8A%E5%AF%BC%E4%BD%93/SEMI_WFF_2026_1Q.xlsx
Samsung - P3 Phase 1 Support (3D NAND for P1 and P2) current wafer capacity (SEMI WFF),,晶圆产能,SEMI WFF 工厂级晶圆产能观测。,current,50000,12,韩国,/Users/simon/Documents/Simon-OB/本体论/base/半导体/SEMI_WFF_2026_1Q.xlsx,Samsung,Memory,facility_capacity,,,Samsung - P3 Phase 1 Support (3D NAND for P1 and P2),5116,Company Detail,file:///Users/simon/Documents/Simon-OB/%E6%9C%AC%E4%BD%93%E8%AE%BA/base/%E5%8D%8A%E5%AF%BC%E4%BD%93/SEMI_WFF_2026_1Q.xlsx
Samsung - P3 Phase 2 (DRAM) current wafer capacity (SEMI WFF),,晶圆产能,SEMI WFF 工厂级晶圆产能观测。,current,116000,12,韩国,/Users/simon/Documents/Simon-OB/本体论/base/半导体/SEMI_WFF_2026_1Q.xlsx,Samsung,Memory,facility_capacity,,,Samsung - P3 Phase 2 (DRAM),5122,Company Detail,file:///Users/simon/Documents/Simon-OB/%E6%9C%AC%E4%BD%93%E8%AE%BA/base/%E5%8D%8A%E5%AF%BC%E4%BD%93/SEMI_WFF_2026_1Q.xlsx
Samsung - S5 (in P2 3rd floor) (was S5 Phase 1) current wafer capacity (SEMI WFF),,晶圆产能,SEMI WFF 工厂级晶圆产能观测。,current,35000,12,韩国,/Users/simon/Documents/Simon-OB/本体论/base/半导体/SEMI_WFF_2026_1Q.xlsx,Samsung,Logic&Micro,facility_capacity,,,Samsung - S5 (in P2 3rd floor) (was S5 Phase 1),6160,Company Detail,file:///Users/simon/Documents/Simon-OB/%E6%9C%AC%E4%BD%93%E8%AE%BA/base/%E5%8D%8A%E5%AF%BC%E4%BD%93/SEMI_WFF_2026_1Q.xlsx
"Samsung - S6 (in P3, 8th floor) (was S5 Phase 2) current wafer capacity (SEMI WFF)",,晶圆产能,SEMI WFF 工厂级晶圆产能观测。,current,30000,12,韩国,/Users/simon/Documents/Simon-OB/本体论/base/半导体/SEMI_WFF_2026_1Q.xlsx,Samsung,Logic&Micro,facility_capacity,,,"Samsung - S6 (in P3, 8th floor) (was S5 Phase 2)",6171,Company Detail,file:///Users/simon/Documents/Simon-OB/%E6%9C%AC%E4%BD%93%E8%AE%BA/base/%E5%8D%8A%E5%AF%BC%E4%BD%93/SEMI_WFF_2026_1Q.xlsx
Samsung - V1-Logic 2nd floor (was EUV Fab) current wafer capacity (SEMI WFF),,晶圆产能,SEMI WFF 工厂级晶圆产能观测。,current,20000,12,韩国,/Users/simon/Documents/Simon-OB/本体论/base/半导体/SEMI_WFF_2026_1Q.xlsx,Samsung,Logic&Micro,facility_capacity,,,Samsung - V1-Logic 2nd floor (was EUV Fab),6173,Company Detail,file:///Users/simon/Documents/Simon-OB/%E6%9C%AC%E4%BD%93%E8%AE%BA/base/%E5%8D%8A%E5%AF%BC%E4%BD%93/SEMI_WFF_2026_1Q.xlsx
Samsung - Line 8 (200mm) current wafer capacity (SEMI WFF),,晶圆产能,SEMI WFF 工厂级晶圆产能观测。,current,50000,8,韩国,/Users/simon/Documents/Simon-OB/本体论/base/半导体/SEMI_WFF_2026_1Q.xlsx,Samsung,Logic&Micro,facility_capacity,,,Samsung - Line 8 (200mm),1384,Company Detail,file:///Users/simon/Documents/Simon-OB/%E6%9C%AC%E4%BD%93%E8%AE%BA/base/%E5%8D%8A%E5%AF%BC%E4%BD%93/SEMI_WFF_2026_1Q.xlsx
Samsung - Taylor Phase 1 (was S6 Phase 1) current wafer capacity (SEMI WFF),,晶圆产能,SEMI WFF 工厂级晶圆产能观测。,current,35000,12,美洲,/Users/simon/Documents/Simon-OB/本体论/base/半导体/SEMI_WFF_2026_1Q.xlsx,Samsung,Logic&Micro,facility_capacity,,,Samsung - Taylor Phase 1 (was S6 Phase 1),6212,Company Detail,file:///Users/simon/Documents/Simon-OB/%E6%9C%AC%E4%BD%93%E8%AE%BA/base/%E5%8D%8A%E5%AF%BC%E4%BD%93/SEMI_WFF_2026_1Q.xlsx
Samsung - P4 Phase 2 Support (was planned for 3D NAND) current wafer capacity (SEMI WFF),,晶圆产能,SEMI WFF 工厂级晶圆产能观测。,current,30000,12,韩国,/Users/simon/Documents/Simon-OB/本体论/base/半导体/SEMI_WFF_2026_1Q.xlsx,Samsung,Memory,facility_capacity,,,Samsung - P4 Phase 2 Support (was planned for 3D NAND),6213,Company Detail,file:///Users/simon/Documents/Simon-OB/%E6%9C%AC%E4%BD%93%E8%AE%BA/base/%E5%8D%8A%E5%AF%BC%E4%BD%93/SEMI_WFF_2026_1Q.xlsx
Samsung - P4 Phase 1 (DRAM) current wafer capacity (SEMI WFF),,晶圆产能,SEMI WFF 工厂级晶圆产能观测。,current,150000,12,韩国,/Users/simon/Documents/Simon-OB/本体论/base/半导体/SEMI_WFF_2026_1Q.xlsx,Samsung,Memory,facility_capacity,,,Samsung - P4 Phase 1 (DRAM),6214,Company Detail,file:///Users/simon/Documents/Simon-OB/%E6%9C%AC%E4%BD%93%E8%AE%BA/base/%E5%8D%8A%E5%AF%BC%E4%BD%93/SEMI_WFF_2026_1Q.xlsx
Sanan Optoelectronics - Changsha SiC wafer/EPI Line current wafer capacity (SEMI WFF),,晶圆产能,SEMI WFF 工厂级晶圆产能观测。,current,60000,6,中国,/Users/simon/Documents/Simon-OB/本体论/base/半导体/SEMI_WFF_2026_1Q.xlsx,Sanan Optoelectronics,EPI,facility_capacity,,,Sanan Optoelectronics - Changsha SiC wafer/EPI Line,6234,Company Detail,file:///Users/simon/Documents/Simon-OB/%E6%9C%AC%E4%BD%93%E8%AE%BA/base/%E5%8D%8A%E5%AF%BC%E4%BD%93/SEMI_WFF_2026_1Q.xlsx
Sanan Optoelectronics - Sanan IC Xiamen current wafer capacity (SEMI WFF),,晶圆产能,SEMI WFF 工厂级晶圆产能观测。,current,30000,6,中国,/Users/simon/Documents/Simon-OB/本体论/base/半导体/SEMI_WFF_2026_1Q.xlsx,Sanan Optoelectronics,Discrete,facility_capacity,,,Sanan Optoelectronics - Sanan IC Xiamen,3827,Company Detail,file:///Users/simon/Documents/Simon-OB/%E6%9C%AC%E4%BD%93%E8%AE%BA/base/%E5%8D%8A%E5%AF%BC%E4%BD%93/SEMI_WFF_2026_1Q.xlsx
Sanan Optoelectronics - Ezhou fab current wafer capacity (SEMI WFF),,晶圆产能,SEMI WFF 工厂级晶圆产能观测。,current,135000,4,中国,/Users/simon/Documents/Simon-OB/本体论/base/半导体/SEMI_WFF_2026_1Q.xlsx,Sanan Optoelectronics,Opto,facility_capacity,,,Sanan Optoelectronics - Ezhou fab,5124,Company Detail,file:///Users/simon/Documents/Simon-OB/%E6%9C%AC%E4%BD%93%E8%AE%BA/base/%E5%8D%8A%E5%AF%BC%E4%BD%93/SEMI_WFF_2026_1Q.xlsx
Sanan Optoelectronics - Changsha SiC device fab current wafer capacity (SEMI WFF),,晶圆产能,SEMI WFF 工厂级晶圆产能观测。,current,60000,6,中国,/Users/simon/Documents/Simon-OB/本体论/base/半导体/SEMI_WFF_2026_1Q.xlsx,Sanan Optoelectronics,Discrete,facility_capacity,,,Sanan Optoelectronics - Changsha SiC device fab,6282,Company Detail,file:///Users/simon/Documents/Simon-OB/%E6%9C%AC%E4%BD%93%E8%AE%BA/base/%E5%8D%8A%E5%AF%BC%E4%BD%93/SEMI_WFF_2026_1Q.xlsx
Sanan Optoelectronics - Sanan-ST SiC Device JV (Phase 1+2) current wafer capacity (SEMI WFF),,晶圆产能,SEMI WFF 工厂级晶圆产能观测。,current,40000,8,中国,/Users/simon/Documents/Simon-OB/本体论/base/半导体/SEMI_WFF_2026_1Q.xlsx,Sanan Optoelectronics,Discrete,facility_capacity,,,Sanan Optoelectronics - Sanan-ST SiC Device JV (Phase 1+2),6501,Company Detail,file:///Users/simon/Documents/Simon-OB/%E6%9C%AC%E4%BD%93%E8%AE%BA/base/%E5%8D%8A%E5%AF%BC%E4%BD%93/SEMI_WFF_2026_1Q.xlsx
Sanan Optoelectronics - Sanan SiC Wafer Fab (Phase 1+2) current wafer capacity (SEMI WFF),,晶圆产能,SEMI WFF 工厂级晶圆产能观测。,current,80000,8,中国,/Users/simon/Documents/Simon-OB/本体论/base/半导体/SEMI_WFF_2026_1Q.xlsx,Sanan Optoelectronics,EPI,facility_capacity,,,Sanan Optoelectronics - Sanan SiC Wafer Fab (Phase 1+2),6502,Company Detail,file:///Users/simon/Documents/Simon-OB/%E6%9C%AC%E4%BD%93%E8%AE%BA/base/%E5%8D%8A%E5%AF%BC%E4%BD%93/SEMI_WFF_2026_1Q.xlsx
Sanan Optoelectronics - New Xiamen fab (phase 1) current wafer capacity (SEMI WFF),,晶圆产能,SEMI WFF 工厂级晶圆产能观测。,current,140000,4,中国,/Users/simon/Documents/Simon-OB/本体论/base/半导体/SEMI_WFF_2026_1Q.xlsx,Sanan Optoelectronics,Opto,facility_capacity,,,Sanan Optoelectronics - New Xiamen fab (phase 1),3653,Company Detail,file:///Users/simon/Documents/Simon-OB/%E6%9C%AC%E4%BD%93%E8%AE%BA/base/%E5%8D%8A%E5%AF%BC%E4%BD%93/SEMI_WFF_2026_1Q.xlsx
Sanan Optoelectronics - Xiamen fab current wafer capacity (SEMI WFF),,晶圆产能,SEMI WFF 工厂级晶圆产能观测。,current,30000,4,中国,/Users/simon/Documents/Simon-OB/本体论/base/半导体/SEMI_WFF_2026_1Q.xlsx,Sanan Optoelectronics,Opto,facility_capacity,,,Sanan Optoelectronics - Xiamen fab,3111,Company Detail,file:///Users/simon/Documents/Simon-OB/%E6%9C%AC%E4%BD%93%E8%AE%BA/base/%E5%8D%8A%E5%AF%BC%E4%BD%93/SEMI_WFF_2026_1Q.xlsx
Sanan Optoelectronics - Tianjin fab current wafer capacity (SEMI WFF),,晶圆产能,SEMI WFF 工厂级晶圆产能观测。,current,24000,4,中国,/Users/simon/Documents/Simon-OB/本体论/base/半导体/SEMI_WFF_2026_1Q.xlsx,Sanan Optoelectronics,Opto,facility_capacity,,,Sanan Optoelectronics - Tianjin fab,3112,Company Detail,file:///Users/simon/Documents/Simon-OB/%E6%9C%AC%E4%BD%93%E8%AE%BA/base/%E5%8D%8A%E5%AF%BC%E4%BD%93/SEMI_WFF_2026_1Q.xlsx
Sanan Optoelectronics - Wuhu base (phase 1) current wafer capacity (SEMI WFF),,晶圆产能,SEMI WFF 工厂级晶圆产能观测。,current,75000,4,中国,/Users/simon/Documents/Simon-OB/本体论/base/半导体/SEMI_WFF_2026_1Q.xlsx,Sanan Optoelectronics,Opto,facility_capacity,,,Sanan Optoelectronics - Wuhu base (phase 1),3244,Company Detail,file:///Users/simon/Documents/Simon-OB/%E6%9C%AC%E4%BD%93%E8%AE%BA/base/%E5%8D%8A%E5%AF%BC%E4%BD%93/SEMI_WFF_2026_1Q.xlsx
Sanan Optoelectronics - New Xiamen fab (phase 2) current wafer capacity (SEMI WFF),,晶圆产能,SEMI WFF 工厂级晶圆产能观测。,current,100000,4,中国,/Users/simon/Documents/Simon-OB/本体论/base/半导体/SEMI_WFF_2026_1Q.xlsx,Sanan Optoelectronics,Opto,facility_capacity,,,Sanan Optoelectronics - New Xiamen fab (phase 2),4946,Company Detail,file:///Users/simon/Documents/Simon-OB/%E6%9C%AC%E4%BD%93%E8%AE%BA/base/%E5%8D%8A%E5%AF%BC%E4%BD%93/SEMI_WFF_2026_1Q.xlsx
Sanan Optoelectronics - Quanzhou fab current wafer capacity (SEMI WFF),,晶圆产能,SEMI WFF 工厂级晶圆产能观测。,current,50000,6,中国,/Users/simon/Documents/Simon-OB/本体论/base/半导体/SEMI_WFF_2026_1Q.xlsx,Sanan Optoelectronics,Discrete,facility_capacity,,,Sanan Optoelectronics - Quanzhou fab,5017,Company Detail,file:///Users/simon/Documents/Simon-OB/%E6%9C%AC%E4%BD%93%E8%AE%BA/base/%E5%8D%8A%E5%AF%BC%E4%BD%93/SEMI_WFF_2026_1Q.xlsx
Sandia National Labs - SiFab (former MDL) current wafer capacity (SEMI WFF),,晶圆产能,SEMI WFF 工厂级晶圆产能观测。,current,800,8,美洲,/Users/simon/Documents/Simon-OB/本体论/base/半导体/SEMI_WFF_2026_1Q.xlsx,Sandia National Labs,MEMS,facility_capacity,,,Sandia National Labs - SiFab (former MDL),865,Company Detail,file:///Users/simon/Documents/Simon-OB/%E6%9C%AC%E4%BD%93%E8%AE%BA/base/%E5%8D%8A%E5%AF%BC%E4%BD%93/SEMI_WFF_2026_1Q.xlsx
Sandia National Labs - MicroFab current wafer capacity (SEMI WFF),,晶圆产能,SEMI WFF 工厂级晶圆产能观测。,current,500,8,美洲,/Users/simon/Documents/Simon-OB/本体论/base/半导体/SEMI_WFF_2026_1Q.xlsx,Sandia National Labs,MEMS,facility_capacity,,,Sandia National Labs - MicroFab,2020,Company Detail,file:///Users/simon/Documents/Simon-OB/%E6%9C%AC%E4%BD%93%E8%AE%BA/base/%E5%8D%8A%E5%AF%BC%E4%BD%93/SEMI_WFF_2026_1Q.xlsx
"Sanken Electric Co., Ltd. - Fab 2-Line 2 (1st floor) current wafer capacity (SEMI WFF)",,晶圆产能,SEMI WFF 工厂级晶圆产能观测。,current,20000,8,日本,/Users/simon/Documents/Simon-OB/本体论/base/半导体/SEMI_WFF_2026_1Q.xlsx,"Sanken Electric Co., Ltd.",Discrete,facility_capacity,,,"Sanken Electric Co., Ltd. - Fab 2-Line 2 (1st floor)",1526,Company Detail,file:///Users/simon/Documents/Simon-OB/%E6%9C%AC%E4%BD%93%E8%AE%BA/base/%E5%8D%8A%E5%AF%BC%E4%BD%93/SEMI_WFF_2026_1Q.xlsx
"Sanken Electric Co., Ltd. - Fukushima Sanken current wafer capacity (SEMI WFF)",,晶圆产能,SEMI WFF 工厂级晶圆产能观测。,current,10000,4,日本,/Users/simon/Documents/Simon-OB/本体论/base/半导体/SEMI_WFF_2026_1Q.xlsx,"Sanken Electric Co., Ltd.",Opto,facility_capacity,,,"Sanken Electric Co., Ltd. - Fukushima Sanken",5024,Company Detail,file:///Users/simon/Documents/Simon-OB/%E6%9C%AC%E4%BD%93%E8%AE%BA/base/%E5%8D%8A%E5%AF%BC%E4%BD%93/SEMI_WFF_2026_1Q.xlsx
"Sanken Electric Co., Ltd. - Fab 1 current wafer capacity (SEMI WFF)",,晶圆产能,SEMI WFF 工厂级晶圆产能观测。,current,10000,5,日本,/Users/simon/Documents/Simon-OB/本体论/base/半导体/SEMI_WFF_2026_1Q.xlsx,"Sanken Electric Co., Ltd.",Discrete,facility_capacity,,,"Sanken Electric Co., Ltd. - Fab 1",868,Company Detail,file:///Users/simon/Documents/Simon-OB/%E6%9C%AC%E4%BD%93%E8%AE%BA/base/%E5%8D%8A%E5%AF%BC%E4%BD%93/SEMI_WFF_2026_1Q.xlsx
"Sanken Electric Co., Ltd. - Fab 2-Line 1 current wafer capacity (SEMI WFF)",,晶圆产能,SEMI WFF 工厂级晶圆产能观测。,current,26000,6,日本,/Users/simon/Documents/Simon-OB/本体论/base/半导体/SEMI_WFF_2026_1Q.xlsx,"Sanken Electric Co., Ltd.",Discrete,facility_capacity,,,"Sanken Electric Co., Ltd. - Fab 2-Line 1",1507,Company Detail,file:///Users/simon/Documents/Simon-OB/%E6%9C%AC%E4%BD%93%E8%AE%BA/base/%E5%8D%8A%E5%AF%BC%E4%BD%93/SEMI_WFF_2026_1Q.xlsx
"Sanken Electric Co., Ltd. - Semiconductor Technology Center current wafer capacity (SEMI WFF)",,晶圆产能,SEMI WFF 工厂级晶圆产能观测。,current,5000,6,日本,/Users/simon/Documents/Simon-OB/本体论/base/半导体/SEMI_WFF_2026_1Q.xlsx,"Sanken Electric Co., Ltd.",Discrete,facility_capacity,,,"Sanken Electric Co., Ltd. - Semiconductor Technology Center",869,Company Detail,file:///Users/simon/Documents/Simon-OB/%E6%9C%AC%E4%BD%93%E8%AE%BA/base/%E5%8D%8A%E5%AF%BC%E4%BD%93/SEMI_WFF_2026_1Q.xlsx
Sansha Electric Manufacturing Co. - Building A and B current wafer capacity (SEMI WFF),,晶圆产能,SEMI WFF 工厂级晶圆产能观测。,current,40000,5,日本,/Users/simon/Documents/Simon-OB/本体论/base/半导体/SEMI_WFF_2026_1Q.xlsx,Sansha Electric Manufacturing Co.,Discrete,facility_capacity,,,Sansha Electric Manufacturing Co. - Building A and B,3120,Company Detail,file:///Users/simon/Documents/Simon-OB/%E6%9C%AC%E4%BD%93%E8%AE%BA/base/%E5%8D%8A%E5%AF%BC%E4%BD%93/SEMI_WFF_2026_1Q.xlsx
SCIOCS (Sumitomo Chemical) - Hitachi Works (HQ) current wafer capacity (SEMI WFF),,晶圆产能,SEMI WFF 工厂级晶圆产能观测。,current,5000,6,日本,/Users/simon/Documents/Simon-OB/本体论/base/半导体/SEMI_WFF_2026_1Q.xlsx,SCIOCS (Sumitomo Chemical),EPI,facility_capacity,,,SCIOCS (Sumitomo Chemical) - Hitachi Works (HQ),5041,Company Detail,file:///Users/simon/Documents/Simon-OB/%E6%9C%AC%E4%BD%93%E8%AE%BA/base/%E5%8D%8A%E5%AF%BC%E4%BD%93/SEMI_WFF_2026_1Q.xlsx
SCIOCS (Sumitomo Chemical) - Chiba Works current wafer capacity (SEMI WFF),,晶圆产能,SEMI WFF 工厂级晶圆产能观测。,current,5000,6,日本,/Users/simon/Documents/Simon-OB/本体论/base/半导体/SEMI_WFF_2026_1Q.xlsx,SCIOCS (Sumitomo Chemical),EPI,facility_capacity,,,SCIOCS (Sumitomo Chemical) - Chiba Works,5042,Company Detail,file:///Users/simon/Documents/Simon-OB/%E6%9C%AC%E4%BD%93%E8%AE%BA/base/%E5%8D%8A%E5%AF%BC%E4%BD%93/SEMI_WFF_2026_1Q.xlsx
SCL (Semiconductor Laboratory) - MEMS Line current wafer capacity (SEMI WFF),,晶圆产能,SEMI WFF 工厂级晶圆产能观测。,current,500,6,SE Asia,/Users/simon/Documents/Simon-OB/本体论/base/半导体/SEMI_WFF_2026_1Q.xlsx,SCL (Semiconductor Laboratory),MEMS,facility_capacity,,,SCL (Semiconductor Laboratory) - MEMS Line,3846,Company Detail,file:///Users/simon/Documents/Simon-OB/%E6%9C%AC%E4%BD%93%E8%AE%BA/base/%E5%8D%8A%E5%AF%BC%E4%BD%93/SEMI_WFF_2026_1Q.xlsx
SCL (Semiconductor Laboratory) - Silicon Fab (CMOS) current wafer capacity (SEMI WFF),,晶圆产能,SEMI WFF 工厂级晶圆产能观测。,current,2000,8,SE Asia,/Users/simon/Documents/Simon-OB/本体论/base/半导体/SEMI_WFF_2026_1Q.xlsx,SCL (Semiconductor Laboratory),Discrete,facility_capacity,,,SCL (Semiconductor Laboratory) - Silicon Fab (CMOS),903,Company Detail,file:///Users/simon/Documents/Simon-OB/%E6%9C%AC%E4%BD%93%E8%AE%BA/base/%E5%8D%8A%E5%AF%BC%E4%BD%93/SEMI_WFF_2026_1Q.xlsx
SCL (Semiconductor Laboratory) - New 28nm Line current wafer capacity (SEMI WFF),,晶圆产能,SEMI WFF 工厂级晶圆产能观测。,current,5000,12,SE Asia,/Users/simon/Documents/Simon-OB/本体论/base/半导体/SEMI_WFF_2026_1Q.xlsx,SCL (Semiconductor Laboratory),Logic&Micro,facility_capacity,,,SCL (Semiconductor Laboratory) - New 28nm Line,6454,Company Detail,file:///Users/simon/Documents/Simon-OB/%E6%9C%AC%E4%BD%93%E8%AE%BA/base/%E5%8D%8A%E5%AF%BC%E4%BD%93/SEMI_WFF_2026_1Q.xlsx
Scottish Microelectronics Centre - Scottish Microelectronics Centre current wafer capacity (SEMI WFF),,晶圆产能,SEMI WFF 工厂级晶圆产能观测。,current,100,8,Europe & Mideast,/Users/simon/Documents/Simon-OB/本体论/base/半导体/SEMI_WFF_2026_1Q.xlsx,Scottish Microelectronics Centre,Other,facility_capacity,,,Scottish Microelectronics Centre - Scottish Microelectronics Centre,2358,Company Detail,file:///Users/simon/Documents/Simon-OB/%E6%9C%AC%E4%BD%93%E8%AE%BA/base/%E5%8D%8A%E5%AF%BC%E4%BD%93/SEMI_WFF_2026_1Q.xlsx
Seagate - Springtown Plant Northern Ireland current wafer capacity (SEMI WFF),,晶圆产能,SEMI WFF 工厂级晶圆产能观测。,current,20000,8,Europe & Mideast,/Users/simon/Documents/Simon-OB/本体论/base/半导体/SEMI_WFF_2026_1Q.xlsx,Seagate,MEMS,facility_capacity,,,Seagate - Springtown Plant Northern Ireland,3636,Company Detail,file:///Users/simon/Documents/Simon-OB/%E6%9C%AC%E4%BD%93%E8%AE%BA/base/%E5%8D%8A%E5%AF%BC%E4%BD%93/SEMI_WFF_2026_1Q.xlsx
Seagate - Bloomington Wafer Fab 2 current wafer capacity (SEMI WFF),,晶圆产能,SEMI WFF 工厂级晶圆产能观测。,current,10000,8,美洲,/Users/simon/Documents/Simon-OB/本体论/base/半导体/SEMI_WFF_2026_1Q.xlsx,Seagate,MEMS,facility_capacity,,,Seagate - Bloomington Wafer Fab 2,3637,Company Detail,file:///Users/simon/Documents/Simon-OB/%E6%9C%AC%E4%BD%93%E8%AE%BA/base/%E5%8D%8A%E5%AF%BC%E4%BD%93/SEMI_WFF_2026_1Q.xlsx
Seagate - Bloomington Wafer Fab 1 (RHO) current wafer capacity (SEMI WFF),,晶圆产能,SEMI WFF 工厂级晶圆产能观测。,current,20000,8,美洲,/Users/simon/Documents/Simon-OB/本体论/base/半导体/SEMI_WFF_2026_1Q.xlsx,Seagate,MEMS,facility_capacity,,,Seagate - Bloomington Wafer Fab 1 (RHO),3638,Company Detail,file:///Users/simon/Documents/Simon-OB/%E6%9C%AC%E4%BD%93%E8%AE%BA/base/%E5%8D%8A%E5%AF%BC%E4%BD%93/SEMI_WFF_2026_1Q.xlsx
Seagate - Bloomington R&D current wafer capacity (SEMI WFF),,晶圆产能,SEMI WFF 工厂级晶圆产能观测。,current,750,8,美洲,/Users/simon/Documents/Simon-OB/本体论/base/半导体/SEMI_WFF_2026_1Q.xlsx,Seagate,MEMS,facility_capacity,,,Seagate - Bloomington R&D,3639,Company Detail,file:///Users/simon/Documents/Simon-OB/%E6%9C%AC%E4%BD%93%E8%AE%BA/base/%E5%8D%8A%E5%AF%BC%E4%BD%93/SEMI_WFF_2026_1Q.xlsx
SeeYa Technology - Hefei Fab 1 current wafer capacity (SEMI WFF),,晶圆产能,SEMI WFF 工厂级晶圆产能观测。,current,12000,12,中国,/Users/simon/Documents/Simon-OB/本体论/base/半导体/SEMI_WFF_2026_1Q.xlsx,SeeYa Technology,Opto,facility_capacity,,,SeeYa Technology - Hefei Fab 1,6598,Company Detail,file:///Users/simon/Documents/Simon-OB/%E6%9C%AC%E4%BD%93%E8%AE%BA/base/%E5%8D%8A%E5%AF%BC%E4%BD%93/SEMI_WFF_2026_1Q.xlsx
Seiko Epson Corporation - T-Wing (8-inch) current wafer capacity (SEMI WFF),,晶圆产能,SEMI WFF 工厂级晶圆产能观测。,current,30000,8,日本,/Users/simon/Documents/Simon-OB/本体论/base/半导体/SEMI_WFF_2026_1Q.xlsx,Seiko Epson Corporation,Logic&Micro,facility_capacity,,,Seiko Epson Corporation - T-Wing (8-inch),1397,Company Detail,file:///Users/simon/Documents/Simon-OB/%E6%9C%AC%E4%BD%93%E8%AE%BA/base/%E5%8D%8A%E5%AF%BC%E4%BD%93/SEMI_WFF_2026_1Q.xlsx
Seiko Epson Corporation - Miyazaki plant (Epson Toyocom) current wafer capacity (SEMI WFF),,晶圆产能,SEMI WFF 工厂级晶圆产能观测。,current,5000,4,日本,/Users/simon/Documents/Simon-OB/本体论/base/半导体/SEMI_WFF_2026_1Q.xlsx,Seiko Epson Corporation,MEMS,facility_capacity,,,Seiko Epson Corporation - Miyazaki plant (Epson Toyocom),3481,Company Detail,file:///Users/simon/Documents/Simon-OB/%E6%9C%AC%E4%BD%93%E8%AE%BA/base/%E5%8D%8A%E5%AF%BC%E4%BD%93/SEMI_WFF_2026_1Q.xlsx
Seiko Epson Corporation - Ina plant current wafer capacity (SEMI WFF),,晶圆产能,SEMI WFF 工厂级晶圆产能观测。,current,3000,4,日本,/Users/simon/Documents/Simon-OB/本体论/base/半导体/SEMI_WFF_2026_1Q.xlsx,Seiko Epson Corporation,MEMS,facility_capacity,,,Seiko Epson Corporation - Ina plant,3482,Company Detail,file:///Users/simon/Documents/Simon-OB/%E6%9C%AC%E4%BD%93%E8%AE%BA/base/%E5%8D%8A%E5%AF%BC%E4%BD%93/SEMI_WFF_2026_1Q.xlsx
Seiko Epson Corporation - Suwa Minami 6-inch Line current wafer capacity (SEMI WFF),,晶圆产能,SEMI WFF 工厂级晶圆产能观测。,current,56000,6,日本,/Users/simon/Documents/Simon-OB/本体论/base/半导体/SEMI_WFF_2026_1Q.xlsx,Seiko Epson Corporation,MEMS,facility_capacity,,,Seiko Epson Corporation - Suwa Minami 6-inch Line,4941,Company Detail,file:///Users/simon/Documents/Simon-OB/%E6%9C%AC%E4%BD%93%E8%AE%BA/base/%E5%8D%8A%E5%AF%BC%E4%BD%93/SEMI_WFF_2026_1Q.xlsx
Seiko Epson Corporation - Hirooka Plant current wafer capacity (SEMI WFF),,晶圆产能,SEMI WFF 工厂级晶圆产能观测。,current,30000,6,日本,/Users/simon/Documents/Simon-OB/本体论/base/半导体/SEMI_WFF_2026_1Q.xlsx,Seiko Epson Corporation,MEMS,facility_capacity,,,Seiko Epson Corporation - Hirooka Plant,4942,Company Detail,file:///Users/simon/Documents/Simon-OB/%E6%9C%AC%E4%BD%93%E8%AE%BA/base/%E5%8D%8A%E5%AF%BC%E4%BD%93/SEMI_WFF_2026_1Q.xlsx
Seiko Epson Corporation - S-Wing (6-inch) current wafer capacity (SEMI WFF),,晶圆产能,SEMI WFF 工厂级晶圆产能观测。,current,30000,6,日本,/Users/simon/Documents/Simon-OB/本体论/base/半导体/SEMI_WFF_2026_1Q.xlsx,Seiko Epson Corporation,Logic&Micro,facility_capacity,,,Seiko Epson Corporation - S-Wing (6-inch),892,Company Detail,file:///Users/simon/Documents/Simon-OB/%E6%9C%AC%E4%BD%93%E8%AE%BA/base/%E5%8D%8A%E5%AF%BC%E4%BD%93/SEMI_WFF_2026_1Q.xlsx
Seiko NPC (formaly Nippon Precision Circuits) - Shiobara Technology Center current wafer capacity (SEMI WFF),,晶圆产能,SEMI WFF 工厂级晶圆产能观测。,current,8000,6,日本,/Users/simon/Documents/Simon-OB/本体论/base/半导体/SEMI_WFF_2026_1Q.xlsx,Seiko NPC (formaly Nippon Precision Circuits),Discrete,facility_capacity,,,Seiko NPC (formaly Nippon Precision Circuits) - Shiobara Technology Center,727,Company Detail,file:///Users/simon/Documents/Simon-OB/%E6%9C%AC%E4%BD%93%E8%AE%BA/base/%E5%8D%8A%E5%AF%BC%E4%BD%93/SEMI_WFF_2026_1Q.xlsx
Semefab Ltd. - Fab 1 (CMOS1) current wafer capacity (SEMI WFF),,晶圆产能,SEMI WFF 工厂级晶圆产能观测。,current,4200,4,Europe & Mideast,/Users/simon/Documents/Simon-OB/本体论/base/半导体/SEMI_WFF_2026_1Q.xlsx,Semefab Ltd.,Discrete,facility_capacity,,,Semefab Ltd. - Fab 1 (CMOS1),901,Company Detail,file:///Users/simon/Documents/Simon-OB/%E6%9C%AC%E4%BD%93%E8%AE%BA/base/%E5%8D%8A%E5%AF%BC%E4%BD%93/SEMI_WFF_2026_1Q.xlsx
Semefab Ltd. - Fab 3 (CMOS3) current wafer capacity (SEMI WFF),,晶圆产能,SEMI WFF 工厂级晶圆产能观测。,current,6250,6,Europe & Mideast,/Users/simon/Documents/Simon-OB/本体论/base/半导体/SEMI_WFF_2026_1Q.xlsx,Semefab Ltd.,MEMS,facility_capacity,,,Semefab Ltd. - Fab 3 (CMOS3),2437,Company Detail,file:///Users/simon/Documents/Simon-OB/%E6%9C%AC%E4%BD%93%E8%AE%BA/base/%E5%8D%8A%E5%AF%BC%E4%BD%93/SEMI_WFF_2026_1Q.xlsx
Semefab Ltd. - Fab 2 (new MEMS 2) current wafer capacity (SEMI WFF),,晶圆产能,SEMI WFF 工厂级晶圆产能观测。,current,2100,6,Europe & Mideast,/Users/simon/Documents/Simon-OB/本体论/base/半导体/SEMI_WFF_2026_1Q.xlsx,Semefab Ltd.,MEMS,facility_capacity,,,Semefab Ltd. - Fab 2 (new MEMS 2),2897,Company Detail,file:///Users/simon/Documents/Simon-OB/%E6%9C%AC%E4%BD%93%E8%AE%BA/base/%E5%8D%8A%E5%AF%BC%E4%BD%93/SEMI_WFF_2026_1Q.xlsx
Semicoa Semiconductors - N/A current wafer capacity (SEMI WFF),,晶圆产能,SEMI WFF 工厂级晶圆产能观测。,current,12000,4,美洲,/Users/simon/Documents/Simon-OB/本体论/base/半导体/SEMI_WFF_2026_1Q.xlsx,Semicoa Semiconductors,Discrete,facility_capacity,,,Semicoa Semiconductors - N/A,902,Company Detail,file:///Users/simon/Documents/Simon-OB/%E6%9C%AC%E4%BD%93%E8%AE%BA/base/%E5%8D%8A%E5%AF%BC%E4%BD%93/SEMI_WFF_2026_1Q.xlsx
Semiconductor Integrated Display Technology (SIDTEK) - 12inch MicroOLED Line current wafer capacity (SEMI WFF),,晶圆产能,SEMI WFF 工厂级晶圆产能观测。,current,6000,12,中国,/Users/simon/Documents/Simon-OB/本体论/base/半导体/SEMI_WFF_2026_1Q.xlsx,Semiconductor Integrated Display Technology (SIDTEK),Opto,facility_capacity,,,Semiconductor Integrated Display Technology (SIDTEK) - 12inch MicroOLED Line,6569,Company Detail,file:///Users/simon/Documents/Simon-OB/%E6%9C%AC%E4%BD%93%E8%AE%BA/base/%E5%8D%8A%E5%AF%BC%E4%BD%93/SEMI_WFF_2026_1Q.xlsx
Semiconductor Technology Innovation Center (STIC) - 300mm R&D Fab current wafer capacity (SEMI WFF),,晶圆产能,SEMI WFF 工厂级晶圆产能观测。,current,3000,12,中国,/Users/simon/Documents/Simon-OB/本体论/base/半导体/SEMI_WFF_2026_1Q.xlsx,Semiconductor Technology Innovation Center (STIC),Other,facility_capacity,,,Semiconductor Technology Innovation Center (STIC) - 300mm R&D Fab,6421,Company Detail,file:///Users/simon/Documents/Simon-OB/%E6%9C%AC%E4%BD%93%E8%AE%BA/base/%E5%8D%8A%E5%AF%BC%E4%BD%93/SEMI_WFF_2026_1Q.xlsx
Semikron Elektronik GmbH & Co. KG - SEMIKRON Vrbove current wafer capacity (SEMI WFF),,晶圆产能,SEMI WFF 工厂级晶圆产能观测。,current,4000,4,Europe & Mideast,/Users/simon/Documents/Simon-OB/本体论/base/半导体/SEMI_WFF_2026_1Q.xlsx,Semikron Elektronik GmbH & Co. KG,Discrete,facility_capacity,,,Semikron Elektronik GmbH & Co. KG - SEMIKRON Vrbove,3554,Company Detail,file:///Users/simon/Documents/Simon-OB/%E6%9C%AC%E4%BD%93%E8%AE%BA/base/%E5%8D%8A%E5%AF%BC%E4%BD%93/SEMI_WFF_2026_1Q.xlsx
Semikron Elektronik GmbH & Co. KG - SEMICELL current wafer capacity (SEMI WFF),,晶圆产能,SEMI WFF 工厂级晶圆产能观测。,current,20000,6,Europe & Mideast,/Users/simon/Documents/Simon-OB/本体论/base/半导体/SEMI_WFF_2026_1Q.xlsx,Semikron Elektronik GmbH & Co. KG,Discrete,facility_capacity,,,Semikron Elektronik GmbH & Co. KG - SEMICELL,3549,Company Detail,file:///Users/simon/Documents/Simon-OB/%E6%9C%AC%E4%BD%93%E8%AE%BA/base/%E5%8D%8A%E5%AF%BC%E4%BD%93/SEMI_WFF_2026_1Q.xlsx
SemiLEDs - Chu-Nan Fab current wafer capacity (SEMI WFF),,晶圆产能,SEMI WFF 工厂级晶圆产能观测。,current,12000,4,中国台湾,/Users/simon/Documents/Simon-OB/本体论/base/半导体/SEMI_WFF_2026_1Q.xlsx,SemiLEDs,Opto,facility_capacity,,,SemiLEDs - Chu-Nan Fab,2557,Company Detail,file:///Users/simon/Documents/Simon-OB/%E6%9C%AC%E4%BD%93%E8%AE%BA/base/%E5%8D%8A%E5%AF%BC%E4%BD%93/SEMI_WFF_2026_1Q.xlsx
"SemiSouth Laboratories, Inc. - N/A current wafer capacity (SEMI WFF)",,晶圆产能,SEMI WFF 工厂级晶圆产能观测。,current,12000,4,美洲,/Users/simon/Documents/Simon-OB/本体论/base/半导体/SEMI_WFF_2026_1Q.xlsx,"SemiSouth Laboratories, Inc.",Discrete,facility_capacity,,,"SemiSouth Laboratories, Inc. - N/A",2173,Company Detail,file:///Users/simon/Documents/Simon-OB/%E6%9C%AC%E4%BD%93%E8%AE%BA/base/%E5%8D%8A%E5%AF%BC%E4%BD%93/SEMI_WFF_2026_1Q.xlsx
Sensera - Woburn (inside Agiltron fab) current wafer capacity (SEMI WFF),,晶圆产能,SEMI WFF 工厂级晶圆产能观测。,current,417,6,美洲,/Users/simon/Documents/Simon-OB/本体论/base/半导体/SEMI_WFF_2026_1Q.xlsx,Sensera,MEMS,facility_capacity,,,Sensera - Woburn (inside Agiltron fab),5005,Company Detail,file:///Users/simon/Documents/Simon-OB/%E6%9C%AC%E4%BD%93%E8%AE%BA/base/%E5%8D%8A%E5%AF%BC%E4%BD%93/SEMI_WFF_2026_1Q.xlsx
SensFab Pte. Ltd. - Fab 1 current wafer capacity (SEMI WFF),,晶圆产能,SEMI WFF 工厂级晶圆产能观测。,current,2000,6,SE Asia,/Users/simon/Documents/Simon-OB/本体论/base/半导体/SEMI_WFF_2026_1Q.xlsx,SensFab Pte. Ltd.,MEMS,facility_capacity,,,SensFab Pte. Ltd. - Fab 1,1906,Company Detail,file:///Users/simon/Documents/Simon-OB/%E6%9C%AC%E4%BD%93%E8%AE%BA/base/%E5%8D%8A%E5%AF%BC%E4%BD%93/SEMI_WFF_2026_1Q.xlsx
Sensitron Semiconductor - N/A current wafer capacity (SEMI WFF),,晶圆产能,SEMI WFF 工厂级晶圆产能观测。,current,15000,4,美洲,/Users/simon/Documents/Simon-OB/本体论/base/半导体/SEMI_WFF_2026_1Q.xlsx,Sensitron Semiconductor,Discrete,facility_capacity,,,Sensitron Semiconductor - N/A,1641,Company Detail,file:///Users/simon/Documents/Simon-OB/%E6%9C%AC%E4%BD%93%E8%AE%BA/base/%E5%8D%8A%E5%AF%BC%E4%BD%93/SEMI_WFF_2026_1Q.xlsx
Sensonor - Horten current wafer capacity (SEMI WFF),,晶圆产能,SEMI WFF 工厂级晶圆产能观测。,current,1000,6,Europe & Mideast,/Users/simon/Documents/Simon-OB/本体论/base/半导体/SEMI_WFF_2026_1Q.xlsx,Sensonor,MEMS,facility_capacity,,,Sensonor - Horten,2359,Company Detail,file:///Users/simon/Documents/Simon-OB/%E6%9C%AC%E4%BD%93%E8%AE%BA/base/%E5%8D%8A%E5%AF%BC%E4%BD%93/SEMI_WFF_2026_1Q.xlsx
"Sensor Electronic Technology, Inc. - SETi 2 current wafer capacity (SEMI WFF)",,晶圆产能,SEMI WFF 工厂级晶圆产能观测。,current,10000,2,美洲,/Users/simon/Documents/Simon-OB/本体论/base/半导体/SEMI_WFF_2026_1Q.xlsx,"Sensor Electronic Technology, Inc.",Opto,facility_capacity,,,"Sensor Electronic Technology, Inc. - SETi 2",3764,Company Detail,file:///Users/simon/Documents/Simon-OB/%E6%9C%AC%E4%BD%93%E8%AE%BA/base/%E5%8D%8A%E5%AF%BC%E4%BD%93/SEMI_WFF_2026_1Q.xlsx
"Sensor Electronic Technology, Inc. - Nitek fab current wafer capacity (SEMI WFF)",,晶圆产能,SEMI WFF 工厂级晶圆产能观测。,current,1000,2,美洲,/Users/simon/Documents/Simon-OB/本体论/base/半导体/SEMI_WFF_2026_1Q.xlsx,"Sensor Electronic Technology, Inc.",Opto,facility_capacity,,,"Sensor Electronic Technology, Inc. - Nitek fab",3838,Company Detail,file:///Users/simon/Documents/Simon-OB/%E6%9C%AC%E4%BD%93%E8%AE%BA/base/%E5%8D%8A%E5%AF%BC%E4%BD%93/SEMI_WFF_2026_1Q.xlsx
Seoul Semiconductor (SSC) - Ansan 2nd plant current wafer capacity (SEMI WFF),,晶圆产能,SEMI WFF 工厂级晶圆产能观测。,current,100000,4,韩国,/Users/simon/Documents/Simon-OB/本体论/base/半导体/SEMI_WFF_2026_1Q.xlsx,Seoul Semiconductor (SSC),Opto,facility_capacity,,,Seoul Semiconductor (SSC) - Ansan 2nd plant,3336,Company Detail,file:///Users/simon/Documents/Simon-OB/%E6%9C%AC%E4%BD%93%E8%AE%BA/base/%E5%8D%8A%E5%AF%BC%E4%BD%93/SEMI_WFF_2026_1Q.xlsx
Seoul Semiconductor (SSC) - Ansan Factory current wafer capacity (SEMI WFF),,晶圆产能,SEMI WFF 工厂级晶圆产能观测。,current,100000,4,韩国,/Users/simon/Documents/Simon-OB/本体论/base/半导体/SEMI_WFF_2026_1Q.xlsx,Seoul Semiconductor (SSC),Opto,facility_capacity,,,Seoul Semiconductor (SSC) - Ansan Factory,3110,Company Detail,file:///Users/simon/Documents/Simon-OB/%E6%9C%AC%E4%BD%93%E8%AE%BA/base/%E5%8D%8A%E5%AF%BC%E4%BD%93/SEMI_WFF_2026_1Q.xlsx
Sercalo - MEMS Facility current wafer capacity (SEMI WFF),,晶圆产能,SEMI WFF 工厂级晶圆产能观测。,current,2000,4,Europe & Mideast,/Users/simon/Documents/Simon-OB/本体论/base/半导体/SEMI_WFF_2026_1Q.xlsx,Sercalo,MEMS,facility_capacity,,,Sercalo - MEMS Facility,5074,Company Detail,file:///Users/simon/Documents/Simon-OB/%E6%9C%AC%E4%BD%93%E8%AE%BA/base/%E5%8D%8A%E5%AF%BC%E4%BD%93/SEMI_WFF_2026_1Q.xlsx
Shaanxi Electronic Core Industry Times Technology - Fab 1 current wafer capacity (SEMI WFF),,晶圆产能,SEMI WFF 工厂级晶圆产能观测。,current,50000,8,中国,/Users/simon/Documents/Simon-OB/本体论/base/半导体/SEMI_WFF_2026_1Q.xlsx,Shaanxi Electronic Core Industry Times Technology,Discrete,facility_capacity,,,Shaanxi Electronic Core Industry Times Technology - Fab 1,6649,Company Detail,file:///Users/simon/Documents/Simon-OB/%E6%9C%AC%E4%BD%93%E8%AE%BA/base/%E5%8D%8A%E5%AF%BC%E4%BD%93/SEMI_WFF_2026_1Q.xlsx
Shaanxi Electronic Information Group (SEC) - Xian Walsin United Technology current wafer capacity (SEMI WFF),,晶圆产能,SEMI WFF 工厂级晶圆产能观测。,current,60000,2,中国,/Users/simon/Documents/Simon-OB/本体论/base/半导体/SEMI_WFF_2026_1Q.xlsx,Shaanxi Electronic Information Group (SEC),Opto,facility_capacity,,,Shaanxi Electronic Information Group (SEC) - Xian Walsin United Technology,3239,Company Detail,file:///Users/simon/Documents/Simon-OB/%E6%9C%AC%E4%BD%93%E8%AE%BA/base/%E5%8D%8A%E5%AF%BC%E4%BD%93/SEMI_WFF_2026_1Q.xlsx
Shaanxi New Light Source Technology - New Light Source Technology current wafer capacity (SEMI WFF),,晶圆产能,SEMI WFF 工厂级晶圆产能观测。,current,10000,2,中国,/Users/simon/Documents/Simon-OB/本体论/base/半导体/SEMI_WFF_2026_1Q.xlsx,Shaanxi New Light Source Technology,Opto,facility_capacity,,,Shaanxi New Light Source Technology - New Light Source Technology,3662,Company Detail,file:///Users/simon/Documents/Simon-OB/%E6%9C%AC%E4%BD%93%E8%AE%BA/base/%E5%8D%8A%E5%AF%BC%E4%BD%93/SEMI_WFF_2026_1Q.xlsx
Shandong Inspur Huaguang Optoelectronics - Fab 2 current wafer capacity (SEMI WFF),,晶圆产能,SEMI WFF 工厂级晶圆产能观测。,current,60000,2,中国,/Users/simon/Documents/Simon-OB/本体论/base/半导体/SEMI_WFF_2026_1Q.xlsx,Shandong Inspur Huaguang Optoelectronics,Opto,facility_capacity,,,Shandong Inspur Huaguang Optoelectronics - Fab 2,3273,Company Detail,file:///Users/simon/Documents/Simon-OB/%E6%9C%AC%E4%BD%93%E8%AE%BA/base/%E5%8D%8A%E5%AF%BC%E4%BD%93/SEMI_WFF_2026_1Q.xlsx
Shandong Inspur Huaguang Optoelectronics - Fab 3 current wafer capacity (SEMI WFF),,晶圆产能,SEMI WFF 工厂级晶圆产能观测。,current,75000,2,中国,/Users/simon/Documents/Simon-OB/本体论/base/半导体/SEMI_WFF_2026_1Q.xlsx,Shandong Inspur Huaguang Optoelectronics,Opto,facility_capacity,,,Shandong Inspur Huaguang Optoelectronics - Fab 3,3274,Company Detail,file:///Users/simon/Documents/Simon-OB/%E6%9C%AC%E4%BD%93%E8%AE%BA/base/%E5%8D%8A%E5%AF%BC%E4%BD%93/SEMI_WFF_2026_1Q.xlsx
Shandong Inspur Huaguang Optoelectronics - Fab 1 current wafer capacity (SEMI WFF),,晶圆产能,SEMI WFF 工厂级晶圆产能观测。,current,6000,2,中国,/Users/simon/Documents/Simon-OB/本体论/base/半导体/SEMI_WFF_2026_1Q.xlsx,Shandong Inspur Huaguang Optoelectronics,Opto,facility_capacity,,,Shandong Inspur Huaguang Optoelectronics - Fab 1,3123,Company Detail,file:///Users/simon/Documents/Simon-OB/%E6%9C%AC%E4%BD%93%E8%AE%BA/base/%E5%8D%8A%E5%AF%BC%E4%BD%93/SEMI_WFF_2026_1Q.xlsx
Shanghai Advanced Micro Semiconductors - Fab 1 current wafer capacity (SEMI WFF),,晶圆产能,SEMI WFF 工厂级晶圆产能观测。,current,5000,6,中国,/Users/simon/Documents/Simon-OB/本体论/base/半导体/SEMI_WFF_2026_1Q.xlsx,Shanghai Advanced Micro Semiconductors,Other,facility_capacity,,,Shanghai Advanced Micro Semiconductors - Fab 1,6539,Company Detail,file:///Users/simon/Documents/Simon-OB/%E6%9C%AC%E4%BD%93%E8%AE%BA/base/%E5%8D%8A%E5%AF%BC%E4%BD%93/SEMI_WFF_2026_1Q.xlsx
Shanghai Advanced Micro Semiconductors - Fab 2 current wafer capacity (SEMI WFF),,晶圆产能,SEMI WFF 工厂级晶圆产能观测。,current,10000,6,中国,/Users/simon/Documents/Simon-OB/本体论/base/半导体/SEMI_WFF_2026_1Q.xlsx,Shanghai Advanced Micro Semiconductors,Discrete,facility_capacity,,,Shanghai Advanced Micro Semiconductors - Fab 2,6540,Company Detail,file:///Users/simon/Documents/Simon-OB/%E6%9C%AC%E4%BD%93%E8%AE%BA/base/%E5%8D%8A%E5%AF%BC%E4%BD%93/SEMI_WFF_2026_1Q.xlsx
Shanghai IC R&D Center (ICRD) - ICRD (ICRD Phase 1) current wafer capacity (SEMI WFF),,晶圆产能,SEMI WFF 工厂级晶圆产能观测。,current,3000,12,中国,/Users/simon/Documents/Simon-OB/本体论/base/半导体/SEMI_WFF_2026_1Q.xlsx,Shanghai IC R&D Center (ICRD),Other,facility_capacity,,,Shanghai IC R&D Center (ICRD) - ICRD (ICRD Phase 1),6489,Company Detail,file:///Users/simon/Documents/Simon-OB/%E6%9C%AC%E4%BD%93%E8%AE%BA/base/%E5%8D%8A%E5%AF%BC%E4%BD%93/SEMI_WFF_2026_1Q.xlsx
Shanghai IC R&D Center (ICRD) - Shanghai IC Equipment & Material Innovation center (ICRD Phase 2) current wafer capacity (SEMI WFF),,晶圆产能,SEMI WFF 工厂级晶圆产能观测。,current,20000,12,中国,/Users/simon/Documents/Simon-OB/本体论/base/半导体/SEMI_WFF_2026_1Q.xlsx,Shanghai IC R&D Center (ICRD),Other,facility_capacity,,,Shanghai IC R&D Center (ICRD) - Shanghai IC Equipment & Material Innovation center (ICRD Phase 2),6499,Company Detail,file:///Users/simon/Documents/Simon-OB/%E6%9C%AC%E4%BD%93%E8%AE%BA/base/%E5%8D%8A%E5%AF%BC%E4%BD%93/SEMI_WFF_2026_1Q.xlsx
Shanghai Industrial Technology Institute (SITRI) - 1st floor Silicon Photonics current wafer capacity (SEMI WFF),,晶圆产能,SEMI WFF 工厂级晶圆产能观测。,current,1000,8,中国,/Users/simon/Documents/Simon-OB/本体论/base/半导体/SEMI_WFF_2026_1Q.xlsx,Shanghai Industrial Technology Institute (SITRI),Opto,facility_capacity,,,Shanghai Industrial Technology Institute (SITRI) - 1st floor Silicon Photonics,4956,Company Detail,file:///Users/simon/Documents/Simon-OB/%E6%9C%AC%E4%BD%93%E8%AE%BA/base/%E5%8D%8A%E5%AF%BC%E4%BD%93/SEMI_WFF_2026_1Q.xlsx
Shanghai Institute of Microsystem and Information Technology (SIMIT) - SIMIT Lab for Transducer Development current wafer capacity (SEMI WFF),,晶圆产能,SEMI WFF 工厂级晶圆产能观测。,current,1000,4,中国,/Users/simon/Documents/Simon-OB/本体论/base/半导体/SEMI_WFF_2026_1Q.xlsx,Shanghai Institute of Microsystem and Information Technology (SIMIT),MEMS,facility_capacity,,,Shanghai Institute of Microsystem and Information Technology (SIMIT) - SIMIT Lab for Transducer Development,3792,Company Detail,file:///Users/simon/Documents/Simon-OB/%E6%9C%AC%E4%BD%93%E8%AE%BA/base/%E5%8D%8A%E5%AF%BC%E4%BD%93/SEMI_WFF_2026_1Q.xlsx
"Shanghai PN-Stone Optoelectronics Co.,Ltd. - LDX current wafer capacity (SEMI WFF)",,晶圆产能,SEMI WFF 工厂级晶圆产能观测。,current,40000,2,中国,/Users/simon/Documents/Simon-OB/本体论/base/半导体/SEMI_WFF_2026_1Q.xlsx,"Shanghai PN-Stone Optoelectronics Co.,Ltd.",Opto,facility_capacity,,,"Shanghai PN-Stone Optoelectronics Co.,Ltd. - LDX",3282,Company Detail,file:///Users/simon/Documents/Simon-OB/%E6%9C%AC%E4%BD%93%E8%AE%BA/base/%E5%8D%8A%E5%AF%BC%E4%BD%93/SEMI_WFF_2026_1Q.xlsx
Sharp - Tenri Development Center current wafer capacity (SEMI WFF),,晶圆产能,SEMI WFF 工厂级晶圆产能观测。,current,750,5,日本,/Users/simon/Documents/Simon-OB/本体论/base/半导体/SEMI_WFF_2026_1Q.xlsx,Sharp,Logic&Micro,facility_capacity,,,Sharp - Tenri Development Center,951,Company Detail,file:///Users/simon/Documents/Simon-OB/%E6%9C%AC%E4%BD%93%E8%AE%BA/base/%E5%8D%8A%E5%AF%BC%E4%BD%93/SEMI_WFF_2026_1Q.xlsx
Sharp - Fukuyama Plant 4 current wafer capacity (SEMI WFF),,晶圆产能,SEMI WFF 工厂级晶圆产能观测。,current,20000,8,日本,/Users/simon/Documents/Simon-OB/本体论/base/半导体/SEMI_WFF_2026_1Q.xlsx,Sharp,Opto,facility_capacity,,,Sharp - Fukuyama Plant 4,1398,Company Detail,file:///Users/simon/Documents/Simon-OB/%E6%9C%AC%E4%BD%93%E8%AE%BA/base/%E5%8D%8A%E5%AF%BC%E4%BD%93/SEMI_WFF_2026_1Q.xlsx
Shenzhen MTC LED - Nanchang current wafer capacity (SEMI WFF),,晶圆产能,SEMI WFF 工厂级晶圆产能观测。,current,1100000,4,中国,/Users/simon/Documents/Simon-OB/本体论/base/半导体/SEMI_WFF_2026_1Q.xlsx,Shenzhen MTC LED,Opto,facility_capacity,,,Shenzhen MTC LED - Nanchang,4970,Company Detail,file:///Users/simon/Documents/Simon-OB/%E6%9C%AC%E4%BD%93%E8%AE%BA/base/%E5%8D%8A%E5%AF%BC%E4%BD%93/SEMI_WFF_2026_1Q.xlsx
Shenzhen Sitan Technology - Xiamen Phase 1 current wafer capacity (SEMI WFF),,晶圆产能,SEMI WFF 工厂级晶圆产能观测。,current,10000,6,中国,/Users/simon/Documents/Simon-OB/本体论/base/半导体/SEMI_WFF_2026_1Q.xlsx,Shenzhen Sitan Technology,Opto,facility_capacity,,,Shenzhen Sitan Technology - Xiamen Phase 1,6590,Company Detail,file:///Users/simon/Documents/Simon-OB/%E6%9C%AC%E4%BD%93%E8%AE%BA/base/%E5%8D%8A%E5%AF%BC%E4%BD%93/SEMI_WFF_2026_1Q.xlsx
Shenzhen Sitan Technology - Shenzhen Pilot line current wafer capacity (SEMI WFF),,晶圆产能,SEMI WFF 工厂级晶圆产能观测。,current,500,6,中国,/Users/simon/Documents/Simon-OB/本体论/base/半导体/SEMI_WFF_2026_1Q.xlsx,Shenzhen Sitan Technology,Opto,facility_capacity,,,Shenzhen Sitan Technology - Shenzhen Pilot line,6591,Company Detail,file:///Users/simon/Documents/Simon-OB/%E6%9C%AC%E4%BD%93%E8%AE%BA/base/%E5%8D%8A%E5%AF%BC%E4%BD%93/SEMI_WFF_2026_1Q.xlsx
"Shindengen Electric Manufacturing Co., Ltd. - Asuka Building #2 (125mm) current wafer capacity (SEMI WFF)",,晶圆产能,SEMI WFF 工厂级晶圆产能观测。,current,40000,5,日本,/Users/simon/Documents/Simon-OB/本体论/base/半导体/SEMI_WFF_2026_1Q.xlsx,"Shindengen Electric Manufacturing Co., Ltd.",Discrete,facility_capacity,,,"Shindengen Electric Manufacturing Co., Ltd. - Asuka Building #2 (125mm)",3727,Company Detail,file:///Users/simon/Documents/Simon-OB/%E6%9C%AC%E4%BD%93%E8%AE%BA/base/%E5%8D%8A%E5%AF%BC%E4%BD%93/SEMI_WFF_2026_1Q.xlsx
"Shindengen Electric Manufacturing Co., Ltd. - Ooura Bldg #2 and #3 current wafer capacity (SEMI WFF)",,晶圆产能,SEMI WFF 工厂级晶圆产能观测。,current,30000,5,日本,/Users/simon/Documents/Simon-OB/本体论/base/半导体/SEMI_WFF_2026_1Q.xlsx,"Shindengen Electric Manufacturing Co., Ltd.",Other,facility_capacity,,,"Shindengen Electric Manufacturing Co., Ltd. - Ooura Bldg #2 and #3",961,Company Detail,file:///Users/simon/Documents/Simon-OB/%E6%9C%AC%E4%BD%93%E8%AE%BA/base/%E5%8D%8A%E5%AF%BC%E4%BD%93/SEMI_WFF_2026_1Q.xlsx
"Shindengen Electric Manufacturing Co., Ltd. - Ooura Bldg#5 current wafer capacity (SEMI WFF)",,晶圆产能,SEMI WFF 工厂级晶圆产能观测。,current,20000,5,日本,/Users/simon/Documents/Simon-OB/本体论/base/半导体/SEMI_WFF_2026_1Q.xlsx,"Shindengen Electric Manufacturing Co., Ltd.",Other,facility_capacity,,,"Shindengen Electric Manufacturing Co., Ltd. - Ooura Bldg#5",3613,Company Detail,file:///Users/simon/Documents/Simon-OB/%E6%9C%AC%E4%BD%93%E8%AE%BA/base/%E5%8D%8A%E5%AF%BC%E4%BD%93/SEMI_WFF_2026_1Q.xlsx
"Shindengen Electric Manufacturing Co., Ltd. - Higashine Bldg #1 current wafer capacity (SEMI WFF)",,晶圆产能,SEMI WFF 工厂级晶圆产能观测。,current,25000,6,日本,/Users/simon/Documents/Simon-OB/本体论/base/半导体/SEMI_WFF_2026_1Q.xlsx,"Shindengen Electric Manufacturing Co., Ltd.",Discrete,facility_capacity,,,"Shindengen Electric Manufacturing Co., Ltd. - Higashine Bldg #1",958,Company Detail,file:///Users/simon/Documents/Simon-OB/%E6%9C%AC%E4%BD%93%E8%AE%BA/base/%E5%8D%8A%E5%AF%BC%E4%BD%93/SEMI_WFF_2026_1Q.xlsx
"Shindengen Electric Manufacturing Co., Ltd. - Ooura Bldg # 4 current wafer capacity (SEMI WFF)",,晶圆产能,SEMI WFF 工厂级晶圆产能观测。,current,16000,5,日本,/Users/simon/Documents/Simon-OB/本体论/base/半导体/SEMI_WFF_2026_1Q.xlsx,"Shindengen Electric Manufacturing Co., Ltd.",Other,facility_capacity,,,"Shindengen Electric Manufacturing Co., Ltd. - Ooura Bldg # 4",1648,Company Detail,file:///Users/simon/Documents/Simon-OB/%E6%9C%AC%E4%BD%93%E8%AE%BA/base/%E5%8D%8A%E5%AF%BC%E4%BD%93/SEMI_WFF_2026_1Q.xlsx
"Shindengen Electric Manufacturing Co., Ltd. - Hanno #1 & 2 current wafer capacity (SEMI WFF)",,晶圆产能,SEMI WFF 工厂级晶圆产能观测。,current,500,4,日本,/Users/simon/Documents/Simon-OB/本体论/base/半导体/SEMI_WFF_2026_1Q.xlsx,"Shindengen Electric Manufacturing Co., Ltd.",Discrete,facility_capacity,,,"Shindengen Electric Manufacturing Co., Ltd. - Hanno #1 & 2",954,Company Detail,file:///Users/simon/Documents/Simon-OB/%E6%9C%AC%E4%BD%93%E8%AE%BA/base/%E5%8D%8A%E5%AF%BC%E4%BD%93/SEMI_WFF_2026_1Q.xlsx
"Shindengen Electric Manufacturing Co., Ltd. - Higashine Bldg #3-2 current wafer capacity (SEMI WFF)",,晶圆产能,SEMI WFF 工厂级晶圆产能观测。,current,12000,6,日本,/Users/simon/Documents/Simon-OB/本体论/base/半导体/SEMI_WFF_2026_1Q.xlsx,"Shindengen Electric Manufacturing Co., Ltd.",Discrete,facility_capacity,,,"Shindengen Electric Manufacturing Co., Ltd. - Higashine Bldg #3-2",957,Company Detail,file:///Users/simon/Documents/Simon-OB/%E6%9C%AC%E4%BD%93%E8%AE%BA/base/%E5%8D%8A%E5%AF%BC%E4%BD%93/SEMI_WFF_2026_1Q.xlsx
"Shindengen Electric Manufacturing Co., Ltd. - Higashine Bldg #3-1 current wafer capacity (SEMI WFF)",,晶圆产能,SEMI WFF 工厂级晶圆产能观测。,current,30000,5,日本,/Users/simon/Documents/Simon-OB/本体论/base/半导体/SEMI_WFF_2026_1Q.xlsx,"Shindengen Electric Manufacturing Co., Ltd.",Discrete,facility_capacity,,,"Shindengen Electric Manufacturing Co., Ltd. - Higashine Bldg #3-1",956,Company Detail,file:///Users/simon/Documents/Simon-OB/%E6%9C%AC%E4%BD%93%E8%AE%BA/base/%E5%8D%8A%E5%AF%BC%E4%BD%93/SEMI_WFF_2026_1Q.xlsx
"Shindengen Electric Manufacturing Co., Ltd. - Higashine Bldg #2 current wafer capacity (SEMI WFF)",,晶圆产能,SEMI WFF 工厂级晶圆产能观测。,current,25000,5,日本,/Users/simon/Documents/Simon-OB/本体论/base/半导体/SEMI_WFF_2026_1Q.xlsx,"Shindengen Electric Manufacturing Co., Ltd.",Discrete,facility_capacity,,,"Shindengen Electric Manufacturing Co., Ltd. - Higashine Bldg #2",959,Company Detail,file:///Users/simon/Documents/Simon-OB/%E6%9C%AC%E4%BD%93%E8%AE%BA/base/%E5%8D%8A%E5%AF%BC%E4%BD%93/SEMI_WFF_2026_1Q.xlsx
"Shindengen Electric Manufacturing Co., Ltd. - Asuka Building #1 (100mm) current wafer capacity (SEMI WFF)",,晶圆产能,SEMI WFF 工厂级晶圆产能观测。,current,200000,4,日本,/Users/simon/Documents/Simon-OB/本体论/base/半导体/SEMI_WFF_2026_1Q.xlsx,"Shindengen Electric Manufacturing Co., Ltd.",Discrete,facility_capacity,,,"Shindengen Electric Manufacturing Co., Ltd. - Asuka Building #1 (100mm)",960,Company Detail,file:///Users/simon/Documents/Simon-OB/%E6%9C%AC%E4%BD%93%E8%AE%BA/base/%E5%8D%8A%E5%AF%BC%E4%BD%93/SEMI_WFF_2026_1Q.xlsx
"Shindengen Electric Manufacturing Co., Ltd. - Higashine Bldg #4 current wafer capacity (SEMI WFF)",,晶圆产能,SEMI WFF 工厂级晶圆产能观测。,current,15000,6,日本,/Users/simon/Documents/Simon-OB/本体论/base/半导体/SEMI_WFF_2026_1Q.xlsx,"Shindengen Electric Manufacturing Co., Ltd.",Discrete,facility_capacity,,,"Shindengen Electric Manufacturing Co., Ltd. - Higashine Bldg #4",3213,Company Detail,file:///Users/simon/Documents/Simon-OB/%E6%9C%AC%E4%BD%93%E8%AE%BA/base/%E5%8D%8A%E5%AF%BC%E4%BD%93/SEMI_WFF_2026_1Q.xlsx
"Shindengen Electric Manufacturing Co., Ltd. - Asuka Building #2 (100mm) current wafer capacity (SEMI WFF)",,晶圆产能,SEMI WFF 工厂级晶圆产能观测。,current,150000,4,日本,/Users/simon/Documents/Simon-OB/本体论/base/半导体/SEMI_WFF_2026_1Q.xlsx,"Shindengen Electric Manufacturing Co., Ltd.",Discrete,facility_capacity,,,"Shindengen Electric Manufacturing Co., Ltd. - Asuka Building #2 (100mm)",3214,Company Detail,file:///Users/simon/Documents/Simon-OB/%E6%9C%AC%E4%BD%93%E8%AE%BA/base/%E5%8D%8A%E5%AF%BC%E4%BD%93/SEMI_WFF_2026_1Q.xlsx
"Shindengen Electric Manufacturing Co., Ltd. - Ooura Bldg #1 current wafer capacity (SEMI WFF)",,晶圆产能,SEMI WFF 工厂级晶圆产能观测。,current,20000,4,日本,/Users/simon/Documents/Simon-OB/本体论/base/半导体/SEMI_WFF_2026_1Q.xlsx,"Shindengen Electric Manufacturing Co., Ltd.",Other,facility_capacity,,,"Shindengen Electric Manufacturing Co., Ltd. - Ooura Bldg #1",3215,Company Detail,file:///Users/simon/Documents/Simon-OB/%E6%9C%AC%E4%BD%93%E8%AE%BA/base/%E5%8D%8A%E5%AF%BC%E4%BD%93/SEMI_WFF_2026_1Q.xlsx
Shougang - Front End Fab 1 current wafer capacity (SEMI WFF),,晶圆产能,SEMI WFF 工厂级晶圆产能观测。,current,15000,6,中国,/Users/simon/Documents/Simon-OB/本体论/base/半导体/SEMI_WFF_2026_1Q.xlsx,Shougang,Analog,facility_capacity,,,Shougang - Front End Fab 1,1391,Company Detail,file:///Users/simon/Documents/Simon-OB/%E6%9C%AC%E4%BD%93%E8%AE%BA/base/%E5%8D%8A%E5%AF%BC%E4%BD%93/SEMI_WFF_2026_1Q.xlsx
SI Semiconductors Co Ltd. - 5-inch current wafer capacity (SEMI WFF),,晶圆产能,SEMI WFF 工厂级晶圆产能观测。,current,40000,5,中国,/Users/simon/Documents/Simon-OB/本体论/base/半导体/SEMI_WFF_2026_1Q.xlsx,SI Semiconductors Co Ltd.,Discrete,facility_capacity,,,SI Semiconductors Co Ltd. - 5-inch,2107,Company Detail,file:///Users/simon/Documents/Simon-OB/%E6%9C%AC%E4%BD%93%E8%AE%BA/base/%E5%8D%8A%E5%AF%BC%E4%BD%93/SEMI_WFF_2026_1Q.xlsx
SI Semiconductors Co Ltd. - 4-inch current wafer capacity (SEMI WFF),,晶圆产能,SEMI WFF 工厂级晶圆产能观测。,current,40000,4,中国,/Users/simon/Documents/Simon-OB/本体论/base/半导体/SEMI_WFF_2026_1Q.xlsx,SI Semiconductors Co Ltd.,Discrete,facility_capacity,,,SI Semiconductors Co Ltd. - 4-inch,965,Company Detail,file:///Users/simon/Documents/Simon-OB/%E6%9C%AC%E4%BD%93%E8%AE%BA/base/%E5%8D%8A%E5%AF%BC%E4%BD%93/SEMI_WFF_2026_1Q.xlsx
SiCamore Semi - Main Fab (cleanroom 2) SiC (was Microsemi) current wafer capacity (SEMI WFF),,晶圆产能,SEMI WFF 工厂级晶圆产能观测。,current,2000,4,美洲,/Users/simon/Documents/Simon-OB/本体论/base/半导体/SEMI_WFF_2026_1Q.xlsx,SiCamore Semi,Analog,facility_capacity,,,SiCamore Semi - Main Fab (cleanroom 2) SiC (was Microsemi),6131,Company Detail,file:///Users/simon/Documents/Simon-OB/%E6%9C%AC%E4%BD%93%E8%AE%BA/base/%E5%8D%8A%E5%AF%BC%E4%BD%93/SEMI_WFF_2026_1Q.xlsx
SiCamore Semi - Gold Fab (cleanroom 3) Gold fab dedicated current wafer capacity (SEMI WFF),,晶圆产能,SEMI WFF 工厂级晶圆产能观测。,current,1500,4,美洲,/Users/simon/Documents/Simon-OB/本体论/base/半导体/SEMI_WFF_2026_1Q.xlsx,SiCamore Semi,Analog,facility_capacity,,,SiCamore Semi - Gold Fab (cleanroom 3) Gold fab dedicated,2310,Company Detail,file:///Users/simon/Documents/Simon-OB/%E6%9C%AC%E4%BD%93%E8%AE%BA/base/%E5%8D%8A%E5%AF%BC%E4%BD%93/SEMI_WFF_2026_1Q.xlsx
SiCamore Semi - Main Fab (cleanroom 1) Silicon (was Microsemi) current wafer capacity (SEMI WFF),,晶圆产能,SEMI WFF 工厂级晶圆产能观测。,current,2500,4,美洲,/Users/simon/Documents/Simon-OB/本体论/base/半导体/SEMI_WFF_2026_1Q.xlsx,SiCamore Semi,Analog,facility_capacity,,,SiCamore Semi - Main Fab (cleanroom 1) Silicon (was Microsemi),5,Company Detail,file:///Users/simon/Documents/Simon-OB/%E6%9C%AC%E4%BD%93%E8%AE%BA/base/%E5%8D%8A%E5%AF%BC%E4%BD%93/SEMI_WFF_2026_1Q.xlsx
SiCamore Semi - Main Fab 6-inch line expansion current wafer capacity (SEMI WFF),,晶圆产能,SEMI WFF 工厂级晶圆产能观测。,current,1200,6,美洲,/Users/simon/Documents/Simon-OB/本体论/base/半导体/SEMI_WFF_2026_1Q.xlsx,SiCamore Semi,Analog,facility_capacity,,,SiCamore Semi - Main Fab 6-inch line expansion,6132,Company Detail,file:///Users/simon/Documents/Simon-OB/%E6%9C%AC%E4%BD%93%E8%AE%BA/base/%E5%8D%8A%E5%AF%BC%E4%BD%93/SEMI_WFF_2026_1Q.xlsx
Sichuan General Microelectronics - Fab 1 (phase 1 of 2 or 3) current wafer capacity (SEMI WFF),,晶圆产能,SEMI WFF 工厂级晶圆产能观测。,current,50000,6,中国,/Users/simon/Documents/Simon-OB/本体论/base/半导体/SEMI_WFF_2026_1Q.xlsx,Sichuan General Microelectronics,Discrete,facility_capacity,,,Sichuan General Microelectronics - Fab 1 (phase 1 of 2 or 3),5035,Company Detail,file:///Users/simon/Documents/Simon-OB/%E6%9C%AC%E4%BD%93%E8%AE%BA/base/%E5%8D%8A%E5%AF%BC%E4%BD%93/SEMI_WFF_2026_1Q.xlsx
SiCrystal GmbH - Nürnberg Fab current wafer capacity (SEMI WFF),,晶圆产能,SEMI WFF 工厂级晶圆产能观测。,current,12000,6,Europe & Mideast,/Users/simon/Documents/Simon-OB/本体论/base/半导体/SEMI_WFF_2026_1Q.xlsx,SiCrystal GmbH,EPI,facility_capacity,,,SiCrystal GmbH - Nürnberg Fab,6156,Company Detail,file:///Users/simon/Documents/Simon-OB/%E6%9C%AC%E4%BD%93%E8%AE%BA/base/%E5%8D%8A%E5%AF%BC%E4%BD%93/SEMI_WFF_2026_1Q.xlsx
"SiEn Integrated Circuits Co., Ltd. - Fab 1 (300mm line) current wafer capacity (SEMI WFF)",,晶圆产能,SEMI WFF 工厂级晶圆产能观测。,current,3000,12,中国,/Users/simon/Documents/Simon-OB/本体论/base/半导体/SEMI_WFF_2026_1Q.xlsx,"SiEn Integrated Circuits Co., Ltd.",Analog,facility_capacity,,,"SiEn Integrated Circuits Co., Ltd. - Fab 1 (300mm line)",6504,Company Detail,file:///Users/simon/Documents/Simon-OB/%E6%9C%AC%E4%BD%93%E8%AE%BA/base/%E5%8D%8A%E5%AF%BC%E4%BD%93/SEMI_WFF_2026_1Q.xlsx
"SiEn Integrated Circuits Co., Ltd. - Fab 3 current wafer capacity (SEMI WFF)",,晶圆产能,SEMI WFF 工厂级晶圆产能观测。,current,15000,12,中国,/Users/simon/Documents/Simon-OB/本体论/base/半导体/SEMI_WFF_2026_1Q.xlsx,"SiEn Integrated Circuits Co., Ltd.",Logic&Micro,facility_capacity,,,"SiEn Integrated Circuits Co., Ltd. - Fab 3",6545,Company Detail,file:///Users/simon/Documents/Simon-OB/%E6%9C%AC%E4%BD%93%E8%AE%BA/base/%E5%8D%8A%E5%AF%BC%E4%BD%93/SEMI_WFF_2026_1Q.xlsx
"SiEn Integrated Circuits Co., Ltd. - Fab 4 current wafer capacity (SEMI WFF)",,晶圆产能,SEMI WFF 工厂级晶圆产能观测。,current,10000,12,中国,/Users/simon/Documents/Simon-OB/本体论/base/半导体/SEMI_WFF_2026_1Q.xlsx,"SiEn Integrated Circuits Co., Ltd.",Logic&Micro,facility_capacity,,,"SiEn Integrated Circuits Co., Ltd. - Fab 4",6546,Company Detail,file:///Users/simon/Documents/Simon-OB/%E6%9C%AC%E4%BD%93%E8%AE%BA/base/%E5%8D%8A%E5%AF%BC%E4%BD%93/SEMI_WFF_2026_1Q.xlsx
"SiEn Integrated Circuits Co., Ltd. - Fab 1 (200mm) current wafer capacity (SEMI WFF)",,晶圆产能,SEMI WFF 工厂级晶圆产能观测。,current,30000,8,中国,/Users/simon/Documents/Simon-OB/本体论/base/半导体/SEMI_WFF_2026_1Q.xlsx,"SiEn Integrated Circuits Co., Ltd.",Analog,facility_capacity,,,"SiEn Integrated Circuits Co., Ltd. - Fab 1 (200mm)",5046,Company Detail,file:///Users/simon/Documents/Simon-OB/%E6%9C%AC%E4%BD%93%E8%AE%BA/base/%E5%8D%8A%E5%AF%BC%E4%BD%93/SEMI_WFF_2026_1Q.xlsx
"SiEn Integrated Circuits Co., Ltd. - Fab 2 current wafer capacity (SEMI WFF)",,晶圆产能,SEMI WFF 工厂级晶圆产能观测。,current,17000,12,中国,/Users/simon/Documents/Simon-OB/本体论/base/半导体/SEMI_WFF_2026_1Q.xlsx,"SiEn Integrated Circuits Co., Ltd.",Logic&Micro,facility_capacity,,,"SiEn Integrated Circuits Co., Ltd. - Fab 2",5104,Company Detail,file:///Users/simon/Documents/Simon-OB/%E6%9C%AC%E4%BD%93%E8%AE%BA/base/%E5%8D%8A%E5%AF%BC%E4%BD%93/SEMI_WFF_2026_1Q.xlsx
SIGM PLUS Co. - Fab 1 current wafer capacity (SEMI WFF),,晶圆产能,SEMI WFF 工厂级晶圆产能观测。,current,500,2,Europe & Mideast,/Users/simon/Documents/Simon-OB/本体论/base/半导体/SEMI_WFF_2026_1Q.xlsx,SIGM PLUS Co.,Discrete,facility_capacity,,,SIGM PLUS Co. - Fab 1,2216,Company Detail,file:///Users/simon/Documents/Simon-OB/%E6%9C%AC%E4%BD%93%E8%AE%BA/base/%E5%8D%8A%E5%AF%BC%E4%BD%93/SEMI_WFF_2026_1Q.xlsx
"Silan Microelectronics Co., Ltd. - Fab 1 current wafer capacity (SEMI WFF)",,晶圆产能,SEMI WFF 工厂级晶圆产能观测。,current,80000,5,中国,/Users/simon/Documents/Simon-OB/本体论/base/半导体/SEMI_WFF_2026_1Q.xlsx,"Silan Microelectronics Co., Ltd.",Discrete,facility_capacity,,,"Silan Microelectronics Co., Ltd. - Fab 1",2088,Company Detail,file:///Users/simon/Documents/Simon-OB/%E6%9C%AC%E4%BD%93%E8%AE%BA/base/%E5%8D%8A%E5%AF%BC%E4%BD%93/SEMI_WFF_2026_1Q.xlsx
"Silan Microelectronics Co., Ltd. - Xiamen Compound fab (Phase 1) current wafer capacity (SEMI WFF)",,晶圆产能,SEMI WFF 工厂级晶圆产能观测。,current,72000,4,中国,/Users/simon/Documents/Simon-OB/本体论/base/半导体/SEMI_WFF_2026_1Q.xlsx,"Silan Microelectronics Co., Ltd.",Opto,facility_capacity,,,"Silan Microelectronics Co., Ltd. - Xiamen Compound fab (Phase 1)",5082,Company Detail,file:///Users/simon/Documents/Simon-OB/%E6%9C%AC%E4%BD%93%E8%AE%BA/base/%E5%8D%8A%E5%AF%BC%E4%BD%93/SEMI_WFF_2026_1Q.xlsx
"Silan Microelectronics Co., Ltd. - Xiamen 300mm Fab 1 (2 phases) current wafer capacity (SEMI WFF)",,晶圆产能,SEMI WFF 工厂级晶圆产能观测。,current,80000,12,中国,/Users/simon/Documents/Simon-OB/本体论/base/半导体/SEMI_WFF_2026_1Q.xlsx,"Silan Microelectronics Co., Ltd.",Discrete,facility_capacity,,,"Silan Microelectronics Co., Ltd. - Xiamen 300mm Fab 1 (2 phases)",4988,Company Detail,file:///Users/simon/Documents/Simon-OB/%E6%9C%AC%E4%BD%93%E8%AE%BA/base/%E5%8D%8A%E5%AF%BC%E4%BD%93/SEMI_WFF_2026_1Q.xlsx
"Silan Microelectronics Co., Ltd. - 200mm line current wafer capacity (SEMI WFF)",,晶圆产能,SEMI WFF 工厂级晶圆产能观测。,current,90000,8,中国,/Users/simon/Documents/Simon-OB/本体论/base/半导体/SEMI_WFF_2026_1Q.xlsx,"Silan Microelectronics Co., Ltd.",Discrete,facility_capacity,,,"Silan Microelectronics Co., Ltd. - 200mm line",3773,Company Detail,file:///Users/simon/Documents/Simon-OB/%E6%9C%AC%E4%BD%93%E8%AE%BA/base/%E5%8D%8A%E5%AF%BC%E4%BD%93/SEMI_WFF_2026_1Q.xlsx
"Silan Microelectronics Co., Ltd. - Chengdu EPI fab current wafer capacity (SEMI WFF)",,晶圆产能,SEMI WFF 工厂级晶圆产能观测。,current,30000,2,中国,/Users/simon/Documents/Simon-OB/本体论/base/半导体/SEMI_WFF_2026_1Q.xlsx,"Silan Microelectronics Co., Ltd.",Discrete,facility_capacity,,,"Silan Microelectronics Co., Ltd. - Chengdu EPI fab",3354,Company Detail,file:///Users/simon/Documents/Simon-OB/%E6%9C%AC%E4%BD%93%E8%AE%BA/base/%E5%8D%8A%E5%AF%BC%E4%BD%93/SEMI_WFF_2026_1Q.xlsx
"Silan Microelectronics Co., Ltd. - Fab 2 current wafer capacity (SEMI WFF)",,晶圆产能,SEMI WFF 工厂级晶圆产能观测。,current,70000,6,中国,/Users/simon/Documents/Simon-OB/本体论/base/半导体/SEMI_WFF_2026_1Q.xlsx,"Silan Microelectronics Co., Ltd.",Discrete,facility_capacity,,,"Silan Microelectronics Co., Ltd. - Fab 2",2218,Company Detail,file:///Users/simon/Documents/Simon-OB/%E6%9C%AC%E4%BD%93%E8%AE%BA/base/%E5%8D%8A%E5%AF%BC%E4%BD%93/SEMI_WFF_2026_1Q.xlsx
"Silan Microelectronics Co., Ltd. - HangZhou new 300mm line current wafer capacity (SEMI WFF)",,晶圆产能,SEMI WFF 工厂级晶圆产能观测。,current,30000,12,中国,/Users/simon/Documents/Simon-OB/本体论/base/半导体/SEMI_WFF_2026_1Q.xlsx,"Silan Microelectronics Co., Ltd.",Discrete,facility_capacity,,,"Silan Microelectronics Co., Ltd. - HangZhou new 300mm line",6415,Company Detail,file:///Users/simon/Documents/Simon-OB/%E6%9C%AC%E4%BD%93%E8%AE%BA/base/%E5%8D%8A%E5%AF%BC%E4%BD%93/SEMI_WFF_2026_1Q.xlsx
"Silan Microelectronics Co., Ltd. - Xiamen Compound SiC Line (Phase 2) current wafer capacity (SEMI WFF)",,晶圆产能,SEMI WFF 工厂级晶圆产能观测。,current,12000,6,中国,/Users/simon/Documents/Simon-OB/本体论/base/半导体/SEMI_WFF_2026_1Q.xlsx,"Silan Microelectronics Co., Ltd.",Discrete,facility_capacity,,,"Silan Microelectronics Co., Ltd. - Xiamen Compound SiC Line (Phase 2)",6416,Company Detail,file:///Users/simon/Documents/Simon-OB/%E6%9C%AC%E4%BD%93%E8%AE%BA/base/%E5%8D%8A%E5%AF%BC%E4%BD%93/SEMI_WFF_2026_1Q.xlsx
"Silan Microelectronics Co., Ltd. - Xiamen 300mm Fab 2 current wafer capacity (SEMI WFF)",,晶圆产能,SEMI WFF 工厂级晶圆产能观测。,current,80000,12,中国,/Users/simon/Documents/Simon-OB/本体论/base/半导体/SEMI_WFF_2026_1Q.xlsx,"Silan Microelectronics Co., Ltd.",Discrete,facility_capacity,,,"Silan Microelectronics Co., Ltd. - Xiamen 300mm Fab 2",5125,Company Detail,file:///Users/simon/Documents/Simon-OB/%E6%9C%AC%E4%BD%93%E8%AE%BA/base/%E5%8D%8A%E5%AF%BC%E4%BD%93/SEMI_WFF_2026_1Q.xlsx
Silanna (was Sapphicon) - Fab 3 Compound R&D Facility current wafer capacity (SEMI WFF),,晶圆产能,SEMI WFF 工厂级晶圆产能观测。,current,100,6,SE Asia,/Users/simon/Documents/Simon-OB/本体论/base/半导体/SEMI_WFF_2026_1Q.xlsx,Silanna (was Sapphicon),Other,facility_capacity,,,Silanna (was Sapphicon) - Fab 3 Compound R&D Facility,3511,Company Detail,file:///Users/simon/Documents/Simon-OB/%E6%9C%AC%E4%BD%93%E8%AE%BA/base/%E5%8D%8A%E5%AF%BC%E4%BD%93/SEMI_WFF_2026_1Q.xlsx
Silanna (was Sapphicon) - Fab 1 current wafer capacity (SEMI WFF),,晶圆产能,SEMI WFF 工厂级晶圆产能观测。,current,600,6,SE Asia,/Users/simon/Documents/Simon-OB/本体论/base/半导体/SEMI_WFF_2026_1Q.xlsx,Silanna (was Sapphicon),Discrete,facility_capacity,,,Silanna (was Sapphicon) - Fab 1,3623,Company Detail,file:///Users/simon/Documents/Simon-OB/%E6%9C%AC%E4%BD%93%E8%AE%BA/base/%E5%8D%8A%E5%AF%BC%E4%BD%93/SEMI_WFF_2026_1Q.xlsx
Silanna (was Sapphicon) - Fab 2 (upgrade of Fab 1) current wafer capacity (SEMI WFF),,晶圆产能,SEMI WFF 工厂级晶圆产能观测。,current,600,6,SE Asia,/Users/simon/Documents/Simon-OB/本体论/base/半导体/SEMI_WFF_2026_1Q.xlsx,Silanna (was Sapphicon),Discrete,facility_capacity,,,Silanna (was Sapphicon) - Fab 2 (upgrade of Fab 1),3579,Company Detail,file:///Users/simon/Documents/Simon-OB/%E6%9C%AC%E4%BD%93%E8%AE%BA/base/%E5%8D%8A%E5%AF%BC%E4%BD%93/SEMI_WFF_2026_1Q.xlsx
Silex Microsystems AB - Fab 3 (Beijing) current wafer capacity (SEMI WFF),,晶圆产能,SEMI WFF 工厂级晶圆产能观测。,current,30000,8,中国,/Users/simon/Documents/Simon-OB/本体论/base/半导体/SEMI_WFF_2026_1Q.xlsx,Silex Microsystems AB,MEMS,facility_capacity,,,Silex Microsystems AB - Fab 3 (Beijing),3818,Company Detail,file:///Users/simon/Documents/Simon-OB/%E6%9C%AC%E4%BD%93%E8%AE%BA/base/%E5%8D%8A%E5%AF%BC%E4%BD%93/SEMI_WFF_2026_1Q.xlsx
"Silex Microsystems AB - Fab 1&2 (was Fab 2, Jarfalla 8-inch MEMS) current wafer capacity (SEMI WFF)",,晶圆产能,SEMI WFF 工厂级晶圆产能观测。,current,10000,8,Europe & Mideast,/Users/simon/Documents/Simon-OB/本体论/base/半导体/SEMI_WFF_2026_1Q.xlsx,Silex Microsystems AB,MEMS,facility_capacity,,,"Silex Microsystems AB - Fab 1&2 (was Fab 2, Jarfalla 8-inch MEMS)",3140,Company Detail,file:///Users/simon/Documents/Simon-OB/%E6%9C%AC%E4%BD%93%E8%AE%BA/base/%E5%8D%8A%E5%AF%BC%E4%BD%93/SEMI_WFF_2026_1Q.xlsx
Silicon Sensing - Silicon Sensing Systems Japan current wafer capacity (SEMI WFF),,晶圆产能,SEMI WFF 工厂级晶圆产能观测。,current,800,8,日本,/Users/simon/Documents/Simon-OB/本体论/base/半导体/SEMI_WFF_2026_1Q.xlsx,Silicon Sensing,MEMS,facility_capacity,,,Silicon Sensing - Silicon Sensing Systems Japan,4948,Company Detail,file:///Users/simon/Documents/Simon-OB/%E6%9C%AC%E4%BD%93%E8%AE%BA/base/%E5%8D%8A%E5%AF%BC%E4%BD%93/SEMI_WFF_2026_1Q.xlsx
SilTerra Malaysia Sdn. Bhd. - Fab 1 current wafer capacity (SEMI WFF),,晶圆产能,SEMI WFF 工厂级晶圆产能观测。,current,55000,8,SE Asia,/Users/simon/Documents/Simon-OB/本体论/base/半导体/SEMI_WFF_2026_1Q.xlsx,SilTerra Malaysia Sdn. Bhd.,Discrete,facility_capacity,,,SilTerra Malaysia Sdn. Bhd. - Fab 1,1521,Company Detail,file:///Users/simon/Documents/Simon-OB/%E6%9C%AC%E4%BD%93%E8%AE%BA/base/%E5%8D%8A%E5%AF%BC%E4%BD%93/SEMI_WFF_2026_1Q.xlsx
Sino Nitride Semiconductor - Dongguan and HQ fab current wafer capacity (SEMI WFF),,晶圆产能,SEMI WFF 工厂级晶圆产能观测。,current,1000,6,中国,/Users/simon/Documents/Simon-OB/本体论/base/半导体/SEMI_WFF_2026_1Q.xlsx,Sino Nitride Semiconductor,EPI,facility_capacity,,,Sino Nitride Semiconductor - Dongguan and HQ fab,6153,Company Detail,file:///Users/simon/Documents/Simon-OB/%E6%9C%AC%E4%BD%93%E8%AE%BA/base/%E5%8D%8A%E5%AF%BC%E4%BD%93/SEMI_WFF_2026_1Q.xlsx
Sino-Semiconductor - Zhuhai Fab current wafer capacity (SEMI WFF),,晶圆产能,SEMI WFF 工厂级晶圆产能观测。,current,15000,6,中国,/Users/simon/Documents/Simon-OB/本体论/base/半导体/SEMI_WFF_2026_1Q.xlsx,Sino-Semiconductor,Opto,facility_capacity,,,Sino-Semiconductor - Zhuhai Fab,6531,Company Detail,file:///Users/simon/Documents/Simon-OB/%E6%9C%AC%E4%BD%93%E8%AE%BA/base/%E5%8D%8A%E5%AF%BC%E4%BD%93/SEMI_WFF_2026_1Q.xlsx
Sino-Semiconductor - Taizhou fab current wafer capacity (SEMI WFF),,晶圆产能,SEMI WFF 工厂级晶圆产能观测。,current,8000,4,中国,/Users/simon/Documents/Simon-OB/本体论/base/半导体/SEMI_WFF_2026_1Q.xlsx,Sino-Semiconductor,Opto,facility_capacity,,,Sino-Semiconductor - Taizhou fab,5039,Company Detail,file:///Users/simon/Documents/Simon-OB/%E6%9C%AC%E4%BD%93%E8%AE%BA/base/%E5%8D%8A%E5%AF%BC%E4%BD%93/SEMI_WFF_2026_1Q.xlsx
SINTEF - NiNaLab current wafer capacity (SEMI WFF),,晶圆产能,SEMI WFF 工厂级晶圆产能观测。,current,850,6,Europe & Mideast,/Users/simon/Documents/Simon-OB/本体论/base/半导体/SEMI_WFF_2026_1Q.xlsx,SINTEF,Other,facility_capacity,,,SINTEF - NiNaLab,3142,Company Detail,file:///Users/simon/Documents/Simon-OB/%E6%9C%AC%E4%BD%93%E8%AE%BA/base/%E5%8D%8A%E5%AF%BC%E4%BD%93/SEMI_WFF_2026_1Q.xlsx
SITAR (Bangalore & Hyderabad) - GAETEC - GaAs Foundry current wafer capacity (SEMI WFF),,晶圆产能,SEMI WFF 工厂级晶圆产能观测。,current,400,3,SE Asia,/Users/simon/Documents/Simon-OB/本体论/base/半导体/SEMI_WFF_2026_1Q.xlsx,SITAR (Bangalore & Hyderabad),Other,facility_capacity,,,SITAR (Bangalore & Hyderabad) - GAETEC - GaAs Foundry,2427,Company Detail,file:///Users/simon/Documents/Simon-OB/%E6%9C%AC%E4%BD%93%E8%AE%BA/base/%E5%8D%8A%E5%AF%BC%E4%BD%93/SEMI_WFF_2026_1Q.xlsx
SITAR (Bangalore & Hyderabad) - STARC (MEMS was ASIC) current wafer capacity (SEMI WFF),,晶圆产能,SEMI WFF 工厂级晶圆产能观测。,current,500,6,SE Asia,/Users/simon/Documents/Simon-OB/本体论/base/半导体/SEMI_WFF_2026_1Q.xlsx,SITAR (Bangalore & Hyderabad),MEMS,facility_capacity,,,SITAR (Bangalore & Hyderabad) - STARC (MEMS was ASIC),2170,Company Detail,file:///Users/simon/Documents/Simon-OB/%E6%9C%AC%E4%BD%93%E8%AE%BA/base/%E5%8D%8A%E5%AF%BC%E4%BD%93/SEMI_WFF_2026_1Q.xlsx
SiTo Microelectronics Technology - Hefei current wafer capacity (SEMI WFF),,晶圆产能,SEMI WFF 工厂级晶圆产能观测。,current,20000,6,中国,/Users/simon/Documents/Simon-OB/本体论/base/半导体/SEMI_WFF_2026_1Q.xlsx,SiTo Microelectronics Technology,Discrete,facility_capacity,,,SiTo Microelectronics Technology - Hefei,6533,Company Detail,file:///Users/simon/Documents/Simon-OB/%E6%9C%AC%E4%BD%93%E8%AE%BA/base/%E5%8D%8A%E5%AF%BC%E4%BD%93/SEMI_WFF_2026_1Q.xlsx
SK Hynix - M11+M12 (3D NAND) CF current wafer capacity (SEMI WFF),,晶圆产能,SEMI WFF 工厂级晶圆产能观测。,current,95000,12,韩国,/Users/simon/Documents/Simon-OB/本体论/base/半导体/SEMI_WFF_2026_1Q.xlsx,SK Hynix,Memory,facility_capacity,,,SK Hynix - M11+M12 (3D NAND) CF,3768,Company Detail,file:///Users/simon/Documents/Simon-OB/%E6%9C%AC%E4%BD%93%E8%AE%BA/base/%E5%8D%8A%E5%AF%BC%E4%BD%93/SEMI_WFF_2026_1Q.xlsx
SK Hynix - M14 Phase 2 (DRAM support) current wafer capacity (SEMI WFF),,晶圆产能,SEMI WFF 工厂级晶圆产能观测。,current,13000,12,韩国,/Users/simon/Documents/Simon-OB/本体论/base/半导体/SEMI_WFF_2026_1Q.xlsx,SK Hynix,Memory,facility_capacity,,,SK Hynix - M14 Phase 2 (DRAM support),6443,Company Detail,file:///Users/simon/Documents/Simon-OB/%E6%9C%AC%E4%BD%93%E8%AE%BA/base/%E5%8D%8A%E5%AF%BC%E4%BD%93/SEMI_WFF_2026_1Q.xlsx
SK Hynix - Solidigm Fab 3 (New Fab) current wafer capacity (SEMI WFF),,晶圆产能,SEMI WFF 工厂级晶圆产能观测。,current,70000,12,中国,/Users/simon/Documents/Simon-OB/本体论/base/半导体/SEMI_WFF_2026_1Q.xlsx,SK Hynix,Memory,facility_capacity,,,SK Hynix - Solidigm Fab 3 (New Fab),6363,Company Detail,file:///Users/simon/Documents/Simon-OB/%E6%9C%AC%E4%BD%93%E8%AE%BA/base/%E5%8D%8A%E5%AF%BC%E4%BD%93/SEMI_WFF_2026_1Q.xlsx
SK Hynix - M15X (Phase 1 + 2) current wafer capacity (SEMI WFF),,晶圆产能,SEMI WFF 工厂级晶圆产能观测。,current,80000,12,韩国,/Users/simon/Documents/Simon-OB/本体论/base/半导体/SEMI_WFF_2026_1Q.xlsx,SK Hynix,Memory,facility_capacity,,,SK Hynix - M15X (Phase 1 + 2),6389,Company Detail,file:///Users/simon/Documents/Simon-OB/%E6%9C%AC%E4%BD%93%E8%AE%BA/base/%E5%8D%8A%E5%AF%BC%E4%BD%93/SEMI_WFF_2026_1Q.xlsx
SK Hynix - Y1 DRAM was M17 (phase 2) current wafer capacity (SEMI WFF),,晶圆产能,SEMI WFF 工厂级晶圆产能观测。,current,150000,12,韩国,/Users/simon/Documents/Simon-OB/本体论/base/半导体/SEMI_WFF_2026_1Q.xlsx,SK Hynix,Memory,facility_capacity,,,SK Hynix - Y1 DRAM was M17 (phase 2),5114,Company Detail,file:///Users/simon/Documents/Simon-OB/%E6%9C%AC%E4%BD%93%E8%AE%BA/base/%E5%8D%8A%E5%AF%BC%E4%BD%93/SEMI_WFF_2026_1Q.xlsx
SK Hynix - M14 Phase 2 (3D NAND) current wafer capacity (SEMI WFF),,晶圆产能,SEMI WFF 工厂级晶圆产能观测。,current,50000,12,韩国,/Users/simon/Documents/Simon-OB/本体论/base/半导体/SEMI_WFF_2026_1Q.xlsx,SK Hynix,Memory,facility_capacity,,,SK Hynix - M14 Phase 2 (3D NAND),3823,Company Detail,file:///Users/simon/Documents/Simon-OB/%E6%9C%AC%E4%BD%93%E8%AE%BA/base/%E5%8D%8A%E5%AF%BC%E4%BD%93/SEMI_WFF_2026_1Q.xlsx
SK Hynix - Solidigm Fab 1 was Intel Fab 68 (Phase 1) current wafer capacity (SEMI WFF),,晶圆产能,SEMI WFF 工厂级晶圆产能观测。,current,30000,12,中国,/Users/simon/Documents/Simon-OB/本体论/base/半导体/SEMI_WFF_2026_1Q.xlsx,SK Hynix,Memory,facility_capacity,,,SK Hynix - Solidigm Fab 1 was Intel Fab 68 (Phase 1),2393,Company Detail,file:///Users/simon/Documents/Simon-OB/%E6%9C%AC%E4%BD%93%E8%AE%BA/base/%E5%8D%8A%E5%AF%BC%E4%BD%93/SEMI_WFF_2026_1Q.xlsx
SK Hynix - C2F (new Fab Wuxi originally C2 expansion) current wafer capacity (SEMI WFF),,晶圆产能,SEMI WFF 工厂级晶圆产能观测。,current,82000,12,中国,/Users/simon/Documents/Simon-OB/本体论/base/半导体/SEMI_WFF_2026_1Q.xlsx,SK Hynix,Memory,facility_capacity,,,SK Hynix - C2F (new Fab Wuxi originally C2 expansion),4931,Company Detail,file:///Users/simon/Documents/Simon-OB/%E6%9C%AC%E4%BD%93%E8%AE%BA/base/%E5%8D%8A%E5%AF%BC%E4%BD%93/SEMI_WFF_2026_1Q.xlsx
SK Hynix - M15 (phase 1) current wafer capacity (SEMI WFF),,晶圆产能,SEMI WFF 工厂级晶圆产能观测。,current,71000,12,韩国,/Users/simon/Documents/Simon-OB/本体论/base/半导体/SEMI_WFF_2026_1Q.xlsx,SK Hynix,Memory,facility_capacity,,,SK Hynix - M15 (phase 1),3912,Company Detail,file:///Users/simon/Documents/Simon-OB/%E6%9C%AC%E4%BD%93%E8%AE%BA/base/%E5%8D%8A%E5%AF%BC%E4%BD%93/SEMI_WFF_2026_1Q.xlsx
SK Hynix - Solidigm Fab 2 was Intel Fab 88 (was called Fab 68 Phase 2) current wafer capacity (SEMI WFF),,晶圆产能,SEMI WFF 工厂级晶圆产能观测。,current,70000,12,中国,/Users/simon/Documents/Simon-OB/本体论/base/半导体/SEMI_WFF_2026_1Q.xlsx,SK Hynix,Memory,facility_capacity,,,SK Hynix - Solidigm Fab 2 was Intel Fab 88 (was called Fab 68 Phase 2),3913,Company Detail,file:///Users/simon/Documents/Simon-OB/%E6%9C%AC%E4%BD%93%E8%AE%BA/base/%E5%8D%8A%E5%AF%BC%E4%BD%93/SEMI_WFF_2026_1Q.xlsx
SK Hynix - M16 (phase 1) (first floor) current wafer capacity (SEMI WFF),,晶圆产能,SEMI WFF 工厂级晶圆产能观测。,current,80000,12,韩国,/Users/simon/Documents/Simon-OB/本体论/base/半导体/SEMI_WFF_2026_1Q.xlsx,SK Hynix,Memory,facility_capacity,,,SK Hynix - M16 (phase 1) (first floor),5025,Company Detail,file:///Users/simon/Documents/Simon-OB/%E6%9C%AC%E4%BD%93%E8%AE%BA/base/%E5%8D%8A%E5%AF%BC%E4%BD%93/SEMI_WFF_2026_1Q.xlsx
SK Hynix - M16 (phase 2) current wafer capacity (SEMI WFF),,晶圆产能,SEMI WFF 工厂级晶圆产能观测。,current,80000,12,韩国,/Users/simon/Documents/Simon-OB/本体论/base/半导体/SEMI_WFF_2026_1Q.xlsx,SK Hynix,Memory,facility_capacity,,,SK Hynix - M16 (phase 2),5088,Company Detail,file:///Users/simon/Documents/Simon-OB/%E6%9C%AC%E4%BD%93%E8%AE%BA/base/%E5%8D%8A%E5%AF%BC%E4%BD%93/SEMI_WFF_2026_1Q.xlsx
SK Hynix - Y1 3D NAND was M17 (phase 1) current wafer capacity (SEMI WFF),,晶圆产能,SEMI WFF 工厂级晶圆产能观测。,current,150000,12,韩国,/Users/simon/Documents/Simon-OB/本体论/base/半导体/SEMI_WFF_2026_1Q.xlsx,SK Hynix,Memory,facility_capacity,,,SK Hynix - Y1 3D NAND was M17 (phase 1),5089,Company Detail,file:///Users/simon/Documents/Simon-OB/%E6%9C%AC%E4%BD%93%E8%AE%BA/base/%E5%8D%8A%E5%AF%BC%E4%BD%93/SEMI_WFF_2026_1Q.xlsx
SK Hynix - Y2 DRAM current wafer capacity (SEMI WFF),,晶圆产能,SEMI WFF 工厂级晶圆产能观测。,current,150000,12,韩国,/Users/simon/Documents/Simon-OB/本体论/base/半导体/SEMI_WFF_2026_1Q.xlsx,SK Hynix,Memory,facility_capacity,,,SK Hynix - Y2 DRAM,5090,Company Detail,file:///Users/simon/Documents/Simon-OB/%E6%9C%AC%E4%BD%93%E8%AE%BA/base/%E5%8D%8A%E5%AF%BC%E4%BD%93/SEMI_WFF_2026_1Q.xlsx
SK Hynix - Y2 3D NAND current wafer capacity (SEMI WFF),,晶圆产能,SEMI WFF 工厂级晶圆产能观测。,current,150000,12,韩国,/Users/simon/Documents/Simon-OB/本体论/base/半导体/SEMI_WFF_2026_1Q.xlsx,SK Hynix,Memory,facility_capacity,,,SK Hynix - Y2 3D NAND,5091,Company Detail,file:///Users/simon/Documents/Simon-OB/%E6%9C%AC%E4%BD%93%E8%AE%BA/base/%E5%8D%8A%E5%AF%BC%E4%BD%93/SEMI_WFF_2026_1Q.xlsx
SK Hynix - Y3 P1+P2 current wafer capacity (SEMI WFF),,晶圆产能,SEMI WFF 工厂级晶圆产能观测。,current,250000,12,韩国,/Users/simon/Documents/Simon-OB/本体论/base/半导体/SEMI_WFF_2026_1Q.xlsx,SK Hynix,Memory,facility_capacity,,,SK Hynix - Y3 P1+P2,5092,Company Detail,file:///Users/simon/Documents/Simon-OB/%E6%9C%AC%E4%BD%93%E8%AE%BA/base/%E5%8D%8A%E5%AF%BC%E4%BD%93/SEMI_WFF_2026_1Q.xlsx
SK Hynix - Y4 P1+P2 current wafer capacity (SEMI WFF),,晶圆产能,SEMI WFF 工厂级晶圆产能观测。,current,250000,12,韩国,/Users/simon/Documents/Simon-OB/本体论/base/半导体/SEMI_WFF_2026_1Q.xlsx,SK Hynix,Memory,facility_capacity,,,SK Hynix - Y4 P1+P2,5093,Company Detail,file:///Users/simon/Documents/Simon-OB/%E6%9C%AC%E4%BD%93%E8%AE%BA/base/%E5%8D%8A%E5%AF%BC%E4%BD%93/SEMI_WFF_2026_1Q.xlsx
SK Hynix - Hystars Semiconductors (was Wuxi JV fab for System IC) current wafer capacity (SEMI WFF),,晶圆产能,SEMI WFF 工厂级晶圆产能观测。,current,120000,8,中国,/Users/simon/Documents/Simon-OB/本体论/base/半导体/SEMI_WFF_2026_1Q.xlsx,SK Hynix,Analog,facility_capacity,,,SK Hynix - Hystars Semiconductors (was Wuxi JV fab for System IC),4997,Company Detail,file:///Users/simon/Documents/Simon-OB/%E6%9C%AC%E4%BD%93%E8%AE%BA/base/%E5%8D%8A%E5%AF%BC%E4%BD%93/SEMI_WFF_2026_1Q.xlsx
SK Hynix - M15 (phase 2) current wafer capacity (SEMI WFF),,晶圆产能,SEMI WFF 工厂级晶圆产能观测。,current,70000,12,韩国,/Users/simon/Documents/Simon-OB/本体论/base/半导体/SEMI_WFF_2026_1Q.xlsx,SK Hynix,Memory,facility_capacity,,,SK Hynix - M15 (phase 2),4999,Company Detail,file:///Users/simon/Documents/Simon-OB/%E6%9C%AC%E4%BD%93%E8%AE%BA/base/%E5%8D%8A%E5%AF%BC%E4%BD%93/SEMI_WFF_2026_1Q.xlsx
SK Hynix - M14 Phase 1 (DRAM) current wafer capacity (SEMI WFF),,晶圆产能,SEMI WFF 工厂级晶圆产能观测。,current,135000,12,韩国,/Users/simon/Documents/Simon-OB/本体论/base/半导体/SEMI_WFF_2026_1Q.xlsx,SK Hynix,Memory,facility_capacity,,,SK Hynix - M14 Phase 1 (DRAM),3615,Company Detail,file:///Users/simon/Documents/Simon-OB/%E6%9C%AC%E4%BD%93%E8%AE%BA/base/%E5%8D%8A%E5%AF%BC%E4%BD%93/SEMI_WFF_2026_1Q.xlsx
SK Hynix - M11+M12 (2D NAND) CF current wafer capacity (SEMI WFF),,晶圆产能,SEMI WFF 工厂级晶圆产能观测。,current,30000,12,韩国,/Users/simon/Documents/Simon-OB/本体论/base/半导体/SEMI_WFF_2026_1Q.xlsx,SK Hynix,Memory,facility_capacity,,,SK Hynix - M11+M12 (2D NAND) CF,2394,Company Detail,file:///Users/simon/Documents/Simon-OB/%E6%9C%AC%E4%BD%93%E8%AE%BA/base/%E5%8D%8A%E5%AF%BC%E4%BD%93/SEMI_WFF_2026_1Q.xlsx
SK Hynix - C2 current wafer capacity (SEMI WFF),,晶圆产能,SEMI WFF 工厂级晶圆产能观测。,current,110000,12,中国,/Users/simon/Documents/Simon-OB/本体论/base/半导体/SEMI_WFF_2026_1Q.xlsx,SK Hynix,Memory,facility_capacity,,,SK Hynix - C2,2114,Company Detail,file:///Users/simon/Documents/Simon-OB/%E6%9C%AC%E4%BD%93%E8%AE%BA/base/%E5%8D%8A%E5%AF%BC%E4%BD%93/SEMI_WFF_2026_1Q.xlsx
SK Hynix - M10 (DRAM) + R3 (R&D) current wafer capacity (SEMI WFF),,晶圆产能,SEMI WFF 工厂级晶圆产能观测。,current,30000,12,韩国,/Users/simon/Documents/Simon-OB/本体论/base/半导体/SEMI_WFF_2026_1Q.xlsx,SK Hynix,Memory,facility_capacity,,,SK Hynix - M10 (DRAM) + R3 (R&D),343,Company Detail,file:///Users/simon/Documents/Simon-OB/%E6%9C%AC%E4%BD%93%E8%AE%BA/base/%E5%8D%8A%E5%AF%BC%E4%BD%93/SEMI_WFF_2026_1Q.xlsx
"SK keyfoundry (was Key Foundry) - F4 (and F5 combined) was SK Hynix, was Key Foundry, was Magnachip current wafer capacity (SEMI WFF)",,晶圆产能,SEMI WFF 工厂级晶圆产能观测。,current,93000,8,韩国,/Users/simon/Documents/Simon-OB/本体论/base/半导体/SEMI_WFF_2026_1Q.xlsx,SK keyfoundry (was Key Foundry),Analog,facility_capacity,,,"SK keyfoundry (was Key Foundry) - F4 (and F5 combined) was SK Hynix, was Key Foundry, was Magnachip",462,Company Detail,file:///Users/simon/Documents/Simon-OB/%E6%9C%AC%E4%BD%93%E8%AE%BA/base/%E5%8D%8A%E5%AF%BC%E4%BD%93/SEMI_WFF_2026_1Q.xlsx
SK Siltron - Gumi Plant 3 (Head Office) current wafer capacity (SEMI WFF),,晶圆产能,SEMI WFF 工厂级晶圆产能观测。,current,20000,12,韩国,/Users/simon/Documents/Simon-OB/本体论/base/半导体/SEMI_WFF_2026_1Q.xlsx,SK Siltron,EPI,facility_capacity,,,SK Siltron - Gumi Plant 3 (Head Office),6210,Company Detail,file:///Users/simon/Documents/Simon-OB/%E6%9C%AC%E4%BD%93%E8%AE%BA/base/%E5%8D%8A%E5%AF%BC%E4%BD%93/SEMI_WFF_2026_1Q.xlsx
"Skorpios - Austin Fab (was Novati, was ATDF) current wafer capacity (SEMI WFF)",,晶圆产能,SEMI WFF 工厂级晶圆产能观测。,current,6000,12,美洲,/Users/simon/Documents/Simon-OB/本体论/base/半导体/SEMI_WFF_2026_1Q.xlsx,Skorpios,MEMS,facility_capacity,,,"Skorpios - Austin Fab (was Novati, was ATDF)",900,Company Detail,file:///Users/simon/Documents/Simon-OB/%E6%9C%AC%E4%BD%93%E8%AE%BA/base/%E5%8D%8A%E5%AF%BC%E4%BD%93/SEMI_WFF_2026_1Q.xlsx
"Skywater - Minnesota Fab combined with expansion (was Cypress, was Fab 4) current wafer capacity (SEMI WFF)",,晶圆产能,SEMI WFF 工厂级晶圆产能观测。,current,33000,8,美洲,/Users/simon/Documents/Simon-OB/本体论/base/半导体/SEMI_WFF_2026_1Q.xlsx,Skywater,Analog,facility_capacity,,,"Skywater - Minnesota Fab combined with expansion (was Cypress, was Fab 4)",114,Company Detail,file:///Users/simon/Documents/Simon-OB/%E6%9C%AC%E4%BD%93%E8%AE%BA/base/%E5%8D%8A%E5%AF%BC%E4%BD%93/SEMI_WFF_2026_1Q.xlsx
"Skywater - Fab 25 (was Cypress, was  Spansion, was Infineon) current wafer capacity (SEMI WFF)",,晶圆产能,SEMI WFF 工厂级晶圆产能观测。,current,31000,8,美洲,/Users/simon/Documents/Simon-OB/本体论/base/半导体/SEMI_WFF_2026_1Q.xlsx,Skywater,Logic&Micro,facility_capacity,,,"Skywater - Fab 25 (was Cypress, was  Spansion, was Infineon)",18,Company Detail,file:///Users/simon/Documents/Simon-OB/%E6%9C%AC%E4%BD%93%E8%AE%BA/base/%E5%8D%8A%E5%AF%BC%E4%BD%93/SEMI_WFF_2026_1Q.xlsx
Skyworks Solutions Inc. - Kadoma fab 4-inch line current wafer capacity (SEMI WFF),,晶圆产能,SEMI WFF 工厂级晶圆产能观测。,current,3000,4,日本,/Users/simon/Documents/Simon-OB/本体论/base/半导体/SEMI_WFF_2026_1Q.xlsx,Skyworks Solutions Inc.,MEMS,facility_capacity,,,Skyworks Solutions Inc. - Kadoma fab 4-inch line,6196,Company Detail,file:///Users/simon/Documents/Simon-OB/%E6%9C%AC%E4%BD%93%E8%AE%BA/base/%E5%8D%8A%E5%AF%BC%E4%BD%93/SEMI_WFF_2026_1Q.xlsx
Skyworks Solutions Inc. - Osaka fab 6-inch line current wafer capacity (SEMI WFF),,晶圆产能,SEMI WFF 工厂级晶圆产能观测。,current,6000,6,日本,/Users/simon/Documents/Simon-OB/本体论/base/半导体/SEMI_WFF_2026_1Q.xlsx,Skyworks Solutions Inc.,MEMS,facility_capacity,,,Skyworks Solutions Inc. - Osaka fab 6-inch line,6197,Company Detail,file:///Users/simon/Documents/Simon-OB/%E6%9C%AC%E4%BD%93%E8%AE%BA/base/%E5%8D%8A%E5%AF%BC%E4%BD%93/SEMI_WFF_2026_1Q.xlsx
Skyworks Solutions Inc. - Osaka fab 8-inch line current wafer capacity (SEMI WFF),,晶圆产能,SEMI WFF 工厂级晶圆产能观测。,current,5000,8,日本,/Users/simon/Documents/Simon-OB/本体论/base/半导体/SEMI_WFF_2026_1Q.xlsx,Skyworks Solutions Inc.,MEMS,facility_capacity,,,Skyworks Solutions Inc. - Osaka fab 8-inch line,6200,Company Detail,file:///Users/simon/Documents/Simon-OB/%E6%9C%AC%E4%BD%93%E8%AE%BA/base/%E5%8D%8A%E5%AF%BC%E4%BD%93/SEMI_WFF_2026_1Q.xlsx
Skyworks Solutions Inc. - Newbury Park (GaAs) current wafer capacity (SEMI WFF),,晶圆产能,SEMI WFF 工厂级晶圆产能观测。,current,8000,6,美洲,/Users/simon/Documents/Simon-OB/本体论/base/半导体/SEMI_WFF_2026_1Q.xlsx,Skyworks Solutions Inc.,Discrete,facility_capacity,,,Skyworks Solutions Inc. - Newbury Park (GaAs),838,Company Detail,file:///Users/simon/Documents/Simon-OB/%E6%9C%AC%E4%BD%93%E8%AE%BA/base/%E5%8D%8A%E5%AF%BC%E4%BD%93/SEMI_WFF_2026_1Q.xlsx
Skyworks Solutions Inc. - Woburn fab phase 2 Expansion 6-inch current wafer capacity (SEMI WFF),,晶圆产能,SEMI WFF 工厂级晶圆产能观测。,current,7000,6,美洲,/Users/simon/Documents/Simon-OB/本体论/base/半导体/SEMI_WFF_2026_1Q.xlsx,Skyworks Solutions Inc.,Discrete,facility_capacity,,,Skyworks Solutions Inc. - Woburn fab phase 2 Expansion 6-inch,1724,Company Detail,file:///Users/simon/Documents/Simon-OB/%E6%9C%AC%E4%BD%93%E8%AE%BA/base/%E5%8D%8A%E5%AF%BC%E4%BD%93/SEMI_WFF_2026_1Q.xlsx
Skyworks Solutions Inc. - Woburn fab 6-inch current wafer capacity (SEMI WFF),,晶圆产能,SEMI WFF 工厂级晶圆产能观测。,current,7000,6,美洲,/Users/simon/Documents/Simon-OB/本体论/base/半导体/SEMI_WFF_2026_1Q.xlsx,Skyworks Solutions Inc.,Discrete,facility_capacity,,,Skyworks Solutions Inc. - Woburn fab 6-inch,15,Company Detail,file:///Users/simon/Documents/Simon-OB/%E6%9C%AC%E4%BD%93%E8%AE%BA/base/%E5%8D%8A%E5%AF%BC%E4%BD%93/SEMI_WFF_2026_1Q.xlsx
SMIC - Fab 8 P2 (SN1) current wafer capacity (SEMI WFF),,晶圆产能,SEMI WFF 工厂级晶圆产能观测。,current,35000,12,中国,/Users/simon/Documents/Simon-OB/本体论/base/半导体/SEMI_WFF_2026_1Q.xlsx,SMIC,Logic&Micro,facility_capacity,,,SMIC - Fab 8 P2 (SN1),3889,Company Detail,file:///Users/simon/Documents/Simon-OB/%E6%9C%AC%E4%BD%93%E8%AE%BA/base/%E5%8D%8A%E5%AF%BC%E4%BD%93/SEMI_WFF_2026_1Q.xlsx
SMIC - Fab 7-2 (T2/T3) current wafer capacity (SEMI WFF),,晶圆产能,SEMI WFF 工厂级晶圆产能观测。,current,150000,8,中国,/Users/simon/Documents/Simon-OB/本体论/base/半导体/SEMI_WFF_2026_1Q.xlsx,SMIC,Analog,facility_capacity,,,SMIC - Fab 7-2 (T2/T3),3894,Company Detail,file:///Users/simon/Documents/Simon-OB/%E6%9C%AC%E4%BD%93%E8%AE%BA/base/%E5%8D%8A%E5%AF%BC%E4%BD%93/SEMI_WFF_2026_1Q.xlsx
SMIC - Fab 8 P3 (SN2) current wafer capacity (SEMI WFF),,晶圆产能,SEMI WFF 工厂级晶圆产能观测。,current,15000,12,中国,/Users/simon/Documents/Simon-OB/本体论/base/半导体/SEMI_WFF_2026_1Q.xlsx,SMIC,Logic&Micro,facility_capacity,,,SMIC - Fab 8 P3 (SN2),4965,Company Detail,file:///Users/simon/Documents/Simon-OB/%E6%9C%AC%E4%BD%93%E8%AE%BA/base/%E5%8D%8A%E5%AF%BC%E4%BD%93/SEMI_WFF_2026_1Q.xlsx
SMIC - Fab 2 P2-B (B3) current wafer capacity (SEMI WFF),,晶圆产能,SEMI WFF 工厂级晶圆产能观测。,current,45000,12,中国,/Users/simon/Documents/Simon-OB/本体论/base/半导体/SEMI_WFF_2026_1Q.xlsx,SMIC,Logic&Micro,facility_capacity,,,SMIC - Fab 2 P2-B (B3),3497,Company Detail,file:///Users/simon/Documents/Simon-OB/%E6%9C%AC%E4%BD%93%E8%AE%BA/base/%E5%8D%8A%E5%AF%BC%E4%BD%93/SEMI_WFF_2026_1Q.xlsx
SMIC - Fab 2 P2-A (B2) current wafer capacity (SEMI WFF),,晶圆产能,SEMI WFF 工厂级晶圆产能观测。,current,45000,12,中国,/Users/simon/Documents/Simon-OB/本体论/base/半导体/SEMI_WFF_2026_1Q.xlsx,SMIC,Logic&Micro,facility_capacity,,,SMIC - Fab 2 P2-A (B2),3394,Company Detail,file:///Users/simon/Documents/Simon-OB/%E6%9C%AC%E4%BD%93%E8%AE%BA/base/%E5%8D%8A%E5%AF%BC%E4%BD%93/SEMI_WFF_2026_1Q.xlsx
SMIC - Fab 2 P1-B (Fab 5) current wafer capacity (SEMI WFF),,晶圆产能,SEMI WFF 工厂级晶圆产能观测。,current,26000,12,中国,/Users/simon/Documents/Simon-OB/本体论/base/半导体/SEMI_WFF_2026_1Q.xlsx,SMIC,Logic&Micro,facility_capacity,,,SMIC - Fab 2 P1-B (Fab 5),1946,Company Detail,file:///Users/simon/Documents/Simon-OB/%E6%9C%AC%E4%BD%93%E8%AE%BA/base/%E5%8D%8A%E5%AF%BC%E4%BD%93/SEMI_WFF_2026_1Q.xlsx
SMIC - S1 MegaFab (Fab 1) current wafer capacity (SEMI WFF),,晶圆产能,SEMI WFF 工厂级晶圆产能观测。,current,60000,8,中国,/Users/simon/Documents/Simon-OB/本体论/base/半导体/SEMI_WFF_2026_1Q.xlsx,SMIC,Analog,facility_capacity,,,SMIC - S1 MegaFab (Fab 1),1806,Company Detail,file:///Users/simon/Documents/Simon-OB/%E6%9C%AC%E4%BD%93%E8%AE%BA/base/%E5%8D%8A%E5%AF%BC%E4%BD%93/SEMI_WFF_2026_1Q.xlsx
SMIC - Fab 7 current wafer capacity (SEMI WFF),,晶圆产能,SEMI WFF 工厂级晶圆产能观测。,current,55000,8,中国,/Users/simon/Documents/Simon-OB/本体论/base/半导体/SEMI_WFF_2026_1Q.xlsx,SMIC,Discrete,facility_capacity,,,SMIC - Fab 7,638,Company Detail,file:///Users/simon/Documents/Simon-OB/%E6%9C%AC%E4%BD%93%E8%AE%BA/base/%E5%8D%8A%E5%AF%BC%E4%BD%93/SEMI_WFF_2026_1Q.xlsx
SMIC - S1 MegaFab (Fab 2) current wafer capacity (SEMI WFF),,晶圆产能,SEMI WFF 工厂级晶圆产能观测。,current,60000,8,中国,/Users/simon/Documents/Simon-OB/本体论/base/半导体/SEMI_WFF_2026_1Q.xlsx,SMIC,Analog,facility_capacity,,,SMIC - S1 MegaFab (Fab 2),1854,Company Detail,file:///Users/simon/Documents/Simon-OB/%E6%9C%AC%E4%BD%93%E8%AE%BA/base/%E5%8D%8A%E5%AF%BC%E4%BD%93/SEMI_WFF_2026_1Q.xlsx
SMIC - Fab 2 P1-A (Fab 4) current wafer capacity (SEMI WFF),,晶圆产能,SEMI WFF 工厂级晶圆产能观测。,current,26000,12,中国,/Users/simon/Documents/Simon-OB/本体论/base/半导体/SEMI_WFF_2026_1Q.xlsx,SMIC,Analog,facility_capacity,,,SMIC - Fab 2 P1-A (Fab 4),1944,Company Detail,file:///Users/simon/Documents/Simon-OB/%E6%9C%AC%E4%BD%93%E8%AE%BA/base/%E5%8D%8A%E5%AF%BC%E4%BD%93/SEMI_WFF_2026_1Q.xlsx
SMIC - Fab 5 current wafer capacity (SEMI WFF),,晶圆产能,SEMI WFF 工厂级晶圆产能观测。,current,70000,8,中国,/Users/simon/Documents/Simon-OB/本体论/base/半导体/SEMI_WFF_2026_1Q.xlsx,SMIC,Discrete,facility_capacity,,,SMIC - Fab 5,2450,Company Detail,file:///Users/simon/Documents/Simon-OB/%E6%9C%AC%E4%BD%93%E8%AE%BA/base/%E5%8D%8A%E5%AF%BC%E4%BD%93/SEMI_WFF_2026_1Q.xlsx
SMIC - Fab 3 Phase 1 (SMBC P1) current wafer capacity (SEMI WFF),,晶圆产能,SEMI WFF 工厂级晶圆产能观测。,current,50000,12,中国,/Users/simon/Documents/Simon-OB/本体论/base/半导体/SEMI_WFF_2026_1Q.xlsx,SMIC,Logic&Micro,facility_capacity,,,SMIC - Fab 3 Phase 1 (SMBC P1),6165,Company Detail,file:///Users/simon/Documents/Simon-OB/%E6%9C%AC%E4%BD%93%E8%AE%BA/base/%E5%8D%8A%E5%AF%BC%E4%BD%93/SEMI_WFF_2026_1Q.xlsx
SMIC - Fab 16 (was Fab 6) current wafer capacity (SEMI WFF),,晶圆产能,SEMI WFF 工厂级晶圆产能观测。,current,40000,12,中国,/Users/simon/Documents/Simon-OB/本体论/base/半导体/SEMI_WFF_2026_1Q.xlsx,SMIC,Logic&Micro,facility_capacity,,,SMIC - Fab 16 (was Fab 6),2451,Company Detail,file:///Users/simon/Documents/Simon-OB/%E6%9C%AC%E4%BD%93%E8%AE%BA/base/%E5%8D%8A%E5%AF%BC%E4%BD%93/SEMI_WFF_2026_1Q.xlsx
SMIC - Fab 9 Phase 1 (Lingang P1) current wafer capacity (SEMI WFF),,晶圆产能,SEMI WFF 工厂级晶圆产能观测。,current,50000,12,中国,/Users/simon/Documents/Simon-OB/本体论/base/半导体/SEMI_WFF_2026_1Q.xlsx,SMIC,Logic&Micro,facility_capacity,,,SMIC - Fab 9 Phase 1 (Lingang P1),6254,Company Detail,file:///Users/simon/Documents/Simon-OB/%E6%9C%AC%E4%BD%93%E8%AE%BA/base/%E5%8D%8A%E5%AF%BC%E4%BD%93/SEMI_WFF_2026_1Q.xlsx
SMIC - Fab 9 Phase 2 (Lingang P2) current wafer capacity (SEMI WFF),,晶圆产能,SEMI WFF 工厂级晶圆产能观测。,current,50000,12,中国,/Users/simon/Documents/Simon-OB/本体论/base/半导体/SEMI_WFF_2026_1Q.xlsx,SMIC,Logic&Micro,facility_capacity,,,SMIC - Fab 9 Phase 2 (Lingang P2),6255,Company Detail,file:///Users/simon/Documents/Simon-OB/%E6%9C%AC%E4%BD%93%E8%AE%BA/base/%E5%8D%8A%E5%AF%BC%E4%BD%93/SEMI_WFF_2026_1Q.xlsx
SMIC - Fab 10 Phase 1 (SMTC P1) current wafer capacity (SEMI WFF),,晶圆产能,SEMI WFF 工厂级晶圆产能观测。,current,50000,12,中国,/Users/simon/Documents/Simon-OB/本体论/base/半导体/SEMI_WFF_2026_1Q.xlsx,SMIC,Analog,facility_capacity,,,SMIC - Fab 10 Phase 1 (SMTC P1),6384,Company Detail,file:///Users/simon/Documents/Simon-OB/%E6%9C%AC%E4%BD%93%E8%AE%BA/base/%E5%8D%8A%E5%AF%BC%E4%BD%93/SEMI_WFF_2026_1Q.xlsx
SMIC - Fab 9 Phase 3 (Lingang P3) current wafer capacity (SEMI WFF),,晶圆产能,SEMI WFF 工厂级晶圆产能观测。,current,50000,12,中国,/Users/simon/Documents/Simon-OB/本体论/base/半导体/SEMI_WFF_2026_1Q.xlsx,SMIC,Logic&Micro,facility_capacity,,,SMIC - Fab 9 Phase 3 (Lingang P3),6516,Company Detail,file:///Users/simon/Documents/Simon-OB/%E6%9C%AC%E4%BD%93%E8%AE%BA/base/%E5%8D%8A%E5%AF%BC%E4%BD%93/SEMI_WFF_2026_1Q.xlsx
SMIC - Fab 9 Phase 4 (Lingang P4) current wafer capacity (SEMI WFF),,晶圆产能,SEMI WFF 工厂级晶圆产能观测。,current,50000,12,中国,/Users/simon/Documents/Simon-OB/本体论/base/半导体/SEMI_WFF_2026_1Q.xlsx,SMIC,Logic&Micro,facility_capacity,,,SMIC - Fab 9 Phase 4 (Lingang P4),6517,Company Detail,file:///Users/simon/Documents/Simon-OB/%E6%9C%AC%E4%BD%93%E8%AE%BA/base/%E5%8D%8A%E5%AF%BC%E4%BD%93/SEMI_WFF_2026_1Q.xlsx
SMIC - Fab 3 Phase 3 (SMBC P3) current wafer capacity (SEMI WFF),,晶圆产能,SEMI WFF 工厂级晶圆产能观测。,current,50000,12,中国,/Users/simon/Documents/Simon-OB/本体论/base/半导体/SEMI_WFF_2026_1Q.xlsx,SMIC,Logic&Micro,facility_capacity,,,SMIC - Fab 3 Phase 3 (SMBC P3),6518,Company Detail,file:///Users/simon/Documents/Simon-OB/%E6%9C%AC%E4%BD%93%E8%AE%BA/base/%E5%8D%8A%E5%AF%BC%E4%BD%93/SEMI_WFF_2026_1Q.xlsx
SMIC - Fab 3 Phase 4 (SMBC P4) current wafer capacity (SEMI WFF),,晶圆产能,SEMI WFF 工厂级晶圆产能观测。,current,50000,12,中国,/Users/simon/Documents/Simon-OB/本体论/base/半导体/SEMI_WFF_2026_1Q.xlsx,SMIC,Logic&Micro,facility_capacity,,,SMIC - Fab 3 Phase 4 (SMBC P4),6519,Company Detail,file:///Users/simon/Documents/Simon-OB/%E6%9C%AC%E4%BD%93%E8%AE%BA/base/%E5%8D%8A%E5%AF%BC%E4%BD%93/SEMI_WFF_2026_1Q.xlsx
SMIC - Fab 3 Phase 2 (SMBC P2) current wafer capacity (SEMI WFF),,晶圆产能,SEMI WFF 工厂级晶圆产能观测。,current,50000,12,中国,/Users/simon/Documents/Simon-OB/本体论/base/半导体/SEMI_WFF_2026_1Q.xlsx,SMIC,Logic&Micro,facility_capacity,,,SMIC - Fab 3 Phase 2 (SMBC P2),6490,Company Detail,file:///Users/simon/Documents/Simon-OB/%E6%9C%AC%E4%BD%93%E8%AE%BA/base/%E5%8D%8A%E5%AF%BC%E4%BD%93/SEMI_WFF_2026_1Q.xlsx
SMIC - Fab 10 Phase 2 (SMTC P2) current wafer capacity (SEMI WFF),,晶圆产能,SEMI WFF 工厂级晶圆产能观测。,current,50000,12,中国,/Users/simon/Documents/Simon-OB/本体论/base/半导体/SEMI_WFF_2026_1Q.xlsx,SMIC,Analog,facility_capacity,,,SMIC - Fab 10 Phase 2 (SMTC P2),6491,Company Detail,file:///Users/simon/Documents/Simon-OB/%E6%9C%AC%E4%BD%93%E8%AE%BA/base/%E5%8D%8A%E5%AF%BC%E4%BD%93/SEMI_WFF_2026_1Q.xlsx
SOITEC Silicon On Insulator Technologies - Bernin 4 current wafer capacity (SEMI WFF),,晶圆产能,SEMI WFF 工厂级晶圆产能观测。,current,42000,12,Europe & Mideast,/Users/simon/Documents/Simon-OB/本体论/base/半导体/SEMI_WFF_2026_1Q.xlsx,SOITEC Silicon On Insulator Technologies,EPI,facility_capacity,,,SOITEC Silicon On Insulator Technologies - Bernin 4,6381,Company Detail,file:///Users/simon/Documents/Simon-OB/%E6%9C%AC%E4%BD%93%E8%AE%BA/base/%E5%8D%8A%E5%AF%BC%E4%BD%93/SEMI_WFF_2026_1Q.xlsx
SOITEC Silicon On Insulator Technologies - Pasir Ris Extension current wafer capacity (SEMI WFF),,晶圆产能,SEMI WFF 工厂级晶圆产能观测。,current,83000,12,SE Asia,/Users/simon/Documents/Simon-OB/本体论/base/半导体/SEMI_WFF_2026_1Q.xlsx,SOITEC Silicon On Insulator Technologies,EPI,facility_capacity,,,SOITEC Silicon On Insulator Technologies - Pasir Ris Extension,6382,Company Detail,file:///Users/simon/Documents/Simon-OB/%E6%9C%AC%E4%BD%93%E8%AE%BA/base/%E5%8D%8A%E5%AF%BC%E4%BD%93/SEMI_WFF_2026_1Q.xlsx
SOITEC Silicon On Insulator Technologies - Bernin 3 - 200mm Pilot current wafer capacity (SEMI WFF),,晶圆产能,SEMI WFF 工厂级晶圆产能观测。,current,6000,8,Europe & Mideast,/Users/simon/Documents/Simon-OB/本体论/base/半导体/SEMI_WFF_2026_1Q.xlsx,SOITEC Silicon On Insulator Technologies,EPI,facility_capacity,,,SOITEC Silicon On Insulator Technologies - Bernin 3 - 200mm Pilot,6249,Company Detail,file:///Users/simon/Documents/Simon-OB/%E6%9C%AC%E4%BD%93%E8%AE%BA/base/%E5%8D%8A%E5%AF%BC%E4%BD%93/SEMI_WFF_2026_1Q.xlsx
SOITEC Silicon On Insulator Technologies - Bernin 2 current wafer capacity (SEMI WFF),,晶圆产能,SEMI WFF 工厂级晶圆产能观测。,current,62000,12,Europe & Mideast,/Users/simon/Documents/Simon-OB/本体论/base/半导体/SEMI_WFF_2026_1Q.xlsx,SOITEC Silicon On Insulator Technologies,EPI,facility_capacity,,,SOITEC Silicon On Insulator Technologies - Bernin 2,2362,Company Detail,file:///Users/simon/Documents/Simon-OB/%E6%9C%AC%E4%BD%93%E8%AE%BA/base/%E5%8D%8A%E5%AF%BC%E4%BD%93/SEMI_WFF_2026_1Q.xlsx
SOITEC Silicon On Insulator Technologies - Bernin 1 current wafer capacity (SEMI WFF),,晶圆产能,SEMI WFF 工厂级晶圆产能观测。,current,80000,8,Europe & Mideast,/Users/simon/Documents/Simon-OB/本体论/base/半导体/SEMI_WFF_2026_1Q.xlsx,SOITEC Silicon On Insulator Technologies,EPI,facility_capacity,,,SOITEC Silicon On Insulator Technologies - Bernin 1,2361,Company Detail,file:///Users/simon/Documents/Simon-OB/%E6%9C%AC%E4%BD%93%E8%AE%BA/base/%E5%8D%8A%E5%AF%BC%E4%BD%93/SEMI_WFF_2026_1Q.xlsx
SOITEC Silicon On Insulator Technologies - Bernin 3 (was Memscap in 2006) current wafer capacity (SEMI WFF),,晶圆产能,SEMI WFF 工厂级晶圆产能观测。,current,52000,6,Europe & Mideast,/Users/simon/Documents/Simon-OB/本体论/base/半导体/SEMI_WFF_2026_1Q.xlsx,SOITEC Silicon On Insulator Technologies,EPI,facility_capacity,,,SOITEC Silicon On Insulator Technologies - Bernin 3 (was Memscap in 2006),1865,Company Detail,file:///Users/simon/Documents/Simon-OB/%E6%9C%AC%E4%BD%93%E8%AE%BA/base/%E5%8D%8A%E5%AF%BC%E4%BD%93/SEMI_WFF_2026_1Q.xlsx
SOITEC Silicon On Insulator Technologies - Belgium - Hasselt fab (former EPIGaN) current wafer capacity (SEMI WFF),,晶圆产能,SEMI WFF 工厂级晶圆产能观测。,current,5000,6,Europe & Mideast,/Users/simon/Documents/Simon-OB/本体论/base/半导体/SEMI_WFF_2026_1Q.xlsx,SOITEC Silicon On Insulator Technologies,EPI,facility_capacity,,,SOITEC Silicon On Insulator Technologies - Belgium - Hasselt fab (former EPIGaN),3510,Company Detail,file:///Users/simon/Documents/Simon-OB/%E6%9C%AC%E4%BD%93%E8%AE%BA/base/%E5%8D%8A%E5%AF%BC%E4%BD%93/SEMI_WFF_2026_1Q.xlsx
SOITEC Silicon On Insulator Technologies - Pasir Ris (was Fab 3) current wafer capacity (SEMI WFF),,晶圆产能,SEMI WFF 工厂级晶圆产能观测。,current,83000,12,SE Asia,/Users/simon/Documents/Simon-OB/本体论/base/半导体/SEMI_WFF_2026_1Q.xlsx,SOITEC Silicon On Insulator Technologies,EPI,facility_capacity,,,SOITEC Silicon On Insulator Technologies - Pasir Ris (was Fab 3),2363,Company Detail,file:///Users/simon/Documents/Simon-OB/%E6%9C%AC%E4%BD%93%E8%AE%BA/base/%E5%8D%8A%E5%AF%BC%E4%BD%93/SEMI_WFF_2026_1Q.xlsx
SOITEC Silicon On Insulator Technologies - Simgui (fab owned by Shanghai Simgui Technology Co) current wafer capacity (SEMI WFF),,晶圆产能,SEMI WFF 工厂级晶圆产能观测。,current,37000,8,中国,/Users/simon/Documents/Simon-OB/本体论/base/半导体/SEMI_WFF_2026_1Q.xlsx,SOITEC Silicon On Insulator Technologies,EPI,facility_capacity,,,SOITEC Silicon On Insulator Technologies - Simgui (fab owned by Shanghai Simgui Technology Co),4986,Company Detail,file:///Users/simon/Documents/Simon-OB/%E6%9C%AC%E4%BD%93%E8%AE%BA/base/%E5%8D%8A%E5%AF%BC%E4%BD%93/SEMI_WFF_2026_1Q.xlsx
"Solid State Devices, Inc. - N/A current wafer capacity (SEMI WFF)",,晶圆产能,SEMI WFF 工厂级晶圆产能观测。,current,4000,4,美洲,/Users/simon/Documents/Simon-OB/本体论/base/半导体/SEMI_WFF_2026_1Q.xlsx,"Solid State Devices, Inc.",Discrete,facility_capacity,,,"Solid State Devices, Inc. - N/A",992,Company Detail,file:///Users/simon/Documents/Simon-OB/%E6%9C%AC%E4%BD%93%E8%AE%BA/base/%E5%8D%8A%E5%AF%BC%E4%BD%93/SEMI_WFF_2026_1Q.xlsx
Sony - Shiroishi Zao TEC current wafer capacity (SEMI WFF),,晶圆产能,SEMI WFF 工厂级晶圆产能观测。,current,8000,4,日本,/Users/simon/Documents/Simon-OB/本体论/base/半导体/SEMI_WFF_2026_1Q.xlsx,Sony,Opto,facility_capacity,,,Sony - Shiroishi Zao TEC,1339,Company Detail,file:///Users/simon/Documents/Simon-OB/%E6%9C%AC%E4%BD%93%E8%AE%BA/base/%E5%8D%8A%E5%AF%BC%E4%BD%93/SEMI_WFF_2026_1Q.xlsx
Sony - Building #4 (GaAs Line) current wafer capacity (SEMI WFF),,晶圆产能,SEMI WFF 工厂级晶圆产能观测。,current,10000,6,日本,/Users/simon/Documents/Simon-OB/本体论/base/半导体/SEMI_WFF_2026_1Q.xlsx,Sony,Opto,facility_capacity,,,Sony - Building #4 (GaAs Line),1011,Company Detail,file:///Users/simon/Documents/Simon-OB/%E6%9C%AC%E4%BD%93%E8%AE%BA/base/%E5%8D%8A%E5%AF%BC%E4%BD%93/SEMI_WFF_2026_1Q.xlsx
Sony - Building #3 current wafer capacity (SEMI WFF),,晶圆产能,SEMI WFF 工厂级晶圆产能观测。,current,20000,6,日本,/Users/simon/Documents/Simon-OB/本体论/base/半导体/SEMI_WFF_2026_1Q.xlsx,Sony,Analog,facility_capacity,,,Sony - Building #3,1008,Company Detail,file:///Users/simon/Documents/Simon-OB/%E6%9C%AC%E4%BD%93%E8%AE%BA/base/%E5%8D%8A%E5%AF%BC%E4%BD%93/SEMI_WFF_2026_1Q.xlsx
Sony - Building #4 (MEMS Line) current wafer capacity (SEMI WFF),,晶圆产能,SEMI WFF 工厂级晶圆产能观测。,current,10000,6,日本,/Users/simon/Documents/Simon-OB/本体论/base/半导体/SEMI_WFF_2026_1Q.xlsx,Sony,MEMS,facility_capacity,,,Sony - Building #4 (MEMS Line),1007,Company Detail,file:///Users/simon/Documents/Simon-OB/%E6%9C%AC%E4%BD%93%E8%AE%BA/base/%E5%8D%8A%E5%AF%BC%E4%BD%93/SEMI_WFF_2026_1Q.xlsx
Sony - Kumamoto TEC 1 current wafer capacity (SEMI WFF),,晶圆产能,SEMI WFF 工厂级晶圆产能观测。,current,15000,12,日本,/Users/simon/Documents/Simon-OB/本体论/base/半导体/SEMI_WFF_2026_1Q.xlsx,Sony,Opto,facility_capacity,,,Sony - Kumamoto TEC 1,1814,Company Detail,file:///Users/simon/Documents/Simon-OB/%E6%9C%AC%E4%BD%93%E8%AE%BA/base/%E5%8D%8A%E5%AF%BC%E4%BD%93/SEMI_WFF_2026_1Q.xlsx
Sony - ULSI (Atsugi Technology Center) current wafer capacity (SEMI WFF),,晶圆产能,SEMI WFF 工厂级晶圆产能观测。,current,250,6,日本,/Users/simon/Documents/Simon-OB/本体论/base/半导体/SEMI_WFF_2026_1Q.xlsx,Sony,Other,facility_capacity,,,Sony - ULSI (Atsugi Technology Center),996,Company Detail,file:///Users/simon/Documents/Simon-OB/%E6%9C%AC%E4%BD%93%E8%AE%BA/base/%E5%8D%8A%E5%AF%BC%E4%BD%93/SEMI_WFF_2026_1Q.xlsx
Sony - Building #6-4F current wafer capacity (SEMI WFF),,晶圆产能,SEMI WFF 工厂级晶圆产能观测。,current,23000,8,日本,/Users/simon/Documents/Simon-OB/本体论/base/半导体/SEMI_WFF_2026_1Q.xlsx,Sony,Logic&Micro,facility_capacity,,,Sony - Building #6-4F,1002,Company Detail,file:///Users/simon/Documents/Simon-OB/%E6%9C%AC%E4%BD%93%E8%AE%BA/base/%E5%8D%8A%E5%AF%BC%E4%BD%93/SEMI_WFF_2026_1Q.xlsx
Sony - Building #6-2F current wafer capacity (SEMI WFF),,晶圆产能,SEMI WFF 工厂级晶圆产能观测。,current,23000,8,日本,/Users/simon/Documents/Simon-OB/本体论/base/半导体/SEMI_WFF_2026_1Q.xlsx,Sony,Logic&Micro,facility_capacity,,,Sony - Building #6-2F,1396,Company Detail,file:///Users/simon/Documents/Simon-OB/%E6%9C%AC%E4%BD%93%E8%AE%BA/base/%E5%8D%8A%E5%AF%BC%E4%BD%93/SEMI_WFF_2026_1Q.xlsx
Sony - Kumamoto TEC 2 current wafer capacity (SEMI WFF),,晶圆产能,SEMI WFF 工厂级晶圆产能观测。,current,15000,12,日本,/Users/simon/Documents/Simon-OB/本体论/base/半导体/SEMI_WFF_2026_1Q.xlsx,Sony,Opto,facility_capacity,,,Sony - Kumamoto TEC 2,2143,Company Detail,file:///Users/simon/Documents/Simon-OB/%E6%9C%AC%E4%BD%93%E8%AE%BA/base/%E5%8D%8A%E5%AF%BC%E4%BD%93/SEMI_WFF_2026_1Q.xlsx
"Sony - Fab 3 (TEC 2 bldg., 1st floor)-former JV current wafer capacity (SEMI WFF)",,晶圆产能,SEMI WFF 工厂级晶圆产能观测。,current,20000,12,日本,/Users/simon/Documents/Simon-OB/本体论/base/半导体/SEMI_WFF_2026_1Q.xlsx,Sony,Opto,facility_capacity,,,"Sony - Fab 3 (TEC 2 bldg., 1st floor)-former JV",1542,Company Detail,file:///Users/simon/Documents/Simon-OB/%E6%9C%AC%E4%BD%93%E8%AE%BA/base/%E5%8D%8A%E5%AF%BC%E4%BD%93/SEMI_WFF_2026_1Q.xlsx
Sony - Building #7 current wafer capacity (SEMI WFF),,晶圆产能,SEMI WFF 工厂级晶圆产能观测。,current,24000,8,日本,/Users/simon/Documents/Simon-OB/本体论/base/半导体/SEMI_WFF_2026_1Q.xlsx,Sony,Opto,facility_capacity,,,Sony - Building #7,2144,Company Detail,file:///Users/simon/Documents/Simon-OB/%E6%9C%AC%E4%BD%93%E8%AE%BA/base/%E5%8D%8A%E5%AF%BC%E4%BD%93/SEMI_WFF_2026_1Q.xlsx
Sony - Oita (was Toshiba) current wafer capacity (SEMI WFF),,晶圆产能,SEMI WFF 工厂级晶圆产能观测。,current,25000,12,日本,/Users/simon/Documents/Simon-OB/本体论/base/半导体/SEMI_WFF_2026_1Q.xlsx,Sony,Opto,facility_capacity,,,Sony - Oita (was Toshiba),1969,Company Detail,file:///Users/simon/Documents/Simon-OB/%E6%9C%AC%E4%BD%93%E8%AE%BA/base/%E5%8D%8A%E5%AF%BC%E4%BD%93/SEMI_WFF_2026_1Q.xlsx
Sony - Yamagata TEC (was Renesas Tsuruoka) current wafer capacity (SEMI WFF),,晶圆产能,SEMI WFF 工厂级晶圆产能观测。,current,24000,12,日本,/Users/simon/Documents/Simon-OB/本体论/base/半导体/SEMI_WFF_2026_1Q.xlsx,Sony,Opto,facility_capacity,,,Sony - Yamagata TEC (was Renesas Tsuruoka),2032,Company Detail,file:///Users/simon/Documents/Simon-OB/%E6%9C%AC%E4%BD%93%E8%AE%BA/base/%E5%8D%8A%E5%AF%BC%E4%BD%93/SEMI_WFF_2026_1Q.xlsx
"Sony - Fab 2 (TEC 2 bldg., 2nd floor) current wafer capacity (SEMI WFF)",,晶圆产能,SEMI WFF 工厂级晶圆产能观测。,current,20000,12,日本,/Users/simon/Documents/Simon-OB/本体论/base/半导体/SEMI_WFF_2026_1Q.xlsx,Sony,Opto,facility_capacity,,,"Sony - Fab 2 (TEC 2 bldg., 2nd floor)",1803,Company Detail,file:///Users/simon/Documents/Simon-OB/%E6%9C%AC%E4%BD%93%E8%AE%BA/base/%E5%8D%8A%E5%AF%BC%E4%BD%93/SEMI_WFF_2026_1Q.xlsx
Sony - Fab 4 (former NP3) current wafer capacity (SEMI WFF),,晶圆产能,SEMI WFF 工厂级晶圆产能观测。,current,26000,12,日本,/Users/simon/Documents/Simon-OB/本体论/base/半导体/SEMI_WFF_2026_1Q.xlsx,Sony,Opto,facility_capacity,,,Sony - Fab 4 (former NP3),1001,Company Detail,file:///Users/simon/Documents/Simon-OB/%E6%9C%AC%E4%BD%93%E8%AE%BA/base/%E5%8D%8A%E5%AF%BC%E4%BD%93/SEMI_WFF_2026_1Q.xlsx
Sony - Fab 5 Phase 1 current wafer capacity (SEMI WFF),,晶圆产能,SEMI WFF 工厂级晶圆产能观测。,current,12000,12,日本,/Users/simon/Documents/Simon-OB/本体论/base/半导体/SEMI_WFF_2026_1Q.xlsx,Sony,Opto,facility_capacity,,,Sony - Fab 5 Phase 1,5109,Company Detail,file:///Users/simon/Documents/Simon-OB/%E6%9C%AC%E4%BD%93%E8%AE%BA/base/%E5%8D%8A%E5%AF%BC%E4%BD%93/SEMI_WFF_2026_1Q.xlsx
Sony - Kumamoto Koshi New Fab current wafer capacity (SEMI WFF),,晶圆产能,SEMI WFF 工厂级晶圆产能观测。,current,35000,12,日本,/Users/simon/Documents/Simon-OB/本体论/base/半导体/SEMI_WFF_2026_1Q.xlsx,Sony,Opto,facility_capacity,,,Sony - Kumamoto Koshi New Fab,6470,Company Detail,file:///Users/simon/Documents/Simon-OB/%E6%9C%AC%E4%BD%93%E8%AE%BA/base/%E5%8D%8A%E5%AF%BC%E4%BD%93/SEMI_WFF_2026_1Q.xlsx
Sony - Fab 5 Phase 2 current wafer capacity (SEMI WFF),,晶圆产能,SEMI WFF 工厂级晶圆产能观测。,current,11000,12,日本,/Users/simon/Documents/Simon-OB/本体论/base/半导体/SEMI_WFF_2026_1Q.xlsx,Sony,Opto,facility_capacity,,,Sony - Fab 5 Phase 2,6476,Company Detail,file:///Users/simon/Documents/Simon-OB/%E6%9C%AC%E4%BD%93%E8%AE%BA/base/%E5%8D%8A%E5%AF%BC%E4%BD%93/SEMI_WFF_2026_1Q.xlsx
Sony - Fab 5 Phase 3 current wafer capacity (SEMI WFF),,晶圆产能,SEMI WFF 工厂级晶圆产能观测。,current,12000,12,日本,/Users/simon/Documents/Simon-OB/本体论/base/半导体/SEMI_WFF_2026_1Q.xlsx,Sony,Opto,facility_capacity,,,Sony - Fab 5 Phase 3,6477,Company Detail,file:///Users/simon/Documents/Simon-OB/%E6%9C%AC%E4%BD%93%E8%AE%BA/base/%E5%8D%8A%E5%AF%BC%E4%BD%93/SEMI_WFF_2026_1Q.xlsx
Soraa Inc. - Fremont fab current wafer capacity (SEMI WFF),,晶圆产能,SEMI WFF 工厂级晶圆产能观测。,current,3000,2,美洲,/Users/simon/Documents/Simon-OB/本体论/base/半导体/SEMI_WFF_2026_1Q.xlsx,Soraa Inc.,Opto,facility_capacity,,,Soraa Inc. - Fremont fab,3393,Company Detail,file:///Users/simon/Documents/Simon-OB/%E6%9C%AC%E4%BD%93%E8%AE%BA/base/%E5%8D%8A%E5%AF%BC%E4%BD%93/SEMI_WFF_2026_1Q.xlsx
Spectro Labs - N/A current wafer capacity (SEMI WFF),,晶圆产能,SEMI WFF 工厂级晶圆产能观测。,current,1000,3,美洲,/Users/simon/Documents/Simon-OB/本体论/base/半导体/SEMI_WFF_2026_1Q.xlsx,Spectro Labs,Other,facility_capacity,,,Spectro Labs - N/A,1020,Company Detail,file:///Users/simon/Documents/Simon-OB/%E6%9C%AC%E4%BD%93%E8%AE%BA/base/%E5%8D%8A%E5%AF%BC%E4%BD%93/SEMI_WFF_2026_1Q.xlsx
SRI International - SRI - Princeton current wafer capacity (SEMI WFF),,晶圆产能,SEMI WFF 工厂级晶圆产能观测。,current,800,6,美洲,/Users/simon/Documents/Simon-OB/本体论/base/半导体/SEMI_WFF_2026_1Q.xlsx,SRI International,Opto,facility_capacity,,,SRI International - SRI - Princeton,126,Company Detail,file:///Users/simon/Documents/Simon-OB/%E6%9C%AC%E4%BD%93%E8%AE%BA/base/%E5%8D%8A%E5%AF%BC%E4%BD%93/SEMI_WFF_2026_1Q.xlsx
SRI International - SRI - Menlo Park current wafer capacity (SEMI WFF),,晶圆产能,SEMI WFF 工厂级晶圆产能观测。,current,2000,6,美洲,/Users/simon/Documents/Simon-OB/本体论/base/半导体/SEMI_WFF_2026_1Q.xlsx,SRI International,MEMS,facility_capacity,,,SRI International - SRI - Menlo Park,2110,Company Detail,file:///Users/simon/Documents/Simon-OB/%E6%9C%AC%E4%BD%93%E8%AE%BA/base/%E5%8D%8A%E5%AF%BC%E4%BD%93/SEMI_WFF_2026_1Q.xlsx
SRI International - SRI - St Petersburg current wafer capacity (SEMI WFF),,晶圆产能,SEMI WFF 工厂级晶圆产能观测。,current,1000,6,美洲,/Users/simon/Documents/Simon-OB/本体论/base/半导体/SEMI_WFF_2026_1Q.xlsx,SRI International,MEMS,facility_capacity,,,SRI International - SRI - St Petersburg,3522,Company Detail,file:///Users/simon/Documents/Simon-OB/%E6%9C%AC%E4%BD%93%E8%AE%BA/base/%E5%8D%8A%E5%AF%BC%E4%BD%93/SEMI_WFF_2026_1Q.xlsx
SRISA (Russian Academy of Sciences) - N/A current wafer capacity (SEMI WFF),,晶圆产能,SEMI WFF 工厂级晶圆产能观测。,current,3000,6,Europe & Mideast,/Users/simon/Documents/Simon-OB/本体论/base/半导体/SEMI_WFF_2026_1Q.xlsx,SRISA (Russian Academy of Sciences),Analog,facility_capacity,,,SRISA (Russian Academy of Sciences) - N/A,1716,Company Detail,file:///Users/simon/Documents/Simon-OB/%E6%9C%AC%E4%BD%93%E8%AE%BA/base/%E5%8D%8A%E5%AF%BC%E4%BD%93/SEMI_WFF_2026_1Q.xlsx
Stanley Electric - Tsuruoka Works current wafer capacity (SEMI WFF),,晶圆产能,SEMI WFF 工厂级晶圆产能观测。,current,5000,4,日本,/Users/simon/Documents/Simon-OB/本体论/base/半导体/SEMI_WFF_2026_1Q.xlsx,Stanley Electric,Opto,facility_capacity,,,Stanley Electric - Tsuruoka Works,1027,Company Detail,file:///Users/simon/Documents/Simon-OB/%E6%9C%AC%E4%BD%93%E8%AE%BA/base/%E5%8D%8A%E5%AF%BC%E4%BD%93/SEMI_WFF_2026_1Q.xlsx
Stark Semiconductor - Micro LED fab current wafer capacity (SEMI WFF),,晶圆产能,SEMI WFF 工厂级晶圆产能观测。,current,1000,8,中国,/Users/simon/Documents/Simon-OB/本体论/base/半导体/SEMI_WFF_2026_1Q.xlsx,Stark Semiconductor,Opto,facility_capacity,,,Stark Semiconductor - Micro LED fab,6665,Company Detail,file:///Users/simon/Documents/Simon-OB/%E6%9C%AC%E4%BD%93%E8%AE%BA/base/%E5%8D%8A%E5%AF%BC%E4%BD%93/SEMI_WFF_2026_1Q.xlsx
STMicroelectronics - AG200 (R2-MEMS) current wafer capacity (SEMI WFF),,晶圆产能,SEMI WFF 工厂级晶圆产能观测。,current,25000,8,Europe & Mideast,/Users/simon/Documents/Simon-OB/本体论/base/半导体/SEMI_WFF_2026_1Q.xlsx,STMicroelectronics,MEMS,facility_capacity,,,STMicroelectronics - AG200 (R2-MEMS),6671,Company Detail,file:///Users/simon/Documents/Simon-OB/%E6%9C%AC%E4%BD%93%E8%AE%BA/base/%E5%8D%8A%E5%AF%BC%E4%BD%93/SEMI_WFF_2026_1Q.xlsx
"STMicroelectronics - AG200 (AG8-MEMS), was Fab 1 current wafer capacity (SEMI WFF)",,晶圆产能,SEMI WFF 工厂级晶圆产能观测。,current,48000,8,Europe & Mideast,/Users/simon/Documents/Simon-OB/本体论/base/半导体/SEMI_WFF_2026_1Q.xlsx,STMicroelectronics,MEMS,facility_capacity,,,"STMicroelectronics - AG200 (AG8-MEMS), was Fab 1",912,Company Detail,file:///Users/simon/Documents/Simon-OB/%E6%9C%AC%E4%BD%93%E8%AE%BA/base/%E5%8D%8A%E5%AF%BC%E4%BD%93/SEMI_WFF_2026_1Q.xlsx
STMicroelectronics - Fab 1 8-inch fab: SiC Line current wafer capacity (SEMI WFF),,晶圆产能,SEMI WFF 工厂级晶圆产能观测。,current,19000,8,Europe & Mideast,/Users/simon/Documents/Simon-OB/本体论/base/半导体/SEMI_WFF_2026_1Q.xlsx,STMicroelectronics,Discrete,facility_capacity,,,STMicroelectronics - Fab 1 8-inch fab: SiC Line,6673,Company Detail,file:///Users/simon/Documents/Simon-OB/%E6%9C%AC%E4%BD%93%E8%AE%BA/base/%E5%8D%8A%E5%AF%BC%E4%BD%93/SEMI_WFF_2026_1Q.xlsx
STMicroelectronics - Fab 2: 200mm GaN EPI current wafer capacity (SEMI WFF),,晶圆产能,SEMI WFF 工厂级晶圆产能观测。,current,20000,8,Europe & Mideast,/Users/simon/Documents/Simon-OB/本体论/base/半导体/SEMI_WFF_2026_1Q.xlsx,STMicroelectronics,EPI,facility_capacity,,,STMicroelectronics - Fab 2: 200mm GaN EPI,6674,Company Detail,file:///Users/simon/Documents/Simon-OB/%E6%9C%AC%E4%BD%93%E8%AE%BA/base/%E5%8D%8A%E5%AF%BC%E4%BD%93/SEMI_WFF_2026_1Q.xlsx
STMicroelectronics - SiC Substrate and EPI Fab 200mm Line current wafer capacity (SEMI WFF),,晶圆产能,SEMI WFF 工厂级晶圆产能观测。,current,65000,8,Europe & Mideast,/Users/simon/Documents/Simon-OB/本体论/base/半导体/SEMI_WFF_2026_1Q.xlsx,STMicroelectronics,EPI,facility_capacity,,,STMicroelectronics - SiC Substrate and EPI Fab 200mm Line,6448,Company Detail,file:///Users/simon/Documents/Simon-OB/%E6%9C%AC%E4%BD%93%E8%AE%BA/base/%E5%8D%8A%E5%AF%BC%E4%BD%93/SEMI_WFF_2026_1Q.xlsx
STMicroelectronics - SGFAB-AMK (8-inch line conversion from 6-inch 2138)  was AMK 2E (8-inch line) current wafer capacity (SEMI WFF),,晶圆产能,SEMI WFF 工厂级晶圆产能观测。,current,50000,8,SE Asia,/Users/simon/Documents/Simon-OB/本体论/base/半导体/SEMI_WFF_2026_1Q.xlsx,STMicroelectronics,Discrete,facility_capacity,,,STMicroelectronics - SGFAB-AMK (8-inch line conversion from 6-inch 2138)  was AMK 2E (8-inch line),6190,Company Detail,file:///Users/simon/Documents/Simon-OB/%E6%9C%AC%E4%BD%93%E8%AE%BA/base/%E5%8D%8A%E5%AF%BC%E4%BD%93/SEMI_WFF_2026_1Q.xlsx
STMicroelectronics - SiC Substrate and EPI Fab 150mm Line current wafer capacity (SEMI WFF),,晶圆产能,SEMI WFF 工厂级晶圆产能观测。,current,80000,6,Europe & Mideast,/Users/simon/Documents/Simon-OB/本体论/base/半导体/SEMI_WFF_2026_1Q.xlsx,STMicroelectronics,EPI,facility_capacity,,,STMicroelectronics - SiC Substrate and EPI Fab 150mm Line,6283,Company Detail,file:///Users/simon/Documents/Simon-OB/%E6%9C%AC%E4%BD%93%E8%AE%BA/base/%E5%8D%8A%E5%AF%BC%E4%BD%93/SEMI_WFF_2026_1Q.xlsx
STMicroelectronics - SiC Device Fab (Phase 1+2) current wafer capacity (SEMI WFF),,晶圆产能,SEMI WFF 工厂级晶圆产能观测。,current,65000,8,Europe & Mideast,/Users/simon/Documents/Simon-OB/本体论/base/半导体/SEMI_WFF_2026_1Q.xlsx,STMicroelectronics,Discrete,facility_capacity,,,STMicroelectronics - SiC Device Fab (Phase 1+2),6280,Company Detail,file:///Users/simon/Documents/Simon-OB/%E6%9C%AC%E4%BD%93%E8%AE%BA/base/%E5%8D%8A%E5%AF%BC%E4%BD%93/SEMI_WFF_2026_1Q.xlsx
STMicroelectronics - Crolles 2-ext. mod 2 current wafer capacity (SEMI WFF),,晶圆产能,SEMI WFF 工厂级晶圆产能观测。,current,4500,12,Europe & Mideast,/Users/simon/Documents/Simon-OB/本体论/base/半导体/SEMI_WFF_2026_1Q.xlsx,STMicroelectronics,Logic&Micro,facility_capacity,,,STMicroelectronics - Crolles 2-ext. mod 2,6184,Company Detail,file:///Users/simon/Documents/Simon-OB/%E6%9C%AC%E4%BD%93%E8%AE%BA/base/%E5%8D%8A%E5%AF%BC%E4%BD%93/SEMI_WFF_2026_1Q.xlsx
STMicroelectronics - SGFAB-AMK 6 (8-inch line conversion from 6-inch 1790) current wafer capacity (SEMI WFF),,晶圆产能,SEMI WFF 工厂级晶圆产能观测。,current,60000,8,SE Asia,/Users/simon/Documents/Simon-OB/本体论/base/半导体/SEMI_WFF_2026_1Q.xlsx,STMicroelectronics,Analog,facility_capacity,,,STMicroelectronics - SGFAB-AMK 6 (8-inch line conversion from 6-inch 1790),6189,Company Detail,file:///Users/simon/Documents/Simon-OB/%E6%9C%AC%E4%BD%93%E8%AE%BA/base/%E5%8D%8A%E5%AF%BC%E4%BD%93/SEMI_WFF_2026_1Q.xlsx
STMicroelectronics - SiC Fab (8-inch line) current wafer capacity (SEMI WFF),,晶圆产能,SEMI WFF 工厂级晶圆产能观测。,current,8000,8,Europe & Mideast,/Users/simon/Documents/Simon-OB/本体论/base/半导体/SEMI_WFF_2026_1Q.xlsx,STMicroelectronics,EPI,facility_capacity,,,STMicroelectronics - SiC Fab (8-inch line),6245,Company Detail,file:///Users/simon/Documents/Simon-OB/%E6%9C%AC%E4%BD%93%E8%AE%BA/base/%E5%8D%8A%E5%AF%BC%E4%BD%93/SEMI_WFF_2026_1Q.xlsx
STMicroelectronics - RST 8 current wafer capacity (SEMI WFF),,晶圆产能,SEMI WFF 工厂级晶圆产能观测。,current,50000,8,Europe & Mideast,/Users/simon/Documents/Simon-OB/本体论/base/半导体/SEMI_WFF_2026_1Q.xlsx,STMicroelectronics,Logic&Micro,facility_capacity,,,STMicroelectronics - RST 8,1295,Company Detail,file:///Users/simon/Documents/Simon-OB/%E6%9C%AC%E4%BD%93%E8%AE%BA/base/%E5%8D%8A%E5%AF%BC%E4%BD%93/SEMI_WFF_2026_1Q.xlsx
STMicroelectronics - Crolles 1 current wafer capacity (SEMI WFF),,晶圆产能,SEMI WFF 工厂级晶圆产能观测。,current,30000,8,Europe & Mideast,/Users/simon/Documents/Simon-OB/本体论/base/半导体/SEMI_WFF_2026_1Q.xlsx,STMicroelectronics,Logic&Micro,facility_capacity,,,STMicroelectronics - Crolles 1,919,Company Detail,file:///Users/simon/Documents/Simon-OB/%E6%9C%AC%E4%BD%93%E8%AE%BA/base/%E5%8D%8A%E5%AF%BC%E4%BD%93/SEMI_WFF_2026_1Q.xlsx
"STMicroelectronics - AG200 (R2-Power), was Fab 14 with Micron current wafer capacity (SEMI WFF)",,晶圆产能,SEMI WFF 工厂级晶圆产能观测。,current,14000,8,Europe & Mideast,/Users/simon/Documents/Simon-OB/本体论/base/半导体/SEMI_WFF_2026_1Q.xlsx,STMicroelectronics,Discrete,facility_capacity,,,"STMicroelectronics - AG200 (R2-Power), was Fab 14 with Micron",1373,Company Detail,file:///Users/simon/Documents/Simon-OB/%E6%9C%AC%E4%BD%93%E8%AE%BA/base/%E5%8D%8A%E5%AF%BC%E4%BD%93/SEMI_WFF_2026_1Q.xlsx
STMicroelectronics - Crolles 2 current wafer capacity (SEMI WFF),,晶圆产能,SEMI WFF 工厂级晶圆产能观测。,current,24000,12,Europe & Mideast,/Users/simon/Documents/Simon-OB/本体论/base/半导体/SEMI_WFF_2026_1Q.xlsx,STMicroelectronics,Logic&Micro,facility_capacity,,,STMicroelectronics - Crolles 2,1568,Company Detail,file:///Users/simon/Documents/Simon-OB/%E6%9C%AC%E4%BD%93%E8%AE%BA/base/%E5%8D%8A%E5%AF%BC%E4%BD%93/SEMI_WFF_2026_1Q.xlsx
STMicroelectronics - Crolles 2-ext. mod 1 current wafer capacity (SEMI WFF),,晶圆产能,SEMI WFF 工厂级晶圆产能观测。,current,4500,12,Europe & Mideast,/Users/simon/Documents/Simon-OB/本体论/base/半导体/SEMI_WFF_2026_1Q.xlsx,STMicroelectronics,Logic&Micro,facility_capacity,,,STMicroelectronics - Crolles 2-ext. mod 1,3718,Company Detail,file:///Users/simon/Documents/Simon-OB/%E6%9C%AC%E4%BD%93%E8%AE%BA/base/%E5%8D%8A%E5%AF%BC%E4%BD%93/SEMI_WFF_2026_1Q.xlsx
STMicroelectronics - Fab 2 (M9) expansion current wafer capacity (SEMI WFF),,晶圆产能,SEMI WFF 工厂级晶圆产能观测。,current,20000,8,Europe & Mideast,/Users/simon/Documents/Simon-OB/本体论/base/半导体/SEMI_WFF_2026_1Q.xlsx,STMicroelectronics,Discrete,facility_capacity,,,STMicroelectronics - Fab 2 (M9) expansion,5036,Company Detail,file:///Users/simon/Documents/Simon-OB/%E6%9C%AC%E4%BD%93%E8%AE%BA/base/%E5%8D%8A%E5%AF%BC%E4%BD%93/SEMI_WFF_2026_1Q.xlsx
STMicroelectronics - Crolles 2-ext. mod 3 (was Phase 0 of JV ST/GF) current wafer capacity (SEMI WFF),,晶圆产能,SEMI WFF 工厂级晶圆产能观测。,current,10000,12,Europe & Mideast,/Users/simon/Documents/Simon-OB/本体论/base/半导体/SEMI_WFF_2026_1Q.xlsx,STMicroelectronics,Logic&Micro,facility_capacity,,,STMicroelectronics - Crolles 2-ext. mod 3 (was Phase 0 of JV ST/GF),6185,Company Detail,file:///Users/simon/Documents/Simon-OB/%E6%9C%AC%E4%BD%93%E8%AE%BA/base/%E5%8D%8A%E5%AF%BC%E4%BD%93/SEMI_WFF_2026_1Q.xlsx
STMicroelectronics - Crolles 2-ext. mod 4 (was JV Phase 1-3) current wafer capacity (SEMI WFF),,晶圆产能,SEMI WFF 工厂级晶圆产能观测。,current,10000,12,Europe & Mideast,/Users/simon/Documents/Simon-OB/本体论/base/半导体/SEMI_WFF_2026_1Q.xlsx,STMicroelectronics,Logic&Micro,facility_capacity,,,STMicroelectronics - Crolles 2-ext. mod 4 (was JV Phase 1-3),6187,Company Detail,file:///Users/simon/Documents/Simon-OB/%E6%9C%AC%E4%BD%93%E8%AE%BA/base/%E5%8D%8A%E5%AF%BC%E4%BD%93/SEMI_WFF_2026_1Q.xlsx
STMicroelectronics - Crolles 2-ext. mod 5 current wafer capacity (SEMI WFF),,晶圆产能,SEMI WFF 工厂级晶圆产能观测。,current,10000,12,Europe & Mideast,/Users/simon/Documents/Simon-OB/本体论/base/半导体/SEMI_WFF_2026_1Q.xlsx,STMicroelectronics,Logic&Micro,facility_capacity,,,STMicroelectronics - Crolles 2-ext. mod 5,6188,Company Detail,file:///Users/simon/Documents/Simon-OB/%E6%9C%AC%E4%BD%93%E8%AE%BA/base/%E5%8D%8A%E5%AF%BC%E4%BD%93/SEMI_WFF_2026_1Q.xlsx
STMicroelectronics - Crolles 2-ext. mod 6 current wafer capacity (SEMI WFF),,晶圆产能,SEMI WFF 工厂级晶圆产能观测。,current,10000,12,Europe & Mideast,/Users/simon/Documents/Simon-OB/本体论/base/半导体/SEMI_WFF_2026_1Q.xlsx,STMicroelectronics,Logic&Micro,facility_capacity,,,STMicroelectronics - Crolles 2-ext. mod 6,6695,Company Detail,file:///Users/simon/Documents/Simon-OB/%E6%9C%AC%E4%BD%93%E8%AE%BA/base/%E5%8D%8A%E5%AF%BC%E4%BD%93/SEMI_WFF_2026_1Q.xlsx
STMicroelectronics - SiC Fab (6-inch line) was Norstel current wafer capacity (SEMI WFF),,晶圆产能,SEMI WFF 工厂级晶圆产能观测。,current,10000,6,Europe & Mideast,/Users/simon/Documents/Simon-OB/本体论/base/半导体/SEMI_WFF_2026_1Q.xlsx,STMicroelectronics,EPI,facility_capacity,,,STMicroelectronics - SiC Fab (6-inch line) was Norstel,2355,Company Detail,file:///Users/simon/Documents/Simon-OB/%E6%9C%AC%E4%BD%93%E8%AE%BA/base/%E5%8D%8A%E5%AF%BC%E4%BD%93/SEMI_WFF_2026_1Q.xlsx
"STMicroelectronics - AG200 (AG8-Logic), was Fab 1 current wafer capacity (SEMI WFF)",,晶圆产能,SEMI WFF 工厂级晶圆产能观测。,current,34000,8,Europe & Mideast,/Users/simon/Documents/Simon-OB/本体论/base/半导体/SEMI_WFF_2026_1Q.xlsx,STMicroelectronics,Discrete,facility_capacity,,,"STMicroelectronics - AG200 (AG8-Logic), was Fab 1",911,Company Detail,file:///Users/simon/Documents/Simon-OB/%E6%9C%AC%E4%BD%93%E8%AE%BA/base/%E5%8D%8A%E5%AF%BC%E4%BD%93/SEMI_WFF_2026_1Q.xlsx
STMicroelectronics - AG300 (R3) ST and Tower JV  (phase 1 + phase 2) current wafer capacity (SEMI WFF),,晶圆产能,SEMI WFF 工厂级晶圆产能观测。,current,17000,12,Europe & Mideast,/Users/simon/Documents/Simon-OB/本体论/base/半导体/SEMI_WFF_2026_1Q.xlsx,STMicroelectronics,Analog,facility_capacity,,,STMicroelectronics - AG300 (R3) ST and Tower JV  (phase 1 + phase 2),3717,Company Detail,file:///Users/simon/Documents/Simon-OB/%E6%9C%AC%E4%BD%93%E8%AE%BA/base/%E5%8D%8A%E5%AF%BC%E4%BD%93/SEMI_WFF_2026_1Q.xlsx
STMicroelectronics - Fab 2 (M9) 8-inch line (was 6-inch called CT 6) current wafer capacity (SEMI WFF),,晶圆产能,SEMI WFF 工厂级晶圆产能观测。,current,25000,8,Europe & Mideast,/Users/simon/Documents/Simon-OB/本体论/base/半导体/SEMI_WFF_2026_1Q.xlsx,STMicroelectronics,Discrete,facility_capacity,,,STMicroelectronics - Fab 2 (M9) 8-inch line (was 6-inch called CT 6),917,Company Detail,file:///Users/simon/Documents/Simon-OB/%E6%9C%AC%E4%BD%93%E8%AE%BA/base/%E5%8D%8A%E5%AF%BC%E4%BD%93/SEMI_WFF_2026_1Q.xlsx
STMicroelectronics - Fab 1 (+ old name Fab 2 merged) current wafer capacity (SEMI WFF),,晶圆产能,SEMI WFF 工厂级晶圆产能观测。,current,55000,6,Europe & Mideast,/Users/simon/Documents/Simon-OB/本体论/base/半导体/SEMI_WFF_2026_1Q.xlsx,STMicroelectronics,Discrete,facility_capacity,,,STMicroelectronics - Fab 1 (+ old name Fab 2 merged),928,Company Detail,file:///Users/simon/Documents/Simon-OB/%E6%9C%AC%E4%BD%93%E8%AE%BA/base/%E5%8D%8A%E5%AF%BC%E4%BD%93/SEMI_WFF_2026_1Q.xlsx
STMicroelectronics - Fab 2 (M5+M5 extension) Catania  (was called CTM 8) current wafer capacity (SEMI WFF),,晶圆产能,SEMI WFF 工厂级晶圆产能观测。,current,30000,8,Europe & Mideast,/Users/simon/Documents/Simon-OB/本体论/base/半导体/SEMI_WFF_2026_1Q.xlsx,STMicroelectronics,Discrete,facility_capacity,,,STMicroelectronics - Fab 2 (M5+M5 extension) Catania  (was called CTM 8),916,Company Detail,file:///Users/simon/Documents/Simon-OB/%E6%9C%AC%E4%BD%93%E8%AE%BA/base/%E5%8D%8A%E5%AF%BC%E4%BD%93/SEMI_WFF_2026_1Q.xlsx
STMicroelectronics - SGFAB-AMK 6E (6-inch line) current wafer capacity (SEMI WFF),,晶圆产能,SEMI WFF 工厂级晶圆产能观测。,current,145000,6,SE Asia,/Users/simon/Documents/Simon-OB/本体论/base/半导体/SEMI_WFF_2026_1Q.xlsx,STMicroelectronics,Discrete,facility_capacity,,,STMicroelectronics - SGFAB-AMK 6E (6-inch line),2138,Company Detail,file:///Users/simon/Documents/Simon-OB/%E6%9C%AC%E4%BD%93%E8%AE%BA/base/%E5%8D%8A%E5%AF%BC%E4%BD%93/SEMI_WFF_2026_1Q.xlsx
"STMicroelectronics - SGFAB-AMJ 9 (former AMK 5, AMJ 9 cluster, former Fab 1) current wafer capacity (SEMI WFF)",,晶圆产能,SEMI WFF 工厂级晶圆产能观测。,current,152000,6,SE Asia,/Users/simon/Documents/Simon-OB/本体论/base/半导体/SEMI_WFF_2026_1Q.xlsx,STMicroelectronics,Discrete,facility_capacity,,,"STMicroelectronics - SGFAB-AMJ 9 (former AMK 5, AMJ 9 cluster, former Fab 1)",925,Company Detail,file:///Users/simon/Documents/Simon-OB/%E6%9C%AC%E4%BD%93%E8%AE%BA/base/%E5%8D%8A%E5%AF%BC%E4%BD%93/SEMI_WFF_2026_1Q.xlsx
STMicroelectronics - SGFAB-AMK 8 (was Numonyx/Micron Fab 13) current wafer capacity (SEMI WFF),,晶圆产能,SEMI WFF 工厂级晶圆产能观测。,current,30000,8,SE Asia,/Users/simon/Documents/Simon-OB/本体论/base/半导体/SEMI_WFF_2026_1Q.xlsx,STMicroelectronics,Discrete,facility_capacity,,,STMicroelectronics - SGFAB-AMK 8 (was Numonyx/Micron Fab 13),1372,Company Detail,file:///Users/simon/Documents/Simon-OB/%E6%9C%AC%E4%BD%93%E8%AE%BA/base/%E5%8D%8A%E5%AF%BC%E4%BD%93/SEMI_WFF_2026_1Q.xlsx
STMicroelectronics - Fab 1 6-inch fab: SiC Line current wafer capacity (SEMI WFF),,晶圆产能,SEMI WFF 工厂级晶圆产能观测。,current,24000,6,Europe & Mideast,/Users/simon/Documents/Simon-OB/本体论/base/半导体/SEMI_WFF_2026_1Q.xlsx,STMicroelectronics,Discrete,facility_capacity,,,STMicroelectronics - Fab 1 6-inch fab: SiC Line,4955,Company Detail,file:///Users/simon/Documents/Simon-OB/%E6%9C%AC%E4%BD%93%E8%AE%BA/base/%E5%8D%8A%E5%AF%BC%E4%BD%93/SEMI_WFF_2026_1Q.xlsx
STMicroelectronics - SiC 6-inch line in Singapore current wafer capacity (SEMI WFF),,晶圆产能,SEMI WFF 工厂级晶圆产能观测。,current,50000,6,SE Asia,/Users/simon/Documents/Simon-OB/本体论/base/半导体/SEMI_WFF_2026_1Q.xlsx,STMicroelectronics,Discrete,facility_capacity,,,STMicroelectronics - SiC 6-inch line in Singapore,5105,Company Detail,file:///Users/simon/Documents/Simon-OB/%E6%9C%AC%E4%BD%93%E8%AE%BA/base/%E5%8D%8A%E5%AF%BC%E4%BD%93/SEMI_WFF_2026_1Q.xlsx
STMicroelectronics - Fab 1 6-inch fab: GaN Line current wafer capacity (SEMI WFF),,晶圆产能,SEMI WFF 工厂级晶圆产能观测。,current,15000,6,Europe & Mideast,/Users/simon/Documents/Simon-OB/本体论/base/半导体/SEMI_WFF_2026_1Q.xlsx,STMicroelectronics,Discrete,facility_capacity,,,STMicroelectronics - Fab 1 6-inch fab: GaN Line,5107,Company Detail,file:///Users/simon/Documents/Simon-OB/%E6%9C%AC%E4%BD%93%E8%AE%BA/base/%E5%8D%8A%E5%AF%BC%E4%BD%93/SEMI_WFF_2026_1Q.xlsx
STMicroelectronics - Fab 2: 200mm GaN Device Pilot current wafer capacity (SEMI WFF),,晶圆产能,SEMI WFF 工厂级晶圆产能观测。,current,8000,8,Europe & Mideast,/Users/simon/Documents/Simon-OB/本体论/base/半导体/SEMI_WFF_2026_1Q.xlsx,STMicroelectronics,Discrete,facility_capacity,,,STMicroelectronics - Fab 2: 200mm GaN Device Pilot,5108,Company Detail,file:///Users/simon/Documents/Simon-OB/%E6%9C%AC%E4%BD%93%E8%AE%BA/base/%E5%8D%8A%E5%AF%BC%E4%BD%93/SEMI_WFF_2026_1Q.xlsx
Sumitomo Chemical Advanced Technologies - Phoenix fab (Sumika Electronics Materials) current wafer capacity (SEMI WFF),,晶圆产能,SEMI WFF 工厂级晶圆产能观测。,current,9000,6,美洲,/Users/simon/Documents/Simon-OB/本体论/base/半导体/SEMI_WFF_2026_1Q.xlsx,Sumitomo Chemical Advanced Technologies,EPI,facility_capacity,,,Sumitomo Chemical Advanced Technologies - Phoenix fab (Sumika Electronics Materials),5043,Company Detail,file:///Users/simon/Documents/Simon-OB/%E6%9C%AC%E4%BD%93%E8%AE%BA/base/%E5%8D%8A%E5%AF%BC%E4%BD%93/SEMI_WFF_2026_1Q.xlsx
Sumitomo Electric Device Innovations Inc. - Fab 2 current wafer capacity (SEMI WFF),,晶圆产能,SEMI WFF 工厂级晶圆产能观测。,current,5200,4,日本,/Users/simon/Documents/Simon-OB/本体论/base/半导体/SEMI_WFF_2026_1Q.xlsx,Sumitomo Electric Device Innovations Inc.,Discrete,facility_capacity,,,Sumitomo Electric Device Innovations Inc. - Fab 2,194,Company Detail,file:///Users/simon/Documents/Simon-OB/%E6%9C%AC%E4%BD%93%E8%AE%BA/base/%E5%8D%8A%E5%AF%BC%E4%BD%93/SEMI_WFF_2026_1Q.xlsx
Sumitomo Electric Device Innovations Inc. - Fab 1 current wafer capacity (SEMI WFF),,晶圆产能,SEMI WFF 工厂级晶圆产能观测。,current,15000,3,日本,/Users/simon/Documents/Simon-OB/本体论/base/半导体/SEMI_WFF_2026_1Q.xlsx,Sumitomo Electric Device Innovations Inc.,Opto,facility_capacity,,,Sumitomo Electric Device Innovations Inc. - Fab 1,1492,Company Detail,file:///Users/simon/Documents/Simon-OB/%E6%9C%AC%E4%BD%93%E8%AE%BA/base/%E5%8D%8A%E5%AF%BC%E4%BD%93/SEMI_WFF_2026_1Q.xlsx
Sumitomo Electric Industries - Itami Works current wafer capacity (SEMI WFF),,晶圆产能,SEMI WFF 工厂级晶圆产能观测。,current,6000,4,日本,/Users/simon/Documents/Simon-OB/本体论/base/半导体/SEMI_WFF_2026_1Q.xlsx,Sumitomo Electric Industries,Opto,facility_capacity,,,Sumitomo Electric Industries - Itami Works,6702,Company Detail,file:///Users/simon/Documents/Simon-OB/%E6%9C%AC%E4%BD%93%E8%AE%BA/base/%E5%8D%8A%E5%AF%BC%E4%BD%93/SEMI_WFF_2026_1Q.xlsx
SUNY Polytechnic Institute - NanoFab Reflection (NRF) (NSTC - National Semiconductor Technology Center) current wafer capacity (SEMI WFF),,晶圆产能,SEMI WFF 工厂级晶圆产能观测。,current,700,12,美洲,/Users/simon/Documents/Simon-OB/本体论/base/半导体/SEMI_WFF_2026_1Q.xlsx,SUNY Polytechnic Institute,Other,facility_capacity,,,SUNY Polytechnic Institute - NanoFab Reflection (NRF) (NSTC - National Semiconductor Technology Center),6377,Company Detail,file:///Users/simon/Documents/Simon-OB/%E6%9C%AC%E4%BD%93%E8%AE%BA/base/%E5%8D%8A%E5%AF%BC%E4%BD%93/SEMI_WFF_2026_1Q.xlsx
SUNY Polytechnic Institute - NanoFab North (NFN) current wafer capacity (SEMI WFF),,晶圆产能,SEMI WFF 工厂级晶圆产能观测。,current,400,12,美洲,/Users/simon/Documents/Simon-OB/本体论/base/半导体/SEMI_WFF_2026_1Q.xlsx,SUNY Polytechnic Institute,Other,facility_capacity,,,SUNY Polytechnic Institute - NanoFab North (NFN),1781,Company Detail,file:///Users/simon/Documents/Simon-OB/%E6%9C%AC%E4%BD%93%E8%AE%BA/base/%E5%8D%8A%E5%AF%BC%E4%BD%93/SEMI_WFF_2026_1Q.xlsx
SUNY Polytechnic Institute - NanoFab 200 (CESTM) current wafer capacity (SEMI WFF),,晶圆产能,SEMI WFF 工厂级晶圆产能观测。,current,100,8,美洲,/Users/simon/Documents/Simon-OB/本体论/base/半导体/SEMI_WFF_2026_1Q.xlsx,SUNY Polytechnic Institute,Other,facility_capacity,,,SUNY Polytechnic Institute - NanoFab 200 (CESTM),1813,Company Detail,file:///Users/simon/Documents/Simon-OB/%E6%9C%AC%E4%BD%93%E8%AE%BA/base/%E5%8D%8A%E5%AF%BC%E4%BD%93/SEMI_WFF_2026_1Q.xlsx
SUNY Polytechnic Institute - NanoFab South Annex (NFS-Annex) current wafer capacity (SEMI WFF),,晶圆产能,SEMI WFF 工厂级晶圆产能观测。,current,100,12,美洲,/Users/simon/Documents/Simon-OB/本体论/base/半导体/SEMI_WFF_2026_1Q.xlsx,SUNY Polytechnic Institute,Other,facility_capacity,,,SUNY Polytechnic Institute - NanoFab South Annex (NFS-Annex),2233,Company Detail,file:///Users/simon/Documents/Simon-OB/%E6%9C%AC%E4%BD%93%E8%AE%BA/base/%E5%8D%8A%E5%AF%BC%E4%BD%93/SEMI_WFF_2026_1Q.xlsx
SUNY Polytechnic Institute - NanoFab South (NFS) current wafer capacity (SEMI WFF),,晶圆产能,SEMI WFF 工厂级晶圆产能观测。,current,250,12,美洲,/Users/simon/Documents/Simon-OB/本体论/base/半导体/SEMI_WFF_2026_1Q.xlsx,SUNY Polytechnic Institute,Other,facility_capacity,,,SUNY Polytechnic Institute - NanoFab South (NFS),1943,Company Detail,file:///Users/simon/Documents/Simon-OB/%E6%9C%AC%E4%BD%93%E8%AE%BA/base/%E5%8D%8A%E5%AF%BC%E4%BD%93/SEMI_WFF_2026_1Q.xlsx
SUNY Polytechnic Institute - NanoFab Xtension (NFX) current wafer capacity (SEMI WFF),,晶圆产能,SEMI WFF 工厂级晶圆产能观测。,current,600,12,美洲,/Users/simon/Documents/Simon-OB/本体论/base/半导体/SEMI_WFF_2026_1Q.xlsx,SUNY Polytechnic Institute,Other,facility_capacity,,,SUNY Polytechnic Institute - NanoFab Xtension (NFX),3359,Company Detail,file:///Users/simon/Documents/Simon-OB/%E6%9C%AC%E4%BD%93%E8%AE%BA/base/%E5%8D%8A%E5%AF%BC%E4%BD%93/SEMI_WFF_2026_1Q.xlsx
SUNY Polytechnic Institute - NanoFab North (NFN) - SiC Line current wafer capacity (SEMI WFF),,晶圆产能,SEMI WFF 工厂级晶圆产能观测。,current,3000,6,美洲,/Users/simon/Documents/Simon-OB/本体论/base/半导体/SEMI_WFF_2026_1Q.xlsx,SUNY Polytechnic Institute,Discrete,facility_capacity,,,SUNY Polytechnic Institute - NanoFab North (NFN) - SiC Line,3882,Company Detail,file:///Users/simon/Documents/Simon-OB/%E6%9C%AC%E4%BD%93%E8%AE%BA/base/%E5%8D%8A%E5%AF%BC%E4%BD%93/SEMI_WFF_2026_1Q.xlsx
SUNY Polytechnic Institute - NanoFab Central (NFC) current wafer capacity (SEMI WFF),,晶圆产能,SEMI WFF 工厂级晶圆产能观测。,current,150,12,美洲,/Users/simon/Documents/Simon-OB/本体论/base/半导体/SEMI_WFF_2026_1Q.xlsx,SUNY Polytechnic Institute,Other,facility_capacity,,,SUNY Polytechnic Institute - NanoFab Central (NFC),2231,Company Detail,file:///Users/simon/Documents/Simon-OB/%E6%9C%AC%E4%BD%93%E8%AE%BA/base/%E5%8D%8A%E5%AF%BC%E4%BD%93/SEMI_WFF_2026_1Q.xlsx
Suzhou Etern-Laser - Suzhou current wafer capacity (SEMI WFF),,晶圆产能,SEMI WFF 工厂级晶圆产能观测。,current,200,6,中国,/Users/simon/Documents/Simon-OB/本体论/base/半导体/SEMI_WFF_2026_1Q.xlsx,Suzhou Etern-Laser,Other,facility_capacity,,,Suzhou Etern-Laser - Suzhou,6532,Company Detail,file:///Users/simon/Documents/Simon-OB/%E6%9C%AC%E4%BD%93%E8%AE%BA/base/%E5%8D%8A%E5%AF%BC%E4%BD%93/SEMI_WFF_2026_1Q.xlsx
Suzhou Goodark Electronics - Fab 2 (4-inch line) current wafer capacity (SEMI WFF),,晶圆产能,SEMI WFF 工厂级晶圆产能观测。,current,60000,4,中国,/Users/simon/Documents/Simon-OB/本体论/base/半导体/SEMI_WFF_2026_1Q.xlsx,Suzhou Goodark Electronics,Discrete,facility_capacity,,,Suzhou Goodark Electronics - Fab 2 (4-inch line),2821,Company Detail,file:///Users/simon/Documents/Simon-OB/%E6%9C%AC%E4%BD%93%E8%AE%BA/base/%E5%8D%8A%E5%AF%BC%E4%BD%93/SEMI_WFF_2026_1Q.xlsx
Suzhou Goodark Electronics - Fab 1 (3-inch line) current wafer capacity (SEMI WFF),,晶圆产能,SEMI WFF 工厂级晶圆产能观测。,current,90000,3,中国,/Users/simon/Documents/Simon-OB/本体论/base/半导体/SEMI_WFF_2026_1Q.xlsx,Suzhou Goodark Electronics,Discrete,facility_capacity,,,Suzhou Goodark Electronics - Fab 1 (3-inch line),2820,Company Detail,file:///Users/simon/Documents/Simon-OB/%E6%9C%AC%E4%BD%93%E8%AE%BA/base/%E5%8D%8A%E5%AF%BC%E4%BD%93/SEMI_WFF_2026_1Q.xlsx
"Suzhou Tongguan Microelectronics Co., Ltd. - Zhangjiagang fab current wafer capacity (SEMI WFF)",,晶圆产能,SEMI WFF 工厂级晶圆产能观测。,current,30000,6,中国,/Users/simon/Documents/Simon-OB/本体论/base/半导体/SEMI_WFF_2026_1Q.xlsx,"Suzhou Tongguan Microelectronics Co., Ltd.",Discrete,facility_capacity,,,"Suzhou Tongguan Microelectronics Co., Ltd. - Zhangjiagang fab",3789,Company Detail,file:///Users/simon/Documents/Simon-OB/%E6%9C%AC%E4%BD%93%E8%AE%BA/base/%E5%8D%8A%E5%AF%BC%E4%BD%93/SEMI_WFF_2026_1Q.xlsx
Swaysure Technology - SwaySure Fab 1 current wafer capacity (SEMI WFF),,晶圆产能,SEMI WFF 工厂级晶圆产能观测。,current,10000,12,中国,/Users/simon/Documents/Simon-OB/本体论/base/半导体/SEMI_WFF_2026_1Q.xlsx,Swaysure Technology,Memory,facility_capacity,,,Swaysure Technology - SwaySure Fab 1,6488,Company Detail,file:///Users/simon/Documents/Simon-OB/%E6%9C%AC%E4%BD%93%E8%AE%BA/base/%E5%8D%8A%E5%AF%BC%E4%BD%93/SEMI_WFF_2026_1Q.xlsx
Systems on Silicon Manufacturing Co. Pte. Ltd. (SSMC) - Annex 10 (JV with NXP) current wafer capacity (SEMI WFF),,晶圆产能,SEMI WFF 工厂级晶圆产能观测。,current,30000,8,SE Asia,/Users/simon/Documents/Simon-OB/本体论/base/半导体/SEMI_WFF_2026_1Q.xlsx,Systems on Silicon Manufacturing Co. Pte. Ltd. (SSMC),Analog,facility_capacity,,,Systems on Silicon Manufacturing Co. Pte. Ltd. (SSMC) - Annex 10 (JV with NXP),5068,Company Detail,file:///Users/simon/Documents/Simon-OB/%E6%9C%AC%E4%BD%93%E8%AE%BA/base/%E5%8D%8A%E5%AF%BC%E4%BD%93/SEMI_WFF_2026_1Q.xlsx
Systems on Silicon Manufacturing Co. Pte. Ltd. (SSMC) - SSMC (JV with NXP) current wafer capacity (SEMI WFF),,晶圆产能,SEMI WFF 工厂级晶圆产能观测。,current,68000,8,SE Asia,/Users/simon/Documents/Simon-OB/本体论/base/半导体/SEMI_WFF_2026_1Q.xlsx,Systems on Silicon Manufacturing Co. Pte. Ltd. (SSMC),Analog,facility_capacity,,,Systems on Silicon Manufacturing Co. Pte. Ltd. (SSMC) - SSMC (JV with NXP),1674,Company Detail,file:///Users/simon/Documents/Simon-OB/%E6%9C%AC%E4%BD%93%E8%AE%BA/base/%E5%8D%8A%E5%AF%BC%E4%BD%93/SEMI_WFF_2026_1Q.xlsx
Taiwan Semiconductor - Letzer Fab current wafer capacity (SEMI WFF),,晶圆产能,SEMI WFF 工厂级晶圆产能观测。,current,40000,4,中国台湾,/Users/simon/Documents/Simon-OB/本体论/base/半导体/SEMI_WFF_2026_1Q.xlsx,Taiwan Semiconductor,Discrete,facility_capacity,,,Taiwan Semiconductor - Letzer Fab,2552,Company Detail,file:///Users/simon/Documents/Simon-OB/%E6%9C%AC%E4%BD%93%E8%AE%BA/base/%E5%8D%8A%E5%AF%BC%E4%BD%93/SEMI_WFF_2026_1Q.xlsx
Taiwan Semiconductor - Yilan fab current wafer capacity (SEMI WFF),,晶圆产能,SEMI WFF 工厂级晶圆产能观测。,current,22000,5,中国台湾,/Users/simon/Documents/Simon-OB/本体论/base/半导体/SEMI_WFF_2026_1Q.xlsx,Taiwan Semiconductor,Discrete,facility_capacity,,,Taiwan Semiconductor - Yilan fab,2513,Company Detail,file:///Users/simon/Documents/Simon-OB/%E6%9C%AC%E4%BD%93%E8%AE%BA/base/%E5%8D%8A%E5%AF%BC%E4%BD%93/SEMI_WFF_2026_1Q.xlsx
Taiwan-Asia Semiconductor Corporation (TASC) - Fab 1 current wafer capacity (SEMI WFF),,晶圆产能,SEMI WFF 工厂级晶圆产能观测。,current,150000,4,中国台湾,/Users/simon/Documents/Simon-OB/本体论/base/半导体/SEMI_WFF_2026_1Q.xlsx,Taiwan-Asia Semiconductor Corporation (TASC),Opto,facility_capacity,,,Taiwan-Asia Semiconductor Corporation (TASC) - Fab 1,2818,Company Detail,file:///Users/simon/Documents/Simon-OB/%E6%9C%AC%E4%BD%93%E8%AE%BA/base/%E5%8D%8A%E5%AF%BC%E4%BD%93/SEMI_WFF_2026_1Q.xlsx
Taiwan-Asia Semiconductor Corporation (TASC) - Fab 2 current wafer capacity (SEMI WFF),,晶圆产能,SEMI WFF 工厂级晶圆产能观测。,current,150000,4,中国台湾,/Users/simon/Documents/Simon-OB/本体论/base/半导体/SEMI_WFF_2026_1Q.xlsx,Taiwan-Asia Semiconductor Corporation (TASC),Opto,facility_capacity,,,Taiwan-Asia Semiconductor Corporation (TASC) - Fab 2,2819,Company Detail,file:///Users/simon/Documents/Simon-OB/%E6%9C%AC%E4%BD%93%E8%AE%BA/base/%E5%8D%8A%E5%AF%BC%E4%BD%93/SEMI_WFF_2026_1Q.xlsx
Taiwan-Asia Semiconductor Corporation (TASC) - Fab 2 SiC Line (ProAsia) current wafer capacity (SEMI WFF),,晶圆产能,SEMI WFF 工厂级晶圆产能观测。,current,5000,6,中国台湾,/Users/simon/Documents/Simon-OB/本体论/base/半导体/SEMI_WFF_2026_1Q.xlsx,Taiwan-Asia Semiconductor Corporation (TASC),Discrete,facility_capacity,,,Taiwan-Asia Semiconductor Corporation (TASC) - Fab 2 SiC Line (ProAsia),6634,Company Detail,file:///Users/simon/Documents/Simon-OB/%E6%9C%AC%E4%BD%93%E8%AE%BA/base/%E5%8D%8A%E5%AF%BC%E4%BD%93/SEMI_WFF_2026_1Q.xlsx
Taiwan-Asia Semiconductor Corporation (TASC) - Fab 2 GaN Line (Champ-Asia) current wafer capacity (SEMI WFF),,晶圆产能,SEMI WFF 工厂级晶圆产能观测。,current,2000,8,中国台湾,/Users/simon/Documents/Simon-OB/本体论/base/半导体/SEMI_WFF_2026_1Q.xlsx,Taiwan-Asia Semiconductor Corporation (TASC),Discrete,facility_capacity,,,Taiwan-Asia Semiconductor Corporation (TASC) - Fab 2 GaN Line (Champ-Asia),6635,Company Detail,file:///Users/simon/Documents/Simon-OB/%E6%9C%AC%E4%BD%93%E8%AE%BA/base/%E5%8D%8A%E5%AF%BC%E4%BD%93/SEMI_WFF_2026_1Q.xlsx
Taiyo Yuden - Tokorozawa Plant current wafer capacity (SEMI WFF),,晶圆产能,SEMI WFF 工厂级晶圆产能观测。,current,5000,5,日本,/Users/simon/Documents/Simon-OB/本体论/base/半导体/SEMI_WFF_2026_1Q.xlsx,Taiyo Yuden,MEMS,facility_capacity,,,Taiyo Yuden - Tokorozawa Plant,3850,Company Detail,file:///Users/simon/Documents/Simon-OB/%E6%9C%AC%E4%BD%93%E8%AE%BA/base/%E5%8D%8A%E5%AF%BC%E4%BD%93/SEMI_WFF_2026_1Q.xlsx
Taiyo Yuden - Ome fab current wafer capacity (SEMI WFF),,晶圆产能,SEMI WFF 工厂级晶圆产能观测。,current,10000,6,日本,/Users/simon/Documents/Simon-OB/本体论/base/半导体/SEMI_WFF_2026_1Q.xlsx,Taiyo Yuden,MEMS,facility_capacity,,,Taiyo Yuden - Ome fab,296,Company Detail,file:///Users/simon/Documents/Simon-OB/%E6%9C%AC%E4%BD%93%E8%AE%BA/base/%E5%8D%8A%E5%AF%BC%E4%BD%93/SEMI_WFF_2026_1Q.xlsx
Tallinn Electrical Engineering Factory Estel - N/A current wafer capacity (SEMI WFF),,晶圆产能,SEMI WFF 工厂级晶圆产能观测。,current,1000,4,Europe & Mideast,/Users/simon/Documents/Simon-OB/本体论/base/半导体/SEMI_WFF_2026_1Q.xlsx,Tallinn Electrical Engineering Factory Estel,Discrete,facility_capacity,,,Tallinn Electrical Engineering Factory Estel - N/A,1478,Company Detail,file:///Users/simon/Documents/Simon-OB/%E6%9C%AC%E4%BD%93%E8%AE%BA/base/%E5%8D%8A%E5%AF%BC%E4%BD%93/SEMI_WFF_2026_1Q.xlsx
TankeBlue Semiconductor - Bejing fab current wafer capacity (SEMI WFF),,晶圆产能,SEMI WFF 工厂级晶圆产能观测。,current,6000,4,中国,/Users/simon/Documents/Simon-OB/本体论/base/半导体/SEMI_WFF_2026_1Q.xlsx,TankeBlue Semiconductor,EPI,facility_capacity,,,TankeBlue Semiconductor - Bejing fab,5055,Company Detail,file:///Users/simon/Documents/Simon-OB/%E6%9C%AC%E4%BD%93%E8%AE%BA/base/%E5%8D%8A%E5%AF%BC%E4%BD%93/SEMI_WFF_2026_1Q.xlsx
Tata Electronics - Dholera fab (Phase 1 & 2) current wafer capacity (SEMI WFF),,晶圆产能,SEMI WFF 工厂级晶圆产能观测。,current,50000,12,SE Asia,/Users/simon/Documents/Simon-OB/本体论/base/半导体/SEMI_WFF_2026_1Q.xlsx,Tata Electronics,Logic&Micro,facility_capacity,,,Tata Electronics - Dholera fab (Phase 1 & 2),6527,Company Detail,file:///Users/simon/Documents/Simon-OB/%E6%9C%AC%E4%BD%93%E8%AE%BA/base/%E5%8D%8A%E5%AF%BC%E4%BD%93/SEMI_WFF_2026_1Q.xlsx
TDK Corporation - Asama Techno Factory current wafer capacity (SEMI WFF),,晶圆产能,SEMI WFF 工厂级晶圆产能观测。,current,20000,4,日本,/Users/simon/Documents/Simon-OB/本体论/base/半导体/SEMI_WFF_2026_1Q.xlsx,TDK Corporation,MEMS,facility_capacity,,,TDK Corporation - Asama Techno Factory,3830,Company Detail,file:///Users/simon/Documents/Simon-OB/%E6%9C%AC%E4%BD%93%E8%AE%BA/base/%E5%8D%8A%E5%AF%BC%E4%BD%93/SEMI_WFF_2026_1Q.xlsx
TDK Corporation - TDK-Tronics Addison current wafer capacity (SEMI WFF),,晶圆产能,SEMI WFF 工厂级晶圆产能观测。,current,2400,8,美洲,/Users/simon/Documents/Simon-OB/本体论/base/半导体/SEMI_WFF_2026_1Q.xlsx,TDK Corporation,MEMS,facility_capacity,,,TDK Corporation - TDK-Tronics Addison,4932,Company Detail,file:///Users/simon/Documents/Simon-OB/%E6%9C%AC%E4%BD%93%E8%AE%BA/base/%E5%8D%8A%E5%AF%BC%E4%BD%93/SEMI_WFF_2026_1Q.xlsx
TDK Corporation - Freiburg fab (was Micronas) current wafer capacity (SEMI WFF),,晶圆产能,SEMI WFF 工厂级晶圆产能观测。,current,15000,8,Europe & Mideast,/Users/simon/Documents/Simon-OB/本体论/base/半导体/SEMI_WFF_2026_1Q.xlsx,TDK Corporation,Analog,facility_capacity,,,TDK Corporation - Freiburg fab (was Micronas),1610,Company Detail,file:///Users/simon/Documents/Simon-OB/%E6%9C%AC%E4%BD%93%E8%AE%BA/base/%E5%8D%8A%E5%AF%BC%E4%BD%93/SEMI_WFF_2026_1Q.xlsx
TDK Corporation - TDK-Tronics Fab 1 (Crolles) current wafer capacity (SEMI WFF),,晶圆产能,SEMI WFF 工厂级晶圆产能观测。,current,1000,6,Europe & Mideast,/Users/simon/Documents/Simon-OB/本体论/base/半导体/SEMI_WFF_2026_1Q.xlsx,TDK Corporation,MEMS,facility_capacity,,,TDK Corporation - TDK-Tronics Fab 1 (Crolles),2008,Company Detail,file:///Users/simon/Documents/Simon-OB/%E6%9C%AC%E4%BD%93%E8%AE%BA/base/%E5%8D%8A%E5%AF%BC%E4%BD%93/SEMI_WFF_2026_1Q.xlsx
Tekcore - Fab 1 current wafer capacity (SEMI WFF),,晶圆产能,SEMI WFF 工厂级晶圆产能观测。,current,8000,3,中国台湾,/Users/simon/Documents/Simon-OB/本体论/base/半导体/SEMI_WFF_2026_1Q.xlsx,Tekcore,Opto,facility_capacity,,,Tekcore - Fab 1,2891,Company Detail,file:///Users/simon/Documents/Simon-OB/%E6%9C%AC%E4%BD%93%E8%AE%BA/base/%E5%8D%8A%E5%AF%BC%E4%BD%93/SEMI_WFF_2026_1Q.xlsx
Tekcore - Fab 2 current wafer capacity (SEMI WFF),,晶圆产能,SEMI WFF 工厂级晶圆产能观测。,current,20000,2,中国台湾,/Users/simon/Documents/Simon-OB/本体论/base/半导体/SEMI_WFF_2026_1Q.xlsx,Tekcore,Opto,facility_capacity,,,Tekcore - Fab 2,2892,Company Detail,file:///Users/simon/Documents/Simon-OB/%E6%9C%AC%E4%BD%93%E8%AE%BA/base/%E5%8D%8A%E5%AF%BC%E4%BD%93/SEMI_WFF_2026_1Q.xlsx
Tekcore - Fab 3 current wafer capacity (SEMI WFF),,晶圆产能,SEMI WFF 工厂级晶圆产能观测。,current,64000,2,中国台湾,/Users/simon/Documents/Simon-OB/本体论/base/半导体/SEMI_WFF_2026_1Q.xlsx,Tekcore,Opto,facility_capacity,,,Tekcore - Fab 3,2893,Company Detail,file:///Users/simon/Documents/Simon-OB/%E6%9C%AC%E4%BD%93%E8%AE%BA/base/%E5%8D%8A%E5%AF%BC%E4%BD%93/SEMI_WFF_2026_1Q.xlsx
Tekcore - Fab 5 current wafer capacity (SEMI WFF),,晶圆产能,SEMI WFF 工厂级晶圆产能观测。,current,30000,4,中国台湾,/Users/simon/Documents/Simon-OB/本体论/base/半导体/SEMI_WFF_2026_1Q.xlsx,Tekcore,Opto,facility_capacity,,,Tekcore - Fab 5,3396,Company Detail,file:///Users/simon/Documents/Simon-OB/%E6%9C%AC%E4%BD%93%E8%AE%BA/base/%E5%8D%8A%E5%AF%BC%E4%BD%93/SEMI_WFF_2026_1Q.xlsx
Teledyne DALSA - Edmonton fab (8-inch line) - was Micralyne current wafer capacity (SEMI WFF),,晶圆产能,SEMI WFF 工厂级晶圆产能观测。,current,10000,8,美洲,/Users/simon/Documents/Simon-OB/本体论/base/半导体/SEMI_WFF_2026_1Q.xlsx,Teledyne DALSA,MEMS,facility_capacity,,,Teledyne DALSA - Edmonton fab (8-inch line) - was Micralyne,5028,Company Detail,file:///Users/simon/Documents/Simon-OB/%E6%9C%AC%E4%BD%93%E8%AE%BA/base/%E5%8D%8A%E5%AF%BC%E4%BD%93/SEMI_WFF_2026_1Q.xlsx
Teledyne DALSA - Fab 4 - 6-inch line current wafer capacity (SEMI WFF),,晶圆产能,SEMI WFF 工厂级晶圆产能观测。,current,3000,6,美洲,/Users/simon/Documents/Simon-OB/本体论/base/半导体/SEMI_WFF_2026_1Q.xlsx,Teledyne DALSA,MEMS,facility_capacity,,,Teledyne DALSA - Fab 4 - 6-inch line,2895,Company Detail,file:///Users/simon/Documents/Simon-OB/%E6%9C%AC%E4%BD%93%E8%AE%BA/base/%E5%8D%8A%E5%AF%BC%E4%BD%93/SEMI_WFF_2026_1Q.xlsx
Teledyne DALSA - Fab 4 - 8-inch line current wafer capacity (SEMI WFF),,晶圆产能,SEMI WFF 工厂级晶圆产能观测。,current,1000,8,美洲,/Users/simon/Documents/Simon-OB/本体论/base/半导体/SEMI_WFF_2026_1Q.xlsx,Teledyne DALSA,MEMS,facility_capacity,,,Teledyne DALSA - Fab 4 - 8-inch line,3179,Company Detail,file:///Users/simon/Documents/Simon-OB/%E6%9C%AC%E4%BD%93%E8%AE%BA/base/%E5%8D%8A%E5%AF%BC%E4%BD%93/SEMI_WFF_2026_1Q.xlsx
Teledyne DALSA - Fab 1 current wafer capacity (SEMI WFF),,晶圆产能,SEMI WFF 工厂级晶圆产能观测。,current,4000,6,美洲,/Users/simon/Documents/Simon-OB/本体论/base/半导体/SEMI_WFF_2026_1Q.xlsx,Teledyne DALSA,Opto,facility_capacity,,,Teledyne DALSA - Fab 1,1454,Company Detail,file:///Users/simon/Documents/Simon-OB/%E6%9C%AC%E4%BD%93%E8%AE%BA/base/%E5%8D%8A%E5%AF%BC%E4%BD%93/SEMI_WFF_2026_1Q.xlsx
Teledyne DALSA - Fab 3 current wafer capacity (SEMI WFF),,晶圆产能,SEMI WFF 工厂级晶圆产能观测。,current,4000,6,美洲,/Users/simon/Documents/Simon-OB/本体论/base/半导体/SEMI_WFF_2026_1Q.xlsx,Teledyne DALSA,Opto,facility_capacity,,,Teledyne DALSA - Fab 3,2896,Company Detail,file:///Users/simon/Documents/Simon-OB/%E6%9C%AC%E4%BD%93%E8%AE%BA/base/%E5%8D%8A%E5%AF%BC%E4%BD%93/SEMI_WFF_2026_1Q.xlsx
Teledyne DALSA - Fab 2 current wafer capacity (SEMI WFF),,晶圆产能,SEMI WFF 工厂级晶圆产能观测。,current,6000,6,美洲,/Users/simon/Documents/Simon-OB/本体论/base/半导体/SEMI_WFF_2026_1Q.xlsx,Teledyne DALSA,Opto,facility_capacity,,,Teledyne DALSA - Fab 2,1455,Company Detail,file:///Users/simon/Documents/Simon-OB/%E6%9C%AC%E4%BD%93%E8%AE%BA/base/%E5%8D%8A%E5%AF%BC%E4%BD%93/SEMI_WFF_2026_1Q.xlsx
Teledyne DALSA - Edmonton fab (6-inch line) - was Micralyne current wafer capacity (SEMI WFF),,晶圆产能,SEMI WFF 工厂级晶圆产能观测。,current,10000,6,美洲,/Users/simon/Documents/Simon-OB/本体论/base/半导体/SEMI_WFF_2026_1Q.xlsx,Teledyne DALSA,MEMS,facility_capacity,,,Teledyne DALSA - Edmonton fab (6-inch line) - was Micralyne,9,Company Detail,file:///Users/simon/Documents/Simon-OB/%E6%9C%AC%E4%BD%93%E8%AE%BA/base/%E5%8D%8A%E5%AF%BC%E4%BD%93/SEMI_WFF_2026_1Q.xlsx
Teledyne Electronics and Communications - Microwave current wafer capacity (SEMI WFF),,晶圆产能,SEMI WFF 工厂级晶圆产能观测。,current,80,3,美洲,/Users/simon/Documents/Simon-OB/本体论/base/半导体/SEMI_WFF_2026_1Q.xlsx,Teledyne Electronics and Communications,Other,facility_capacity,,,Teledyne Electronics and Communications - Microwave,1053,Company Detail,file:///Users/simon/Documents/Simon-OB/%E6%9C%AC%E4%BD%93%E8%AE%BA/base/%E5%8D%8A%E5%AF%BC%E4%BD%93/SEMI_WFF_2026_1Q.xlsx
TESTAS (Turkish Electronics Industry & Trade Corp.) - N/A current wafer capacity (SEMI WFF),,晶圆产能,SEMI WFF 工厂级晶圆产能观测。,current,5000,3,Europe & Mideast,/Users/simon/Documents/Simon-OB/本体论/base/半导体/SEMI_WFF_2026_1Q.xlsx,TESTAS (Turkish Electronics Industry & Trade Corp.),Discrete,facility_capacity,,,TESTAS (Turkish Electronics Industry & Trade Corp.) - N/A,1574,Company Detail,file:///Users/simon/Documents/Simon-OB/%E6%9C%AC%E4%BD%93%E8%AE%BA/base/%E5%8D%8A%E5%AF%BC%E4%BD%93/SEMI_WFF_2026_1Q.xlsx
Texas Instruments - MFab (was National) current wafer capacity (SEMI WFF),,晶圆产能,SEMI WFF 工厂级晶圆产能观测。,current,32000,8,美洲,/Users/simon/Documents/Simon-OB/本体论/base/半导体/SEMI_WFF_2026_1Q.xlsx,Texas Instruments,Analog,facility_capacity,,,Texas Instruments - MFab (was National),1326,Company Detail,file:///Users/simon/Documents/Simon-OB/%E6%9C%AC%E4%BD%93%E8%AE%BA/base/%E5%8D%8A%E5%AF%BC%E4%BD%93/SEMI_WFF_2026_1Q.xlsx
Texas Instruments - DFAB 200mm (South building) current wafer capacity (SEMI WFF),,晶圆产能,SEMI WFF 工厂级晶圆产能观测。,current,47000,8,美洲,/Users/simon/Documents/Simon-OB/本体论/base/半导体/SEMI_WFF_2026_1Q.xlsx,Texas Instruments,Analog,facility_capacity,,,Texas Instruments - DFAB 200mm (South building),1067,Company Detail,file:///Users/simon/Documents/Simon-OB/%E6%9C%AC%E4%BD%93%E8%AE%BA/base/%E5%8D%8A%E5%AF%BC%E4%BD%93/SEMI_WFF_2026_1Q.xlsx
Texas Instruments - DMOS 6 current wafer capacity (SEMI WFF),,晶圆产能,SEMI WFF 工厂级晶圆产能观测。,current,25000,12,美洲,/Users/simon/Documents/Simon-OB/本体论/base/半导体/SEMI_WFF_2026_1Q.xlsx,Texas Instruments,Analog,facility_capacity,,,Texas Instruments - DMOS 6,1390,Company Detail,file:///Users/simon/Documents/Simon-OB/%E6%9C%AC%E4%BD%93%E8%AE%BA/base/%E5%8D%8A%E5%AF%BC%E4%BD%93/SEMI_WFF_2026_1Q.xlsx
Texas Instruments - DMOS 5 current wafer capacity (SEMI WFF),,晶圆产能,SEMI WFF 工厂级晶圆产能观测。,current,75000,8,美洲,/Users/simon/Documents/Simon-OB/本体论/base/半导体/SEMI_WFF_2026_1Q.xlsx,Texas Instruments,Analog,facility_capacity,,,Texas Instruments - DMOS 5,1062,Company Detail,file:///Users/simon/Documents/Simon-OB/%E6%9C%AC%E4%BD%93%E8%AE%BA/base/%E5%8D%8A%E5%AF%BC%E4%BD%93/SEMI_WFF_2026_1Q.xlsx
Texas Instruments - Miho 8 (was Miho 6)+ Miho 5 current wafer capacity (SEMI WFF),,晶圆产能,SEMI WFF 工厂级晶圆产能观测。,current,43000,8,日本,/Users/simon/Documents/Simon-OB/本体论/base/半导体/SEMI_WFF_2026_1Q.xlsx,Texas Instruments,MEMS,facility_capacity,,,Texas Instruments - Miho 8 (was Miho 6)+ Miho 5,1076,Company Detail,file:///Users/simon/Documents/Simon-OB/%E6%9C%AC%E4%BD%93%E8%AE%BA/base/%E5%8D%8A%E5%AF%BC%E4%BD%93/SEMI_WFF_2026_1Q.xlsx
Texas Instruments - SFAB 1 current wafer capacity (SEMI WFF),,晶圆产能,SEMI WFF 工厂级晶圆产能观测。,current,91000,6,美洲,/Users/simon/Documents/Simon-OB/本体论/base/半导体/SEMI_WFF_2026_1Q.xlsx,Texas Instruments,Analog,facility_capacity,,,Texas Instruments - SFAB 1,1079,Company Detail,file:///Users/simon/Documents/Simon-OB/%E6%9C%AC%E4%BD%93%E8%AE%BA/base/%E5%8D%8A%E5%AF%BC%E4%BD%93/SEMI_WFF_2026_1Q.xlsx
"Texas Instruments - FFAB (8-inch line, inside former 6-inch) current wafer capacity (SEMI WFF)",,晶圆产能,SEMI WFF 工厂级晶圆产能观测。,current,37000,8,Europe & Mideast,/Users/simon/Documents/Simon-OB/本体论/base/半导体/SEMI_WFF_2026_1Q.xlsx,Texas Instruments,Analog,facility_capacity,,,"Texas Instruments - FFAB (8-inch line, inside former 6-inch)",1793,Company Detail,file:///Users/simon/Documents/Simon-OB/%E6%9C%AC%E4%BD%93%E8%AE%BA/base/%E5%8D%8A%E5%AF%BC%E4%BD%93/SEMI_WFF_2026_1Q.xlsx
Texas Instruments - RFab 2 current wafer capacity (SEMI WFF),,晶圆产能,SEMI WFF 工厂级晶圆产能观测。,current,60000,12,美洲,/Users/simon/Documents/Simon-OB/本体论/base/半导体/SEMI_WFF_2026_1Q.xlsx,Texas Instruments,Analog,facility_capacity,,,Texas Instruments - RFab 2,5034,Company Detail,file:///Users/simon/Documents/Simon-OB/%E6%9C%AC%E4%BD%93%E8%AE%BA/base/%E5%8D%8A%E5%AF%BC%E4%BD%93/SEMI_WFF_2026_1Q.xlsx
"Texas Instruments - LFab 1 (+ Bldg 60), was Fab 2 Micron (3D X Point, part (IMFT) current wafer capacity (SEMI WFF)",,晶圆产能,SEMI WFF 工厂级晶圆产能观测。,current,55000,12,美洲,/Users/simon/Documents/Simon-OB/本体论/base/半导体/SEMI_WFF_2026_1Q.xlsx,Texas Instruments,Analog,facility_capacity,,,"Texas Instruments - LFab 1 (+ Bldg 60), was Fab 2 Micron (3D X Point, part (IMFT)",3834,Company Detail,file:///Users/simon/Documents/Simon-OB/%E6%9C%AC%E4%BD%93%E8%AE%BA/base/%E5%8D%8A%E5%AF%BC%E4%BD%93/SEMI_WFF_2026_1Q.xlsx
Texas Instruments - RFab 1 current wafer capacity (SEMI WFF),,晶圆产能,SEMI WFF 工厂级晶圆产能观测。,current,40000,12,美洲,/Users/simon/Documents/Simon-OB/本体论/base/半导体/SEMI_WFF_2026_1Q.xlsx,Texas Instruments,Analog,facility_capacity,,,Texas Instruments - RFab 1,2010,Company Detail,file:///Users/simon/Documents/Simon-OB/%E6%9C%AC%E4%BD%93%E8%AE%BA/base/%E5%8D%8A%E5%AF%BC%E4%BD%93/SEMI_WFF_2026_1Q.xlsx
Texas Instruments - JV3 current wafer capacity (SEMI WFF),,晶圆产能,SEMI WFF 工厂级晶圆产能观测。,current,45000,8,日本,/Users/simon/Documents/Simon-OB/本体论/base/半导体/SEMI_WFF_2026_1Q.xlsx,Texas Instruments,Analog,facility_capacity,,,Texas Instruments - JV3,1789,Company Detail,file:///Users/simon/Documents/Simon-OB/%E6%9C%AC%E4%BD%93%E8%AE%BA/base/%E5%8D%8A%E5%AF%BC%E4%BD%93/SEMI_WFF_2026_1Q.xlsx
Texas Instruments - CFAB (was SMIC Fab 11A) current wafer capacity (SEMI WFF),,晶圆产能,SEMI WFF 工厂级晶圆产能观测。,current,30000,8,中国,/Users/simon/Documents/Simon-OB/本体论/base/半导体/SEMI_WFF_2026_1Q.xlsx,Texas Instruments,Analog,facility_capacity,,,Texas Instruments - CFAB (was SMIC Fab 11A),2298,Company Detail,file:///Users/simon/Documents/Simon-OB/%E6%9C%AC%E4%BD%93%E8%AE%BA/base/%E5%8D%8A%E5%AF%BC%E4%BD%93/SEMI_WFF_2026_1Q.xlsx
Texas Instruments - DFAB 150mm (South building) current wafer capacity (SEMI WFF),,晶圆产能,SEMI WFF 工厂级晶圆产能观测。,current,40000,6,美洲,/Users/simon/Documents/Simon-OB/本体论/base/半导体/SEMI_WFF_2026_1Q.xlsx,Texas Instruments,Analog,facility_capacity,,,Texas Instruments - DFAB 150mm (South building),6668,Company Detail,file:///Users/simon/Documents/Simon-OB/%E6%9C%AC%E4%BD%93%E8%AE%BA/base/%E5%8D%8A%E5%AF%BC%E4%BD%93/SEMI_WFF_2026_1Q.xlsx
Texas Instruments - DHC (Dallas Heater Chip) Line current wafer capacity (SEMI WFF),,晶圆产能,SEMI WFF 工厂级晶圆产能观测。,current,2000,8,美洲,/Users/simon/Documents/Simon-OB/本体论/base/半导体/SEMI_WFF_2026_1Q.xlsx,Texas Instruments,MEMS,facility_capacity,,,Texas Instruments - DHC (Dallas Heater Chip) Line,3610,Company Detail,file:///Users/simon/Documents/Simon-OB/%E6%9C%AC%E4%BD%93%E8%AE%BA/base/%E5%8D%8A%E5%AF%BC%E4%BD%93/SEMI_WFF_2026_1Q.xlsx
Texas Instruments - LFab 2 current wafer capacity (SEMI WFF),,晶圆产能,SEMI WFF 工厂级晶圆产能观测。,current,70000,12,美洲,/Users/simon/Documents/Simon-OB/本体论/base/半导体/SEMI_WFF_2026_1Q.xlsx,Texas Instruments,Analog,facility_capacity,,,Texas Instruments - LFab 2,6435,Company Detail,file:///Users/simon/Documents/Simon-OB/%E6%9C%AC%E4%BD%93%E8%AE%BA/base/%E5%8D%8A%E5%AF%BC%E4%BD%93/SEMI_WFF_2026_1Q.xlsx
Texas Instruments - SM 1 (was S FAB 2) current wafer capacity (SEMI WFF),,晶圆产能,SEMI WFF 工厂级晶圆产能观测。,current,55000,12,美洲,/Users/simon/Documents/Simon-OB/本体论/base/半导体/SEMI_WFF_2026_1Q.xlsx,Texas Instruments,Analog,facility_capacity,,,Texas Instruments - SM 1 (was S FAB 2),6266,Company Detail,file:///Users/simon/Documents/Simon-OB/%E6%9C%AC%E4%BD%93%E8%AE%BA/base/%E5%8D%8A%E5%AF%BC%E4%BD%93/SEMI_WFF_2026_1Q.xlsx
Texas Instruments - SM 2 (was S FAB 3) current wafer capacity (SEMI WFF),,晶圆产能,SEMI WFF 工厂级晶圆产能观测。,current,55000,12,美洲,/Users/simon/Documents/Simon-OB/本体论/base/半导体/SEMI_WFF_2026_1Q.xlsx,Texas Instruments,Analog,facility_capacity,,,Texas Instruments - SM 2 (was S FAB 3),6267,Company Detail,file:///Users/simon/Documents/Simon-OB/%E6%9C%AC%E4%BD%93%E8%AE%BA/base/%E5%8D%8A%E5%AF%BC%E4%BD%93/SEMI_WFF_2026_1Q.xlsx
Texas Instruments - SM 3 current wafer capacity (SEMI WFF),,晶圆产能,SEMI WFF 工厂级晶圆产能观测。,current,55000,12,美洲,/Users/simon/Documents/Simon-OB/本体论/base/半导体/SEMI_WFF_2026_1Q.xlsx,Texas Instruments,Analog,facility_capacity,,,Texas Instruments - SM 3,6587,Company Detail,file:///Users/simon/Documents/Simon-OB/%E6%9C%AC%E4%BD%93%E8%AE%BA/base/%E5%8D%8A%E5%AF%BC%E4%BD%93/SEMI_WFF_2026_1Q.xlsx
Texas Instruments - SM 4 current wafer capacity (SEMI WFF),,晶圆产能,SEMI WFF 工厂级晶圆产能观测。,current,55000,12,美洲,/Users/simon/Documents/Simon-OB/本体论/base/半导体/SEMI_WFF_2026_1Q.xlsx,Texas Instruments,Analog,facility_capacity,,,Texas Instruments - SM 4,6588,Company Detail,file:///Users/simon/Documents/Simon-OB/%E6%9C%AC%E4%BD%93%E8%AE%BA/base/%E5%8D%8A%E5%AF%BC%E4%BD%93/SEMI_WFF_2026_1Q.xlsx
Texas Instruments - DMOS 6 300mm GaN Pilot Line current wafer capacity (SEMI WFF),,晶圆产能,SEMI WFF 工厂级晶圆产能观测。,current,5000,12,美洲,/Users/simon/Documents/Simon-OB/本体论/base/半导体/SEMI_WFF_2026_1Q.xlsx,Texas Instruments,Discrete,facility_capacity,,,Texas Instruments - DMOS 6 300mm GaN Pilot Line,6554,Company Detail,file:///Users/simon/Documents/Simon-OB/%E6%9C%AC%E4%BD%93%E8%AE%BA/base/%E5%8D%8A%E5%AF%BC%E4%BD%93/SEMI_WFF_2026_1Q.xlsx
Thai Microelectronics Center (TMEC) - Thai Microeclectronics Center (TMEC) current wafer capacity (SEMI WFF),,晶圆产能,SEMI WFF 工厂级晶圆产能观测。,current,1000,6,SE Asia,/Users/simon/Documents/Simon-OB/本体论/base/半导体/SEMI_WFF_2026_1Q.xlsx,Thai Microelectronics Center (TMEC),Other,facility_capacity,,,Thai Microelectronics Center (TMEC) - Thai Microeclectronics Center (TMEC),2101,Company Detail,file:///Users/simon/Documents/Simon-OB/%E6%9C%AC%E4%BD%93%E8%AE%BA/base/%E5%8D%8A%E5%AF%BC%E4%BD%93/SEMI_WFF_2026_1Q.xlsx
THAT Corporation - N/A current wafer capacity (SEMI WFF),,晶圆产能,SEMI WFF 工厂级晶圆产能观测。,current,2000,4,美洲,/Users/simon/Documents/Simon-OB/本体论/base/半导体/SEMI_WFF_2026_1Q.xlsx,THAT Corporation,Analog,facility_capacity,,,THAT Corporation - N/A,1465,Company Detail,file:///Users/simon/Documents/Simon-OB/%E6%9C%AC%E4%BD%93%E8%AE%BA/base/%E5%8D%8A%E5%AF%BC%E4%BD%93/SEMI_WFF_2026_1Q.xlsx
"The Fox Group, Inc. - Montreal fab current wafer capacity (SEMI WFF)",,晶圆产能,SEMI WFF 工厂级晶圆产能观测。,current,10000,2,美洲,/Users/simon/Documents/Simon-OB/本体论/base/半导体/SEMI_WFF_2026_1Q.xlsx,"The Fox Group, Inc.",Opto,facility_capacity,,,"The Fox Group, Inc. - Montreal fab",3286,Company Detail,file:///Users/simon/Documents/Simon-OB/%E6%9C%AC%E4%BD%93%E8%AE%BA/base/%E5%8D%8A%E5%AF%BC%E4%BD%93/SEMI_WFF_2026_1Q.xlsx
Thorlabs Inc - Thorlabs Quantum Electronics current wafer capacity (SEMI WFF),,晶圆产能,SEMI WFF 工厂级晶圆产能观测。,current,1000,4,美洲,/Users/simon/Documents/Simon-OB/本体论/base/半导体/SEMI_WFF_2026_1Q.xlsx,Thorlabs Inc,Opto,facility_capacity,,,Thorlabs Inc - Thorlabs Quantum Electronics,1941,Company Detail,file:///Users/simon/Documents/Simon-OB/%E6%9C%AC%E4%BD%93%E8%AE%BA/base/%E5%8D%8A%E5%AF%BC%E4%BD%93/SEMI_WFF_2026_1Q.xlsx
"Tianjin Zhonghuan Semiconductor CO.,LTD - N/A current wafer capacity (SEMI WFF)",,晶圆产能,SEMI WFF 工厂级晶圆产能观测。,current,25000,6,中国,/Users/simon/Documents/Simon-OB/本体论/base/半导体/SEMI_WFF_2026_1Q.xlsx,"Tianjin Zhonghuan Semiconductor CO.,LTD",Discrete,facility_capacity,,,"Tianjin Zhonghuan Semiconductor CO.,LTD - N/A",2556,Company Detail,file:///Users/simon/Documents/Simon-OB/%E6%9C%AC%E4%BD%93%E8%AE%BA/base/%E5%8D%8A%E5%AF%BC%E4%BD%93/SEMI_WFF_2026_1Q.xlsx
Times LED - n/a current wafer capacity (SEMI WFF),,晶圆产能,SEMI WFF 工厂级晶圆产能观测。,current,10000,2,中国,/Users/simon/Documents/Simon-OB/本体论/base/半导体/SEMI_WFF_2026_1Q.xlsx,Times LED,Opto,facility_capacity,,,Times LED - n/a,3301,Company Detail,file:///Users/simon/Documents/Simon-OB/%E6%9C%AC%E4%BD%93%E8%AE%BA/base/%E5%8D%8A%E5%AF%BC%E4%BD%93/SEMI_WFF_2026_1Q.xlsx
"TLC Precision Wafer Technology, Inc. - Fab 1 current wafer capacity (SEMI WFF)",,晶圆产能,SEMI WFF 工厂级晶圆产能观测。,current,1000,6,美洲,/Users/simon/Documents/Simon-OB/本体论/base/半导体/SEMI_WFF_2026_1Q.xlsx,"TLC Precision Wafer Technology, Inc.",Discrete,facility_capacity,,,"TLC Precision Wafer Technology, Inc. - Fab 1",2287,Company Detail,file:///Users/simon/Documents/Simon-OB/%E6%9C%AC%E4%BD%93%E8%AE%BA/base/%E5%8D%8A%E5%AF%BC%E4%BD%93/SEMI_WFF_2026_1Q.xlsx
TNO - Photonic Chip Pilot Line current wafer capacity (SEMI WFF),,晶圆产能,SEMI WFF 工厂级晶圆产能观测。,current,800,6,Europe & Mideast,/Users/simon/Documents/Simon-OB/本体论/base/半导体/SEMI_WFF_2026_1Q.xlsx,TNO,Opto,facility_capacity,,,TNO - Photonic Chip Pilot Line,6705,Company Detail,file:///Users/simon/Documents/Simon-OB/%E6%9C%AC%E4%BD%93%E8%AE%BA/base/%E5%8D%8A%E5%AF%BC%E4%BD%93/SEMI_WFF_2026_1Q.xlsx
Tongfang Opto-electronics Co. Ltd - Nantong fab current wafer capacity (SEMI WFF),,晶圆产能,SEMI WFF 工厂级晶圆产能观测。,current,160000,2,中国,/Users/simon/Documents/Simon-OB/本体论/base/半导体/SEMI_WFF_2026_1Q.xlsx,Tongfang Opto-electronics Co. Ltd,Opto,facility_capacity,,,Tongfang Opto-electronics Co. Ltd - Nantong fab,3275,Company Detail,file:///Users/simon/Documents/Simon-OB/%E6%9C%AC%E4%BD%93%E8%AE%BA/base/%E5%8D%8A%E5%AF%BC%E4%BD%93/SEMI_WFF_2026_1Q.xlsx
Tonghui Electronics Corporation - Fab 1 current wafer capacity (SEMI WFF),,晶圆产能,SEMI WFF 工厂级晶圆产能观测。,current,57000,2,中国,/Users/simon/Documents/Simon-OB/本体论/base/半导体/SEMI_WFF_2026_1Q.xlsx,Tonghui Electronics Corporation,Opto,facility_capacity,,,Tonghui Electronics Corporation - Fab 1,3496,Company Detail,file:///Users/simon/Documents/Simon-OB/%E6%9C%AC%E4%BD%93%E8%AE%BA/base/%E5%8D%8A%E5%AF%BC%E4%BD%93/SEMI_WFF_2026_1Q.xlsx
Toshiba (TDSC) - Kaga 150mm Power Fab 1 (KCR-1 + KCR-2) current wafer capacity (SEMI WFF),,晶圆产能,SEMI WFF 工厂级晶圆产能观测。,current,60000,6,日本,/Users/simon/Documents/Simon-OB/本体论/base/半导体/SEMI_WFF_2026_1Q.xlsx,Toshiba (TDSC),Discrete,facility_capacity,,,Toshiba (TDSC) - Kaga 150mm Power Fab 1 (KCR-1 + KCR-2),3514,Company Detail,file:///Users/simon/Documents/Simon-OB/%E6%9C%AC%E4%BD%93%E8%AE%BA/base/%E5%8D%8A%E5%AF%BC%E4%BD%93/SEMI_WFF_2026_1Q.xlsx
Toshiba (TDSC) - Kaga R&D building current wafer capacity (SEMI WFF),,晶圆产能,SEMI WFF 工厂级晶圆产能观测。,current,500,8,日本,/Users/simon/Documents/Simon-OB/本体论/base/半导体/SEMI_WFF_2026_1Q.xlsx,Toshiba (TDSC),Discrete,facility_capacity,,,Toshiba (TDSC) - Kaga R&D building,3722,Company Detail,file:///Users/simon/Documents/Simon-OB/%E6%9C%AC%E4%BD%93%E8%AE%BA/base/%E5%8D%8A%E5%AF%BC%E4%BD%93/SEMI_WFF_2026_1Q.xlsx
Toshiba (TDSC) - Himeji facility (150mm line) current wafer capacity (SEMI WFF),,晶圆产能,SEMI WFF 工厂级晶圆产能观测。,current,50000,6,日本,/Users/simon/Documents/Simon-OB/本体论/base/半导体/SEMI_WFF_2026_1Q.xlsx,Toshiba (TDSC),Discrete,facility_capacity,,,Toshiba (TDSC) - Himeji facility (150mm line),1100,Company Detail,file:///Users/simon/Documents/Simon-OB/%E6%9C%AC%E4%BD%93%E8%AE%BA/base/%E5%8D%8A%E5%AF%BC%E4%BD%93/SEMI_WFF_2026_1Q.xlsx
Toshiba (TDSC) - Kaga 200mm Power Line KCR-3 current wafer capacity (SEMI WFF),,晶圆产能,SEMI WFF 工厂级晶圆产能观测。,current,120000,8,日本,/Users/simon/Documents/Simon-OB/本体论/base/半导体/SEMI_WFF_2026_1Q.xlsx,Toshiba (TDSC),Analog,facility_capacity,,,Toshiba (TDSC) - Kaga 200mm Power Line KCR-3,2319,Company Detail,file:///Users/simon/Documents/Simon-OB/%E6%9C%AC%E4%BD%93%E8%AE%BA/base/%E5%8D%8A%E5%AF%BC%E4%BD%93/SEMI_WFF_2026_1Q.xlsx
Toshiba (TDSC) - Kaga 300mm Power Fab Second Line (Phase 1) current wafer capacity (SEMI WFF),,晶圆产能,SEMI WFF 工厂级晶圆产能观测。,current,44000,12,日本,/Users/simon/Documents/Simon-OB/本体论/base/半导体/SEMI_WFF_2026_1Q.xlsx,Toshiba (TDSC),Discrete,facility_capacity,,,Toshiba (TDSC) - Kaga 300mm Power Fab Second Line (Phase 1),6275,Company Detail,file:///Users/simon/Documents/Simon-OB/%E6%9C%AC%E4%BD%93%E8%AE%BA/base/%E5%8D%8A%E5%AF%BC%E4%BD%93/SEMI_WFF_2026_1Q.xlsx
Toshiba (TDSC) - Kaga 300mm Power Fab Third Line (Phase 2) current wafer capacity (SEMI WFF),,晶圆产能,SEMI WFF 工厂级晶圆产能观测。,current,44000,12,日本,/Users/simon/Documents/Simon-OB/本体论/base/半导体/SEMI_WFF_2026_1Q.xlsx,Toshiba (TDSC),Discrete,facility_capacity,,,Toshiba (TDSC) - Kaga 300mm Power Fab Third Line (Phase 2),6276,Company Detail,file:///Users/simon/Documents/Simon-OB/%E6%9C%AC%E4%BD%93%E8%AE%BA/base/%E5%8D%8A%E5%AF%BC%E4%BD%93/SEMI_WFF_2026_1Q.xlsx
Toshiba (TDSC) - Kaga 300mm Power Line First Line current wafer capacity (SEMI WFF),,晶圆产能,SEMI WFF 工厂级晶圆产能观测。,current,16000,12,日本,/Users/simon/Documents/Simon-OB/本体论/base/半导体/SEMI_WFF_2026_1Q.xlsx,Toshiba (TDSC),Discrete,facility_capacity,,,Toshiba (TDSC) - Kaga 300mm Power Line First Line,6180,Company Detail,file:///Users/simon/Documents/Simon-OB/%E6%9C%AC%E4%BD%93%E8%AE%BA/base/%E5%8D%8A%E5%AF%BC%E4%BD%93/SEMI_WFF_2026_1Q.xlsx
"Tower Partners Semiconductor (TPSCo) - Tonami CD (was Intel, was Tower Partners TPSCo, was Fab 5 Tonami, was Building 1: A/B-Line) current wafer capacity (SEMI WFF)",,晶圆产能,SEMI WFF 工厂级晶圆产能观测。,current,60000,8,日本,/Users/simon/Documents/Simon-OB/本体论/base/半导体/SEMI_WFF_2026_1Q.xlsx,Tower Partners Semiconductor (TPSCo),Analog,facility_capacity,,,"Tower Partners Semiconductor (TPSCo) - Tonami CD (was Intel, was Tower Partners TPSCo, was Fab 5 Tonami, was Building 1: A/B-Line)",517,Company Detail,file:///Users/simon/Documents/Simon-OB/%E6%9C%AC%E4%BD%93%E8%AE%BA/base/%E5%8D%8A%E5%AF%BC%E4%BD%93/SEMI_WFF_2026_1Q.xlsx
"Tower Partners Semiconductor (TPSCo) - Uozo E (was Intel, was Tower Partners TPSCo, was Fab 7) current wafer capacity (SEMI WFF)",,晶圆产能,SEMI WFF 工厂级晶圆产能观测。,current,12000,12,日本,/Users/simon/Documents/Simon-OB/本体论/base/半导体/SEMI_WFF_2026_1Q.xlsx,Tower Partners Semiconductor (TPSCo),Analog,facility_capacity,,,"Tower Partners Semiconductor (TPSCo) - Uozo E (was Intel, was Tower Partners TPSCo, was Fab 7)",2047,Company Detail,file:///Users/simon/Documents/Simon-OB/%E6%9C%AC%E4%BD%93%E8%AE%BA/base/%E5%8D%8A%E5%AF%BC%E4%BD%93/SEMI_WFF_2026_1Q.xlsx
"Tower Partners Semiconductor (TPSCo) - Arai E (was Intel, was Tower Partners TPSCo,, was Fab 6, was Fab E) current wafer capacity (SEMI WFF)",,晶圆产能,SEMI WFF 工厂级晶圆产能观测。,current,15000,8,日本,/Users/simon/Documents/Simon-OB/本体论/base/半导体/SEMI_WFF_2026_1Q.xlsx,Tower Partners Semiconductor (TPSCo),Analog,facility_capacity,,,"Tower Partners Semiconductor (TPSCo) - Arai E (was Intel, was Tower Partners TPSCo,, was Fab 6, was Fab E)",1800,Company Detail,file:///Users/simon/Documents/Simon-OB/%E6%9C%AC%E4%BD%93%E8%AE%BA/base/%E5%8D%8A%E5%AF%BC%E4%BD%93/SEMI_WFF_2026_1Q.xlsx
"TowerJazz Semiconductors Ltd. - Fab 9 (was Intel, was Tower Jazz, was Maxim) current wafer capacity (SEMI WFF)",,晶圆产能,SEMI WFF 工厂级晶圆产能观测。,current,43000,8,美洲,/Users/simon/Documents/Simon-OB/本体论/base/半导体/SEMI_WFF_2026_1Q.xlsx,TowerJazz Semiconductors Ltd.,Analog,facility_capacity,,,"TowerJazz Semiconductors Ltd. - Fab 9 (was Intel, was Tower Jazz, was Maxim)",1191,Company Detail,file:///Users/simon/Documents/Simon-OB/%E6%9C%AC%E4%BD%93%E8%AE%BA/base/%E5%8D%8A%E5%AF%BC%E4%BD%93/SEMI_WFF_2026_1Q.xlsx
"TowerJazz Semiconductors Ltd. - Fab 2 (was Intel, was Tower Jazz Migdal Haemek current wafer capacity (SEMI WFF)",,晶圆产能,SEMI WFF 工厂级晶圆产能观测。,current,55000,8,Europe & Mideast,/Users/simon/Documents/Simon-OB/本体论/base/半导体/SEMI_WFF_2026_1Q.xlsx,TowerJazz Semiconductors Ltd.,Analog,facility_capacity,,,"TowerJazz Semiconductors Ltd. - Fab 2 (was Intel, was Tower Jazz Migdal Haemek",1277,Company Detail,file:///Users/simon/Documents/Simon-OB/%E6%9C%AC%E4%BD%93%E8%AE%BA/base/%E5%8D%8A%E5%AF%BC%E4%BD%93/SEMI_WFF_2026_1Q.xlsx
"TowerJazz Semiconductors Ltd. - Fab 1 (was Intel, was Tower Jazz Migdal Haemek current wafer capacity (SEMI WFF)",,晶圆产能,SEMI WFF 工厂级晶圆产能观测。,current,16000,6,Europe & Mideast,/Users/simon/Documents/Simon-OB/本体论/base/半导体/SEMI_WFF_2026_1Q.xlsx,TowerJazz Semiconductors Ltd.,Analog,facility_capacity,,,"TowerJazz Semiconductors Ltd. - Fab 1 (was Intel, was Tower Jazz Migdal Haemek",1136,Company Detail,file:///Users/simon/Documents/Simon-OB/%E6%9C%AC%E4%BD%93%E8%AE%BA/base/%E5%8D%8A%E5%AF%BC%E4%BD%93/SEMI_WFF_2026_1Q.xlsx
"TowerJazz Semiconductors Ltd. - Fab 3 (was Intel, was Tower Jazz Newport Beach) current wafer capacity (SEMI WFF)",,晶圆产能,SEMI WFF 工厂级晶圆产能观测。,current,32000,8,美洲,/Users/simon/Documents/Simon-OB/本体论/base/半导体/SEMI_WFF_2026_1Q.xlsx,TowerJazz Semiconductors Ltd.,Analog,facility_capacity,,,"TowerJazz Semiconductors Ltd. - Fab 3 (was Intel, was Tower Jazz Newport Beach)",840,Company Detail,file:///Users/simon/Documents/Simon-OB/%E6%9C%AC%E4%BD%93%E8%AE%BA/base/%E5%8D%8A%E5%AF%BC%E4%BD%93/SEMI_WFF_2026_1Q.xlsx
"Toyoda Gosei Co.,Ltd. - Heiwacho Plant current wafer capacity (SEMI WFF)",,晶圆产能,SEMI WFF 工厂级晶圆产能观测。,current,22500,6,日本,/Users/simon/Documents/Simon-OB/本体论/base/半导体/SEMI_WFF_2026_1Q.xlsx,"Toyoda Gosei Co.,Ltd.",Opto,facility_capacity,,,"Toyoda Gosei Co.,Ltd. - Heiwacho Plant",3081,Company Detail,file:///Users/simon/Documents/Simon-OB/%E6%9C%AC%E4%BD%93%E8%AE%BA/base/%E5%8D%8A%E5%AF%BC%E4%BD%93/SEMI_WFF_2026_1Q.xlsx
Transcom Inc. - Fab 1 current wafer capacity (SEMI WFF),,晶圆产能,SEMI WFF 工厂级晶圆产能观测。,current,850,4,中国台湾,/Users/simon/Documents/Simon-OB/本体论/base/半导体/SEMI_WFF_2026_1Q.xlsx,Transcom Inc.,Discrete,facility_capacity,,,Transcom Inc. - Fab 1,1853,Company Detail,file:///Users/simon/Documents/Simon-OB/%E6%9C%AC%E4%BD%93%E8%AE%BA/base/%E5%8D%8A%E5%AF%BC%E4%BD%93/SEMI_WFF_2026_1Q.xlsx
"Transphorm, Inc. - Goleta fab current wafer capacity (SEMI WFF)",,晶圆产能,SEMI WFF 工厂级晶圆产能观测。,current,500,8,美洲,/Users/simon/Documents/Simon-OB/本体论/base/半导体/SEMI_WFF_2026_1Q.xlsx,"Transphorm, Inc.",Discrete,facility_capacity,,,"Transphorm, Inc. - Goleta fab",3566,Company Detail,file:///Users/simon/Documents/Simon-OB/%E6%9C%AC%E4%BD%93%E8%AE%BA/base/%E5%8D%8A%E5%AF%BC%E4%BD%93/SEMI_WFF_2026_1Q.xlsx
Transys Electronics - Birmingham fab current wafer capacity (SEMI WFF),,晶圆产能,SEMI WFF 工厂级晶圆产能观测。,current,20000,5,Europe & Mideast,/Users/simon/Documents/Simon-OB/本体论/base/半导体/SEMI_WFF_2026_1Q.xlsx,Transys Electronics,Discrete,facility_capacity,,,Transys Electronics - Birmingham fab,3806,Company Detail,file:///Users/simon/Documents/Simon-OB/%E6%9C%AC%E4%BD%93%E8%AE%BA/base/%E5%8D%8A%E5%AF%BC%E4%BD%93/SEMI_WFF_2026_1Q.xlsx
TrueLight Corporation - Hsinchu fab current wafer capacity (SEMI WFF),,晶圆产能,SEMI WFF 工厂级晶圆产能观测。,current,10000,2,中国台湾,/Users/simon/Documents/Simon-OB/本体论/base/半导体/SEMI_WFF_2026_1Q.xlsx,TrueLight Corporation,Opto,facility_capacity,,,TrueLight Corporation - Hsinchu fab,5098,Company Detail,file:///Users/simon/Documents/Simon-OB/%E6%9C%AC%E4%BD%93%E8%AE%BA/base/%E5%8D%8A%E5%AF%BC%E4%BD%93/SEMI_WFF_2026_1Q.xlsx
TRUMPF Photonics Inc. - TUSP current wafer capacity (SEMI WFF),,晶圆产能,SEMI WFF 工厂级晶圆产能观测。,current,10000,2,美洲,/Users/simon/Documents/Simon-OB/本体论/base/半导体/SEMI_WFF_2026_1Q.xlsx,TRUMPF Photonics Inc.,Opto,facility_capacity,,,TRUMPF Photonics Inc. - TUSP,3516,Company Detail,file:///Users/simon/Documents/Simon-OB/%E6%9C%AC%E4%BD%93%E8%AE%BA/base/%E5%8D%8A%E5%AF%BC%E4%BD%93/SEMI_WFF_2026_1Q.xlsx
TSMC - Fab 14 Phase 6 current wafer capacity (SEMI WFF),,晶圆产能,SEMI WFF 工厂级晶圆产能观测。,current,40000,12,中国台湾,/Users/simon/Documents/Simon-OB/本体论/base/半导体/SEMI_WFF_2026_1Q.xlsx,TSMC,Logic&Micro,facility_capacity,,,TSMC - Fab 14 Phase 6,3485,Company Detail,file:///Users/simon/Documents/Simon-OB/%E6%9C%AC%E4%BD%93%E8%AE%BA/base/%E5%8D%8A%E5%AF%BC%E4%BD%93/SEMI_WFF_2026_1Q.xlsx
TSMC - Fab 14 Phase 5 current wafer capacity (SEMI WFF),,晶圆产能,SEMI WFF 工厂级晶圆产能观测。,current,40000,12,中国台湾,/Users/simon/Documents/Simon-OB/本体论/base/半导体/SEMI_WFF_2026_1Q.xlsx,TSMC,Logic&Micro,facility_capacity,,,TSMC - Fab 14 Phase 5,3478,Company Detail,file:///Users/simon/Documents/Simon-OB/%E6%9C%AC%E4%BD%93%E8%AE%BA/base/%E5%8D%8A%E5%AF%BC%E4%BD%93/SEMI_WFF_2026_1Q.xlsx
TSMC - Fab 15 Phase 4 current wafer capacity (SEMI WFF),,晶圆产能,SEMI WFF 工厂级晶圆产能观测。,current,50000,12,中国台湾,/Users/simon/Documents/Simon-OB/本体论/base/半导体/SEMI_WFF_2026_1Q.xlsx,TSMC,Logic&Micro,facility_capacity,,,TSMC - Fab 15 Phase 4,3270,Company Detail,file:///Users/simon/Documents/Simon-OB/%E6%9C%AC%E4%BD%93%E8%AE%BA/base/%E5%8D%8A%E5%AF%BC%E4%BD%93/SEMI_WFF_2026_1Q.xlsx
TSMC - Fab 12 Phase 6 (was Vanguard site) current wafer capacity (SEMI WFF),,晶圆产能,SEMI WFF 工厂级晶圆产能观测。,current,8000,12,中国台湾,/Users/simon/Documents/Simon-OB/本体论/base/半导体/SEMI_WFF_2026_1Q.xlsx,TSMC,Other,facility_capacity,,,TSMC - Fab 12 Phase 6 (was Vanguard site),3245,Company Detail,file:///Users/simon/Documents/Simon-OB/%E6%9C%AC%E4%BD%93%E8%AE%BA/base/%E5%8D%8A%E5%AF%BC%E4%BD%93/SEMI_WFF_2026_1Q.xlsx
TSMC - Fab 15 Phase 5 current wafer capacity (SEMI WFF),,晶圆产能,SEMI WFF 工厂级晶圆产能观测。,current,40000,12,中国台湾,/Users/simon/Documents/Simon-OB/本体论/base/半导体/SEMI_WFF_2026_1Q.xlsx,TSMC,Logic&Micro,facility_capacity,,,TSMC - Fab 15 Phase 5,3360,Company Detail,file:///Users/simon/Documents/Simon-OB/%E6%9C%AC%E4%BD%93%E8%AE%BA/base/%E5%8D%8A%E5%AF%BC%E4%BD%93/SEMI_WFF_2026_1Q.xlsx
TSMC - Fab 14 Phase 7 current wafer capacity (SEMI WFF),,晶圆产能,SEMI WFF 工厂级晶圆产能观测。,current,40000,12,中国台湾,/Users/simon/Documents/Simon-OB/本体论/base/半导体/SEMI_WFF_2026_1Q.xlsx,TSMC,Logic&Micro,facility_capacity,,,TSMC - Fab 14 Phase 7,3536,Company Detail,file:///Users/simon/Documents/Simon-OB/%E6%9C%AC%E4%BD%93%E8%AE%BA/base/%E5%8D%8A%E5%AF%BC%E4%BD%93/SEMI_WFF_2026_1Q.xlsx
TSMC - Fab 18 Phase 1 current wafer capacity (SEMI WFF),,晶圆产能,SEMI WFF 工厂级晶圆产能观测。,current,40000,12,中国台湾,/Users/simon/Documents/Simon-OB/本体论/base/半导体/SEMI_WFF_2026_1Q.xlsx,TSMC,Logic&Micro,facility_capacity,,,TSMC - Fab 18 Phase 1,3584,Company Detail,file:///Users/simon/Documents/Simon-OB/%E6%9C%AC%E4%BD%93%E8%AE%BA/base/%E5%8D%8A%E5%AF%BC%E4%BD%93/SEMI_WFF_2026_1Q.xlsx
TSMC - Fab 15 Phase 7 current wafer capacity (SEMI WFF),,晶圆产能,SEMI WFF 工厂级晶圆产能观测。,current,40000,12,中国台湾,/Users/simon/Documents/Simon-OB/本体论/base/半导体/SEMI_WFF_2026_1Q.xlsx,TSMC,Logic&Micro,facility_capacity,,,TSMC - Fab 15 Phase 7,3710,Company Detail,file:///Users/simon/Documents/Simon-OB/%E6%9C%AC%E4%BD%93%E8%AE%BA/base/%E5%8D%8A%E5%AF%BC%E4%BD%93/SEMI_WFF_2026_1Q.xlsx
TSMC - Fab 15 Phase 6 current wafer capacity (SEMI WFF),,晶圆产能,SEMI WFF 工厂级晶圆产能观测。,current,40000,12,中国台湾,/Users/simon/Documents/Simon-OB/本体论/base/半导体/SEMI_WFF_2026_1Q.xlsx,TSMC,Logic&Micro,facility_capacity,,,TSMC - Fab 15 Phase 6,3681,Company Detail,file:///Users/simon/Documents/Simon-OB/%E6%9C%AC%E4%BD%93%E8%AE%BA/base/%E5%8D%8A%E5%AF%BC%E4%BD%93/SEMI_WFF_2026_1Q.xlsx
TSMC - Fab 12 Phase 9 (was R2) current wafer capacity (SEMI WFF),,晶圆产能,SEMI WFF 工厂级晶圆产能观测。,current,10000,12,中国台湾,/Users/simon/Documents/Simon-OB/本体论/base/半导体/SEMI_WFF_2026_1Q.xlsx,TSMC,Other,facility_capacity,,,TSMC - Fab 12 Phase 9 (was R2),5087,Company Detail,file:///Users/simon/Documents/Simon-OB/%E6%9C%AC%E4%BD%93%E8%AE%BA/base/%E5%8D%8A%E5%AF%BC%E4%BD%93/SEMI_WFF_2026_1Q.xlsx
TSMC - Fab 6 Phase 2 current wafer capacity (SEMI WFF),,晶圆产能,SEMI WFF 工厂级晶圆产能观测。,current,20000,8,中国台湾,/Users/simon/Documents/Simon-OB/本体论/base/半导体/SEMI_WFF_2026_1Q.xlsx,TSMC,MEMS,facility_capacity,,,TSMC - Fab 6 Phase 2,5020,Company Detail,file:///Users/simon/Documents/Simon-OB/%E6%9C%AC%E4%BD%93%E8%AE%BA/base/%E5%8D%8A%E5%AF%BC%E4%BD%93/SEMI_WFF_2026_1Q.xlsx
TSMC - Fab 18 Phase 4 current wafer capacity (SEMI WFF),,晶圆产能,SEMI WFF 工厂级晶圆产能观测。,current,35000,12,中国台湾,/Users/simon/Documents/Simon-OB/本体论/base/半导体/SEMI_WFF_2026_1Q.xlsx,TSMC,Logic&Micro,facility_capacity,,,TSMC - Fab 18 Phase 4,4975,Company Detail,file:///Users/simon/Documents/Simon-OB/%E6%9C%AC%E4%BD%93%E8%AE%BA/base/%E5%8D%8A%E5%AF%BC%E4%BD%93/SEMI_WFF_2026_1Q.xlsx
TSMC - Fab 18 Phase 5 current wafer capacity (SEMI WFF),,晶圆产能,SEMI WFF 工厂级晶圆产能观测。,current,35000,12,中国台湾,/Users/simon/Documents/Simon-OB/本体论/base/半导体/SEMI_WFF_2026_1Q.xlsx,TSMC,Logic&Micro,facility_capacity,,,TSMC - Fab 18 Phase 5,4976,Company Detail,file:///Users/simon/Documents/Simon-OB/%E6%9C%AC%E4%BD%93%E8%AE%BA/base/%E5%8D%8A%E5%AF%BC%E4%BD%93/SEMI_WFF_2026_1Q.xlsx
TSMC - Fab 12 Phase 8 (was R1) current wafer capacity (SEMI WFF),,晶圆产能,SEMI WFF 工厂级晶圆产能观测。,current,10000,12,中国台湾,/Users/simon/Documents/Simon-OB/本体论/base/半导体/SEMI_WFF_2026_1Q.xlsx,TSMC,Other,facility_capacity,,,TSMC - Fab 12 Phase 8 (was R1),5000,Company Detail,file:///Users/simon/Documents/Simon-OB/%E6%9C%AC%E4%BD%93%E8%AE%BA/base/%E5%8D%8A%E5%AF%BC%E4%BD%93/SEMI_WFF_2026_1Q.xlsx
TSMC - Fab 16 P1B (Nanjing) current wafer capacity (SEMI WFF),,晶圆产能,SEMI WFF 工厂级晶圆产能观测。,current,50000,12,中国,/Users/simon/Documents/Simon-OB/本体论/base/半导体/SEMI_WFF_2026_1Q.xlsx,TSMC,Logic&Micro,facility_capacity,,,TSMC - Fab 16 P1B (Nanjing),4944,Company Detail,file:///Users/simon/Documents/Simon-OB/%E6%9C%AC%E4%BD%93%E8%AE%BA/base/%E5%8D%8A%E5%AF%BC%E4%BD%93/SEMI_WFF_2026_1Q.xlsx
TSMC - Fab 16 P1A (Nanjing) current wafer capacity (SEMI WFF),,晶圆产能,SEMI WFF 工厂级晶圆产能观测。,current,31500,12,中国,/Users/simon/Documents/Simon-OB/本体论/base/半导体/SEMI_WFF_2026_1Q.xlsx,TSMC,Logic&Micro,facility_capacity,,,TSMC - Fab 16 P1A (Nanjing),3814,Company Detail,file:///Users/simon/Documents/Simon-OB/%E6%9C%AC%E4%BD%93%E8%AE%BA/base/%E5%8D%8A%E5%AF%BC%E4%BD%93/SEMI_WFF_2026_1Q.xlsx
TSMC - Fab 18 Phase 2 current wafer capacity (SEMI WFF),,晶圆产能,SEMI WFF 工厂级晶圆产能观测。,current,40000,12,中国台湾,/Users/simon/Documents/Simon-OB/本体论/base/半导体/SEMI_WFF_2026_1Q.xlsx,TSMC,Logic&Micro,facility_capacity,,,TSMC - Fab 18 Phase 2,3854,Company Detail,file:///Users/simon/Documents/Simon-OB/%E6%9C%AC%E4%BD%93%E8%AE%BA/base/%E5%8D%8A%E5%AF%BC%E4%BD%93/SEMI_WFF_2026_1Q.xlsx
TSMC - Fab 18 Phase 3 current wafer capacity (SEMI WFF),,晶圆产能,SEMI WFF 工厂级晶圆产能观测。,current,40000,12,中国台湾,/Users/simon/Documents/Simon-OB/本体论/base/半导体/SEMI_WFF_2026_1Q.xlsx,TSMC,Logic&Micro,facility_capacity,,,TSMC - Fab 18 Phase 3,3908,Company Detail,file:///Users/simon/Documents/Simon-OB/%E6%9C%AC%E4%BD%93%E8%AE%BA/base/%E5%8D%8A%E5%AF%BC%E4%BD%93/SEMI_WFF_2026_1Q.xlsx
TSMC - Fab 10 (Songjiang) current wafer capacity (SEMI WFF),,晶圆产能,SEMI WFF 工厂级晶圆产能观测。,current,130000,8,中国,/Users/simon/Documents/Simon-OB/本体论/base/半导体/SEMI_WFF_2026_1Q.xlsx,TSMC,Analog,facility_capacity,,,TSMC - Fab 10 (Songjiang),1921,Company Detail,file:///Users/simon/Documents/Simon-OB/%E6%9C%AC%E4%BD%93%E8%AE%BA/base/%E5%8D%8A%E5%AF%BC%E4%BD%93/SEMI_WFF_2026_1Q.xlsx
TSMC - Fab 14 Phase 3 current wafer capacity (SEMI WFF),,晶圆产能,SEMI WFF 工厂级晶圆产能观测。,current,60000,12,中国台湾,/Users/simon/Documents/Simon-OB/本体论/base/半导体/SEMI_WFF_2026_1Q.xlsx,TSMC,Logic&Micro,facility_capacity,,,TSMC - Fab 14 Phase 3,2320,Company Detail,file:///Users/simon/Documents/Simon-OB/%E6%9C%AC%E4%BD%93%E8%AE%BA/base/%E5%8D%8A%E5%AF%BC%E4%BD%93/SEMI_WFF_2026_1Q.xlsx
TSMC - Fab 15 Phase 2 current wafer capacity (SEMI WFF),,晶圆产能,SEMI WFF 工厂级晶圆产能观测。,current,50000,12,中国台湾,/Users/simon/Documents/Simon-OB/本体论/base/半导体/SEMI_WFF_2026_1Q.xlsx,TSMC,Logic&Micro,facility_capacity,,,TSMC - Fab 15 Phase 2,2205,Company Detail,file:///Users/simon/Documents/Simon-OB/%E6%9C%AC%E4%BD%93%E8%AE%BA/base/%E5%8D%8A%E5%AF%BC%E4%BD%93/SEMI_WFF_2026_1Q.xlsx
TSMC - Fab 15 Phase 3 current wafer capacity (SEMI WFF),,晶圆产能,SEMI WFF 工厂级晶圆产能观测。,current,50000,12,中国台湾,/Users/simon/Documents/Simon-OB/本体论/base/半导体/SEMI_WFF_2026_1Q.xlsx,TSMC,Logic&Micro,facility_capacity,,,TSMC - Fab 15 Phase 3,2206,Company Detail,file:///Users/simon/Documents/Simon-OB/%E6%9C%AC%E4%BD%93%E8%AE%BA/base/%E5%8D%8A%E5%AF%BC%E4%BD%93/SEMI_WFF_2026_1Q.xlsx
TSMC - Fab 15 Phase 1 current wafer capacity (SEMI WFF),,晶圆产能,SEMI WFF 工厂级晶圆产能观测。,current,50000,12,中国台湾,/Users/simon/Documents/Simon-OB/本体论/base/半导体/SEMI_WFF_2026_1Q.xlsx,TSMC,Logic&Micro,facility_capacity,,,TSMC - Fab 15 Phase 1,2186,Company Detail,file:///Users/simon/Documents/Simon-OB/%E6%9C%AC%E4%BD%93%E8%AE%BA/base/%E5%8D%8A%E5%AF%BC%E4%BD%93/SEMI_WFF_2026_1Q.xlsx
TSMC - Fab 12 Phase 7 (was Powerchip P4/P5) current wafer capacity (SEMI WFF),,晶圆产能,SEMI WFF 工厂级晶圆产能观测。,current,40000,12,中国台湾,/Users/simon/Documents/Simon-OB/本体论/base/半导体/SEMI_WFF_2026_1Q.xlsx,TSMC,Logic&Micro,facility_capacity,,,TSMC - Fab 12 Phase 7 (was Powerchip P4/P5),2388,Company Detail,file:///Users/simon/Documents/Simon-OB/%E6%9C%AC%E4%BD%93%E8%AE%BA/base/%E5%8D%8A%E5%AF%BC%E4%BD%93/SEMI_WFF_2026_1Q.xlsx
TSMC - Fab 12 Phase 4 and 5 current wafer capacity (SEMI WFF),,晶圆产能,SEMI WFF 工厂级晶圆产能观测。,current,50000,12,中国台湾,/Users/simon/Documents/Simon-OB/本体论/base/半导体/SEMI_WFF_2026_1Q.xlsx,TSMC,Logic&Micro,facility_capacity,,,TSMC - Fab 12 Phase 4 and 5,2385,Company Detail,file:///Users/simon/Documents/Simon-OB/%E6%9C%AC%E4%BD%93%E8%AE%BA/base/%E5%8D%8A%E5%AF%BC%E4%BD%93/SEMI_WFF_2026_1Q.xlsx
TSMC - Fab 14 Phase 4 current wafer capacity (SEMI WFF),,晶圆产能,SEMI WFF 工厂级晶圆产能观测。,current,60000,12,中国台湾,/Users/simon/Documents/Simon-OB/本体论/base/半导体/SEMI_WFF_2026_1Q.xlsx,TSMC,Logic&Micro,facility_capacity,,,TSMC - Fab 14 Phase 4,2463,Company Detail,file:///Users/simon/Documents/Simon-OB/%E6%9C%AC%E4%BD%93%E8%AE%BA/base/%E5%8D%8A%E5%AF%BC%E4%BD%93/SEMI_WFF_2026_1Q.xlsx
TSMC - Fab 8 current wafer capacity (SEMI WFF),,晶圆产能,SEMI WFF 工厂级晶圆产能观测。,current,72000,8,中国台湾,/Users/simon/Documents/Simon-OB/本体论/base/半导体/SEMI_WFF_2026_1Q.xlsx,TSMC,Analog,facility_capacity,,,TSMC - Fab 8,1288,Company Detail,file:///Users/simon/Documents/Simon-OB/%E6%9C%AC%E4%BD%93%E8%AE%BA/base/%E5%8D%8A%E5%AF%BC%E4%BD%93/SEMI_WFF_2026_1Q.xlsx
TSMC - Fab 12 Phase 1 and 2 current wafer capacity (SEMI WFF),,晶圆产能,SEMI WFF 工厂级晶圆产能观测。,current,80000,12,中国台湾,/Users/simon/Documents/Simon-OB/本体论/base/半导体/SEMI_WFF_2026_1Q.xlsx,TSMC,Logic&Micro,facility_capacity,,,TSMC - Fab 12 Phase 1 and 2,1445,Company Detail,file:///Users/simon/Documents/Simon-OB/%E6%9C%AC%E4%BD%93%E8%AE%BA/base/%E5%8D%8A%E5%AF%BC%E4%BD%93/SEMI_WFF_2026_1Q.xlsx
TSMC - Fab 14 Phase 1&2 current wafer capacity (SEMI WFF),,晶圆产能,SEMI WFF 工厂级晶圆产能观测。,current,100000,12,中国台湾,/Users/simon/Documents/Simon-OB/本体论/base/半导体/SEMI_WFF_2026_1Q.xlsx,TSMC,Logic&Micro,facility_capacity,,,TSMC - Fab 14 Phase 1&2,1582,Company Detail,file:///Users/simon/Documents/Simon-OB/%E6%9C%AC%E4%BD%93%E8%AE%BA/base/%E5%8D%8A%E5%AF%BC%E4%BD%93/SEMI_WFF_2026_1Q.xlsx
TSMC - Fab 6 Phase 1 current wafer capacity (SEMI WFF),,晶圆产能,SEMI WFF 工厂级晶圆产能观测。,current,145000,8,中国台湾,/Users/simon/Documents/Simon-OB/本体论/base/半导体/SEMI_WFF_2026_1Q.xlsx,TSMC,Analog,facility_capacity,,,TSMC - Fab 6 Phase 1,1535,Company Detail,file:///Users/simon/Documents/Simon-OB/%E6%9C%AC%E4%BD%93%E8%AE%BA/base/%E5%8D%8A%E5%AF%BC%E4%BD%93/SEMI_WFF_2026_1Q.xlsx
TSMC - Fab 21 P2B (Arizona phase 2) current wafer capacity (SEMI WFF),,晶圆产能,SEMI WFF 工厂级晶圆产能观测。,current,25000,12,美洲,/Users/simon/Documents/Simon-OB/本体论/base/半导体/SEMI_WFF_2026_1Q.xlsx,TSMC,Logic&Micro,facility_capacity,,,TSMC - Fab 21 P2B (Arizona phase 2),6432,Company Detail,file:///Users/simon/Documents/Simon-OB/%E6%9C%AC%E4%BD%93%E8%AE%BA/base/%E5%8D%8A%E5%AF%BC%E4%BD%93/SEMI_WFF_2026_1Q.xlsx
TSMC - Fab 21 P1B (Arizona Phase 1 3nm line) current wafer capacity (SEMI WFF),,晶圆产能,SEMI WFF 工厂级晶圆产能观测。,current,10000,12,美洲,/Users/simon/Documents/Simon-OB/本体论/base/半导体/SEMI_WFF_2026_1Q.xlsx,TSMC,Logic&Micro,facility_capacity,,,TSMC - Fab 21 P1B (Arizona Phase 1 3nm line),6525,Company Detail,file:///Users/simon/Documents/Simon-OB/%E6%9C%AC%E4%BD%93%E8%AE%BA/base/%E5%8D%8A%E5%AF%BC%E4%BD%93/SEMI_WFF_2026_1Q.xlsx
TSMC - Fab 2 current wafer capacity (SEMI WFF),,晶圆产能,SEMI WFF 工厂级晶圆产能观测。,current,94400,6,中国台湾,/Users/simon/Documents/Simon-OB/本体论/base/半导体/SEMI_WFF_2026_1Q.xlsx,TSMC,Analog,facility_capacity,,,TSMC - Fab 2,1147,Company Detail,file:///Users/simon/Documents/Simon-OB/%E6%9C%AC%E4%BD%93%E8%AE%BA/base/%E5%8D%8A%E5%AF%BC%E4%BD%93/SEMI_WFF_2026_1Q.xlsx
TSMC - Fab 3 current wafer capacity (SEMI WFF),,晶圆产能,SEMI WFF 工厂级晶圆产能观测。,current,100000,8,中国台湾,/Users/simon/Documents/Simon-OB/本体论/base/半导体/SEMI_WFF_2026_1Q.xlsx,TSMC,Analog,facility_capacity,,,TSMC - Fab 3,1151,Company Detail,file:///Users/simon/Documents/Simon-OB/%E6%9C%AC%E4%BD%93%E8%AE%BA/base/%E5%8D%8A%E5%AF%BC%E4%BD%93/SEMI_WFF_2026_1Q.xlsx
TSMC - Fab 5 current wafer capacity (SEMI WFF),,晶圆产能,SEMI WFF 工厂级晶圆产能观测。,current,35000,8,中国台湾,/Users/simon/Documents/Simon-OB/本体论/base/半导体/SEMI_WFF_2026_1Q.xlsx,TSMC,Analog,facility_capacity,,,TSMC - Fab 5,1287,Company Detail,file:///Users/simon/Documents/Simon-OB/%E6%9C%AC%E4%BD%93%E8%AE%BA/base/%E5%8D%8A%E5%AF%BC%E4%BD%93/SEMI_WFF_2026_1Q.xlsx
TSMC - Fab 11 (WaferTech) (used also by Everspin) current wafer capacity (SEMI WFF),,晶圆产能,SEMI WFF 工厂级晶圆产能观测。,current,38000,8,美洲,/Users/simon/Documents/Simon-OB/本体论/base/半导体/SEMI_WFF_2026_1Q.xlsx,TSMC,Analog,facility_capacity,,,TSMC - Fab 11 (WaferTech) (used also by Everspin),1330,Company Detail,file:///Users/simon/Documents/Simon-OB/%E6%9C%AC%E4%BD%93%E8%AE%BA/base/%E5%8D%8A%E5%AF%BC%E4%BD%93/SEMI_WFF_2026_1Q.xlsx
TSMC - Fab 20 Phase 1 current wafer capacity (SEMI WFF),,晶圆产能,SEMI WFF 工厂级晶圆产能观测。,current,25000,12,中国台湾,/Users/simon/Documents/Simon-OB/本体论/base/半导体/SEMI_WFF_2026_1Q.xlsx,TSMC,Logic&Micro,facility_capacity,,,TSMC - Fab 20 Phase 1,6215,Company Detail,file:///Users/simon/Documents/Simon-OB/%E6%9C%AC%E4%BD%93%E8%AE%BA/base/%E5%8D%8A%E5%AF%BC%E4%BD%93/SEMI_WFF_2026_1Q.xlsx
TSMC - Fab 20 Phase 2 current wafer capacity (SEMI WFF),,晶圆产能,SEMI WFF 工厂级晶圆产能观测。,current,25000,12,中国台湾,/Users/simon/Documents/Simon-OB/本体论/base/半导体/SEMI_WFF_2026_1Q.xlsx,TSMC,Logic&Micro,facility_capacity,,,TSMC - Fab 20 Phase 2,6216,Company Detail,file:///Users/simon/Documents/Simon-OB/%E6%9C%AC%E4%BD%93%E8%AE%BA/base/%E5%8D%8A%E5%AF%BC%E4%BD%93/SEMI_WFF_2026_1Q.xlsx
TSMC - Fab 18 Phase 7 current wafer capacity (SEMI WFF),,晶圆产能,SEMI WFF 工厂级晶圆产能观测。,current,35000,12,中国台湾,/Users/simon/Documents/Simon-OB/本体论/base/半导体/SEMI_WFF_2026_1Q.xlsx,TSMC,Logic&Micro,facility_capacity,,,TSMC - Fab 18 Phase 7,6223,Company Detail,file:///Users/simon/Documents/Simon-OB/%E6%9C%AC%E4%BD%93%E8%AE%BA/base/%E5%8D%8A%E5%AF%BC%E4%BD%93/SEMI_WFF_2026_1Q.xlsx
TSMC - Fab 18 Phase 8 current wafer capacity (SEMI WFF),,晶圆产能,SEMI WFF 工厂级晶圆产能观测。,current,35000,12,中国台湾,/Users/simon/Documents/Simon-OB/本体论/base/半导体/SEMI_WFF_2026_1Q.xlsx,TSMC,Logic&Micro,facility_capacity,,,TSMC - Fab 18 Phase 8,6229,Company Detail,file:///Users/simon/Documents/Simon-OB/%E6%9C%AC%E4%BD%93%E8%AE%BA/base/%E5%8D%8A%E5%AF%BC%E4%BD%93/SEMI_WFF_2026_1Q.xlsx
TSMC - Fab 22 Phase 1 current wafer capacity (SEMI WFF),,晶圆产能,SEMI WFF 工厂级晶圆产能观测。,current,25000,12,中国台湾,/Users/simon/Documents/Simon-OB/本体论/base/半导体/SEMI_WFF_2026_1Q.xlsx,TSMC,Logic&Micro,facility_capacity,,,TSMC - Fab 22 Phase 1,6258,Company Detail,file:///Users/simon/Documents/Simon-OB/%E6%9C%AC%E4%BD%93%E8%AE%BA/base/%E5%8D%8A%E5%AF%BC%E4%BD%93/SEMI_WFF_2026_1Q.xlsx
TSMC - Fab 22 Phase 2 current wafer capacity (SEMI WFF),,晶圆产能,SEMI WFF 工厂级晶圆产能观测。,current,25000,12,中国台湾,/Users/simon/Documents/Simon-OB/本体论/base/半导体/SEMI_WFF_2026_1Q.xlsx,TSMC,Logic&Micro,facility_capacity,,,TSMC - Fab 22 Phase 2,6259,Company Detail,file:///Users/simon/Documents/Simon-OB/%E6%9C%AC%E4%BD%93%E8%AE%BA/base/%E5%8D%8A%E5%AF%BC%E4%BD%93/SEMI_WFF_2026_1Q.xlsx
TSMC - Fab 23 Phase 1 (JASM P1) current wafer capacity (SEMI WFF),,晶圆产能,SEMI WFF 工厂级晶圆产能观测。,current,55000,12,日本,/Users/simon/Documents/Simon-OB/本体论/base/半导体/SEMI_WFF_2026_1Q.xlsx,TSMC,Logic&Micro,facility_capacity,,,TSMC - Fab 23 Phase 1 (JASM P1),6251,Company Detail,file:///Users/simon/Documents/Simon-OB/%E6%9C%AC%E4%BD%93%E8%AE%BA/base/%E5%8D%8A%E5%AF%BC%E4%BD%93/SEMI_WFF_2026_1Q.xlsx
TSMC - Fab 24 - ESMC Phase 1 (22/28nm) current wafer capacity (SEMI WFF),,晶圆产能,SEMI WFF 工厂级晶圆产能观测。,current,25000,12,Europe & Mideast,/Users/simon/Documents/Simon-OB/本体论/base/半导体/SEMI_WFF_2026_1Q.xlsx,TSMC,Logic&Micro,facility_capacity,,,TSMC - Fab 24 - ESMC Phase 1 (22/28nm),6252,Company Detail,file:///Users/simon/Documents/Simon-OB/%E6%9C%AC%E4%BD%93%E8%AE%BA/base/%E5%8D%8A%E5%AF%BC%E4%BD%93/SEMI_WFF_2026_1Q.xlsx
TSMC - Fab 14 Phase 8 current wafer capacity (SEMI WFF),,晶圆产能,SEMI WFF 工厂级晶圆产能观测。,current,50000,12,中国台湾,/Users/simon/Documents/Simon-OB/本体论/base/半导体/SEMI_WFF_2026_1Q.xlsx,TSMC,Logic&Micro,facility_capacity,,,TSMC - Fab 14 Phase 8,6167,Company Detail,file:///Users/simon/Documents/Simon-OB/%E6%9C%AC%E4%BD%93%E8%AE%BA/base/%E5%8D%8A%E5%AF%BC%E4%BD%93/SEMI_WFF_2026_1Q.xlsx
TSMC - Fab 21 Phase 2 (Arizona) current wafer capacity (SEMI WFF),,晶圆产能,SEMI WFF 工厂级晶圆产能观测。,current,30000,12,美洲,/Users/simon/Documents/Simon-OB/本体论/base/半导体/SEMI_WFF_2026_1Q.xlsx,TSMC,Logic&Micro,facility_capacity,,,TSMC - Fab 21 Phase 2 (Arizona),6168,Company Detail,file:///Users/simon/Documents/Simon-OB/%E6%9C%AC%E4%BD%93%E8%AE%BA/base/%E5%8D%8A%E5%AF%BC%E4%BD%93/SEMI_WFF_2026_1Q.xlsx
TSMC - Fab 21 Phase 1 (P1A+P1B) current wafer capacity (SEMI WFF),,晶圆产能,SEMI WFF 工厂级晶圆产能观测。,current,30000,12,美洲,/Users/simon/Documents/Simon-OB/本体论/base/半导体/SEMI_WFF_2026_1Q.xlsx,TSMC,Logic&Micro,facility_capacity,,,TSMC - Fab 21 Phase 1 (P1A+P1B),6159,Company Detail,file:///Users/simon/Documents/Simon-OB/%E6%9C%AC%E4%BD%93%E8%AE%BA/base/%E5%8D%8A%E5%AF%BC%E4%BD%93/SEMI_WFF_2026_1Q.xlsx
TSMC - Fab 18 Phase 6 current wafer capacity (SEMI WFF),,晶圆产能,SEMI WFF 工厂级晶圆产能观测。,current,35000,12,中国台湾,/Users/simon/Documents/Simon-OB/本体论/base/半导体/SEMI_WFF_2026_1Q.xlsx,TSMC,Logic&Micro,facility_capacity,,,TSMC - Fab 18 Phase 6,5123,Company Detail,file:///Users/simon/Documents/Simon-OB/%E6%9C%AC%E4%BD%93%E8%AE%BA/base/%E5%8D%8A%E5%AF%BC%E4%BD%93/SEMI_WFF_2026_1Q.xlsx
TSMC - Fab 25 Phase 1 current wafer capacity (SEMI WFF),,晶圆产能,SEMI WFF 工厂级晶圆产能观测。,current,25000,12,中国台湾,/Users/simon/Documents/Simon-OB/本体论/base/半导体/SEMI_WFF_2026_1Q.xlsx,TSMC,Logic&Micro,facility_capacity,,,TSMC - Fab 25 Phase 1,6429,Company Detail,file:///Users/simon/Documents/Simon-OB/%E6%9C%AC%E4%BD%93%E8%AE%BA/base/%E5%8D%8A%E5%AF%BC%E4%BD%93/SEMI_WFF_2026_1Q.xlsx
TSMC - Fab 25 Phase 2 current wafer capacity (SEMI WFF),,晶圆产能,SEMI WFF 工厂级晶圆产能观测。,current,22000,12,中国台湾,/Users/simon/Documents/Simon-OB/本体论/base/半导体/SEMI_WFF_2026_1Q.xlsx,TSMC,Logic&Micro,facility_capacity,,,TSMC - Fab 25 Phase 2,6430,Company Detail,file:///Users/simon/Documents/Simon-OB/%E6%9C%AC%E4%BD%93%E8%AE%BA/base/%E5%8D%8A%E5%AF%BC%E4%BD%93/SEMI_WFF_2026_1Q.xlsx
TSMC - Fab 21 Phase 3 (Arizona) current wafer capacity (SEMI WFF),,晶圆产能,SEMI WFF 工厂级晶圆产能观测。,current,30000,12,美洲,/Users/simon/Documents/Simon-OB/本体论/base/半导体/SEMI_WFF_2026_1Q.xlsx,TSMC,Logic&Micro,facility_capacity,,,TSMC - Fab 21 Phase 3 (Arizona),6431,Company Detail,file:///Users/simon/Documents/Simon-OB/%E6%9C%AC%E4%BD%93%E8%AE%BA/base/%E5%8D%8A%E5%AF%BC%E4%BD%93/SEMI_WFF_2026_1Q.xlsx
TSMC - Fab 23 Phase 3 current wafer capacity (SEMI WFF),,晶圆产能,SEMI WFF 工厂级晶圆产能观测。,current,20000,12,日本,/Users/simon/Documents/Simon-OB/本体论/base/半导体/SEMI_WFF_2026_1Q.xlsx,TSMC,Logic&Micro,facility_capacity,,,TSMC - Fab 23 Phase 3,6433,Company Detail,file:///Users/simon/Documents/Simon-OB/%E6%9C%AC%E4%BD%93%E8%AE%BA/base/%E5%8D%8A%E5%AF%BC%E4%BD%93/SEMI_WFF_2026_1Q.xlsx
TSMC - Fab 20 Phase 3 current wafer capacity (SEMI WFF),,晶圆产能,SEMI WFF 工厂级晶圆产能观测。,current,25000,12,中国台湾,/Users/simon/Documents/Simon-OB/本体论/base/半导体/SEMI_WFF_2026_1Q.xlsx,TSMC,Logic&Micro,facility_capacity,,,TSMC - Fab 20 Phase 3,6289,Company Detail,file:///Users/simon/Documents/Simon-OB/%E6%9C%AC%E4%BD%93%E8%AE%BA/base/%E5%8D%8A%E5%AF%BC%E4%BD%93/SEMI_WFF_2026_1Q.xlsx
TSMC - Fab 20 Phase 4 current wafer capacity (SEMI WFF),,晶圆产能,SEMI WFF 工厂级晶圆产能观测。,current,25000,12,中国台湾,/Users/simon/Documents/Simon-OB/本体论/base/半导体/SEMI_WFF_2026_1Q.xlsx,TSMC,Logic&Micro,facility_capacity,,,TSMC - Fab 20 Phase 4,6297,Company Detail,file:///Users/simon/Documents/Simon-OB/%E6%9C%AC%E4%BD%93%E8%AE%BA/base/%E5%8D%8A%E5%AF%BC%E4%BD%93/SEMI_WFF_2026_1Q.xlsx
TSMC - Fab 18 Phase 9 current wafer capacity (SEMI WFF),,晶圆产能,SEMI WFF 工厂级晶圆产能观测。,current,20000,12,中国台湾,/Users/simon/Documents/Simon-OB/本体论/base/半导体/SEMI_WFF_2026_1Q.xlsx,TSMC,Logic&Micro,facility_capacity,,,TSMC - Fab 18 Phase 9,6288,Company Detail,file:///Users/simon/Documents/Simon-OB/%E6%9C%AC%E4%BD%93%E8%AE%BA/base/%E5%8D%8A%E5%AF%BC%E4%BD%93/SEMI_WFF_2026_1Q.xlsx
TSMC - Fab 23 Phase 2 (JASM P2) current wafer capacity (SEMI WFF),,晶圆产能,SEMI WFF 工厂级晶圆产能观测。,current,35000,12,日本,/Users/simon/Documents/Simon-OB/本体论/base/半导体/SEMI_WFF_2026_1Q.xlsx,TSMC,Logic&Micro,facility_capacity,,,TSMC - Fab 23 Phase 2 (JASM P2),6524,Company Detail,file:///Users/simon/Documents/Simon-OB/%E6%9C%AC%E4%BD%93%E8%AE%BA/base/%E5%8D%8A%E5%AF%BC%E4%BD%93/SEMI_WFF_2026_1Q.xlsx
TSMC - Fab 22 Phase 3 current wafer capacity (SEMI WFF),,晶圆产能,SEMI WFF 工厂级晶圆产能观测。,current,25000,12,中国台湾,/Users/simon/Documents/Simon-OB/本体论/base/半导体/SEMI_WFF_2026_1Q.xlsx,TSMC,Logic&Micro,facility_capacity,,,TSMC - Fab 22 Phase 3,6534,Company Detail,file:///Users/simon/Documents/Simon-OB/%E6%9C%AC%E4%BD%93%E8%AE%BA/base/%E5%8D%8A%E5%AF%BC%E4%BD%93/SEMI_WFF_2026_1Q.xlsx
TSMC - Fab 22 Phase 4 current wafer capacity (SEMI WFF),,晶圆产能,SEMI WFF 工厂级晶圆产能观测。,current,25000,12,中国台湾,/Users/simon/Documents/Simon-OB/本体论/base/半导体/SEMI_WFF_2026_1Q.xlsx,TSMC,Logic&Micro,facility_capacity,,,TSMC - Fab 22 Phase 4,6535,Company Detail,file:///Users/simon/Documents/Simon-OB/%E6%9C%AC%E4%BD%93%E8%AE%BA/base/%E5%8D%8A%E5%AF%BC%E4%BD%93/SEMI_WFF_2026_1Q.xlsx
TSMC - Japan Tsukuba 3D IC R&D Center current wafer capacity (SEMI WFF),,晶圆产能,SEMI WFF 工厂级晶圆产能观测。,current,1500,12,日本,/Users/simon/Documents/Simon-OB/本体论/base/半导体/SEMI_WFF_2026_1Q.xlsx,TSMC,Other,facility_capacity,,,TSMC - Japan Tsukuba 3D IC R&D Center,6536,Company Detail,file:///Users/simon/Documents/Simon-OB/%E6%9C%AC%E4%BD%93%E8%AE%BA/base/%E5%8D%8A%E5%AF%BC%E4%BD%93/SEMI_WFF_2026_1Q.xlsx
TSMC - Fab 24 - ESMC Phase 1 (12/16nm) current wafer capacity (SEMI WFF),,晶圆产能,SEMI WFF 工厂级晶圆产能观测。,current,15000,12,Europe & Mideast,/Users/simon/Documents/Simon-OB/本体论/base/半导体/SEMI_WFF_2026_1Q.xlsx,TSMC,Logic&Micro,facility_capacity,,,TSMC - Fab 24 - ESMC Phase 1 (12/16nm),6481,Company Detail,file:///Users/simon/Documents/Simon-OB/%E6%9C%AC%E4%BD%93%E8%AE%BA/base/%E5%8D%8A%E5%AF%BC%E4%BD%93/SEMI_WFF_2026_1Q.xlsx
TSMC - Fab 21 Phase 6 (Arizona) current wafer capacity (SEMI WFF),,晶圆产能,SEMI WFF 工厂级晶圆产能观测。,current,25000,12,美洲,/Users/simon/Documents/Simon-OB/本体论/base/半导体/SEMI_WFF_2026_1Q.xlsx,TSMC,Logic&Micro,facility_capacity,,,TSMC - Fab 21 Phase 6 (Arizona),6687,Company Detail,file:///Users/simon/Documents/Simon-OB/%E6%9C%AC%E4%BD%93%E8%AE%BA/base/%E5%8D%8A%E5%AF%BC%E4%BD%93/SEMI_WFF_2026_1Q.xlsx
TSMC - Fab 25 Phase 3 current wafer capacity (SEMI WFF),,晶圆产能,SEMI WFF 工厂级晶圆产能观测。,current,22000,12,中国台湾,/Users/simon/Documents/Simon-OB/本体论/base/半导体/SEMI_WFF_2026_1Q.xlsx,TSMC,Logic&Micro,facility_capacity,,,TSMC - Fab 25 Phase 3,6669,Company Detail,file:///Users/simon/Documents/Simon-OB/%E6%9C%AC%E4%BD%93%E8%AE%BA/base/%E5%8D%8A%E5%AF%BC%E4%BD%93/SEMI_WFF_2026_1Q.xlsx
TSMC - Fab 25 Phase 4 current wafer capacity (SEMI WFF),,晶圆产能,SEMI WFF 工厂级晶圆产能观测。,current,22000,12,中国台湾,/Users/simon/Documents/Simon-OB/本体论/base/半导体/SEMI_WFF_2026_1Q.xlsx,TSMC,Logic&Micro,facility_capacity,,,TSMC - Fab 25 Phase 4,6670,Company Detail,file:///Users/simon/Documents/Simon-OB/%E6%9C%AC%E4%BD%93%E8%AE%BA/base/%E5%8D%8A%E5%AF%BC%E4%BD%93/SEMI_WFF_2026_1Q.xlsx
TSMC - Arizona R&D Center current wafer capacity (SEMI WFF),,晶圆产能,SEMI WFF 工厂级晶圆产能观测。,current,1500,12,美洲,/Users/simon/Documents/Simon-OB/本体论/base/半导体/SEMI_WFF_2026_1Q.xlsx,TSMC,Other,facility_capacity,,,TSMC - Arizona R&D Center,6657,Company Detail,file:///Users/simon/Documents/Simon-OB/%E6%9C%AC%E4%BD%93%E8%AE%BA/base/%E5%8D%8A%E5%AF%BC%E4%BD%93/SEMI_WFF_2026_1Q.xlsx
TSMC - Fab 21 Phase 4 (Arizona) current wafer capacity (SEMI WFF),,晶圆产能,SEMI WFF 工厂级晶圆产能观测。,current,25000,12,美洲,/Users/simon/Documents/Simon-OB/本体论/base/半导体/SEMI_WFF_2026_1Q.xlsx,TSMC,Logic&Micro,facility_capacity,,,TSMC - Fab 21 Phase 4 (Arizona),6563,Company Detail,file:///Users/simon/Documents/Simon-OB/%E6%9C%AC%E4%BD%93%E8%AE%BA/base/%E5%8D%8A%E5%AF%BC%E4%BD%93/SEMI_WFF_2026_1Q.xlsx
TSMC - Fab 22 Phase 5 current wafer capacity (SEMI WFF),,晶圆产能,SEMI WFF 工厂级晶圆产能观测。,current,25000,12,中国台湾,/Users/simon/Documents/Simon-OB/本体论/base/半导体/SEMI_WFF_2026_1Q.xlsx,TSMC,Logic&Micro,facility_capacity,,,TSMC - Fab 22 Phase 5,6586,Company Detail,file:///Users/simon/Documents/Simon-OB/%E6%9C%AC%E4%BD%93%E8%AE%BA/base/%E5%8D%8A%E5%AF%BC%E4%BD%93/SEMI_WFF_2026_1Q.xlsx
TSMC - Fab 21 Phase 5 (Arizona) current wafer capacity (SEMI WFF),,晶圆产能,SEMI WFF 工厂级晶圆产能观测。,current,25000,12,美洲,/Users/simon/Documents/Simon-OB/本体论/base/半导体/SEMI_WFF_2026_1Q.xlsx,TSMC,Logic&Micro,facility_capacity,,,TSMC - Fab 21 Phase 5 (Arizona),6636,Company Detail,file:///Users/simon/Documents/Simon-OB/%E6%9C%AC%E4%BD%93%E8%AE%BA/base/%E5%8D%8A%E5%AF%BC%E4%BD%93/SEMI_WFF_2026_1Q.xlsx
Tyntek Corporation - Hsinchu Fab current wafer capacity (SEMI WFF),,晶圆产能,SEMI WFF 工厂级晶圆产能观测。,current,15000,2,中国台湾,/Users/simon/Documents/Simon-OB/本体论/base/半导体/SEMI_WFF_2026_1Q.xlsx,Tyntek Corporation,Opto,facility_capacity,,,Tyntek Corporation - Hsinchu Fab,2995,Company Detail,file:///Users/simon/Documents/Simon-OB/%E6%9C%AC%E4%BD%93%E8%AE%BA/base/%E5%8D%8A%E5%AF%BC%E4%BD%93/SEMI_WFF_2026_1Q.xlsx
Tyntek Corporation - Kejung Plant (new Chunan fab) current wafer capacity (SEMI WFF),,晶圆产能,SEMI WFF 工厂级晶圆产能观测。,current,60000,6,中国台湾,/Users/simon/Documents/Simon-OB/本体论/base/半导体/SEMI_WFF_2026_1Q.xlsx,Tyntek Corporation,Opto,facility_capacity,,,Tyntek Corporation - Kejung Plant (new Chunan fab),4998,Company Detail,file:///Users/simon/Documents/Simon-OB/%E6%9C%AC%E4%BD%93%E8%AE%BA/base/%E5%8D%8A%E5%AF%BC%E4%BD%93/SEMI_WFF_2026_1Q.xlsx
Tyntek Corporation - Renai Plant current wafer capacity (SEMI WFF),,晶圆产能,SEMI WFF 工厂级晶圆产能观测。,current,60000,5,中国台湾,/Users/simon/Documents/Simon-OB/本体论/base/半导体/SEMI_WFF_2026_1Q.xlsx,Tyntek Corporation,Opto,facility_capacity,,,Tyntek Corporation - Renai Plant,2996,Company Detail,file:///Users/simon/Documents/Simon-OB/%E6%9C%AC%E4%BD%93%E8%AE%BA/base/%E5%8D%8A%E5%AF%BC%E4%BD%93/SEMI_WFF_2026_1Q.xlsx
TYSiC - Fab 1 6-Inch Line current wafer capacity (SEMI WFF),,晶圆产能,SEMI WFF 工厂级晶圆产能观测。,current,30000,6,中国,/Users/simon/Documents/Simon-OB/本体论/base/半导体/SEMI_WFF_2026_1Q.xlsx,TYSiC,EPI,facility_capacity,,,TYSiC - Fab 1 6-Inch Line,5054,Company Detail,file:///Users/simon/Documents/Simon-OB/%E6%9C%AC%E4%BD%93%E8%AE%BA/base/%E5%8D%8A%E5%AF%BC%E4%BD%93/SEMI_WFF_2026_1Q.xlsx
TYSiC - Fab 1 8-inch Line current wafer capacity (SEMI WFF),,晶圆产能,SEMI WFF 工厂级晶圆产能观测。,current,5000,8,中国,/Users/simon/Documents/Simon-OB/本体论/base/半导体/SEMI_WFF_2026_1Q.xlsx,TYSiC,EPI,facility_capacity,,,TYSiC - Fab 1 8-inch Line,6641,Company Detail,file:///Users/simon/Documents/Simon-OB/%E6%9C%AC%E4%BD%93%E8%AE%BA/base/%E5%8D%8A%E5%AF%BC%E4%BD%93/SEMI_WFF_2026_1Q.xlsx
TYSiC - Fab 2 current wafer capacity (SEMI WFF),,晶圆产能,SEMI WFF 工厂级晶圆产能观测。,current,32000,8,中国,/Users/simon/Documents/Simon-OB/本体论/base/半导体/SEMI_WFF_2026_1Q.xlsx,TYSiC,EPI,facility_capacity,,,TYSiC - Fab 2,6642,Company Detail,file:///Users/simon/Documents/Simon-OB/%E6%9C%AC%E4%BD%93%E8%AE%BA/base/%E5%8D%8A%E5%AF%BC%E4%BD%93/SEMI_WFF_2026_1Q.xlsx
UMC - Fab 12M B2 (was Fujitsu Mie Fab) current wafer capacity (SEMI WFF),,晶圆产能,SEMI WFF 工厂级晶圆产能观测。,current,25000,12,日本,/Users/simon/Documents/Simon-OB/本体论/base/半导体/SEMI_WFF_2026_1Q.xlsx,UMC,Logic&Micro,facility_capacity,,,UMC - Fab 12M B2 (was Fujitsu Mie Fab),2262,Company Detail,file:///Users/simon/Documents/Simon-OB/%E6%9C%AC%E4%BD%93%E8%AE%BA/base/%E5%8D%8A%E5%AF%BC%E4%BD%93/SEMI_WFF_2026_1Q.xlsx
UMC - Fab 6A GaN Line (Wavetek) current wafer capacity (SEMI WFF),,晶圆产能,SEMI WFF 工厂级晶圆产能观测。,current,5000,6,中国台湾,/Users/simon/Documents/Simon-OB/本体论/base/半导体/SEMI_WFF_2026_1Q.xlsx,UMC,Discrete,facility_capacity,,,UMC - Fab 6A GaN Line (Wavetek),6374,Company Detail,file:///Users/simon/Documents/Simon-OB/%E6%9C%AC%E4%BD%93%E8%AE%BA/base/%E5%8D%8A%E5%AF%BC%E4%BD%93/SEMI_WFF_2026_1Q.xlsx
UMC - UMC new Japan 300mm Fab current wafer capacity (SEMI WFF),,晶圆产能,SEMI WFF 工厂级晶圆产能观测。,current,40000,12,日本,/Users/simon/Documents/Simon-OB/本体论/base/半导体/SEMI_WFF_2026_1Q.xlsx,UMC,Logic&Micro,facility_capacity,,,UMC - UMC new Japan 300mm Fab,6436,Company Detail,file:///Users/simon/Documents/Simon-OB/%E6%9C%AC%E4%BD%93%E8%AE%BA/base/%E5%8D%8A%E5%AF%BC%E4%BD%93/SEMI_WFF_2026_1Q.xlsx
UMC - Fab 12i P3 current wafer capacity (SEMI WFF),,晶圆产能,SEMI WFF 工厂级晶圆产能观测。,current,30000,12,SE Asia,/Users/simon/Documents/Simon-OB/本体论/base/半导体/SEMI_WFF_2026_1Q.xlsx,UMC,Logic&Micro,facility_capacity,,,UMC - Fab 12i P3,6261,Company Detail,file:///Users/simon/Documents/Simon-OB/%E6%9C%AC%E4%BD%93%E8%AE%BA/base/%E5%8D%8A%E5%AF%BC%E4%BD%93/SEMI_WFF_2026_1Q.xlsx
UMC - Fab 12A P6 current wafer capacity (SEMI WFF),,晶圆产能,SEMI WFF 工厂级晶圆产能观测。,current,35000,12,中国台湾,/Users/simon/Documents/Simon-OB/本体论/base/半导体/SEMI_WFF_2026_1Q.xlsx,UMC,Logic&Micro,facility_capacity,,,UMC - Fab 12A P6,6237,Company Detail,file:///Users/simon/Documents/Simon-OB/%E6%9C%AC%E4%BD%93%E8%AE%BA/base/%E5%8D%8A%E5%AF%BC%E4%BD%93/SEMI_WFF_2026_1Q.xlsx
UMC - Fab 12X current wafer capacity (SEMI WFF),,晶圆产能,SEMI WFF 工厂级晶圆产能观测。,current,32000,12,中国,/Users/simon/Documents/Simon-OB/本体论/base/半导体/SEMI_WFF_2026_1Q.xlsx,UMC,Logic&Micro,facility_capacity,,,UMC - Fab 12X,3694,Company Detail,file:///Users/simon/Documents/Simon-OB/%E6%9C%AC%E4%BD%93%E8%AE%BA/base/%E5%8D%8A%E5%AF%BC%E4%BD%93/SEMI_WFF_2026_1Q.xlsx
UMC - Fab 12A P5 current wafer capacity (SEMI WFF),,晶圆产能,SEMI WFF 工厂级晶圆产能观测。,current,30500,12,中国台湾,/Users/simon/Documents/Simon-OB/本体论/base/半导体/SEMI_WFF_2026_1Q.xlsx,UMC,Logic&Micro,facility_capacity,,,UMC - Fab 12A P5,3479,Company Detail,file:///Users/simon/Documents/Simon-OB/%E6%9C%AC%E4%BD%93%E8%AE%BA/base/%E5%8D%8A%E5%AF%BC%E4%BD%93/SEMI_WFF_2026_1Q.xlsx
UMC - Fab 8N (former HeJian) current wafer capacity (SEMI WFF),,晶圆产能,SEMI WFF 工厂级晶圆产能观测。,current,81000,8,中国,/Users/simon/Documents/Simon-OB/本体论/base/半导体/SEMI_WFF_2026_1Q.xlsx,UMC,Analog,facility_capacity,,,UMC - Fab 8N (former HeJian),1938,Company Detail,file:///Users/simon/Documents/Simon-OB/%E6%9C%AC%E4%BD%93%E8%AE%BA/base/%E5%8D%8A%E5%AF%BC%E4%BD%93/SEMI_WFF_2026_1Q.xlsx
UMC - Fab 12M B1 (was Fujitsu Mie Fab) current wafer capacity (SEMI WFF),,晶圆产能,SEMI WFF 工厂级晶圆产能观测。,current,18000,12,日本,/Users/simon/Documents/Simon-OB/本体论/base/半导体/SEMI_WFF_2026_1Q.xlsx,UMC,Logic&Micro,facility_capacity,,,UMC - Fab 12M B1 (was Fujitsu Mie Fab),2057,Company Detail,file:///Users/simon/Documents/Simon-OB/%E6%9C%AC%E4%BD%93%E8%AE%BA/base/%E5%8D%8A%E5%AF%BC%E4%BD%93/SEMI_WFF_2026_1Q.xlsx
UMC - Fab 8F current wafer capacity (SEMI WFF),,晶圆产能,SEMI WFF 工厂级晶圆产能观测。,current,48000,8,中国台湾,/Users/simon/Documents/Simon-OB/本体论/base/半导体/SEMI_WFF_2026_1Q.xlsx,UMC,Analog,facility_capacity,,,UMC - Fab 8F,1623,Company Detail,file:///Users/simon/Documents/Simon-OB/%E6%9C%AC%E4%BD%93%E8%AE%BA/base/%E5%8D%8A%E5%AF%BC%E4%BD%93/SEMI_WFF_2026_1Q.xlsx
UMC - Fab 8E current wafer capacity (SEMI WFF),,晶圆产能,SEMI WFF 工厂级晶圆产能观测。,current,44000,8,中国台湾,/Users/simon/Documents/Simon-OB/本体论/base/半导体/SEMI_WFF_2026_1Q.xlsx,UMC,Analog,facility_capacity,,,UMC - Fab 8E,1251,Company Detail,file:///Users/simon/Documents/Simon-OB/%E6%9C%AC%E4%BD%93%E8%AE%BA/base/%E5%8D%8A%E5%AF%BC%E4%BD%93/SEMI_WFF_2026_1Q.xlsx
UMC - Fab 12A P1/P2 current wafer capacity (SEMI WFF),,晶圆产能,SEMI WFF 工厂级晶圆产能观测。,current,35000,12,中国台湾,/Users/simon/Documents/Simon-OB/本体论/base/半导体/SEMI_WFF_2026_1Q.xlsx,UMC,Logic&Micro,facility_capacity,,,UMC - Fab 12A P1/P2,1586,Company Detail,file:///Users/simon/Documents/Simon-OB/%E6%9C%AC%E4%BD%93%E8%AE%BA/base/%E5%8D%8A%E5%AF%BC%E4%BD%93/SEMI_WFF_2026_1Q.xlsx
UMC - Fab 8S current wafer capacity (SEMI WFF),,晶圆产能,SEMI WFF 工厂级晶圆产能观测。,current,37000,8,中国台湾,/Users/simon/Documents/Simon-OB/本体论/base/半导体/SEMI_WFF_2026_1Q.xlsx,UMC,Analog,facility_capacity,,,UMC - Fab 8S,1710,Company Detail,file:///Users/simon/Documents/Simon-OB/%E6%9C%AC%E4%BD%93%E8%AE%BA/base/%E5%8D%8A%E5%AF%BC%E4%BD%93/SEMI_WFF_2026_1Q.xlsx
UMC - Fab 8D current wafer capacity (SEMI WFF),,晶圆产能,SEMI WFF 工厂级晶圆产能观测。,current,39500,8,中国台湾,/Users/simon/Documents/Simon-OB/本体论/base/半导体/SEMI_WFF_2026_1Q.xlsx,UMC,Analog,facility_capacity,,,UMC - Fab 8D,1296,Company Detail,file:///Users/simon/Documents/Simon-OB/%E6%9C%AC%E4%BD%93%E8%AE%BA/base/%E5%8D%8A%E5%AF%BC%E4%BD%93/SEMI_WFF_2026_1Q.xlsx
UMC - Fab 8A current wafer capacity (SEMI WFF),,晶圆产能,SEMI WFF 工厂级晶圆产能观测。,current,70000,8,中国台湾,/Users/simon/Documents/Simon-OB/本体论/base/半导体/SEMI_WFF_2026_1Q.xlsx,UMC,Analog,facility_capacity,,,UMC - Fab 8A,1155,Company Detail,file:///Users/simon/Documents/Simon-OB/%E6%9C%AC%E4%BD%93%E8%AE%BA/base/%E5%8D%8A%E5%AF%BC%E4%BD%93/SEMI_WFF_2026_1Q.xlsx
UMC - Fab 8C current wafer capacity (SEMI WFF),,晶圆产能,SEMI WFF 工厂级晶圆产能观测。,current,40000,8,中国台湾,/Users/simon/Documents/Simon-OB/本体论/base/半导体/SEMI_WFF_2026_1Q.xlsx,UMC,Analog,facility_capacity,,,UMC - Fab 8C,1270,Company Detail,file:///Users/simon/Documents/Simon-OB/%E6%9C%AC%E4%BD%93%E8%AE%BA/base/%E5%8D%8A%E5%AF%BC%E4%BD%93/SEMI_WFF_2026_1Q.xlsx
UMC - Fab 12A P3/P4 current wafer capacity (SEMI WFF),,晶圆产能,SEMI WFF 工厂级晶圆产能观测。,current,45000,12,中国台湾,/Users/simon/Documents/Simon-OB/本体论/base/半导体/SEMI_WFF_2026_1Q.xlsx,UMC,Logic&Micro,facility_capacity,,,UMC - Fab 12A P3/P4,1587,Company Detail,file:///Users/simon/Documents/Simon-OB/%E6%9C%AC%E4%BD%93%E8%AE%BA/base/%E5%8D%8A%E5%AF%BC%E4%BD%93/SEMI_WFF_2026_1Q.xlsx
UMC - Fab 6A (Wavetek) current wafer capacity (SEMI WFF),,晶圆产能,SEMI WFF 工厂级晶圆产能观测。,current,26500,6,中国台湾,/Users/simon/Documents/Simon-OB/本体论/base/半导体/SEMI_WFF_2026_1Q.xlsx,UMC,Analog,facility_capacity,,,UMC - Fab 6A (Wavetek),1152,Company Detail,file:///Users/simon/Documents/Simon-OB/%E6%9C%AC%E4%BD%93%E8%AE%BA/base/%E5%8D%8A%E5%AF%BC%E4%BD%93/SEMI_WFF_2026_1Q.xlsx
UMC - Fab 12i current wafer capacity (SEMI WFF),,晶圆产能,SEMI WFF 工厂级晶圆产能观测。,current,57000,12,SE Asia,/Users/simon/Documents/Simon-OB/本体论/base/半导体/SEMI_WFF_2026_1Q.xlsx,UMC,Logic&Micro,facility_capacity,,,UMC - Fab 12i,1841,Company Detail,file:///Users/simon/Documents/Simon-OB/%E6%9C%AC%E4%BD%93%E8%AE%BA/base/%E5%8D%8A%E5%AF%BC%E4%BD%93/SEMI_WFF_2026_1Q.xlsx
UniCompound Semiconductor Corporation - GaAs fab current wafer capacity (SEMI WFF),,晶圆产能,SEMI WFF 工厂级晶圆产能观测。,current,6000,6,中国,/Users/simon/Documents/Simon-OB/本体论/base/半导体/SEMI_WFF_2026_1Q.xlsx,UniCompound Semiconductor Corporation,Discrete,facility_capacity,,,UniCompound Semiconductor Corporation - GaAs fab,5071,Company Detail,file:///Users/simon/Documents/Simon-OB/%E6%9C%AC%E4%BD%93%E8%AE%BA/base/%E5%8D%8A%E5%AF%BC%E4%BD%93/SEMI_WFF_2026_1Q.xlsx
Unikorn Semiconductor - N8 current wafer capacity (SEMI WFF),,晶圆产能,SEMI WFF 工厂级晶圆产能观测。,current,10000,6,中国台湾,/Users/simon/Documents/Simon-OB/本体论/base/半导体/SEMI_WFF_2026_1Q.xlsx,Unikorn Semiconductor,EPI,facility_capacity,,,Unikorn Semiconductor - N8,3500,Company Detail,file:///Users/simon/Documents/Simon-OB/%E6%9C%AC%E4%BD%93%E8%AE%BA/base/%E5%8D%8A%E5%AF%BC%E4%BD%93/SEMI_WFF_2026_1Q.xlsx
Union Optronics Corporation - Yangmei fab current wafer capacity (SEMI WFF),,晶圆产能,SEMI WFF 工厂级晶圆产能观测。,current,18000,2,中国台湾,/Users/simon/Documents/Simon-OB/本体论/base/半导体/SEMI_WFF_2026_1Q.xlsx,Union Optronics Corporation,Opto,facility_capacity,,,Union Optronics Corporation - Yangmei fab,3529,Company Detail,file:///Users/simon/Documents/Simon-OB/%E6%9C%AC%E4%BD%93%E8%AE%BA/base/%E5%8D%8A%E5%AF%BC%E4%BD%93/SEMI_WFF_2026_1Q.xlsx
Unisonic Technologies - Jaysun Fab1 current wafer capacity (SEMI WFF),,晶圆产能,SEMI WFF 工厂级晶圆产能观测。,current,100000,6,中国,/Users/simon/Documents/Simon-OB/本体论/base/半导体/SEMI_WFF_2026_1Q.xlsx,Unisonic Technologies,Discrete,facility_capacity,,,Unisonic Technologies - Jaysun Fab1,3276,Company Detail,file:///Users/simon/Documents/Simon-OB/%E6%9C%AC%E4%BD%93%E8%AE%BA/base/%E5%8D%8A%E5%AF%BC%E4%BD%93/SEMI_WFF_2026_1Q.xlsx
Unisonic Technologies - Fushun Fab 2 current wafer capacity (SEMI WFF),,晶圆产能,SEMI WFF 工厂级晶圆产能观测。,current,60000,6,中国,/Users/simon/Documents/Simon-OB/本体论/base/半导体/SEMI_WFF_2026_1Q.xlsx,Unisonic Technologies,Discrete,facility_capacity,,,Unisonic Technologies - Fushun Fab 2,3007,Company Detail,file:///Users/simon/Documents/Simon-OB/%E6%9C%AC%E4%BD%93%E8%AE%BA/base/%E5%8D%8A%E5%AF%BC%E4%BD%93/SEMI_WFF_2026_1Q.xlsx
Unisonic Technologies - Fushun Fab 1 current wafer capacity (SEMI WFF),,晶圆产能,SEMI WFF 工厂级晶圆产能观测。,current,40000,6,中国,/Users/simon/Documents/Simon-OB/本体论/base/半导体/SEMI_WFF_2026_1Q.xlsx,Unisonic Technologies,Discrete,facility_capacity,,,Unisonic Technologies - Fushun Fab 1,3006,Company Detail,file:///Users/simon/Documents/Simon-OB/%E6%9C%AC%E4%BD%93%E8%AE%BA/base/%E5%8D%8A%E5%AF%BC%E4%BD%93/SEMI_WFF_2026_1Q.xlsx
Unisonic Technologies - Fushun Gaoxin Fab1 current wafer capacity (SEMI WFF),,晶圆产能,SEMI WFF 工厂级晶圆产能观测。,current,90000,6,中国,/Users/simon/Documents/Simon-OB/本体论/base/半导体/SEMI_WFF_2026_1Q.xlsx,Unisonic Technologies,Discrete,facility_capacity,,,Unisonic Technologies - Fushun Gaoxin Fab1,6530,Company Detail,file:///Users/simon/Documents/Simon-OB/%E6%9C%AC%E4%BD%93%E8%AE%BA/base/%E5%8D%8A%E5%AF%BC%E4%BD%93/SEMI_WFF_2026_1Q.xlsx
United Monolithic Semiconductors (UMS) - UMS current wafer capacity (SEMI WFF),,晶圆产能,SEMI WFF 工厂级晶圆产能观测。,current,4000,4,Europe & Mideast,/Users/simon/Documents/Simon-OB/本体论/base/半导体/SEMI_WFF_2026_1Q.xlsx,United Monolithic Semiconductors (UMS),Analog,facility_capacity,,,United Monolithic Semiconductors (UMS) - UMS,8,Company Detail,file:///Users/simon/Documents/Simon-OB/%E6%9C%AC%E4%BD%93%E8%AE%BA/base/%E5%8D%8A%E5%AF%BC%E4%BD%93/SEMI_WFF_2026_1Q.xlsx
"United Nova Technology (UNT, was SMEC, was SMIC Shaoxing) - Fab 1 (UNT Phase 1) current wafer capacity (SEMI WFF)",,晶圆产能,SEMI WFF 工厂级晶圆产能观测。,current,100000,8,中国,/Users/simon/Documents/Simon-OB/本体论/base/半导体/SEMI_WFF_2026_1Q.xlsx,"United Nova Technology (UNT, was SMEC, was SMIC Shaoxing)",Discrete,facility_capacity,,,"United Nova Technology (UNT, was SMEC, was SMIC Shaoxing) - Fab 1 (UNT Phase 1)",5001,Company Detail,file:///Users/simon/Documents/Simon-OB/%E6%9C%AC%E4%BD%93%E8%AE%BA/base/%E5%8D%8A%E5%AF%BC%E4%BD%93/SEMI_WFF_2026_1Q.xlsx
"United Nova Technology (UNT, was SMEC, was SMIC Shaoxing) - Fab 2 300mm MP Line (UNT Phase 3) current wafer capacity (SEMI WFF)",,晶圆产能,SEMI WFF 工厂级晶圆产能观测。,current,90000,12,中国,/Users/simon/Documents/Simon-OB/本体论/base/半导体/SEMI_WFF_2026_1Q.xlsx,"United Nova Technology (UNT, was SMEC, was SMIC Shaoxing)",Analog,facility_capacity,,,"United Nova Technology (UNT, was SMEC, was SMIC Shaoxing) - Fab 2 300mm MP Line (UNT Phase 3)",6505,Company Detail,file:///Users/simon/Documents/Simon-OB/%E6%9C%AC%E4%BD%93%E8%AE%BA/base/%E5%8D%8A%E5%AF%BC%E4%BD%93/SEMI_WFF_2026_1Q.xlsx
"United Nova Technology (UNT, was SMEC, was SMIC Shaoxing) - Fab 2 300mm Pilot Line (UNT Phase 2) current wafer capacity (SEMI WFF)",,晶圆产能,SEMI WFF 工厂级晶圆产能观测。,current,10000,12,中国,/Users/simon/Documents/Simon-OB/本体论/base/半导体/SEMI_WFF_2026_1Q.xlsx,"United Nova Technology (UNT, was SMEC, was SMIC Shaoxing)",Discrete,facility_capacity,,,"United Nova Technology (UNT, was SMEC, was SMIC Shaoxing) - Fab 2 300mm Pilot Line (UNT Phase 2)",6472,Company Detail,file:///Users/simon/Documents/Simon-OB/%E6%9C%AC%E4%BD%93%E8%AE%BA/base/%E5%8D%8A%E5%AF%BC%E4%BD%93/SEMI_WFF_2026_1Q.xlsx
"United Nova Technology (UNT, was SMEC, was SMIC Shaoxing) - Fab 2 200mm Line (UNT Phase 2) current wafer capacity (SEMI WFF)",,晶圆产能,SEMI WFF 工厂级晶圆产能观测。,current,70000,8,中国,/Users/simon/Documents/Simon-OB/本体论/base/半导体/SEMI_WFF_2026_1Q.xlsx,"United Nova Technology (UNT, was SMEC, was SMIC Shaoxing)",Discrete,facility_capacity,,,"United Nova Technology (UNT, was SMEC, was SMIC Shaoxing) - Fab 2 200mm Line (UNT Phase 2)",6423,Company Detail,file:///Users/simon/Documents/Simon-OB/%E6%9C%AC%E4%BD%93%E8%AE%BA/base/%E5%8D%8A%E5%AF%BC%E4%BD%93/SEMI_WFF_2026_1Q.xlsx
"United Nova Technology (UNT, was SMEC, was SMIC Shaoxing) - Fab 2 150mm Compound Line current wafer capacity (SEMI WFF)",,晶圆产能,SEMI WFF 工厂级晶圆产能观测。,current,20000,6,中国,/Users/simon/Documents/Simon-OB/本体论/base/半导体/SEMI_WFF_2026_1Q.xlsx,"United Nova Technology (UNT, was SMEC, was SMIC Shaoxing)",Discrete,facility_capacity,,,"United Nova Technology (UNT, was SMEC, was SMIC Shaoxing) - Fab 2 150mm Compound Line",6177,Company Detail,file:///Users/simon/Documents/Simon-OB/%E6%9C%AC%E4%BD%93%E8%AE%BA/base/%E5%8D%8A%E5%AF%BC%E4%BD%93/SEMI_WFF_2026_1Q.xlsx
Universal Semiconductor Inc (USI) - N/A current wafer capacity (SEMI WFF),,晶圆产能,SEMI WFF 工厂级晶圆产能观测。,current,10000,4,美洲,/Users/simon/Documents/Simon-OB/本体论/base/半导体/SEMI_WFF_2026_1Q.xlsx,Universal Semiconductor Inc (USI),Analog,facility_capacity,,,Universal Semiconductor Inc (USI) - N/A,1159,Company Detail,file:///Users/simon/Documents/Simon-OB/%E6%9C%AC%E4%BD%93%E8%AE%BA/base/%E5%8D%8A%E5%AF%BC%E4%BD%93/SEMI_WFF_2026_1Q.xlsx
University - Alberta - nanoFAB current wafer capacity (SEMI WFF),,晶圆产能,SEMI WFF 工厂级晶圆产能观测。,current,500,6,美洲,/Users/simon/Documents/Simon-OB/本体论/base/半导体/SEMI_WFF_2026_1Q.xlsx,University - Alberta,MEMS,facility_capacity,,,University - Alberta - nanoFAB,4960,Company Detail,file:///Users/simon/Documents/Simon-OB/%E6%9C%AC%E4%BD%93%E8%AE%BA/base/%E5%8D%8A%E5%AF%BC%E4%BD%93/SEMI_WFF_2026_1Q.xlsx
University - Arizona State University - CSSR current wafer capacity (SEMI WFF),,晶圆产能,SEMI WFF 工厂级晶圆产能观测。,current,100,4,美洲,/Users/simon/Documents/Simon-OB/本体论/base/半导体/SEMI_WFF_2026_1Q.xlsx,University - Arizona State University,Other,facility_capacity,,,University - Arizona State University - CSSR,35,Company Detail,file:///Users/simon/Documents/Simon-OB/%E6%9C%AC%E4%BD%93%E8%AE%BA/base/%E5%8D%8A%E5%AF%BC%E4%BD%93/SEMI_WFF_2026_1Q.xlsx
University - Bilkent (Ankara) - UNAM cleanroom facility (UCF) current wafer capacity (SEMI WFF),,晶圆产能,SEMI WFF 工厂级晶圆产能观测。,current,150,4,Europe & Mideast,/Users/simon/Documents/Simon-OB/本体论/base/半导体/SEMI_WFF_2026_1Q.xlsx,University - Bilkent (Ankara),Other,facility_capacity,,,University - Bilkent (Ankara) - UNAM cleanroom facility (UCF),3577,Company Detail,file:///Users/simon/Documents/Simon-OB/%E6%9C%AC%E4%BD%93%E8%AE%BA/base/%E5%8D%8A%E5%AF%BC%E4%BD%93/SEMI_WFF_2026_1Q.xlsx
"University - Cardiff University, School of Physics and Astronomy - Optoelectronics Cleanroom current wafer capacity (SEMI WFF)",,晶圆产能,SEMI WFF 工厂级晶圆产能观测。,current,50,3,Europe & Mideast,/Users/simon/Documents/Simon-OB/本体论/base/半导体/SEMI_WFF_2026_1Q.xlsx,"University - Cardiff University, School of Physics and Astronomy",Other,facility_capacity,,,"University - Cardiff University, School of Physics and Astronomy - Optoelectronics Cleanroom",3072,Company Detail,file:///Users/simon/Documents/Simon-OB/%E6%9C%AC%E4%BD%93%E8%AE%BA/base/%E5%8D%8A%E5%AF%BC%E4%BD%93/SEMI_WFF_2026_1Q.xlsx
"University - Carnegie Mellon University - MEMS Lab not cleanroom, lab of ECE dept current wafer capacity (SEMI WFF)",,晶圆产能,SEMI WFF 工厂级晶圆产能观测。,current,50,4,美洲,/Users/simon/Documents/Simon-OB/本体论/base/半导体/SEMI_WFF_2026_1Q.xlsx,University - Carnegie Mellon University,Other,facility_capacity,,,"University - Carnegie Mellon University - MEMS Lab not cleanroom, lab of ECE dept",3049,Company Detail,file:///Users/simon/Documents/Simon-OB/%E6%9C%AC%E4%BD%93%E8%AE%BA/base/%E5%8D%8A%E5%AF%BC%E4%BD%93/SEMI_WFF_2026_1Q.xlsx
University - Carnegie Mellon University - Nanofabrication Facility current wafer capacity (SEMI WFF),,晶圆产能,SEMI WFF 工厂级晶圆产能观测。,current,100,6,美洲,/Users/simon/Documents/Simon-OB/本体论/base/半导体/SEMI_WFF_2026_1Q.xlsx,University - Carnegie Mellon University,Other,facility_capacity,,,University - Carnegie Mellon University - Nanofabrication Facility,3045,Company Detail,file:///Users/simon/Documents/Simon-OB/%E6%9C%AC%E4%BD%93%E8%AE%BA/base/%E5%8D%8A%E5%AF%BC%E4%BD%93/SEMI_WFF_2026_1Q.xlsx
University - Chalmers University of Technology - MC2 current wafer capacity (SEMI WFF),,晶圆产能,SEMI WFF 工厂级晶圆产能观测。,current,500,6,Europe & Mideast,/Users/simon/Documents/Simon-OB/本体论/base/半导体/SEMI_WFF_2026_1Q.xlsx,University - Chalmers University of Technology,MEMS,facility_capacity,,,University - Chalmers University of Technology - MC2,1728,Company Detail,file:///Users/simon/Documents/Simon-OB/%E6%9C%AC%E4%BD%93%E8%AE%BA/base/%E5%8D%8A%E5%AF%BC%E4%BD%93/SEMI_WFF_2026_1Q.xlsx
University - Cornell University - CNF at Duffield Hall current wafer capacity (SEMI WFF),,晶圆产能,SEMI WFF 工厂级晶圆产能观测。,current,250,6,美洲,/Users/simon/Documents/Simon-OB/本体论/base/半导体/SEMI_WFF_2026_1Q.xlsx,University - Cornell University,Other,facility_capacity,,,University - Cornell University - CNF at Duffield Hall,6378,Company Detail,file:///Users/simon/Documents/Simon-OB/%E6%9C%AC%E4%BD%93%E8%AE%BA/base/%E5%8D%8A%E5%AF%BC%E4%BD%93/SEMI_WFF_2026_1Q.xlsx
University - Inter Semiconductor Research Center (ISRC) - ISRC current wafer capacity (SEMI WFF),,晶圆产能,SEMI WFF 工厂级晶圆产能观测。,current,100,4,韩国,/Users/simon/Documents/Simon-OB/本体论/base/半导体/SEMI_WFF_2026_1Q.xlsx,University - Inter Semiconductor Research Center (ISRC),Other,facility_capacity,,,University - Inter Semiconductor Research Center (ISRC) - ISRC,422,Company Detail,file:///Users/simon/Documents/Simon-OB/%E6%9C%AC%E4%BD%93%E8%AE%BA/base/%E5%8D%8A%E5%AF%BC%E4%BD%93/SEMI_WFF_2026_1Q.xlsx
University - Louisiana State University - N/A current wafer capacity (SEMI WFF),,晶圆产能,SEMI WFF 工厂级晶圆产能观测。,current,100,3,美洲,/Users/simon/Documents/Simon-OB/本体论/base/半导体/SEMI_WFF_2026_1Q.xlsx,University - Louisiana State University,Other,facility_capacity,,,University - Louisiana State University - N/A,481,Company Detail,file:///Users/simon/Documents/Simon-OB/%E6%9C%AC%E4%BD%93%E8%AE%BA/base/%E5%8D%8A%E5%AF%BC%E4%BD%93/SEMI_WFF_2026_1Q.xlsx
University - Meiji University - Nano Technology Lab current wafer capacity (SEMI WFF),,晶圆产能,SEMI WFF 工厂级晶圆产能观测。,current,100,4,日本,/Users/simon/Documents/Simon-OB/本体论/base/半导体/SEMI_WFF_2026_1Q.xlsx,University - Meiji University,Other,facility_capacity,,,University - Meiji University - Nano Technology Lab,532,Company Detail,file:///Users/simon/Documents/Simon-OB/%E6%9C%AC%E4%BD%93%E8%AE%BA/base/%E5%8D%8A%E5%AF%BC%E4%BD%93/SEMI_WFF_2026_1Q.xlsx
University - MIT (Massachusetts Institute of Technology) - MTL-Integrated Circuits Laboratory (ICL) current wafer capacity (SEMI WFF),,晶圆产能,SEMI WFF 工厂级晶圆产能观测。,current,200,6,美洲,/Users/simon/Documents/Simon-OB/本体论/base/半导体/SEMI_WFF_2026_1Q.xlsx,University - MIT (Massachusetts Institute of Technology),Other,facility_capacity,,,University - MIT (Massachusetts Institute of Technology) - MTL-Integrated Circuits Laboratory (ICL),2348,Company Detail,file:///Users/simon/Documents/Simon-OB/%E6%9C%AC%E4%BD%93%E8%AE%BA/base/%E5%8D%8A%E5%AF%BC%E4%BD%93/SEMI_WFF_2026_1Q.xlsx
University - MIT (Massachusetts Institute of Technology) - MTL-Technology Research Laboratory (TRL) current wafer capacity (SEMI WFF),,晶圆产能,SEMI WFF 工厂级晶圆产能观测。,current,200,6,美洲,/Users/simon/Documents/Simon-OB/本体论/base/半导体/SEMI_WFF_2026_1Q.xlsx,University - MIT (Massachusetts Institute of Technology),Other,facility_capacity,,,University - MIT (Massachusetts Institute of Technology) - MTL-Technology Research Laboratory (TRL),2349,Company Detail,file:///Users/simon/Documents/Simon-OB/%E6%9C%AC%E4%BD%93%E8%AE%BA/base/%E5%8D%8A%E5%AF%BC%E4%BD%93/SEMI_WFF_2026_1Q.xlsx
University - MIT (Massachusetts Institute of Technology) - MTL-Exploratory Materials Lab (EML) current wafer capacity (SEMI WFF),,晶圆产能,SEMI WFF 工厂级晶圆产能观测。,current,100,6,美洲,/Users/simon/Documents/Simon-OB/本体论/base/半导体/SEMI_WFF_2026_1Q.xlsx,University - MIT (Massachusetts Institute of Technology),Other,facility_capacity,,,University - MIT (Massachusetts Institute of Technology) - MTL-Exploratory Materials Lab (EML),2350,Company Detail,file:///Users/simon/Documents/Simon-OB/%E6%9C%AC%E4%BD%93%E8%AE%BA/base/%E5%8D%8A%E5%AF%BC%E4%BD%93/SEMI_WFF_2026_1Q.xlsx
University - MIT (Massachusetts Institute of Technology) - Microelectronics Laboratory (ML) current wafer capacity (SEMI WFF),,晶圆产能,SEMI WFF 工厂级晶圆产能观测。,current,500,8,美洲,/Users/simon/Documents/Simon-OB/本体论/base/半导体/SEMI_WFF_2026_1Q.xlsx,University - MIT (Massachusetts Institute of Technology),Other,facility_capacity,,,University - MIT (Massachusetts Institute of Technology) - Microelectronics Laboratory (ML),566,Company Detail,file:///Users/simon/Documents/Simon-OB/%E6%9C%AC%E4%BD%93%E8%AE%BA/base/%E5%8D%8A%E5%AF%BC%E4%BD%93/SEMI_WFF_2026_1Q.xlsx
University - MIT (Massachusetts Institute of Technology) - CSL-MIF (Compound Semiconductor Lab / Microelectronics IntegrationFacility) current wafer capacity (SEMI WFF),,晶圆产能,SEMI WFF 工厂级晶圆产能观测。,current,700,8,美洲,/Users/simon/Documents/Simon-OB/本体论/base/半导体/SEMI_WFF_2026_1Q.xlsx,University - MIT (Massachusetts Institute of Technology),Other,facility_capacity,,,University - MIT (Massachusetts Institute of Technology) - CSL-MIF (Compound Semiconductor Lab / Microelectronics IntegrationFacility),4995,Company Detail,file:///Users/simon/Documents/Simon-OB/%E6%9C%AC%E4%BD%93%E8%AE%BA/base/%E5%8D%8A%E5%AF%BC%E4%BD%93/SEMI_WFF_2026_1Q.xlsx
University - National Research University of Electronic Technology - MIET - MIET National Research University of Electronic Technology current wafer capacity (SEMI WFF),,晶圆产能,SEMI WFF 工厂级晶圆产能观测。,current,2000,4,Europe & Mideast,/Users/simon/Documents/Simon-OB/本体论/base/半导体/SEMI_WFF_2026_1Q.xlsx,University - National Research University of Electronic Technology - MIET,MEMS,facility_capacity,,,University - National Research University of Electronic Technology - MIET - MIET National Research University of Electronic Technology,3363,Company Detail,file:///Users/simon/Documents/Simon-OB/%E6%9C%AC%E4%BD%93%E8%AE%BA/base/%E5%8D%8A%E5%AF%BC%E4%BD%93/SEMI_WFF_2026_1Q.xlsx
University - NPK Technological Center - NPK Technological Center current wafer capacity (SEMI WFF),,晶圆产能,SEMI WFF 工厂级晶圆产能观测。,current,3000,6,Europe & Mideast,/Users/simon/Documents/Simon-OB/本体论/base/半导体/SEMI_WFF_2026_1Q.xlsx,University - NPK Technological Center,Discrete,facility_capacity,,,University - NPK Technological Center - NPK Technological Center,598,Company Detail,file:///Users/simon/Documents/Simon-OB/%E6%9C%AC%E4%BD%93%E8%AE%BA/base/%E5%8D%8A%E5%AF%BC%E4%BD%93/SEMI_WFF_2026_1Q.xlsx
University - Penn State - Nanofab current wafer capacity (SEMI WFF),,晶圆产能,SEMI WFF 工厂级晶圆产能观测。,current,50,8,美洲,/Users/simon/Documents/Simon-OB/本体论/base/半导体/SEMI_WFF_2026_1Q.xlsx,University - Penn State,Other,facility_capacity,,,University - Penn State - Nanofab,3506,Company Detail,file:///Users/simon/Documents/Simon-OB/%E6%9C%AC%E4%BD%93%E8%AE%BA/base/%E5%8D%8A%E5%AF%BC%E4%BD%93/SEMI_WFF_2026_1Q.xlsx
University - Politecnico di Milano - PoliFab 150mm (micro and nano technology center) current wafer capacity (SEMI WFF),,晶圆产能,SEMI WFF 工厂级晶圆产能观测。,current,50,6,Europe & Mideast,/Users/simon/Documents/Simon-OB/本体论/base/半导体/SEMI_WFF_2026_1Q.xlsx,University - Politecnico di Milano,Other,facility_capacity,,,University - Politecnico di Milano - PoliFab 150mm (micro and nano technology center),6231,Company Detail,file:///Users/simon/Documents/Simon-OB/%E6%9C%AC%E4%BD%93%E8%AE%BA/base/%E5%8D%8A%E5%AF%BC%E4%BD%93/SEMI_WFF_2026_1Q.xlsx
University - Politecnico di Milano - Research Center for Advanced Sensors current wafer capacity (SEMI WFF),,晶圆产能,SEMI WFF 工厂级晶圆产能观测。,current,50,8,Europe & Mideast,/Users/simon/Documents/Simon-OB/本体论/base/半导体/SEMI_WFF_2026_1Q.xlsx,University - Politecnico di Milano,MEMS,facility_capacity,,,University - Politecnico di Milano - Research Center for Advanced Sensors,6232,Company Detail,file:///Users/simon/Documents/Simon-OB/%E6%9C%AC%E4%BD%93%E8%AE%BA/base/%E5%8D%8A%E5%AF%BC%E4%BD%93/SEMI_WFF_2026_1Q.xlsx
University - Purdue - Scifres Nanofabrication Laboratory (SNL) current wafer capacity (SEMI WFF),,晶圆产能,SEMI WFF 工厂级晶圆产能观测。,current,50,4,美洲,/Users/simon/Documents/Simon-OB/本体论/base/半导体/SEMI_WFF_2026_1Q.xlsx,University - Purdue,Other,facility_capacity,,,University - Purdue - Scifres Nanofabrication Laboratory (SNL),3507,Company Detail,file:///Users/simon/Documents/Simon-OB/%E6%9C%AC%E4%BD%93%E8%AE%BA/base/%E5%8D%8A%E5%AF%BC%E4%BD%93/SEMI_WFF_2026_1Q.xlsx
University - Ritsumeikan University - 研发 current wafer capacity (SEMI WFF),,晶圆产能,SEMI WFF 工厂级晶圆产能观测。,current,500,3,日本,/Users/simon/Documents/Simon-OB/本体论/base/半导体/SEMI_WFF_2026_1Q.xlsx,University - Ritsumeikan University,MEMS,facility_capacity,,,University - Ritsumeikan University - 研发,835,Company Detail,file:///Users/simon/Documents/Simon-OB/%E6%9C%AC%E4%BD%93%E8%AE%BA/base/%E5%8D%8A%E5%AF%BC%E4%BD%93/SEMI_WFF_2026_1Q.xlsx
University - Stanford University - SNF (Stanford Nanofabrication Facility) current wafer capacity (SEMI WFF),,晶圆产能,SEMI WFF 工厂级晶圆产能观测。,current,100,6,美洲,/Users/simon/Documents/Simon-OB/本体论/base/半导体/SEMI_WFF_2026_1Q.xlsx,University - Stanford University,Other,facility_capacity,,,University - Stanford University - SNF (Stanford Nanofabrication Facility),1024,Company Detail,file:///Users/simon/Documents/Simon-OB/%E6%9C%AC%E4%BD%93%E8%AE%BA/base/%E5%8D%8A%E5%AF%BC%E4%BD%93/SEMI_WFF_2026_1Q.xlsx
University - Technical University of Braunschweig - N/A current wafer capacity (SEMI WFF),,晶圆产能,SEMI WFF 工厂级晶圆产能观测。,current,200,3,Europe & Mideast,/Users/simon/Documents/Simon-OB/本体论/base/半导体/SEMI_WFF_2026_1Q.xlsx,University - Technical University of Braunschweig,Other,facility_capacity,,,University - Technical University of Braunschweig - N/A,1049,Company Detail,file:///Users/simon/Documents/Simon-OB/%E6%9C%AC%E4%BD%93%E8%AE%BA/base/%E5%8D%8A%E5%AF%BC%E4%BD%93/SEMI_WFF_2026_1Q.xlsx
University - Technical University of Denmark - Danchip current wafer capacity (SEMI WFF),,晶圆产能,SEMI WFF 工厂级晶圆产能观测。,current,500,6,Europe & Mideast,/Users/simon/Documents/Simon-OB/本体论/base/半导体/SEMI_WFF_2026_1Q.xlsx,University - Technical University of Denmark,MEMS,facility_capacity,,,University - Technical University of Denmark - Danchip,2158,Company Detail,file:///Users/simon/Documents/Simon-OB/%E6%9C%AC%E4%BD%93%E8%AE%BA/base/%E5%8D%8A%E5%AF%BC%E4%BD%93/SEMI_WFF_2026_1Q.xlsx
University - Tohoku University - Center for Integrated NanoTechnology Support current wafer capacity (SEMI WFF),,晶圆产能,SEMI WFF 工厂级晶圆产能观测。,current,1000,8,日本,/Users/simon/Documents/Simon-OB/本体论/base/半导体/SEMI_WFF_2026_1Q.xlsx,University - Tohoku University,Other,facility_capacity,,,University - Tohoku University - Center for Integrated NanoTechnology Support,1093,Company Detail,file:///Users/simon/Documents/Simon-OB/%E6%9C%AC%E4%BD%93%E8%AE%BA/base/%E5%8D%8A%E5%AF%BC%E4%BD%93/SEMI_WFF_2026_1Q.xlsx
University - Tohoku University - GINTI current wafer capacity (SEMI WFF),,晶圆产能,SEMI WFF 工厂级晶圆产能观测。,current,1000,12,日本,/Users/simon/Documents/Simon-OB/本体论/base/半导体/SEMI_WFF_2026_1Q.xlsx,University - Tohoku University,Other,facility_capacity,,,University - Tohoku University - GINTI,3606,Company Detail,file:///Users/simon/Documents/Simon-OB/%E6%9C%AC%E4%BD%93%E8%AE%BA/base/%E5%8D%8A%E5%AF%BC%E4%BD%93/SEMI_WFF_2026_1Q.xlsx
University - Tsing Hua University - N/A current wafer capacity (SEMI WFF),,晶圆产能,SEMI WFF 工厂级晶圆产能观测。,current,100,6,中国,/Users/simon/Documents/Simon-OB/本体论/base/半导体/SEMI_WFF_2026_1Q.xlsx,University - Tsing Hua University,Other,facility_capacity,,,University - Tsing Hua University - N/A,1145,Company Detail,file:///Users/simon/Documents/Simon-OB/%E6%9C%AC%E4%BD%93%E8%AE%BA/base/%E5%8D%8A%E5%AF%BC%E4%BD%93/SEMI_WFF_2026_1Q.xlsx
University - Vanderbilt University - VINSE (Vanderbilt Institute of Nanoscale Science and Engineering) current wafer capacity (SEMI WFF),,晶圆产能,SEMI WFF 工厂级晶圆产能观测。,current,100,4,美洲,/Users/simon/Documents/Simon-OB/本体论/base/半导体/SEMI_WFF_2026_1Q.xlsx,University - Vanderbilt University,Opto,facility_capacity,,,University - Vanderbilt University - VINSE (Vanderbilt Institute of Nanoscale Science and Engineering),5040,Company Detail,file:///Users/simon/Documents/Simon-OB/%E6%9C%AC%E4%BD%93%E8%AE%BA/base/%E5%8D%8A%E5%AF%BC%E4%BD%93/SEMI_WFF_2026_1Q.xlsx
University of Adelaide - N/A current wafer capacity (SEMI WFF),,晶圆产能,SEMI WFF 工厂级晶圆产能观测。,current,100,2,SE Asia,/Users/simon/Documents/Simon-OB/本体论/base/半导体/SEMI_WFF_2026_1Q.xlsx,University of Adelaide,Other,facility_capacity,,,University of Adelaide - N/A,1160,Company Detail,file:///Users/simon/Documents/Simon-OB/%E6%9C%AC%E4%BD%93%E8%AE%BA/base/%E5%8D%8A%E5%AF%BC%E4%BD%93/SEMI_WFF_2026_1Q.xlsx
University of California at Berkeley - Marvell Nanolab current wafer capacity (SEMI WFF),,晶圆产能,SEMI WFF 工厂级晶圆产能观测。,current,100,6,美洲,/Users/simon/Documents/Simon-OB/本体论/base/半导体/SEMI_WFF_2026_1Q.xlsx,University of California at Berkeley,Other,facility_capacity,,,University of California at Berkeley - Marvell Nanolab,3027,Company Detail,file:///Users/simon/Documents/Simon-OB/%E6%9C%AC%E4%BD%93%E8%AE%BA/base/%E5%8D%8A%E5%AF%BC%E4%BD%93/SEMI_WFF_2026_1Q.xlsx
University of Central Florida - Fab 54 current wafer capacity (SEMI WFF),,晶圆产能,SEMI WFF 工厂级晶圆产能观测。,current,12000,4,美洲,/Users/simon/Documents/Simon-OB/本体论/base/半导体/SEMI_WFF_2026_1Q.xlsx,University of Central Florida,Analog,facility_capacity,,,University of Central Florida - Fab 54,240,Company Detail,file:///Users/simon/Documents/Simon-OB/%E6%9C%AC%E4%BD%93%E8%AE%BA/base/%E5%8D%8A%E5%AF%BC%E4%BD%93/SEMI_WFF_2026_1Q.xlsx
University of Colorado - ECE Dept current wafer capacity (SEMI WFF),,晶圆产能,SEMI WFF 工厂级晶圆产能观测。,current,100,4,美洲,/Users/simon/Documents/Simon-OB/本体论/base/半导体/SEMI_WFF_2026_1Q.xlsx,University of Colorado,Other,facility_capacity,,,University of Colorado - ECE Dept,1162,Company Detail,file:///Users/simon/Documents/Simon-OB/%E6%9C%AC%E4%BD%93%E8%AE%BA/base/%E5%8D%8A%E5%AF%BC%E4%BD%93/SEMI_WFF_2026_1Q.xlsx
University of Glasgow - James Watt Nanofabrication Centre current wafer capacity (SEMI WFF),,晶圆产能,SEMI WFF 工厂级晶圆产能观测。,current,500,6,Europe & Mideast,/Users/simon/Documents/Simon-OB/本体论/base/半导体/SEMI_WFF_2026_1Q.xlsx,University of Glasgow,Other,facility_capacity,,,University of Glasgow - James Watt Nanofabrication Centre,3594,Company Detail,file:///Users/simon/Documents/Simon-OB/%E6%9C%AC%E4%BD%93%E8%AE%BA/base/%E5%8D%8A%E5%AF%BC%E4%BD%93/SEMI_WFF_2026_1Q.xlsx
University of Illinois at Urbana-Champaign - Nano Lab - ECE Illinois current wafer capacity (SEMI WFF),,晶圆产能,SEMI WFF 工厂级晶圆产能观测。,current,25,8,美洲,/Users/simon/Documents/Simon-OB/本体论/base/半导体/SEMI_WFF_2026_1Q.xlsx,University of Illinois at Urbana-Champaign,Other,facility_capacity,,,University of Illinois at Urbana-Champaign - Nano Lab - ECE Illinois,3841,Company Detail,file:///Users/simon/Documents/Simon-OB/%E6%9C%AC%E4%BD%93%E8%AE%BA/base/%E5%8D%8A%E5%AF%BC%E4%BD%93/SEMI_WFF_2026_1Q.xlsx
University of Michigan - LNF (Lurie Nanofabrication Facility) current wafer capacity (SEMI WFF),,晶圆产能,SEMI WFF 工厂级晶圆产能观测。,current,200,6,美洲,/Users/simon/Documents/Simon-OB/本体论/base/半导体/SEMI_WFF_2026_1Q.xlsx,University of Michigan,Other,facility_capacity,,,University of Michigan - LNF (Lurie Nanofabrication Facility),3918,Company Detail,file:///Users/simon/Documents/Simon-OB/%E6%9C%AC%E4%BD%93%E8%AE%BA/base/%E5%8D%8A%E5%AF%BC%E4%BD%93/SEMI_WFF_2026_1Q.xlsx
University of Minnesota - Nanofabrication Center current wafer capacity (SEMI WFF),,晶圆产能,SEMI WFF 工厂级晶圆产能观测。,current,100,6,美洲,/Users/simon/Documents/Simon-OB/本体论/base/半导体/SEMI_WFF_2026_1Q.xlsx,University of Minnesota,Other,facility_capacity,,,University of Minnesota - Nanofabrication Center,2283,Company Detail,file:///Users/simon/Documents/Simon-OB/%E6%9C%AC%E4%BD%93%E8%AE%BA/base/%E5%8D%8A%E5%AF%BC%E4%BD%93/SEMI_WFF_2026_1Q.xlsx
University of Notre Dame - NDNF (Notre Dame Nanofab Facility) current wafer capacity (SEMI WFF),,晶圆产能,SEMI WFF 工厂级晶圆产能观测。,current,50,8,美洲,/Users/simon/Documents/Simon-OB/本体论/base/半导体/SEMI_WFF_2026_1Q.xlsx,University of Notre Dame,Other,facility_capacity,,,University of Notre Dame - NDNF (Notre Dame Nanofab Facility),3503,Company Detail,file:///Users/simon/Documents/Simon-OB/%E6%9C%AC%E4%BD%93%E8%AE%BA/base/%E5%8D%8A%E5%AF%BC%E4%BD%93/SEMI_WFF_2026_1Q.xlsx
University of Nottingham - Clean Room current wafer capacity (SEMI WFF),,晶圆产能,SEMI WFF 工厂级晶圆产能观测。,current,300,2,Europe & Mideast,/Users/simon/Documents/Simon-OB/本体论/base/半导体/SEMI_WFF_2026_1Q.xlsx,University of Nottingham,Other,facility_capacity,,,University of Nottingham - Clean Room,1170,Company Detail,file:///Users/simon/Documents/Simon-OB/%E6%9C%AC%E4%BD%93%E8%AE%BA/base/%E5%8D%8A%E5%AF%BC%E4%BD%93/SEMI_WFF_2026_1Q.xlsx
University of Princeton - Micro/Nano Fabrication Laboratory current wafer capacity (SEMI WFF),,晶圆产能,SEMI WFF 工厂级晶圆产能观测。,current,500,4,美洲,/Users/simon/Documents/Simon-OB/本体论/base/半导体/SEMI_WFF_2026_1Q.xlsx,University of Princeton,Other,facility_capacity,,,University of Princeton - Micro/Nano Fabrication Laboratory,1970,Company Detail,file:///Users/simon/Documents/Simon-OB/%E6%9C%AC%E4%BD%93%E8%AE%BA/base/%E5%8D%8A%E5%AF%BC%E4%BD%93/SEMI_WFF_2026_1Q.xlsx
University of Texas at Dallas - Cleanroom Research Laboratory current wafer capacity (SEMI WFF),,晶圆产能,SEMI WFF 工厂级晶圆产能观测。,current,50,6,美洲,/Users/simon/Documents/Simon-OB/本体论/base/半导体/SEMI_WFF_2026_1Q.xlsx,University of Texas at Dallas,Other,facility_capacity,,,University of Texas at Dallas - Cleanroom Research Laboratory,3504,Company Detail,file:///Users/simon/Documents/Simon-OB/%E6%9C%AC%E4%BD%93%E8%AE%BA/base/%E5%8D%8A%E5%AF%BC%E4%BD%93/SEMI_WFF_2026_1Q.xlsx
University of Tokyo - NANOBIC current wafer capacity (SEMI WFF),,晶圆产能,SEMI WFF 工厂级晶圆产能观测。,current,250,8,日本,/Users/simon/Documents/Simon-OB/本体论/base/半导体/SEMI_WFF_2026_1Q.xlsx,University of Tokyo,MEMS,facility_capacity,,,University of Tokyo - NANOBIC,3891,Company Detail,file:///Users/simon/Documents/Simon-OB/%E6%9C%AC%E4%BD%93%E8%AE%BA/base/%E5%8D%8A%E5%AF%BC%E4%BD%93/SEMI_WFF_2026_1Q.xlsx
University of Trondheim - NTNU NanoLab current wafer capacity (SEMI WFF),,晶圆产能,SEMI WFF 工厂级晶圆产能观测。,current,400,3,Europe & Mideast,/Users/simon/Documents/Simon-OB/本体论/base/半导体/SEMI_WFF_2026_1Q.xlsx,University of Trondheim,Other,facility_capacity,,,University of Trondheim - NTNU NanoLab,1173,Company Detail,file:///Users/simon/Documents/Simon-OB/%E6%9C%AC%E4%BD%93%E8%AE%BA/base/%E5%8D%8A%E5%AF%BC%E4%BD%93/SEMI_WFF_2026_1Q.xlsx
University of Wisconsin - ECE Dept current wafer capacity (SEMI WFF),,晶圆产能,SEMI WFF 工厂级晶圆产能观测。,current,100,5,美洲,/Users/simon/Documents/Simon-OB/本体论/base/半导体/SEMI_WFF_2026_1Q.xlsx,University of Wisconsin,Other,facility_capacity,,,University of Wisconsin - ECE Dept,1176,Company Detail,file:///Users/simon/Documents/Simon-OB/%E6%9C%AC%E4%BD%93%E8%AE%BA/base/%E5%8D%8A%E5%AF%BC%E4%BD%93/SEMI_WFF_2026_1Q.xlsx
UTC Aerospace Systems - Goodrich Aerospace current wafer capacity (SEMI WFF),,晶圆产能,SEMI WFF 工厂级晶圆产能观测。,current,1000,4,美洲,/Users/simon/Documents/Simon-OB/本体论/base/半导体/SEMI_WFF_2026_1Q.xlsx,UTC Aerospace Systems,MEMS,facility_capacity,,,UTC Aerospace Systems - Goodrich Aerospace,2285,Company Detail,file:///Users/simon/Documents/Simon-OB/%E6%9C%AC%E4%BD%93%E8%AE%BA/base/%E5%8D%8A%E5%AF%BC%E4%BD%93/SEMI_WFF_2026_1Q.xlsx
UTC Aerospace Systems - Goodrich Opto Princeton current wafer capacity (SEMI WFF),,晶圆产能,SEMI WFF 工厂级晶圆产能观测。,current,150,4,美洲,/Users/simon/Documents/Simon-OB/本体论/base/半导体/SEMI_WFF_2026_1Q.xlsx,UTC Aerospace Systems,Opto,facility_capacity,,,UTC Aerospace Systems - Goodrich Opto Princeton,2215,Company Detail,file:///Users/simon/Documents/Simon-OB/%E6%9C%AC%E4%BD%93%E8%AE%BA/base/%E5%8D%8A%E5%AF%BC%E4%BD%93/SEMI_WFF_2026_1Q.xlsx
"UV Craftory Co., Ltd - Meijo University Lab current wafer capacity (SEMI WFF)",,晶圆产能,SEMI WFF 工厂级晶圆产能观测。,current,2000,2,日本,/Users/simon/Documents/Simon-OB/本体论/base/半导体/SEMI_WFF_2026_1Q.xlsx,"UV Craftory Co., Ltd",Opto,facility_capacity,,,"UV Craftory Co., Ltd - Meijo University Lab",3621,Company Detail,file:///Users/simon/Documents/Simon-OB/%E6%9C%AC%E4%BD%93%E8%AE%BA/base/%E5%8D%8A%E5%AF%BC%E4%BD%93/SEMI_WFF_2026_1Q.xlsx
Vanguard International Semiconductor (VIS) - Fab 3 (was Sumpro) current wafer capacity (SEMI WFF),,晶圆产能,SEMI WFF 工厂级晶圆产能观测。,current,65000,8,中国台湾,/Users/simon/Documents/Simon-OB/本体论/base/半导体/SEMI_WFF_2026_1Q.xlsx,Vanguard International Semiconductor (VIS),Analog,facility_capacity,,,Vanguard International Semiconductor (VIS) - Fab 3 (was Sumpro),653,Company Detail,file:///Users/simon/Documents/Simon-OB/%E6%9C%AC%E4%BD%93%E8%AE%BA/base/%E5%8D%8A%E5%AF%BC%E4%BD%93/SEMI_WFF_2026_1Q.xlsx
Vanguard International Semiconductor (VIS) - Fab VS1 (was GF Fab 3E) current wafer capacity (SEMI WFF),,晶圆产能,SEMI WFF 工厂级晶圆产能观测。,current,40000,8,SE Asia,/Users/simon/Documents/Simon-OB/本体论/base/半导体/SEMI_WFF_2026_1Q.xlsx,Vanguard International Semiconductor (VIS),MEMS,facility_capacity,,,Vanguard International Semiconductor (VIS) - Fab VS1 (was GF Fab 3E),1377,Company Detail,file:///Users/simon/Documents/Simon-OB/%E6%9C%AC%E4%BD%93%E8%AE%BA/base/%E5%8D%8A%E5%AF%BC%E4%BD%93/SEMI_WFF_2026_1Q.xlsx
Vanguard International Semiconductor (VIS) - VSMC (VIS & NXP JV) current wafer capacity (SEMI WFF),,晶圆产能,SEMI WFF 工厂级晶圆产能观测。,current,55000,12,SE Asia,/Users/simon/Documents/Simon-OB/本体论/base/半导体/SEMI_WFF_2026_1Q.xlsx,Vanguard International Semiconductor (VIS),Analog,facility_capacity,,,Vanguard International Semiconductor (VIS) - VSMC (VIS & NXP JV),1731,Company Detail,file:///Users/simon/Documents/Simon-OB/%E6%9C%AC%E4%BD%93%E8%AE%BA/base/%E5%8D%8A%E5%AF%BC%E4%BD%93/SEMI_WFF_2026_1Q.xlsx
Vanguard International Semiconductor (VIS) - Fab 1 current wafer capacity (SEMI WFF),,晶圆产能,SEMI WFF 工厂级晶圆产能观测。,current,90000,8,中国台湾,/Users/simon/Documents/Simon-OB/本体论/base/半导体/SEMI_WFF_2026_1Q.xlsx,Vanguard International Semiconductor (VIS),Discrete,facility_capacity,,,Vanguard International Semiconductor (VIS) - Fab 1,1185,Company Detail,file:///Users/simon/Documents/Simon-OB/%E6%9C%AC%E4%BD%93%E8%AE%BA/base/%E5%8D%8A%E5%AF%BC%E4%BD%93/SEMI_WFF_2026_1Q.xlsx
Vanguard International Semiconductor (VIS) - Fab 2 current wafer capacity (SEMI WFF),,晶圆产能,SEMI WFF 工厂级晶圆产能观测。,current,84500,8,中国台湾,/Users/simon/Documents/Simon-OB/本体论/base/半导体/SEMI_WFF_2026_1Q.xlsx,Vanguard International Semiconductor (VIS),Discrete,facility_capacity,,,Vanguard International Semiconductor (VIS) - Fab 2,1504,Company Detail,file:///Users/simon/Documents/Simon-OB/%E6%9C%AC%E4%BD%93%E8%AE%BA/base/%E5%8D%8A%E5%AF%BC%E4%BD%93/SEMI_WFF_2026_1Q.xlsx
Vanguard International Semiconductor (VIS) - Fab 5 current wafer capacity (SEMI WFF),,晶圆产能,SEMI WFF 工厂级晶圆产能观测。,current,40000,8,中国台湾,/Users/simon/Documents/Simon-OB/本体论/base/半导体/SEMI_WFF_2026_1Q.xlsx,Vanguard International Semiconductor (VIS),Analog,facility_capacity,,,Vanguard International Semiconductor (VIS) - Fab 5,6224,Company Detail,file:///Users/simon/Documents/Simon-OB/%E6%9C%AC%E4%BD%93%E8%AE%BA/base/%E5%8D%8A%E5%AF%BC%E4%BD%93/SEMI_WFF_2026_1Q.xlsx
Vanguard International Semiconductor (VIS) - Fab 2 SiC Line current wafer capacity (SEMI WFF),,晶圆产能,SEMI WFF 工厂级晶圆产能观测。,current,3000,8,中国台湾,/Users/simon/Documents/Simon-OB/本体论/base/半导体/SEMI_WFF_2026_1Q.xlsx,Vanguard International Semiconductor (VIS),Discrete,facility_capacity,,,Vanguard International Semiconductor (VIS) - Fab 2 SiC Line,6614,Company Detail,file:///Users/simon/Documents/Simon-OB/%E6%9C%AC%E4%BD%93%E8%AE%BA/base/%E5%8D%8A%E5%AF%BC%E4%BD%93/SEMI_WFF_2026_1Q.xlsx
Vedanta - Dholera Wafer Fab current wafer capacity (SEMI WFF),,晶圆产能,SEMI WFF 工厂级晶圆产能观测。,current,40000,12,SE Asia,/Users/simon/Documents/Simon-OB/本体论/base/半导体/SEMI_WFF_2026_1Q.xlsx,Vedanta,Logic&Micro,facility_capacity,,,Vedanta - Dholera Wafer Fab,6453,Company Detail,file:///Users/simon/Documents/Simon-OB/%E6%9C%AC%E4%BD%93%E8%AE%BA/base/%E5%8D%8A%E5%AF%BC%E4%BD%93/SEMI_WFF_2026_1Q.xlsx
"Vishay Intertechnology - 300mm MOSFET Fab (phase 1,2 ,3) current wafer capacity (SEMI WFF)",,晶圆产能,SEMI WFF 工厂级晶圆产能观测。,current,24000,12,Europe & Mideast,/Users/simon/Documents/Simon-OB/本体论/base/半导体/SEMI_WFF_2026_1Q.xlsx,Vishay Intertechnology,Discrete,facility_capacity,,,"Vishay Intertechnology - 300mm MOSFET Fab (phase 1,2 ,3)",6287,Company Detail,file:///Users/simon/Documents/Simon-OB/%E6%9C%AC%E4%BD%93%E8%AE%BA/base/%E5%8D%8A%E5%AF%BC%E4%BD%93/SEMI_WFF_2026_1Q.xlsx
"Vishay Intertechnology - Newport (was Nexperia, Wingtech, was Nexperia, was Newport Wafer Fab, was Infineon, was IRF) current wafer capacity (SEMI WFF)",,晶圆产能,SEMI WFF 工厂级晶圆产能观测。,current,60000,8,Europe & Mideast,/Users/simon/Documents/Simon-OB/本体论/base/半导体/SEMI_WFF_2026_1Q.xlsx,Vishay Intertechnology,Discrete,facility_capacity,,,"Vishay Intertechnology - Newport (was Nexperia, Wingtech, was Nexperia, was Newport Wafer Fab, was Infineon, was IRF)",1380,Company Detail,file:///Users/simon/Documents/Simon-OB/%E6%9C%AC%E4%BD%93%E8%AE%BA/base/%E5%8D%8A%E5%AF%BC%E4%BD%93/SEMI_WFF_2026_1Q.xlsx
Vishay Intertechnology - US Fab 3 (Vishay) current wafer capacity (SEMI WFF),,晶圆产能,SEMI WFF 工厂级晶圆产能观测。,current,24500,6,美洲,/Users/simon/Documents/Simon-OB/本体论/base/半导体/SEMI_WFF_2026_1Q.xlsx,Vishay Intertechnology,Discrete,facility_capacity,,,Vishay Intertechnology - US Fab 3 (Vishay),988,Company Detail,file:///Users/simon/Documents/Simon-OB/%E6%9C%AC%E4%BD%93%E8%AE%BA/base/%E5%8D%8A%E5%AF%BC%E4%BD%93/SEMI_WFF_2026_1Q.xlsx
Vishay Intertechnology - US Fab 2 (Vishay) current wafer capacity (SEMI WFF),,晶圆产能,SEMI WFF 工厂级晶圆产能观测。,current,8000,4,美洲,/Users/simon/Documents/Simon-OB/本体论/base/半导体/SEMI_WFF_2026_1Q.xlsx,Vishay Intertechnology,Discrete,facility_capacity,,,Vishay Intertechnology - US Fab 2 (Vishay),989,Company Detail,file:///Users/simon/Documents/Simon-OB/%E6%9C%AC%E4%BD%93%E8%AE%BA/base/%E5%8D%8A%E5%AF%BC%E4%BD%93/SEMI_WFF_2026_1Q.xlsx
Vishay Intertechnology - Austria (Vishay) current wafer capacity (SEMI WFF),,晶圆产能,SEMI WFF 工厂级晶圆产能观测。,current,25000,4,Europe & Mideast,/Users/simon/Documents/Simon-OB/本体论/base/半导体/SEMI_WFF_2026_1Q.xlsx,Vishay Intertechnology,Discrete,facility_capacity,,,Vishay Intertechnology - Austria (Vishay),1523,Company Detail,file:///Users/simon/Documents/Simon-OB/%E6%9C%AC%E4%BD%93%E8%AE%BA/base/%E5%8D%8A%E5%AF%BC%E4%BD%93/SEMI_WFF_2026_1Q.xlsx
Vishay Intertechnology - Italy Fab 8 (Vishay) current wafer capacity (SEMI WFF),,晶圆产能,SEMI WFF 工厂级晶圆产能观测。,current,15000,5,Europe & Mideast,/Users/simon/Documents/Simon-OB/本体论/base/半导体/SEMI_WFF_2026_1Q.xlsx,Vishay Intertechnology,Discrete,facility_capacity,,,Vishay Intertechnology - Italy Fab 8 (Vishay),417,Company Detail,file:///Users/simon/Documents/Simon-OB/%E6%9C%AC%E4%BD%93%E8%AE%BA/base/%E5%8D%8A%E5%AF%BC%E4%BD%93/SEMI_WFF_2026_1Q.xlsx
Vishay Intertechnology - Taiwan (Vishay) current wafer capacity (SEMI WFF),,晶圆产能,SEMI WFF 工厂级晶圆产能观测。,current,12000,3,中国台湾,/Users/simon/Documents/Simon-OB/本体论/base/半导体/SEMI_WFF_2026_1Q.xlsx,Vishay Intertechnology,Discrete,facility_capacity,,,Vishay Intertechnology - Taiwan (Vishay),220,Company Detail,file:///Users/simon/Documents/Simon-OB/%E6%9C%AC%E4%BD%93%E8%AE%BA/base/%E5%8D%8A%E5%AF%BC%E4%BD%93/SEMI_WFF_2026_1Q.xlsx
Vishay Intertechnology - Israel (Vishay) current wafer capacity (SEMI WFF),,晶圆产能,SEMI WFF 工厂级晶圆产能观测。,current,400,3,Europe & Mideast,/Users/simon/Documents/Simon-OB/本体论/base/半导体/SEMI_WFF_2026_1Q.xlsx,Vishay Intertechnology,Opto,facility_capacity,,,Vishay Intertechnology - Israel (Vishay),2180,Company Detail,file:///Users/simon/Documents/Simon-OB/%E6%9C%AC%E4%BD%93%E8%AE%BA/base/%E5%8D%8A%E5%AF%BC%E4%BD%93/SEMI_WFF_2026_1Q.xlsx
"Visual Photonics Epitaxy Co., Ltd. - Pingzhen fab 2 current wafer capacity (SEMI WFF)",,晶圆产能,SEMI WFF 工厂级晶圆产能观测。,current,16000,6,中国台湾,/Users/simon/Documents/Simon-OB/本体论/base/半导体/SEMI_WFF_2026_1Q.xlsx,"Visual Photonics Epitaxy Co., Ltd.",EPI,facility_capacity,,,"Visual Photonics Epitaxy Co., Ltd. - Pingzhen fab 2",4994,Company Detail,file:///Users/simon/Documents/Simon-OB/%E6%9C%AC%E4%BD%93%E8%AE%BA/base/%E5%8D%8A%E5%AF%BC%E4%BD%93/SEMI_WFF_2026_1Q.xlsx
"Visual Photonics Epitaxy Co., Ltd. - Pingzhen fab 1 current wafer capacity (SEMI WFF)",,晶圆产能,SEMI WFF 工厂级晶圆产能观测。,current,30000,6,中国台湾,/Users/simon/Documents/Simon-OB/本体论/base/半导体/SEMI_WFF_2026_1Q.xlsx,"Visual Photonics Epitaxy Co., Ltd.",EPI,facility_capacity,,,"Visual Photonics Epitaxy Co., Ltd. - Pingzhen fab 1",3591,Company Detail,file:///Users/simon/Documents/Simon-OB/%E6%9C%AC%E4%BD%93%E8%AE%BA/base/%E5%8D%8A%E5%AF%BC%E4%BD%93/SEMI_WFF_2026_1Q.xlsx
VTT - S/C Lab current wafer capacity (SEMI WFF),,晶圆产能,SEMI WFF 工厂级晶圆产能观测。,current,2000,4,Europe & Mideast,/Users/simon/Documents/Simon-OB/本体论/base/半导体/SEMI_WFF_2026_1Q.xlsx,VTT,MEMS,facility_capacity,,,VTT - S/C Lab,1266,Company Detail,file:///Users/simon/Documents/Simon-OB/%E6%9C%AC%E4%BD%93%E8%AE%BA/base/%E5%8D%8A%E5%AF%BC%E4%BD%93/SEMI_WFF_2026_1Q.xlsx
VZPP Mikron (former Electronica) - N/A current wafer capacity (SEMI WFF),,晶圆产能,SEMI WFF 工厂级晶圆产能观测。,current,40000,6,Europe & Mideast,/Users/simon/Documents/Simon-OB/本体论/base/半导体/SEMI_WFF_2026_1Q.xlsx,VZPP Mikron (former Electronica),Discrete,facility_capacity,,,VZPP Mikron (former Electronica) - N/A,1323,Company Detail,file:///Users/simon/Documents/Simon-OB/%E6%9C%AC%E4%BD%93%E8%AE%BA/base/%E5%8D%8A%E5%AF%BC%E4%BD%93/SEMI_WFF_2026_1Q.xlsx
Walsin Lihwa - Yang Mei Plant current wafer capacity (SEMI WFF),,晶圆产能,SEMI WFF 工厂级晶圆产能观测。,current,5000,2,中国台湾,/Users/simon/Documents/Simon-OB/本体论/base/半导体/SEMI_WFF_2026_1Q.xlsx,Walsin Lihwa,Opto,facility_capacity,,,Walsin Lihwa - Yang Mei Plant,3238,Company Detail,file:///Users/simon/Documents/Simon-OB/%E6%9C%AC%E4%BD%93%E8%AE%BA/base/%E5%8D%8A%E5%AF%BC%E4%BD%93/SEMI_WFF_2026_1Q.xlsx
WeEn Semiconductors - Jilin 5-inch fab (was NXP) current wafer capacity (SEMI WFF),,晶圆产能,SEMI WFF 工厂级晶圆产能观测。,current,45000,5,中国,/Users/simon/Documents/Simon-OB/本体论/base/半导体/SEMI_WFF_2026_1Q.xlsx,WeEn Semiconductors,Discrete,facility_capacity,,,WeEn Semiconductors - Jilin 5-inch fab (was NXP),1992,Company Detail,file:///Users/simon/Documents/Simon-OB/%E6%9C%AC%E4%BD%93%E8%AE%BA/base/%E5%8D%8A%E5%AF%BC%E4%BD%93/SEMI_WFF_2026_1Q.xlsx
Western Digital - Fremont current wafer capacity (SEMI WFF),,晶圆产能,SEMI WFF 工厂级晶圆产能观测。,current,30000,8,美洲,/Users/simon/Documents/Simon-OB/本体论/base/半导体/SEMI_WFF_2026_1Q.xlsx,Western Digital,MEMS,facility_capacity,,,Western Digital - Fremont,3411,Company Detail,file:///Users/simon/Documents/Simon-OB/%E6%9C%AC%E4%BD%93%E8%AE%BA/base/%E5%8D%8A%E5%AF%BC%E4%BD%93/SEMI_WFF_2026_1Q.xlsx
Western Digital - San Jose current wafer capacity (SEMI WFF),,晶圆产能,SEMI WFF 工厂级晶圆产能观测。,current,20000,6,美洲,/Users/simon/Documents/Simon-OB/本体论/base/半导体/SEMI_WFF_2026_1Q.xlsx,Western Digital,MEMS,facility_capacity,,,Western Digital - San Jose,4940,Company Detail,file:///Users/simon/Documents/Simon-OB/%E6%9C%AC%E4%BD%93%E8%AE%BA/base/%E5%8D%8A%E5%AF%BC%E4%BD%93/SEMI_WFF_2026_1Q.xlsx
Win Semiconductor Corp. - Fab C current wafer capacity (SEMI WFF),,晶圆产能,SEMI WFF 工厂级晶圆产能观测。,current,26000,6,中国台湾,/Users/simon/Documents/Simon-OB/本体论/base/半导体/SEMI_WFF_2026_1Q.xlsx,Win Semiconductor Corp.,Opto,facility_capacity,,,Win Semiconductor Corp. - Fab C,3791,Company Detail,file:///Users/simon/Documents/Simon-OB/%E6%9C%AC%E4%BD%93%E8%AE%BA/base/%E5%8D%8A%E5%AF%BC%E4%BD%93/SEMI_WFF_2026_1Q.xlsx
Win Semiconductor Corp. - Fab B current wafer capacity (SEMI WFF),,晶圆产能,SEMI WFF 工厂级晶圆产能观测。,current,14000,6,中国台湾,/Users/simon/Documents/Simon-OB/本体论/base/半导体/SEMI_WFF_2026_1Q.xlsx,Win Semiconductor Corp.,Opto,facility_capacity,,,Win Semiconductor Corp. - Fab B,3189,Company Detail,file:///Users/simon/Documents/Simon-OB/%E6%9C%AC%E4%BD%93%E8%AE%BA/base/%E5%8D%8A%E5%AF%BC%E4%BD%93/SEMI_WFF_2026_1Q.xlsx
Win Semiconductor Corp. - Fab A current wafer capacity (SEMI WFF),,晶圆产能,SEMI WFF 工厂级晶圆产能观测。,current,10000,6,中国台湾,/Users/simon/Documents/Simon-OB/本体论/base/半导体/SEMI_WFF_2026_1Q.xlsx,Win Semiconductor Corp.,Opto,facility_capacity,,,Win Semiconductor Corp. - Fab A,1819,Company Detail,file:///Users/simon/Documents/Simon-OB/%E6%9C%AC%E4%BD%93%E8%AE%BA/base/%E5%8D%8A%E5%AF%BC%E4%BD%93/SEMI_WFF_2026_1Q.xlsx
Winbond Electronic Corporation - Fab 6 (Module 1) current wafer capacity (SEMI WFF),,晶圆产能,SEMI WFF 工厂级晶圆产能观测。,current,25000,12,中国台湾,/Users/simon/Documents/Simon-OB/本体论/base/半导体/SEMI_WFF_2026_1Q.xlsx,Winbond Electronic Corporation,Memory,facility_capacity,,,Winbond Electronic Corporation - Fab 6 (Module 1),1577,Company Detail,file:///Users/simon/Documents/Simon-OB/%E6%9C%AC%E4%BD%93%E8%AE%BA/base/%E5%8D%8A%E5%AF%BC%E4%BD%93/SEMI_WFF_2026_1Q.xlsx
Winbond Electronic Corporation - Fab 6 (Module 2) current wafer capacity (SEMI WFF),,晶圆产能,SEMI WFF 工厂级晶圆产能观测。,current,24000,12,中国台湾,/Users/simon/Documents/Simon-OB/本体论/base/半导体/SEMI_WFF_2026_1Q.xlsx,Winbond Electronic Corporation,Memory,facility_capacity,,,Winbond Electronic Corporation - Fab 6 (Module 2),2085,Company Detail,file:///Users/simon/Documents/Simon-OB/%E6%9C%AC%E4%BD%93%E8%AE%BA/base/%E5%8D%8A%E5%AF%BC%E4%BD%93/SEMI_WFF_2026_1Q.xlsx
Winbond Electronic Corporation - Fab C current wafer capacity (SEMI WFF),,晶圆产能,SEMI WFF 工厂级晶圆产能观测。,current,14000,12,中国台湾,/Users/simon/Documents/Simon-OB/本体论/base/半导体/SEMI_WFF_2026_1Q.xlsx,Winbond Electronic Corporation,Memory,facility_capacity,,,Winbond Electronic Corporation - Fab C,3819,Company Detail,file:///Users/simon/Documents/Simon-OB/%E6%9C%AC%E4%BD%93%E8%AE%BA/base/%E5%8D%8A%E5%AF%BC%E4%BD%93/SEMI_WFF_2026_1Q.xlsx
Winbond Electronic Corporation - Lujhu fab (Phase 1) current wafer capacity (SEMI WFF),,晶圆产能,SEMI WFF 工厂级晶圆产能观测。,current,25000,12,中国台湾,/Users/simon/Documents/Simon-OB/本体论/base/半导体/SEMI_WFF_2026_1Q.xlsx,Winbond Electronic Corporation,Memory,facility_capacity,,,Winbond Electronic Corporation - Lujhu fab (Phase 1),4950,Company Detail,file:///Users/simon/Documents/Simon-OB/%E6%9C%AC%E4%BD%93%E8%AE%BA/base/%E5%8D%8A%E5%AF%BC%E4%BD%93/SEMI_WFF_2026_1Q.xlsx
Winbond Electronic Corporation - Lujhu fab (Phase 2) current wafer capacity (SEMI WFF),,晶圆产能,SEMI WFF 工厂级晶圆产能观测。,current,25000,12,中国台湾,/Users/simon/Documents/Simon-OB/本体论/base/半导体/SEMI_WFF_2026_1Q.xlsx,Winbond Electronic Corporation,Memory,facility_capacity,,,Winbond Electronic Corporation - Lujhu fab (Phase 2),5056,Company Detail,file:///Users/simon/Documents/Simon-OB/%E6%9C%AC%E4%BD%93%E8%AE%BA/base/%E5%8D%8A%E5%AF%BC%E4%BD%93/SEMI_WFF_2026_1Q.xlsx
Winbond Electronic Corporation - Lujhu fab (Phase 3) current wafer capacity (SEMI WFF),,晶圆产能,SEMI WFF 工厂级晶圆产能观测。,current,25000,12,中国台湾,/Users/simon/Documents/Simon-OB/本体论/base/半导体/SEMI_WFF_2026_1Q.xlsx,Winbond Electronic Corporation,Memory,facility_capacity,,,Winbond Electronic Corporation - Lujhu fab (Phase 3),5057,Company Detail,file:///Users/simon/Documents/Simon-OB/%E6%9C%AC%E4%BD%93%E8%AE%BA/base/%E5%8D%8A%E5%AF%BC%E4%BD%93/SEMI_WFF_2026_1Q.xlsx
Wingtech - Shanghai fab current wafer capacity (SEMI WFF),,晶圆产能,SEMI WFF 工厂级晶圆产能观测。,current,100000,12,中国,/Users/simon/Documents/Simon-OB/本体论/base/半导体/SEMI_WFF_2026_1Q.xlsx,Wingtech,Analog,facility_capacity,,,Wingtech - Shanghai fab,6166,Company Detail,file:///Users/simon/Documents/Simon-OB/%E6%9C%AC%E4%BD%93%E8%AE%BA/base/%E5%8D%8A%E5%AF%BC%E4%BD%93/SEMI_WFF_2026_1Q.xlsx
Wisol - Osan fab current wafer capacity (SEMI WFF),,晶圆产能,SEMI WFF 工厂级晶圆产能观测。,current,30000,6,韩国,/Users/simon/Documents/Simon-OB/本体论/base/半导体/SEMI_WFF_2026_1Q.xlsx,Wisol,MEMS,facility_capacity,,,Wisol - Osan fab,3852,Company Detail,file:///Users/simon/Documents/Simon-OB/%E6%9C%AC%E4%BD%93%E8%AE%BA/base/%E5%8D%8A%E5%AF%BC%E4%BD%93/SEMI_WFF_2026_1Q.xlsx
Wolfspeed - Mega Fab for SiC and EPI (Buildings 1/5/8) current wafer capacity (SEMI WFF),,晶圆产能,SEMI WFF 工厂级晶圆产能观测。,current,50000,6,美洲,/Users/simon/Documents/Simon-OB/本体论/base/半导体/SEMI_WFF_2026_1Q.xlsx,Wolfspeed,EPI,facility_capacity,,,Wolfspeed - Mega Fab for SiC and EPI (Buildings 1/5/8),5103,Company Detail,file:///Users/simon/Documents/Simon-OB/%E6%9C%AC%E4%BD%93%E8%AE%BA/base/%E5%8D%8A%E5%AF%BC%E4%BD%93/SEMI_WFF_2026_1Q.xlsx
Wolfspeed - RTP Fab (150mm line) current wafer capacity (SEMI WFF),,晶圆产能,SEMI WFF 工厂级晶圆产能观测。,current,2300,6,美洲,/Users/simon/Documents/Simon-OB/本体论/base/半导体/SEMI_WFF_2026_1Q.xlsx,Wolfspeed,Discrete,facility_capacity,,,Wolfspeed - RTP Fab (150mm line),3293,Company Detail,file:///Users/simon/Documents/Simon-OB/%E6%9C%AC%E4%BD%93%E8%AE%BA/base/%E5%8D%8A%E5%AF%BC%E4%BD%93/SEMI_WFF_2026_1Q.xlsx
Wolfspeed - Huizhou fab current wafer capacity (SEMI WFF),,晶圆产能,SEMI WFF 工厂级晶圆产能观测。,current,25000,6,中国,/Users/simon/Documents/Simon-OB/本体论/base/半导体/SEMI_WFF_2026_1Q.xlsx,Wolfspeed,Opto,facility_capacity,,,Wolfspeed - Huizhou fab,3192,Company Detail,file:///Users/simon/Documents/Simon-OB/%E6%9C%AC%E4%BD%93%E8%AE%BA/base/%E5%8D%8A%E5%AF%BC%E4%BD%93/SEMI_WFF_2026_1Q.xlsx
Wolfspeed - Fab 1 (Intrinsic) current wafer capacity (SEMI WFF),,晶圆产能,SEMI WFF 工厂级晶圆产能观测。,current,2000,4,美洲,/Users/simon/Documents/Simon-OB/本体论/base/半导体/SEMI_WFF_2026_1Q.xlsx,Wolfspeed,EPI,facility_capacity,,,Wolfspeed - Fab 1 (Intrinsic),2235,Company Detail,file:///Users/simon/Documents/Simon-OB/%E6%9C%AC%E4%BD%93%E8%AE%BA/base/%E5%8D%8A%E5%AF%BC%E4%BD%93/SEMI_WFF_2026_1Q.xlsx
"Wolfspeed - MVF Fab (was Mohawk Valley Fab, was SiC Fab or Utica Fab) current wafer capacity (SEMI WFF)",,晶圆产能,SEMI WFF 工厂级晶圆产能观测。,current,65000,8,美洲,/Users/simon/Documents/Simon-OB/本体论/base/半导体/SEMI_WFF_2026_1Q.xlsx,Wolfspeed,Discrete,facility_capacity,,,"Wolfspeed - MVF Fab (was Mohawk Valley Fab, was SiC Fab or Utica Fab)",6130,Company Detail,file:///Users/simon/Documents/Simon-OB/%E6%9C%AC%E4%BD%93%E8%AE%BA/base/%E5%8D%8A%E5%AF%BC%E4%BD%93/SEMI_WFF_2026_1Q.xlsx
Wolfspeed - Device Manufacturing current wafer capacity (SEMI WFF),,晶圆产能,SEMI WFF 工厂级晶圆产能观测。,current,35000,6,美洲,/Users/simon/Documents/Simon-OB/本体论/base/半导体/SEMI_WFF_2026_1Q.xlsx,Wolfspeed,Discrete,facility_capacity,,,Wolfspeed - Device Manufacturing,2012,Company Detail,file:///Users/simon/Documents/Simon-OB/%E6%9C%AC%E4%BD%93%E8%AE%BA/base/%E5%8D%8A%E5%AF%BC%E4%BD%93/SEMI_WFF_2026_1Q.xlsx
Wolfspeed - Mega Fab Phase 1 for SiC 200mm (John Palmour Manufacturing Center) current wafer capacity (SEMI WFF),,晶圆产能,SEMI WFF 工厂级晶圆产能观测。,current,100000,8,美洲,/Users/simon/Documents/Simon-OB/本体论/base/半导体/SEMI_WFF_2026_1Q.xlsx,Wolfspeed,EPI,facility_capacity,,,Wolfspeed - Mega Fab Phase 1 for SiC 200mm (John Palmour Manufacturing Center),6446,Company Detail,file:///Users/simon/Documents/Simon-OB/%E6%9C%AC%E4%BD%93%E8%AE%BA/base/%E5%8D%8A%E5%AF%BC%E4%BD%93/SEMI_WFF_2026_1Q.xlsx
Wolfspeed - Mega Fab Phase 2 for SiC 200mm (John Palmour Manufacturing Center) current wafer capacity (SEMI WFF),,晶圆产能,SEMI WFF 工厂级晶圆产能观测。,current,100000,8,美洲,/Users/simon/Documents/Simon-OB/本体论/base/半导体/SEMI_WFF_2026_1Q.xlsx,Wolfspeed,EPI,facility_capacity,,,Wolfspeed - Mega Fab Phase 2 for SiC 200mm (John Palmour Manufacturing Center),6478,Company Detail,file:///Users/simon/Documents/Simon-OB/%E6%9C%AC%E4%BD%93%E8%AE%BA/base/%E5%8D%8A%E5%AF%BC%E4%BD%93/SEMI_WFF_2026_1Q.xlsx
Wolfspeed - Mega Fab Phase 3 for SiC 200mm (John Palmour Manufacturing Center) current wafer capacity (SEMI WFF),,晶圆产能,SEMI WFF 工厂级晶圆产能观测。,current,100000,8,美洲,/Users/simon/Documents/Simon-OB/本体论/base/半导体/SEMI_WFF_2026_1Q.xlsx,Wolfspeed,EPI,facility_capacity,,,Wolfspeed - Mega Fab Phase 3 for SiC 200mm (John Palmour Manufacturing Center),6480,Company Detail,file:///Users/simon/Documents/Simon-OB/%E6%9C%AC%E4%BD%93%E8%AE%BA/base/%E5%8D%8A%E5%AF%BC%E4%BD%93/SEMI_WFF_2026_1Q.xlsx
Wolfspeed - Building 10 (SiC Materials Fab) current wafer capacity (SEMI WFF),,晶圆产能,SEMI WFF 工厂级晶圆产能观测。,current,40000,8,美洲,/Users/simon/Documents/Simon-OB/本体论/base/半导体/SEMI_WFF_2026_1Q.xlsx,Wolfspeed,EPI,facility_capacity,,,Wolfspeed - Building 10 (SiC Materials Fab),6593,Company Detail,file:///Users/simon/Documents/Simon-OB/%E6%9C%AC%E4%BD%93%E8%AE%BA/base/%E5%8D%8A%E5%AF%BC%E4%BD%93/SEMI_WFF_2026_1Q.xlsx
Wuhan Chuxing Technology - Fab 2 current wafer capacity (SEMI WFF),,晶圆产能,SEMI WFF 工厂级晶圆产能观测。,current,50000,12,中国,/Users/simon/Documents/Simon-OB/本体论/base/半导体/SEMI_WFF_2026_1Q.xlsx,Wuhan Chuxing Technology,Opto,facility_capacity,,,Wuhan Chuxing Technology - Fab 2,6511,Company Detail,file:///Users/simon/Documents/Simon-OB/%E6%9C%AC%E4%BD%93%E8%AE%BA/base/%E5%8D%8A%E5%AF%BC%E4%BD%93/SEMI_WFF_2026_1Q.xlsx
Wuhan Chuxing Technology - Fab 1 current wafer capacity (SEMI WFF),,晶圆产能,SEMI WFF 工厂级晶圆产能观测。,current,50000,12,中国,/Users/simon/Documents/Simon-OB/本体论/base/半导体/SEMI_WFF_2026_1Q.xlsx,Wuhan Chuxing Technology,Opto,facility_capacity,,,Wuhan Chuxing Technology - Fab 1,5044,Company Detail,file:///Users/simon/Documents/Simon-OB/%E6%9C%AC%E4%BD%93%E8%AE%BA/base/%E5%8D%8A%E5%AF%BC%E4%BD%93/SEMI_WFF_2026_1Q.xlsx
Wuxi Bluestar Electronics Corporation - Fab 1 current wafer capacity (SEMI WFF),,晶圆产能,SEMI WFF 工厂级晶圆产能观测。,current,6000,2,中国,/Users/simon/Documents/Simon-OB/本体论/base/半导体/SEMI_WFF_2026_1Q.xlsx,Wuxi Bluestar Electronics Corporation,Opto,facility_capacity,,,Wuxi Bluestar Electronics Corporation - Fab 1,3428,Company Detail,file:///Users/simon/Documents/Simon-OB/%E6%9C%AC%E4%BD%93%E8%AE%BA/base/%E5%8D%8A%E5%AF%BC%E4%BD%93/SEMI_WFF_2026_1Q.xlsx
Wuxi Bluestar Electronics Corporation - JV Fab current wafer capacity (SEMI WFF),,晶圆产能,SEMI WFF 工厂级晶圆产能观测。,current,10000,2,中国,/Users/simon/Documents/Simon-OB/本体论/base/半导体/SEMI_WFF_2026_1Q.xlsx,Wuxi Bluestar Electronics Corporation,Opto,facility_capacity,,,Wuxi Bluestar Electronics Corporation - JV Fab,3436,Company Detail,file:///Users/simon/Documents/Simon-OB/%E6%9C%AC%E4%BD%93%E8%AE%BA/base/%E5%8D%8A%E5%AF%BC%E4%BD%93/SEMI_WFF_2026_1Q.xlsx
Xaar - Huntingdon fab current wafer capacity (SEMI WFF),,晶圆产能,SEMI WFF 工厂级晶圆产能观测。,current,10000,4,Europe & Mideast,/Users/simon/Documents/Simon-OB/本体论/base/半导体/SEMI_WFF_2026_1Q.xlsx,Xaar,MEMS,facility_capacity,,,Xaar - Huntingdon fab,3861,Company Detail,file:///Users/simon/Documents/Simon-OB/%E6%9C%AC%E4%BD%93%E8%AE%BA/base/%E5%8D%8A%E5%AF%BC%E4%BD%93/SEMI_WFF_2026_1Q.xlsx
X-FAB Silicon Foundries - Lubbock (includes SiC line) current wafer capacity (SEMI WFF),,晶圆产能,SEMI WFF 工厂级晶圆产能观测。,current,27000,6,美洲,/Users/simon/Documents/Simon-OB/本体论/base/半导体/SEMI_WFF_2026_1Q.xlsx,X-FAB Silicon Foundries,Analog,facility_capacity,,,X-FAB Silicon Foundries - Lubbock (includes SiC line),1075,Company Detail,file:///Users/simon/Documents/Simon-OB/%E6%9C%AC%E4%BD%93%E8%AE%BA/base/%E5%8D%8A%E5%AF%BC%E4%BD%93/SEMI_WFF_2026_1Q.xlsx
X-FAB Silicon Foundries - Dresden 200mm (includes GaN) current wafer capacity (SEMI WFF),,晶圆产能,SEMI WFF 工厂级晶圆产能观测。,current,10000,8,Europe & Mideast,/Users/simon/Documents/Simon-OB/本体论/base/半导体/SEMI_WFF_2026_1Q.xlsx,X-FAB Silicon Foundries,Analog,facility_capacity,,,X-FAB Silicon Foundries - Dresden 200mm (includes GaN),6555,Company Detail,file:///Users/simon/Documents/Simon-OB/%E6%9C%AC%E4%BD%93%E8%AE%BA/base/%E5%8D%8A%E5%AF%BC%E4%BD%93/SEMI_WFF_2026_1Q.xlsx
X-FAB Silicon Foundries - Erfurt MEMS 8-inch (Fab 2) current wafer capacity (SEMI WFF),,晶圆产能,SEMI WFF 工厂级晶圆产能观测。,current,6000,8,Europe & Mideast,/Users/simon/Documents/Simon-OB/本体论/base/半导体/SEMI_WFF_2026_1Q.xlsx,X-FAB Silicon Foundries,MEMS,facility_capacity,,,X-FAB Silicon Foundries - Erfurt MEMS 8-inch (Fab 2),3568,Company Detail,file:///Users/simon/Documents/Simon-OB/%E6%9C%AC%E4%BD%93%E8%AE%BA/base/%E5%8D%8A%E5%AF%BC%E4%BD%93/SEMI_WFF_2026_1Q.xlsx
X-FAB Silicon Foundries - Corbeil-Essonnes (was Altis Building 3-2) current wafer capacity (SEMI WFF),,晶圆产能,SEMI WFF 工厂级晶圆产能观测。,current,36000,8,Europe & Mideast,/Users/simon/Documents/Simon-OB/本体论/base/半导体/SEMI_WFF_2026_1Q.xlsx,X-FAB Silicon Foundries,Analog,facility_capacity,,,X-FAB Silicon Foundries - Corbeil-Essonnes (was Altis Building 3-2),1343,Company Detail,file:///Users/simon/Documents/Simon-OB/%E6%9C%AC%E4%BD%93%E8%AE%BA/base/%E5%8D%8A%E5%AF%BC%E4%BD%93/SEMI_WFF_2026_1Q.xlsx
"X-FAB Silicon Foundries - Kuching, Sarawak (was 1st Silicon) current wafer capacity (SEMI WFF)",,晶圆产能,SEMI WFF 工厂级晶圆产能观测。,current,45000,8,SE Asia,/Users/simon/Documents/Simon-OB/本体论/base/半导体/SEMI_WFF_2026_1Q.xlsx,X-FAB Silicon Foundries,Analog,facility_capacity,,,"X-FAB Silicon Foundries - Kuching, Sarawak (was 1st Silicon)",1347,Company Detail,file:///Users/simon/Documents/Simon-OB/%E6%9C%AC%E4%BD%93%E8%AE%BA/base/%E5%8D%8A%E5%AF%BC%E4%BD%93/SEMI_WFF_2026_1Q.xlsx
X-FAB Silicon Foundries - Erfurt MEMS 6-inch (Fab 2) (was Thesys) current wafer capacity (SEMI WFF),,晶圆产能,SEMI WFF 工厂级晶圆产能观测。,current,2000,6,Europe & Mideast,/Users/simon/Documents/Simon-OB/本体论/base/半导体/SEMI_WFF_2026_1Q.xlsx,X-FAB Silicon Foundries,MEMS,facility_capacity,,,X-FAB Silicon Foundries - Erfurt MEMS 6-inch (Fab 2) (was Thesys),1082,Company Detail,file:///Users/simon/Documents/Simon-OB/%E6%9C%AC%E4%BD%93%E8%AE%BA/base/%E5%8D%8A%E5%AF%BC%E4%BD%93/SEMI_WFF_2026_1Q.xlsx
X-FAB Silicon Foundries - Erfurt CMOS 6-inch (Fab 1) current wafer capacity (SEMI WFF),,晶圆产能,SEMI WFF 工厂级晶圆产能观测。,current,16000,6,Europe & Mideast,/Users/simon/Documents/Simon-OB/本体论/base/半导体/SEMI_WFF_2026_1Q.xlsx,X-FAB Silicon Foundries,Analog,facility_capacity,,,X-FAB Silicon Foundries - Erfurt CMOS 6-inch (Fab 1),1718,Company Detail,file:///Users/simon/Documents/Simon-OB/%E6%9C%AC%E4%BD%93%E8%AE%BA/base/%E5%8D%8A%E5%AF%BC%E4%BD%93/SEMI_WFF_2026_1Q.xlsx
X-FAB Silicon Foundries - Erfurt MEMS (Fab4Micro) current wafer capacity (SEMI WFF),,晶圆产能,SEMI WFF 工厂级晶圆产能观测。,current,25000,8,Europe & Mideast,/Users/simon/Documents/Simon-OB/本体论/base/半导体/SEMI_WFF_2026_1Q.xlsx,X-FAB Silicon Foundries,MEMS,facility_capacity,,,X-FAB Silicon Foundries - Erfurt MEMS (Fab4Micro),6692,Company Detail,file:///Users/simon/Documents/Simon-OB/%E6%9C%AC%E4%BD%93%E8%AE%BA/base/%E5%8D%8A%E5%AF%BC%E4%BD%93/SEMI_WFF_2026_1Q.xlsx
Xian Power Electronics Research Institute (PERI) - N/A current wafer capacity (SEMI WFF),,晶圆产能,SEMI WFF 工厂级晶圆产能观测。,current,500,4,中国,/Users/simon/Documents/Simon-OB/本体论/base/半导体/SEMI_WFF_2026_1Q.xlsx,Xian Power Electronics Research Institute (PERI),Discrete,facility_capacity,,,Xian Power Electronics Research Institute (PERI) - N/A,1696,Company Detail,file:///Users/simon/Documents/Simon-OB/%E6%9C%AC%E4%BD%93%E8%AE%BA/base/%E5%8D%8A%E5%AF%BC%E4%BD%93/SEMI_WFF_2026_1Q.xlsx
Xian University of Posts&Telecommunications - Compound R&D current wafer capacity (SEMI WFF),,晶圆产能,SEMI WFF 工厂级晶圆产能观测。,current,250,8,中国,/Users/simon/Documents/Simon-OB/本体论/base/半导体/SEMI_WFF_2026_1Q.xlsx,Xian University of Posts&Telecommunications,Other,facility_capacity,,,Xian University of Posts&Telecommunications - Compound R&D,6640,Company Detail,file:///Users/simon/Documents/Simon-OB/%E6%9C%AC%E4%BD%93%E8%AE%BA/base/%E5%8D%8A%E5%AF%BC%E4%BD%93/SEMI_WFF_2026_1Q.xlsx
"Xian Weiguang Science & Technology Co., Ltd - Factory 877 current wafer capacity (SEMI WFF)",,晶圆产能,SEMI WFF 工厂级晶圆产能观测。,current,5000,4,中国,/Users/simon/Documents/Simon-OB/本体论/base/半导体/SEMI_WFF_2026_1Q.xlsx,"Xian Weiguang Science & Technology Co., Ltd",Discrete,facility_capacity,,,"Xian Weiguang Science & Technology Co., Ltd - Factory 877",1697,Company Detail,file:///Users/simon/Documents/Simon-OB/%E6%9C%AC%E4%BD%93%E8%AE%BA/base/%E5%8D%8A%E5%AF%BC%E4%BD%93/SEMI_WFF_2026_1Q.xlsx
"Xian Weiguang Science & Technology Co., Ltd - 6"" line current wafer capacity (SEMI WFF)",,晶圆产能,SEMI WFF 工厂级晶圆产能观测。,current,30000,6,中国,/Users/simon/Documents/Simon-OB/本体论/base/半导体/SEMI_WFF_2026_1Q.xlsx,"Xian Weiguang Science & Technology Co., Ltd",Discrete,facility_capacity,,,"Xian Weiguang Science & Technology Co., Ltd - 6"" line",3567,Company Detail,file:///Users/simon/Documents/Simon-OB/%E6%9C%AC%E4%BD%93%E8%AE%BA/base/%E5%8D%8A%E5%AF%BC%E4%BD%93/SEMI_WFF_2026_1Q.xlsx
"Xian Zoomview Optoelectronics and Technology Co., Ltd. - n/a current wafer capacity (SEMI WFF)",,晶圆产能,SEMI WFF 工厂级晶圆产能观测。,current,8000,2,中国,/Users/simon/Documents/Simon-OB/本体论/base/半导体/SEMI_WFF_2026_1Q.xlsx,"Xian Zoomview Optoelectronics and Technology Co., Ltd.",Opto,facility_capacity,,,"Xian Zoomview Optoelectronics and Technology Co., Ltd. - n/a",3261,Company Detail,file:///Users/simon/Documents/Simon-OB/%E6%9C%AC%E4%BD%93%E8%AE%BA/base/%E5%8D%8A%E5%AF%BC%E4%BD%93/SEMI_WFF_2026_1Q.xlsx
Xiver - MiPlaza current wafer capacity (SEMI WFF),,晶圆产能,SEMI WFF 工厂级晶圆产能观测。,current,1400,8,Europe & Mideast,/Users/simon/Documents/Simon-OB/本体论/base/半导体/SEMI_WFF_2026_1Q.xlsx,Xiver,MEMS,facility_capacity,,,Xiver - MiPlaza,2327,Company Detail,file:///Users/simon/Documents/Simon-OB/%E6%9C%AC%E4%BD%93%E8%AE%BA/base/%E5%8D%8A%E5%AF%BC%E4%BD%93/SEMI_WFF_2026_1Q.xlsx
"Xiyue Electronics Technology Co., Ltd. (XETC) - Fab 1 current wafer capacity (SEMI WFF)",,晶圆产能,SEMI WFF 工厂级晶圆产能观测。,current,15000,6,中国,/Users/simon/Documents/Simon-OB/本体论/base/半导体/SEMI_WFF_2026_1Q.xlsx,"Xiyue Electronics Technology Co., Ltd. (XETC)",Analog,facility_capacity,,,"Xiyue Electronics Technology Co., Ltd. (XETC) - Fab 1",2258,Company Detail,file:///Users/simon/Documents/Simon-OB/%E6%9C%AC%E4%BD%93%E8%AE%BA/base/%E5%8D%8A%E5%AF%BC%E4%BD%93/SEMI_WFF_2026_1Q.xlsx
XMC - Fab 12a current wafer capacity (SEMI WFF),,晶圆产能,SEMI WFF 工厂级晶圆产能观测。,current,32000,12,中国,/Users/simon/Documents/Simon-OB/本体论/base/半导体/SEMI_WFF_2026_1Q.xlsx,XMC,Memory,facility_capacity,,,XMC - Fab 12a,2314,Company Detail,file:///Users/simon/Documents/Simon-OB/%E6%9C%AC%E4%BD%93%E8%AE%BA/base/%E5%8D%8A%E5%AF%BC%E4%BD%93/SEMI_WFF_2026_1Q.xlsx
XMC - Fab 12b current wafer capacity (SEMI WFF),,晶圆产能,SEMI WFF 工厂级晶圆产能观测。,current,32000,12,中国,/Users/simon/Documents/Simon-OB/本体论/base/半导体/SEMI_WFF_2026_1Q.xlsx,XMC,Memory,facility_capacity,,,XMC - Fab 12b,5019,Company Detail,file:///Users/simon/Documents/Simon-OB/%E6%9C%AC%E4%BD%93%E8%AE%BA/base/%E5%8D%8A%E5%AF%BC%E4%BD%93/SEMI_WFF_2026_1Q.xlsx
XMC - Fab 12C current wafer capacity (SEMI WFF),,晶圆产能,SEMI WFF 工厂级晶圆产能观测。,current,30000,12,中国,/Users/simon/Documents/Simon-OB/本体论/base/半导体/SEMI_WFF_2026_1Q.xlsx,XMC,Memory,facility_capacity,,,XMC - Fab 12C,6547,Company Detail,file:///Users/simon/Documents/Simon-OB/%E6%9C%AC%E4%BD%93%E8%AE%BA/base/%E5%8D%8A%E5%AF%BC%E4%BD%93/SEMI_WFF_2026_1Q.xlsx
"Yangzhou Genesis Microelectronics Co., Ltd - 6"" line current wafer capacity (SEMI WFF)",,晶圆产能,SEMI WFF 工厂级晶圆产能观测。,current,30000,6,中国,/Users/simon/Documents/Simon-OB/本体论/base/半导体/SEMI_WFF_2026_1Q.xlsx,"Yangzhou Genesis Microelectronics Co., Ltd",Discrete,facility_capacity,,,"Yangzhou Genesis Microelectronics Co., Ltd - 6"" line",5066,Company Detail,file:///Users/simon/Documents/Simon-OB/%E6%9C%AC%E4%BD%93%E8%AE%BA/base/%E5%8D%8A%E5%AF%BC%E4%BD%93/SEMI_WFF_2026_1Q.xlsx
"Yangzhou Genesis Microelectronics Co., Ltd - 5"" line current wafer capacity (SEMI WFF)",,晶圆产能,SEMI WFF 工厂级晶圆产能观测。,current,30000,5,中国,/Users/simon/Documents/Simon-OB/本体论/base/半导体/SEMI_WFF_2026_1Q.xlsx,"Yangzhou Genesis Microelectronics Co., Ltd",Discrete,facility_capacity,,,"Yangzhou Genesis Microelectronics Co., Ltd - 5"" line",3160,Company Detail,file:///Users/simon/Documents/Simon-OB/%E6%9C%AC%E4%BD%93%E8%AE%BA/base/%E5%8D%8A%E5%AF%BC%E4%BD%93/SEMI_WFF_2026_1Q.xlsx
"Yangzhou Genesis Microelectronics Co., Ltd - 4"" line current wafer capacity (SEMI WFF)",,晶圆产能,SEMI WFF 工厂级晶圆产能观测。,current,25000,4,中国,/Users/simon/Documents/Simon-OB/本体论/base/半导体/SEMI_WFF_2026_1Q.xlsx,"Yangzhou Genesis Microelectronics Co., Ltd",Discrete,facility_capacity,,,"Yangzhou Genesis Microelectronics Co., Ltd - 4"" line",1215,Company Detail,file:///Users/simon/Documents/Simon-OB/%E6%9C%AC%E4%BD%93%E8%AE%BA/base/%E5%8D%8A%E5%AF%BC%E4%BD%93/SEMI_WFF_2026_1Q.xlsx
"Yangzhou Genesis Semiconductor Fabricate Co. Ltd - 4"" line current wafer capacity (SEMI WFF)",,晶圆产能,SEMI WFF 工厂级晶圆产能观测。,current,12000,4,中国,/Users/simon/Documents/Simon-OB/本体论/base/半导体/SEMI_WFF_2026_1Q.xlsx,Yangzhou Genesis Semiconductor Fabricate Co. Ltd,Discrete,facility_capacity,,,"Yangzhou Genesis Semiconductor Fabricate Co. Ltd - 4"" line",3161,Company Detail,file:///Users/simon/Documents/Simon-OB/%E6%9C%AC%E4%BD%93%E8%AE%BA/base/%E5%8D%8A%E5%AF%BC%E4%BD%93/SEMI_WFF_2026_1Q.xlsx
"Yangzhou Genesis Semiconductor Fabricate Co. Ltd - 6"" line current wafer capacity (SEMI WFF)",,晶圆产能,SEMI WFF 工厂级晶圆产能观测。,current,10000,6,中国,/Users/simon/Documents/Simon-OB/本体论/base/半导体/SEMI_WFF_2026_1Q.xlsx,Yangzhou Genesis Semiconductor Fabricate Co. Ltd,Discrete,facility_capacity,,,"Yangzhou Genesis Semiconductor Fabricate Co. Ltd - 6"" line",3162,Company Detail,file:///Users/simon/Documents/Simon-OB/%E6%9C%AC%E4%BD%93%E8%AE%BA/base/%E5%8D%8A%E5%AF%BC%E4%BD%93/SEMI_WFF_2026_1Q.xlsx
Yangzhou Yangjie Electronic Technology - Yixing line current wafer capacity (SEMI WFF),,晶圆产能,SEMI WFF 工厂级晶圆产能观测。,current,6000,6,中国,/Users/simon/Documents/Simon-OB/本体论/base/半导体/SEMI_WFF_2026_1Q.xlsx,Yangzhou Yangjie Electronic Technology,Discrete,facility_capacity,,,Yangzhou Yangjie Electronic Technology - Yixing line,5065,Company Detail,file:///Users/simon/Documents/Simon-OB/%E6%9C%AC%E4%BD%93%E8%AE%BA/base/%E5%8D%8A%E5%AF%BC%E4%BD%93/SEMI_WFF_2026_1Q.xlsx
"Yangzhou Yangjie Electronic Technology - 6"" line current wafer capacity (SEMI WFF)",,晶圆产能,SEMI WFF 工厂级晶圆产能观测。,current,40000,6,中国,/Users/simon/Documents/Simon-OB/本体论/base/半导体/SEMI_WFF_2026_1Q.xlsx,Yangzhou Yangjie Electronic Technology,Discrete,facility_capacity,,,"Yangzhou Yangjie Electronic Technology - 6"" line",3929,Company Detail,file:///Users/simon/Documents/Simon-OB/%E6%9C%AC%E4%BD%93%E8%AE%BA/base/%E5%8D%8A%E5%AF%BC%E4%BD%93/SEMI_WFF_2026_1Q.xlsx
"Yangzhou Yangjie Electronic Technology - 5"" lines current wafer capacity (SEMI WFF)",,晶圆产能,SEMI WFF 工厂级晶圆产能观测。,current,150000,5,中国,/Users/simon/Documents/Simon-OB/本体论/base/半导体/SEMI_WFF_2026_1Q.xlsx,Yangzhou Yangjie Electronic Technology,Discrete,facility_capacity,,,"Yangzhou Yangjie Electronic Technology - 5"" lines",3928,Company Detail,file:///Users/simon/Documents/Simon-OB/%E6%9C%AC%E4%BD%93%E8%AE%BA/base/%E5%8D%8A%E5%AF%BC%E4%BD%93/SEMI_WFF_2026_1Q.xlsx
Yangzhou Yangjie Electronic Technology - Runau Line current wafer capacity (SEMI WFF),,晶圆产能,SEMI WFF 工厂级晶圆产能观测。,current,5000,6,中国,/Users/simon/Documents/Simon-OB/本体论/base/半导体/SEMI_WFF_2026_1Q.xlsx,Yangzhou Yangjie Electronic Technology,Discrete,facility_capacity,,,Yangzhou Yangjie Electronic Technology - Runau Line,6571,Company Detail,file:///Users/simon/Documents/Simon-OB/%E6%9C%AC%E4%BD%93%E8%AE%BA/base/%E5%8D%8A%E5%AF%BC%E4%BD%93/SEMI_WFF_2026_1Q.xlsx
Yangzhou Yangjie Electronic Technology - Jiechuwei current wafer capacity (SEMI WFF),,晶圆产能,SEMI WFF 工厂级晶圆产能观测。,current,30000,8,中国,/Users/simon/Documents/Simon-OB/本体论/base/半导体/SEMI_WFF_2026_1Q.xlsx,Yangzhou Yangjie Electronic Technology,Discrete,facility_capacity,,,Yangzhou Yangjie Electronic Technology - Jiechuwei,6572,Company Detail,file:///Users/simon/Documents/Simon-OB/%E6%9C%AC%E4%BD%93%E8%AE%BA/base/%E5%8D%8A%E5%AF%BC%E4%BD%93/SEMI_WFF_2026_1Q.xlsx
Yangzhou Yangjie Electronic Technology - Jiechuwei 6inch SiC line current wafer capacity (SEMI WFF),,晶圆产能,SEMI WFF 工厂级晶圆产能观测。,current,5000,6,中国,/Users/simon/Documents/Simon-OB/本体论/base/半导体/SEMI_WFF_2026_1Q.xlsx,Yangzhou Yangjie Electronic Technology,Discrete,facility_capacity,,,Yangzhou Yangjie Electronic Technology - Jiechuwei 6inch SiC line,6573,Company Detail,file:///Users/simon/Documents/Simon-OB/%E6%9C%AC%E4%BD%93%E8%AE%BA/base/%E5%8D%8A%E5%AF%BC%E4%BD%93/SEMI_WFF_2026_1Q.xlsx
Yangzhou Zhongke Semiconductor Lighting Center Co. Ltd - Lighting center current wafer capacity (SEMI WFF),,晶圆产能,SEMI WFF 工厂级晶圆产能观测。,current,18500,2,中国,/Users/simon/Documents/Simon-OB/本体论/base/半导体/SEMI_WFF_2026_1Q.xlsx,Yangzhou Zhongke Semiconductor Lighting Center Co. Ltd,Opto,facility_capacity,,,Yangzhou Zhongke Semiconductor Lighting Center Co. Ltd - Lighting center,3236,Company Detail,file:///Users/simon/Documents/Simon-OB/%E6%9C%AC%E4%BD%93%E8%AE%BA/base/%E5%8D%8A%E5%AF%BC%E4%BD%93/SEMI_WFF_2026_1Q.xlsx
Yangzhou Zhongke Semiconductor Lighting Center Co. Ltd - Fab 1 current wafer capacity (SEMI WFF),,晶圆产能,SEMI WFF 工厂级晶圆产能观测。,current,100000,2,中国,/Users/simon/Documents/Simon-OB/本体论/base/半导体/SEMI_WFF_2026_1Q.xlsx,Yangzhou Zhongke Semiconductor Lighting Center Co. Ltd,Opto,facility_capacity,,,Yangzhou Zhongke Semiconductor Lighting Center Co. Ltd - Fab 1,3420,Company Detail,file:///Users/simon/Documents/Simon-OB/%E6%9C%AC%E4%BD%93%E8%AE%BA/base/%E5%8D%8A%E5%AF%BC%E4%BD%93/SEMI_WFF_2026_1Q.xlsx
Yea Shin Technology - Taoyuan fab current wafer capacity (SEMI WFF),,晶圆产能,SEMI WFF 工厂级晶圆产能观测。,current,25000,4,中国台湾,/Users/simon/Documents/Simon-OB/本体论/base/半导体/SEMI_WFF_2026_1Q.xlsx,Yea Shin Technology,Discrete,facility_capacity,,,Yea Shin Technology - Taoyuan fab,6175,Company Detail,file:///Users/simon/Documents/Simon-OB/%E6%9C%AC%E4%BD%93%E8%AE%BA/base/%E5%8D%8A%E5%AF%BC%E4%BD%93/SEMI_WFF_2026_1Q.xlsx
YES PowerTechnix (YEST) - Research/Manufacturing Center 4-inch line current wafer capacity (SEMI WFF),,晶圆产能,SEMI WFF 工厂级晶圆产能观测。,current,1500,4,韩国,/Users/simon/Documents/Simon-OB/本体论/base/半导体/SEMI_WFF_2026_1Q.xlsx,YES PowerTechnix (YEST),Discrete,facility_capacity,,,YES PowerTechnix (YEST) - Research/Manufacturing Center 4-inch line,6199,Company Detail,file:///Users/simon/Documents/Simon-OB/%E6%9C%AC%E4%BD%93%E8%AE%BA/base/%E5%8D%8A%E5%AF%BC%E4%BD%93/SEMI_WFF_2026_1Q.xlsx
YES PowerTechnix (YEST) - Research/Manufacturing Center 6-inch line current wafer capacity (SEMI WFF),,晶圆产能,SEMI WFF 工厂级晶圆产能观测。,current,50,6,韩国,/Users/simon/Documents/Simon-OB/本体论/base/半导体/SEMI_WFF_2026_1Q.xlsx,YES PowerTechnix (YEST),Discrete,facility_capacity,,,YES PowerTechnix (YEST) - Research/Manufacturing Center 6-inch line,6264,Company Detail,file:///Users/simon/Documents/Simon-OB/%E6%9C%AC%E4%BD%93%E8%AE%BA/base/%E5%8D%8A%E5%AF%BC%E4%BD%93/SEMI_WFF_2026_1Q.xlsx
"YMTC (Yangtze Memory Technology Co., Ltd.) - Fab C current wafer capacity (SEMI WFF)",,晶圆产能,SEMI WFF 工厂级晶圆产能观测。,current,100000,12,中国,/Users/simon/Documents/Simon-OB/本体论/base/半导体/SEMI_WFF_2026_1Q.xlsx,"YMTC (Yangtze Memory Technology Co., Ltd.)",Memory,facility_capacity,,,"YMTC (Yangtze Memory Technology Co., Ltd.) - Fab C",6637,Company Detail,file:///Users/simon/Documents/Simon-OB/%E6%9C%AC%E4%BD%93%E8%AE%BA/base/%E5%8D%8A%E5%AF%BC%E4%BD%93/SEMI_WFF_2026_1Q.xlsx
"YMTC (Yangtze Memory Technology Co., Ltd.) - Fab A current wafer capacity (SEMI WFF)",,晶圆产能,SEMI WFF 工厂级晶圆产能观测。,current,100000,12,中国,/Users/simon/Documents/Simon-OB/本体论/base/半导体/SEMI_WFF_2026_1Q.xlsx,"YMTC (Yangtze Memory Technology Co., Ltd.)",Memory,facility_capacity,,,"YMTC (Yangtze Memory Technology Co., Ltd.) - Fab A",3707,Company Detail,file:///Users/simon/Documents/Simon-OB/%E6%9C%AC%E4%BD%93%E8%AE%BA/base/%E5%8D%8A%E5%AF%BC%E4%BD%93/SEMI_WFF_2026_1Q.xlsx
"YMTC (Yangtze Memory Technology Co., Ltd.) - Fab B (Phase 1 & 2) current wafer capacity (SEMI WFF)",,晶圆产能,SEMI WFF 工厂级晶圆产能观测。,current,100000,12,中国,/Users/simon/Documents/Simon-OB/本体论/base/半导体/SEMI_WFF_2026_1Q.xlsx,"YMTC (Yangtze Memory Technology Co., Ltd.)",Memory,facility_capacity,,,"YMTC (Yangtze Memory Technology Co., Ltd.) - Fab B (Phase 1 & 2)",5099,Company Detail,file:///Users/simon/Documents/Simon-OB/%E6%9C%AC%E4%BD%93%E8%AE%BA/base/%E5%8D%8A%E5%AF%BC%E4%BD%93/SEMI_WFF_2026_1Q.xlsx
Yokogawa Electric - YMF Komagane plant current wafer capacity (SEMI WFF),,晶圆产能,SEMI WFF 工厂级晶圆产能观测。,current,2000,5,日本,/Users/simon/Documents/Simon-OB/本体论/base/半导体/SEMI_WFF_2026_1Q.xlsx,Yokogawa Electric,MEMS,facility_capacity,,,Yokogawa Electric - YMF Komagane plant,1217,Company Detail,file:///Users/simon/Documents/Simon-OB/%E6%9C%AC%E4%BD%93%E8%AE%BA/base/%E5%8D%8A%E5%AF%BC%E4%BD%93/SEMI_WFF_2026_1Q.xlsx
Zensemi - Zensemi Fab1 current wafer capacity (SEMI WFF),,晶圆产能,SEMI WFF 工厂级晶圆产能观测。,current,60000,12,中国,/Users/simon/Documents/Simon-OB/本体论/base/半导体/SEMI_WFF_2026_1Q.xlsx,Zensemi,MEMS,facility_capacity,,,Zensemi - Zensemi Fab1,6492,Company Detail,file:///Users/simon/Documents/Simon-OB/%E6%9C%AC%E4%BD%93%E8%AE%BA/base/%E5%8D%8A%E5%AF%BC%E4%BD%93/SEMI_WFF_2026_1Q.xlsx
Zhejiang Starshine Semiconductor - Fab 1 current wafer capacity (SEMI WFF),,晶圆产能,SEMI WFF 工厂级晶圆产能观测。,current,10000,6,中国,/Users/simon/Documents/Simon-OB/本体论/base/半导体/SEMI_WFF_2026_1Q.xlsx,Zhejiang Starshine Semiconductor,MEMS,facility_capacity,,,Zhejiang Starshine Semiconductor - Fab 1,6592,Company Detail,file:///Users/simon/Documents/Simon-OB/%E6%9C%AC%E4%BD%93%E8%AE%BA/base/%E5%8D%8A%E5%AF%BC%E4%BD%93/SEMI_WFF_2026_1Q.xlsx
Zhejiang Wangrong Semiconductor - Fab 1 current wafer capacity (SEMI WFF),,晶圆产能,SEMI WFF 工厂级晶圆产能观测。,current,20000,8,中国,/Users/simon/Documents/Simon-OB/本体论/base/半导体/SEMI_WFF_2026_1Q.xlsx,Zhejiang Wangrong Semiconductor,Discrete,facility_capacity,,,Zhejiang Wangrong Semiconductor - Fab 1,6538,Company Detail,file:///Users/simon/Documents/Simon-OB/%E6%9C%AC%E4%BD%93%E8%AE%BA/base/%E5%8D%8A%E5%AF%BC%E4%BD%93/SEMI_WFF_2026_1Q.xlsx
Zhuhai Hauxin Microeletronics - HXM Fab1 current wafer capacity (SEMI WFF),,晶圆产能,SEMI WFF 工厂级晶圆产能观测。,current,15000,6,中国,/Users/simon/Documents/Simon-OB/本体论/base/半导体/SEMI_WFF_2026_1Q.xlsx,Zhuhai Hauxin Microeletronics,Opto,facility_capacity,,,Zhuhai Hauxin Microeletronics - HXM Fab1,6597,Company Detail,file:///Users/simon/Documents/Simon-OB/%E6%9C%AC%E4%BD%93%E8%AE%BA/base/%E5%8D%8A%E5%AF%BC%E4%BD%93/SEMI_WFF_2026_1Q.xlsx
Zhuzhou CRRC Times Electric - Yixing new 200mm fab current wafer capacity (SEMI WFF),,晶圆产能,SEMI WFF 工厂级晶圆产能观测。,current,30000,8,中国,/Users/simon/Documents/Simon-OB/本体论/base/半导体/SEMI_WFF_2026_1Q.xlsx,Zhuzhou CRRC Times Electric,Discrete,facility_capacity,,,Zhuzhou CRRC Times Electric - Yixing new 200mm fab,6611,Company Detail,file:///Users/simon/Documents/Simon-OB/%E6%9C%AC%E4%BD%93%E8%AE%BA/base/%E5%8D%8A%E5%AF%BC%E4%BD%93/SEMI_WFF_2026_1Q.xlsx
Zhuzhou CRRC Times Electric - Zhuzhou new 200mm line current wafer capacity (SEMI WFF),,晶圆产能,SEMI WFF 工厂级晶圆产能观测。,current,30000,8,中国,/Users/simon/Documents/Simon-OB/本体论/base/半导体/SEMI_WFF_2026_1Q.xlsx,Zhuzhou CRRC Times Electric,Discrete,facility_capacity,,,Zhuzhou CRRC Times Electric - Zhuzhou new 200mm line,6401,Company Detail,file:///Users/simon/Documents/Simon-OB/%E6%9C%AC%E4%BD%93%E8%AE%BA/base/%E5%8D%8A%E5%AF%BC%E4%BD%93/SEMI_WFF_2026_1Q.xlsx
Zhuzhou CRRC Times Electric - 6-inch SiC Line current wafer capacity (SEMI WFF),,晶圆产能,SEMI WFF 工厂级晶圆产能观测。,current,1000,6,中国,/Users/simon/Documents/Simon-OB/本体论/base/半导体/SEMI_WFF_2026_1Q.xlsx,Zhuzhou CRRC Times Electric,Discrete,facility_capacity,,,Zhuzhou CRRC Times Electric - 6-inch SiC Line,6271,Company Detail,file:///Users/simon/Documents/Simon-OB/%E6%9C%AC%E4%BD%93%E8%AE%BA/base/%E5%8D%8A%E5%AF%BC%E4%BD%93/SEMI_WFF_2026_1Q.xlsx
Zhuzhou CRRC Times Electric - 8-inch line current wafer capacity (SEMI WFF),,晶圆产能,SEMI WFF 工厂级晶圆产能观测。,current,10000,8,中国,/Users/simon/Documents/Simon-OB/本体论/base/半导体/SEMI_WFF_2026_1Q.xlsx,Zhuzhou CRRC Times Electric,Discrete,facility_capacity,,,Zhuzhou CRRC Times Electric - 8-inch line,3403,Company Detail,file:///Users/simon/Documents/Simon-OB/%E6%9C%AC%E4%BD%93%E8%AE%BA/base/%E5%8D%8A%E5%AF%BC%E4%BD%93/SEMI_WFF_2026_1Q.xlsx
Zhuzhou CRRC Times Electric - 6-inch (Line 3) current wafer capacity (SEMI WFF),,晶圆产能,SEMI WFF 工厂级晶圆产能观测。,current,10000,6,中国,/Users/simon/Documents/Simon-OB/本体论/base/半导体/SEMI_WFF_2026_1Q.xlsx,Zhuzhou CRRC Times Electric,Discrete,facility_capacity,,,Zhuzhou CRRC Times Electric - 6-inch (Line 3),3169,Company Detail,file:///Users/simon/Documents/Simon-OB/%E6%9C%AC%E4%BD%93%E8%AE%BA/base/%E5%8D%8A%E5%AF%BC%E4%BD%93/SEMI_WFF_2026_1Q.xlsx
