nameCn,nameEn,objectTypeName,description,property.record_id,property.facility_type,property.status,property.city,property.state_province,property.country,property.country_region,property.region,property.address,property.website,property.product_type,property.product_type_2,property.products,property.technology_and_materials,property.current_geometry,property.current_wafer_size,property.current_full_capacity,property.capacity_200mm_equivalent,property.cleanroom_sq_ft,property.cleanroom_class,property.facility_size,property.start_year,property.construction_year,property.first_silicon_year,property.production_year,property.data_source,property.source_sheet,source_url
ABLIC Inc. - #B,,研发中试工厂,"ABLIC Inc. 的 #B，位于 Matsudo, Chiba, 日本。",897,Pilot,in production,Matsudo,Chiba,日本,日本,日本,563 Takatsuka Shinden,https://www.ablic.com/,Analog&Mixed Signal&Power,模拟,"Power management ICs, EEPROM, Timer ICs, Sensors, Analog ICs, Automotive ICs",CMOS,0.35,6,5000,2812.5,,10,,1987,1985,1987,1987,/Users/simon/Documents/Simon-OB/本体论/base/半导体/SEMI_WFF_2026_1Q.xlsx,Company Detail,https://www.ablic.com/
AIST - TIA-MEMS Line (Building 3D),,研发中试工厂,"AIST 的 TIA-MEMS Line (Building 3D)，位于 Tsukuba, Ibaraki, 日本。",3797,研发，中试线,In production,Tsukuba,Ibaraki,日本,日本,日本,1-2-1 Namiki,http://www.aist.go.jp,MEMS,MEMS,"MEMS, Sensors","MEMS, TSV",0.5,8,1500,1500,,,,2011,2010,2011,2000,/Users/simon/Documents/Simon-OB/本体论/base/半导体/SEMI_WFF_2026_1Q.xlsx,Company Detail,http://www.aist.go.jp
AIST - TIA-Power Electronics Line (inside AIST-Centra),,研发中试工厂,"AIST 的 TIA-Power Electronics Line (inside AIST-Centra)，位于 Tsukuba, Ibaraki, 日本。",3867,研发,In production,Tsukuba,Ibaraki,日本,日本,日本,1-1-1 Higashi,http://www.aist.go.jp,Discrete/Power,分立器件,Power Device using SiC wafers,"SiC, GaAs, III-V",0.35,8,500,500,,,,2015,2014,2015,2015,/Users/simon/Documents/Simon-OB/本体论/base/半导体/SEMI_WFF_2026_1Q.xlsx,Company Detail,http://www.aist.go.jp
AIST - Super Clean Room,,研发中试工厂,"AIST 的 Super Clean Room，位于 Tsukuba, Ibaraki, 日本。",1782,研发,In production,Tsukuba,Ibaraki,日本,日本,日本,16-1 Onogawa,http://www.aist.go.jp,代工/研发,其他,"Foundry; R&D Soc, Cu, Low-K and High-K",CMOS,0.032,12,5000,11250,48438,10,,2002,2001,2002,2002,/Users/simon/Documents/Simon-OB/本体论/base/半导体/SEMI_WFF_2026_1Q.xlsx,Company Detail,http://www.aist.go.jp
Analog Devices Inc - ADI Catalyst R&D,,研发中试工厂,"Analog Devices Inc 的 ADI Catalyst R&D，位于 Limerick, Munster, 爱尔兰。",6458,研发,In production,Limerick,Munster,爱尔兰,Europe & Mideast,欧洲,Raheen Business Park,http://www.analog.com,Analog&Mixed Signal&Power,模拟,"collaboration accelerator where ecosystems of customers, business partners, and suppliers engage with ADI to rapidly develop industry-leading solutions",,0.18,8,250,250,,,100000,2025,2022,2024,2025,/Users/simon/Documents/Simon-OB/本体论/base/半导体/SEMI_WFF_2026_1Q.xlsx,Company Detail,http://www.analog.com
Angstrem - Fab 2 (Angstrem T),,研发中试工厂,"Angstrem 的 Fab 2 (Angstrem T)，位于 Zelenograd, Moscow, 俄罗斯。",1485,研发,In production,Zelenograd,Moscow,俄罗斯,Europe & Mideast,欧洲,"Solnechnaya Alleya, дом 6",http://www.angstrem.ru/english/,Foundry/IDM/Analog&Mixed Signal&Power,模拟,"Foundry; I/Os, Mixed Signal (for such as e-passport), Embedded Flash Memory, HV50","CMOS, Cu",0.09,8,15000,15000,64583,1000,860000,2017,2012,2017,2017,/Users/simon/Documents/Simon-OB/本体论/base/半导体/SEMI_WFF_2026_1Q.xlsx,Company Detail,http://www.angstrem.ru/english/
Apple Inc. - Aria,,研发中试工厂,"Apple Inc. 的 Aria，位于 Santa Clara, California, 美国。",1614,研发,In production,Santa Clara,California,美国,美洲,NA,3250 Scott Boulevard,https://www.apple.com,研发,Other,Logic/MCU,CMOS; Bipolar,0.25,8,500,500,15000,1,66000,1997,2005,2016,,/Users/simon/Documents/Simon-OB/本体论/base/半导体/SEMI_WFF_2026_1Q.xlsx,Company Detail,https://www.apple.com
Apple Inc. - Taiwan Apple LLC (was Qualcomm MEMS Technologies Mirasol),,研发中试工厂,"Apple Inc. 的 Taiwan Apple LLC (was Qualcomm MEMS Technologies Mirasol)，位于 Taoyuan, Northern Taiwan, 中国台湾。",4966,研发,In production,Taoyuan,Northern Taiwan,中国台湾,中国台湾,亚太,"No.55, Longyuan 10th Rd",https://www.apple.com,MEMS/R&D,MEMS,IMOD Displays Micromirrors,IMOD Display,0.5,6,500,281.25,,,,2012,2011,2012,2012,/Users/simon/Documents/Simon-OB/本体论/base/半导体/SEMI_WFF_2026_1Q.xlsx,Company Detail,https://www.apple.com
Argonne National Laboratory - Center for Nanoscale Materials,,研发中试工厂,"Argonne National Laboratory 的 Center for Nanoscale Materials，位于 Argonne, Illinois, 美国。",2457,研发,In production,Argonne,Illinois,美国,美洲,NA,9700 South Cass Avenue,www.anl.gov,研发,Other,Patterning and fabrication,"NEMS, NOEMS",0.01,8,50,50,11500,100,88000,2007,2005,2006,2007,/Users/simon/Documents/Simon-OB/本体论/base/半导体/SEMI_WFF_2026_1Q.xlsx,Company Detail,file:///Users/simon/Documents/Simon-OB/%E6%9C%AC%E4%BD%93%E8%AE%BA/base/%E5%8D%8A%E5%AF%BC%E4%BD%93/output/semiconductor_ontology.json
Army Research Laboratory (ARL) - Army Research Laboratory (ARL),,研发中试工厂,"Army Research Laboratory (ARL) 的 Army Research Laboratory (ARL)，位于 Adelphi, Maryland, 美国。",36,Pilot,in production,Adelphi,Maryland,美国,美洲,NA,2800 Powder Mill Road,http://www.arl.army.mil,Pilot,Other,Electro-optical technologies; flexible displays; advanced RF technologies; electronic materials and devices; autonomous sensing; micro autonomous technologies,N/A,0.8,5,5000,1953.125,,10,,1987,1985,1987,1987,/Users/simon/Documents/Simon-OB/本体论/base/半导体/SEMI_WFF_2026_1Q.xlsx,Company Detail,http://www.arl.army.mil
A-STAR IME (Institute of Microelectronics) (A*STAR IME) - Advanced Packaging Center,,研发中试工厂,"A-STAR IME (Institute of Microelectronics) (A*STAR IME) 的 Advanced Packaging Center，位于 新加坡, 新加坡, 新加坡。",3499,研发,In production,新加坡,新加坡,新加坡,SE Asia,亚太,"10 Science Park Rd, #1-01B",http://www.ime.a-star.edu.sg/,代工/研发,Other,"3D IC packaging, TSV / TSI for Wafer Level Pakcagin (WLP)","Wafer Level Packaging, 3D IC",,12,,,15382,10,,2012,,,,/Users/simon/Documents/Simon-OB/本体论/base/半导体/SEMI_WFF_2026_1Q.xlsx,Company Detail,http://www.ime.a-star.edu.sg/
A-STAR IME (Institute of Microelectronics) (A*STAR IME) - Cleanroom 1,,研发中试工厂,"A-STAR IME (Institute of Microelectronics) (A*STAR IME) 的 Cleanroom 1，位于 新加坡, 新加坡, 新加坡。",2339,研发,In production,新加坡,新加坡,新加坡,SE Asia,亚太,11 Science Park Road,http://www.ime.a-star.edu.sg/,代工/研发,Other,"CMOS and Si-based MEMS, PiezoMEMS, RF passive components, RF-mmm Wave GaN, Sic, Si-Photonics and sensors, Bio devices, Nano devices fabrication capabilities.","CMOS, MEMS, RF, GaN, SiC, Photonics",0.13,8,500,500,16146,10,,1995,1993,1995,1995,/Users/simon/Documents/Simon-OB/本体论/base/半导体/SEMI_WFF_2026_1Q.xlsx,Company Detail,http://www.ime.a-star.edu.sg/
A-STAR IME (Institute of Microelectronics) (A*STAR IME) - Cleanroom 2 (MEMS & Wafer Level Packaging),,研发中试工厂,"A-STAR IME (Institute of Microelectronics) (A*STAR IME) 的 Cleanroom 2 (MEMS & Wafer Level Packaging)，位于 新加坡, 新加坡, 新加坡。",2340,研发,In production,新加坡,新加坡,新加坡,SE Asia,亚太,11 Science Park Road,http://www.ime.a-star.edu.sg/,代工/研发,Other,MEMS devices and Wafer level packaging,MEMS and MEMS Packaging,1,8,100,100,4306,100,,1995,1993,1995,1995,/Users/simon/Documents/Simon-OB/本体论/base/半导体/SEMI_WFF_2026_1Q.xlsx,Company Detail,http://www.ime.a-star.edu.sg/
A-STAR IME (Institute of Microelectronics) (A*STAR IME) - Open R&D 200mm SiC,,研发中试工厂,"A-STAR IME (Institute of Microelectronics) (A*STAR IME) 的 Open R&D 200mm SiC，位于 新加坡, 新加坡, 新加坡。",6659,研发，中试线,In production,新加坡,新加坡,新加坡,SE Asia,亚太,6 Fusionopolis Way,http://www.ime.a-star.edu.sg/,代工/研发,Other,wide bandgap semiconductor research and address the future demands for high-power applications using SiC.,"SiC, MOSFET",0.13,8,1000,1000,,,,2025,2024,2025,2025,/Users/simon/Documents/Simon-OB/本体论/base/半导体/SEMI_WFF_2026_1Q.xlsx,Company Detail,http://www.ime.a-star.edu.sg/
"Bipolarics, Inc. - N/A",,研发中试工厂,"Bipolarics, Inc. 的 N/A，位于 Fremont, California, 美国。",74,Pilot,in production,Fremont,California,美国,美洲,NA,46766 Lakeview Blvd.,http://www.bipolarICs.com,Pilot,Other,Discretes RF IC,Bipolar,0.5,4,2150,537.5,,,,1990,1988,1994,1994,/Users/simon/Documents/Simon-OB/本体论/base/半导体/SEMI_WFF_2026_1Q.xlsx,Company Detail,http://www.bipolarICs.com
BRIDG - BRIDG (used also by Skywater),,研发中试工厂,"BRIDG 的 BRIDG (used also by Skywater)，位于 Kissimmee, Florida, 美国。",3716,研发，中试线,In production,Kissimmee,Florida,美国,美洲,NA,"251 Fowler Blvd, Osceola County",https://gobridg.com/,代工/研发,Other,"Advanced Systems Integration & Packaging (Think 2.5/3D chip integration including TSVs, RDLs, interposers, bumping, and copper pillars); wafers supporting analog based devices using materials such as Cu, Au, deep Si etch, lithography); III-V epitaxy (GaAs and InP)","III-V materials, Graphene, Carbon Nanotubes (CNT), GaAs, InP, InGaAs",0.35,8,2500,2500,35900,100,109000,2018,2014,2018,2018,/Users/simon/Documents/Simon-OB/本体论/base/半导体/SEMI_WFF_2026_1Q.xlsx,Company Detail,https://gobridg.com/
Brookhaven National Laboratory (BNL) - Center for Functional Nanomaterials  CFN,,研发中试工厂,"Brookhaven National Laboratory (BNL) 的 Center for Functional Nanomaterials  CFN，位于 Upton, New York, 美国。",3575,研发,In production,Upton,New York,美国,美洲,NA,"Brookhaven Avenue, Building 735",http://www.bnl.gov/cfn,研发,Other,nanoscience and nanotechnology research,,0.01,4,250,62.5,5000,100,80000,2000,2006,2007,2008,/Users/simon/Documents/Simon-OB/本体论/base/半导体/SEMI_WFF_2026_1Q.xlsx,Company Detail,http://www.bnl.gov/cfn
Calogic Corporation - N/A,,研发中试工厂,"Calogic Corporation 的 N/A，位于 Fremont, California, 美国。",84,Pilot,in production,Fremont,California,美国,美洲,NA,237 Whitney Place,http://www.caLogic.com,Discrete/Power,Discrete,"Power, Discrete, MOSFETs, JFET Diodes, Buffers, Amplifiers, Analog ASIC",Bipolar MOS,3,4,3600,900,5000,100,,1985,1983,1985,1985,/Users/simon/Documents/Simon-OB/本体论/base/半导体/SEMI_WFF_2026_1Q.xlsx,Company Detail,http://www.caLogic.com
Canadian Photonics Fabrication Centre (CPFC) - CPFC,,研发中试工厂,"Canadian Photonics Fabrication Centre (CPFC) 的 CPFC，位于 Ottawa, Ontario, 加拿大。",3145,研发,In production,Ottawa,Ontario,加拿大,美洲,NA,1200 Montreal Road,http://www.nrc-cnrc.gc.ca/eng/facilities/cpfc/fabrication.html,代工/研发,Other,"Foundry Services/R&D (III-V, Silicon/SOI, New materials) for photonics, EPI","B-Silicate, Si, SOI, New materials, III-V: GaAs, InP, SiC",0.15,6,200,112.5,11000,100,40000,2005,2003,2004,2005,/Users/simon/Documents/Simon-OB/本体论/base/半导体/SEMI_WFF_2026_1Q.xlsx,Company Detail,http://www.nrc-cnrc.gc.ca/eng/facilities/cpfc/fabrication.html
Canon - Hiratsuka R&D,,研发中试工厂,"Canon 的 Hiratsuka R&D，位于 Hiratsuka, Kanagawa, 日本。",86,研发,in production,Hiratsuka,Kanagawa,日本,日本,日本,"22-5, Tamura 9-chome",http://www.canon.com,MEMS/Opto,MEMS,"MEMS Micro Display, CMOS image sensors","CMOS, MEMS Micro Display",0.5,5,2000,781.25,,,,1981,1980,1981,1981,/Users/simon/Documents/Simon-OB/本体论/base/半导体/SEMI_WFF_2026_1Q.xlsx,Company Detail,http://www.canon.com
Canon - Kawasaki works,,研发中试工厂,"Canon 的 Kawasaki works，位于 Kawasaki, Kanagawa, 日本。",3839,研发,In production,Kawasaki,Kanagawa,日本,日本,日本,"70-1, Yanagicho, Saiwai-ku,",http://www.canon.com,光电器件/激光器及其他,Opto,R&D for semiconductor devices and CMOS image sensors,,0.065,12,1000,2250,,,,2008,2007,2008,2008,/Users/simon/Documents/Simon-OB/本体论/base/半导体/SEMI_WFF_2026_1Q.xlsx,Company Detail,http://www.canon.com
Canon - Kawasaki new 12inch R&D Fab,,研发中试工厂,"Canon 的 Kawasaki new 12inch R&D Fab，位于 Kawasaki, Kanagawa, 日本。",6507,研发,In production,Kawasaki,Kanagawa,日本,日本,日本,"70-1, Yanagicho, Saiwai-ku,",http://www.canon.com,Opto/Image Sensors,Opto,,CMOS,0.04,12,1000,2250,,,,2024,2022,2024,2024,/Users/simon/Documents/Simon-OB/本体论/base/半导体/SEMI_WFF_2026_1Q.xlsx,Company Detail,http://www.canon.com
Central Vocational Training Center (CVTC) - Fab 1,,研发中试工厂,"Central Vocational Training Center (CVTC) 的 Fab 1，位于 Taichung, Central Taiwan, 中国台湾。",2142,研发,In production,Taichung,Central Taiwan,中国台湾,中国台湾,亚太,"No.100, Gongyecyu 1st Rd., Situn District",http://www.cvtc.gov.tw/,研发,Other,,CMOS,0.18,8,50,50,,10000,,2003,2002,2003,2003,/Users/simon/Documents/Simon-OB/本体论/base/半导体/SEMI_WFF_2026_1Q.xlsx,Company Detail,http://www.cvtc.gov.tw/
China Electronics Technology Group Corporation (CETC) - 13th Research Institute,,研发中试工厂,"China Electronics Technology Group Corporation (CETC) 的 13th Research Institute，位于 Shijiazhuang, Hebei, 中国。",3794,研发，中试线,In production,Shijiazhuang,Hebei,中国,中国,亚太,"113, Hezuo rd,",http://www.cetc.com.cn/,MEMS,MEMS,MEMS: SOI MEMS,"SOI, MEMS",1,6,1000,562.5,,,,2010,,2010,2010,/Users/simon/Documents/Simon-OB/本体论/base/半导体/SEMI_WFF_2026_1Q.xlsx,Company Detail,http://www.cetc.com.cn/
CrayoNano AS - CrayoNano,,研发中试工厂,"CrayoNano AS 的 CrayoNano，位于 Trondheim, Trøndelag, Norway。",3787,研发,In production,Trondheim,Trøndelag,Norway,Europe & Mideast,欧洲,"Otto Nielsens veg 12, 7052",,光电器件/LED,Opto,"UV LED, III-V nanowires grown on graphene","III-V, AlGaN, Graphene",2,2,500,31.25,,,,2014,2013,2014,2014,/Users/simon/Documents/Simon-OB/本体论/base/半导体/SEMI_WFF_2026_1Q.xlsx,Company Detail,file:///Users/simon/Documents/Simon-OB/%E6%9C%AC%E4%BD%93%E8%AE%BA/base/%E5%8D%8A%E5%AF%BC%E4%BD%93/SEMI_WFF_2026_1Q.xlsx
Denso Corporation - Denso Research,,研发中试工厂,"Denso Corporation 的 Denso Research，位于 Nisshin, Aichi, 日本。",2176,研发,In production,Nisshin,Aichi,日本,日本,日本,"500-1, Minamiyama, Komenoki-cho",http://www.globaldenso.com/en/,Logic/Other,Logic&Micro,"R&D(semiconductors, information and communications systems)","CMOS, BiCMOS",0.13,6,500,281.25,,,,1991,2011,2012,2012,/Users/simon/Documents/Simon-OB/本体论/base/半导体/SEMI_WFF_2026_1Q.xlsx,Company Detail,http://www.globaldenso.com/en/
ERSO - N/A,,研发中试工厂,"ERSO 的 N/A，位于 Hsinchu, Northern Taiwan, 中国台湾。",1772,研发,in production,Hsinchu,Northern Taiwan,中国台湾,中国台湾,亚太,195 Chung Hsing Rd. Sec.4 Chu Tung,,研发,Other,"R&D MRAM, MRAM production at TSMC. R&D (Cu process)","CMOS, Cu , MRAM",0.18,8,12000,12000,,,,1996,1994,1996,1996,/Users/simon/Documents/Simon-OB/本体论/base/半导体/SEMI_WFF_2026_1Q.xlsx,Company Detail,file:///Users/simon/Documents/Simon-OB/%E6%9C%AC%E4%BD%93%E8%AE%BA/base/%E5%8D%8A%E5%AF%BC%E4%BD%93/SEMI_WFF_2026_1Q.xlsx
ETRI - Compound/R&D,,研发中试工厂,"ETRI 的 Compound/R&D，位于 Daejeon, Daejeon, 韩国。",153,研发,in production,Daejeon,Daejeon,韩国,韩国,亚太,"218 Gajeong-ro, Yuseong-gu",http://www.etri.re.kr/eng/,研发,Other,"DRAM, Application Specific IC, III-V: GaAs","CMOS, III-V: GaAs",0.5,6,1000,562.5,,100,,1981,1980,1981,1981,/Users/simon/Documents/Simon-OB/本体论/base/半导体/SEMI_WFF_2026_1Q.xlsx,Company Detail,http://www.etri.re.kr/eng/
Ferdinand-Braun-Institut fur Hochfrequenztechnik - FBH,,研发中试工厂,"Ferdinand-Braun-Institut fur Hochfrequenztechnik 的 FBH，位于 Berlin, Berlin, 德国。",2823,研发,In production,Berlin,Berlin,德国,Europe & Mideast,欧洲,Gustav-Kirchhoff Str. 4,www.fbh-berlin.com,研发,Other,"Laser diodes, microwave diodes, EPI","GaAs, GaN, Si SiC, glass and other",0.25,4,250,62.5,8600,,,1995,1993,1994,1995,/Users/simon/Documents/Simon-OB/本体论/base/半导体/SEMI_WFF_2026_1Q.xlsx,Company Detail,file:///Users/simon/Documents/Simon-OB/%E6%9C%AC%E4%BD%93%E8%AE%BA/base/%E5%8D%8A%E5%AF%BC%E4%BD%93/output/semiconductor_ontology.json
FLCT Communication Technology - Fab 1 (Pilot and R&D),,研发中试工厂,"FLCT Communication Technology 的 Fab 1 (Pilot and R&D)，位于 Guangzhou, Guangdong, 中国。",6647,研发，中试线,In production,Guangzhou,Guangdong,中国,中国,亚太,"Floors 1-3, Building 1, Jingguang Collaborative Innovation",https://www.sabaw.cn/sy,Discrete/Rectifier,Discrete,,BAW,0.5,6,3000,1687.5,,,,2022,2021,2022,2022,/Users/simon/Documents/Simon-OB/本体论/base/半导体/SEMI_WFF_2026_1Q.xlsx,Company Detail,https://www.sabaw.cn/sy
Fluke Corporation - N/A,,研发中试工厂,"Fluke Corporation 的 N/A，位于 Everett, Washington, 美国。",433,研发，中试线,in production,Everett,Washington,美国,美洲,NA,"6920 Seaway Blvd, P.O. Box 9090",http://www.fluke.com,R&D-Pilot,Other,ASIC,CMOS BiCMOS,2,4,1400,350,9500,10,,1981,1979,1981,1981,/Users/simon/Documents/Simon-OB/本体论/base/半导体/SEMI_WFF_2026_1Q.xlsx,Company Detail,http://www.fluke.com
Fraunhofer FEP/COMEDD - OLED ORR (Building 3) Fraunhofer,,研发中试工厂,"Fraunhofer FEP/COMEDD 的 OLED ORR (Building 3) Fraunhofer，位于 Dresden, Saxony, 德国。",3807,研发，中试线,In production,Dresden,Saxony,德国,Europe & Mideast,欧洲,Maria-Recihe Str 2,http://www.comedd.fraunhofer.de/en.html,光电器件/激光器及其他,Opto,"OLED lighting (OLED - organic light-emitting diodes), organic solar cells, OLED microdisplays, optical sensors, integrated circuits, organic materials and microsystems.",OLED,2,6,500,281.25,,,,1990,,2008,2008,/Users/simon/Documents/Simon-OB/本体论/base/半导体/SEMI_WFF_2026_1Q.xlsx,Company Detail,http://www.comedd.fraunhofer.de/en.html
Fraunhofer Institute for Applied Solid State Physics IAF - GaAs/GaN lab Fraunhofer,,研发中试工厂,"Fraunhofer Institute for Applied Solid State Physics IAF 的 GaAs/GaN lab Fraunhofer，位于 Freiburg, Baden-Württemberg, 德国。",3903,研发,In production,Freiburg,Baden-Württemberg,德国,Europe & Mideast,欧洲,Tullastrasse 72,https://www.iaf.fraunhofer.de/en.html,研发,Other,"Optoelectronics, III-V, GaN (3-inch), GaAs (4-inch)","Optoelectronics, III-V, GaN (3-inch), GaAs (4-inch)",20,4,170,42.5,8611,,,1980,1977,1979,1979,/Users/simon/Documents/Simon-OB/本体论/base/半导体/SEMI_WFF_2026_1Q.xlsx,Company Detail,https://www.iaf.fraunhofer.de/en.html
Fraunhofer Institute for Integrated Systems and Device Technology - FhG (IISB) Fraunhofer,,研发中试工厂,"Fraunhofer Institute for Integrated Systems and Device Technology 的 FhG (IISB) Fraunhofer，位于 Erlangen, Bavaria, 德国。",3527,研发,In production,Erlangen,Bavaria,德国,Europe & Mideast,欧洲,Schottkystrasse 10,www.iisb.fraunhofer.de,研发,Other,platform for equipment suppliers to test their equipment in a cleanroom environment,"CMOS, III-V",,8,,,5651,3,50860,1995,1993,1995,1995,/Users/simon/Documents/Simon-OB/本体论/base/半导体/SEMI_WFF_2026_1Q.xlsx,Company Detail,file:///Users/simon/Documents/Simon-OB/%E6%9C%AC%E4%BD%93%E8%AE%BA/base/%E5%8D%8A%E5%AF%BC%E4%BD%93/output/semiconductor_ontology.json
Fraunhofer Institute for Integrated Systems and Device Technology - LEB Fraunhofer,,研发中试工厂,"Fraunhofer Institute for Integrated Systems and Device Technology 的 LEB Fraunhofer，位于 Erlangen, Bavaria, 德国。",3528,研发,In production,Erlangen,Bavaria,德国,Europe & Mideast,欧洲,Schottkystrasse 10,www.iisb.fraunhofer.de,研发,Other,focus is mainly on power electronics and MEMS technology,"CMOS, SiC, III-V",0.8,8,200,200,10764,4,18299,1992,1990,1992,1992,/Users/simon/Documents/Simon-OB/本体论/base/半导体/SEMI_WFF_2026_1Q.xlsx,Company Detail,file:///Users/simon/Documents/Simon-OB/%E6%9C%AC%E4%BD%93%E8%AE%BA/base/%E5%8D%8A%E5%AF%BC%E4%BD%93/output/semiconductor_ontology.json
Fraunhofer Institute for Microelectronic Circuits and Systems - CMOS Factory Fraunhofer,,研发中试工厂,"Fraunhofer Institute for Microelectronic Circuits and Systems 的 CMOS Factory Fraunhofer，位于 Duisburg, Nordrhein-Westfalen, 德国。",3900,研发，中试线,In production,Duisburg,Nordrhein-Westfalen,德国,Europe & Mideast,欧洲,Finkenstr.61,https://www.ims.fraunhofer.de,Analog&Mixed Signal,Analog,mixed signal circuits for Application Specific ICs ; circuits in the area of sensors and sensor readout for industrial applications.,"CMOS,",0.35,8,5800,5800,14000,10,,1985,1983,1985,1985,/Users/simon/Documents/Simon-OB/本体论/base/半导体/SEMI_WFF_2026_1Q.xlsx,Company Detail,https://www.ims.fraunhofer.de
Fraunhofer Institute for Microelectronic Circuits and Systems - MST Lab: Microsystems Technology Lab&Fab Fraunhofer,,研发中试工厂,"Fraunhofer Institute for Microelectronic Circuits and Systems 的 MST Lab: Microsystems Technology Lab&Fab Fraunhofer，位于 Duisburg, Nordrhein-Westfalen, 德国。",3901,研发,In production,Duisburg,Nordrhein-Westfalen,德国,Europe & Mideast,欧洲,Finkenstrasse 61,https://www.ims.fraunhofer.de,MEMS,MEMS,MEMS: post-processing on CMOS to develop production processes and complete intelligent microsystems for our customers.,"CMOS, MEMS",0.35,8,420,420,6458,10,,2009,2007,2009,2009,/Users/simon/Documents/Simon-OB/本体论/base/半导体/SEMI_WFF_2026_1Q.xlsx,Company Detail,https://www.ims.fraunhofer.de
Fraunhofer Institute for Photonic Microsystems IPMS - Center Nanoelectronics Technologies (CNT),,研发中试工厂,"Fraunhofer Institute for Photonic Microsystems IPMS 的 Center Nanoelectronics Technologies (CNT)，位于 Dresden, Saxony, 德国。",6198,研发，中试线,In production,Dresden,Saxony,德国,Europe & Mideast,欧洲,An der Bartlake 5,www.ipms.fraunhofer.de,R&D-Pilot,Other,"Nanotechnology and High-K Devices:  Non-Volatile Memories (NVM): FRAM, RRAM, STT-MRAM, FeFET, Flash; Low Power CMOS; Sensor MEMS 300 mm, On-Chip Power Plant","CMOS, Low Power CMOS, Non-Volatile Memories (NVM): Sensor MEMS' High-K (HfO2, ZrO2, Ta2O5)",0.028,12,2000,4500,8610,6,,2020,2020,2020,2020,/Users/simon/Documents/Simon-OB/本体论/base/半导体/SEMI_WFF_2026_1Q.xlsx,Company Detail,file:///Users/simon/Documents/Simon-OB/%E6%9C%AC%E4%BD%93%E8%AE%BA/base/%E5%8D%8A%E5%AF%BC%E4%BD%93/output/semiconductor_ontology.json
Fudan University - School of Microelectronics - IC Process Lab,,研发中试工厂,"Fudan University - School of Microelectronics 的 IC Process Lab，位于 Shanghai, Shanghai, 中国。",167,研发,in production,Shanghai,Shanghai,中国,中国,亚太,"220 Handan Road, Handan Campus",http://sme.fudan.edu.cn/en/about/index.htm,研发,Other,Logic,MOS,0.5,4,4000,1000,5382,100,35521,1995,1993,1995,1995,/Users/simon/Documents/Simon-OB/本体论/base/半导体/SEMI_WFF_2026_1Q.xlsx,Company Detail,http://sme.fudan.edu.cn/en/about/index.htm
Fuji Electric - Development Center,,研发中试工厂,"Fuji Electric 的 Development Center，位于 Matsumoto, Nagano, 日本。",3815,研发，中试线,In production,Matsumoto,Nagano,日本,日本,日本,"18-1, Tsukama 4-chome",http://www.fujielectric.co.jp/eng/fdt/,Discrete/Power,Discrete,Using SiC,"SiC, EPI",0.15,8,1500,1500,,,,2015,2014,2015,2015,/Users/simon/Documents/Simon-OB/本体论/base/半导体/SEMI_WFF_2026_1Q.xlsx,Company Detail,http://www.fujielectric.co.jp/eng/fdt/
Fujian Sunwise - Sunwise Fab1 (R&D),,研发中试工厂,"Fujian Sunwise 的 Sunwise Fab1 (R&D)，位于 Longyan, Fujian, 中国。",6566,研发,In production,Longyan,Fujian,中国,中国,亚太,"No. 8 Yanjiang North Road, Industrial Zone, Huangzhu Village, Lincheng Town, Shanghang County",,研发,Other,,GaN,,2,3000,187.5,,,,2022,2021,2022,2022,/Users/simon/Documents/Simon-OB/本体论/base/半导体/SEMI_WFF_2026_1Q.xlsx,Company Detail,file:///Users/simon/Documents/Simon-OB/%E6%9C%AC%E4%BD%93%E8%AE%BA/base/%E5%8D%8A%E5%AF%BC%E4%BD%93/SEMI_WFF_2026_1Q.xlsx
GE - Research - Microfabrication (VLSI + PSF) (was VLSI),,研发中试工厂,"GE - Research 的 Microfabrication (VLSI + PSF) (was VLSI)，位于 Schenectady, New York, 美国。",204,研发,In production-merged,Schenectady,New York,美国,美洲,NA,1 Old River Rd,,MEMS/R&D,MEMS,"Wide Bandgap devices, MEMS and Packaging, smart power, custom CID (Charge Injection Device ) Imagers LCD Hi-Density Interconnect","CMOS, MEMS",1.25,4,2240,560,18000,100,,1983,1981,1983,1983,/Users/simon/Documents/Simon-OB/本体论/base/半导体/SEMI_WFF_2026_1Q.xlsx,Company Detail,file:///Users/simon/Documents/Simon-OB/%E6%9C%AC%E4%BD%93%E8%AE%BA/base/%E5%8D%8A%E5%AF%BC%E4%BD%93/SEMI_WFF_2026_1Q.xlsx
GE - Research - GE Research Microfabrication,,研发中试工厂,"GE - Research 的 GE Research Microfabrication，位于 Niskayuna, New York, 美国。",5130,研发,In production,Niskayuna,New York,美国,美洲,NA,One Research Circle,,MEMS/R&D,MEMS,"MEMS (Si-based pressure sensors, Si-based inertial sensors, RF MEMS Switches, Humidity Sensors), SiC Mosfets,, SiC Photodiodes, LED, Wide Bandgap Semiconductors, Advanced Packaging","MEMS, LED, Si ,SiC, Glass, fused Silica, metall alloys",1,4,2400,600,28000,100,,1995,1993,1995,1995,/Users/simon/Documents/Simon-OB/本体论/base/半导体/SEMI_WFF_2026_1Q.xlsx,Company Detail,file:///Users/simon/Documents/Simon-OB/%E6%9C%AC%E4%BD%93%E8%AE%BA/base/%E5%8D%8A%E5%AF%BC%E4%BD%93/SEMI_WFF_2026_1Q.xlsx
Glo AB - n/a,,研发中试工厂,"Glo AB 的 n/a，位于 Lund, Scania, 瑞典。",3519,研发,In production,Lund,Scania,瑞典,Europe & Mideast,欧洲,"Scheelevägen 17, Betahuset 6",http://www.glo.se/,光电器件/LED,Opto,Planar LED,,2,2,1000,62.5,,,,2006,2005,2006,2006,/Users/simon/Documents/Simon-OB/本体论/base/半导体/SEMI_WFF_2026_1Q.xlsx,Company Detail,http://www.glo.se/
GTA Semiconductor - SiC Line,,研发中试工厂,"GTA Semiconductor 的 SiC Line，位于 Shanghai, Shanghai, 中国。",6277,研发，中试线,1st silicon,Shanghai,Shanghai,中国,中国,亚太,Lingang Industrial Zone,http://www.gtasemi.com.cn/,代工/功率,Discrete,"Power semiconductors, IGBT, MOSFET, SiC","JBS, MOSFET, SiC",0.35,6,30000,16875,,,,2020,,2020,2020,/Users/simon/Documents/Simon-OB/本体论/base/半导体/SEMI_WFF_2026_1Q.xlsx,Company Detail,http://www.gtasemi.com.cn/
GTA Semiconductor - Fab 6 (300mm),,研发中试工厂,"GTA Semiconductor 的 Fab 6 (300mm)，位于 Shanghai, Shanghai, 中国。",6278,研发，中试线,In production,Shanghai,Shanghai,中国,中国,亚太,Lingang Industrial Zone,http://www.gtasemi.com.cn/,代工/模拟与混合信号与功率,Analog,"Analog/Mixed Signal, MCU, CIS",,0.065,12,3000,6750,,,,2021,2020,2021,2021,/Users/simon/Documents/Simon-OB/本体论/base/半导体/SEMI_WFF_2026_1Q.xlsx,Company Detail,http://www.gtasemi.com.cn/
Guangdong Institute of Semiconductor Micro-Nano Manufacturing Technology - Fab 1,,研发中试工厂,"Guangdong Institute of Semiconductor Micro-Nano Manufacturing Technology 的 Fab 1，位于 Foshan, Guangdong, 中国。",6599,研发，中试线,In production,Foshan,Guangdong,中国,中国,亚太,"Taoyuan Road, Shishan Town, Nanhai District",http://www.sinanogd.ac.cn/,研发,Other,,"GaN, Si",0.13,8,5000,5000,365972,,,2025,2023,2024,2025,/Users/simon/Documents/Simon-OB/本体论/base/半导体/SEMI_WFF_2026_1Q.xlsx,Company Detail,http://www.sinanogd.ac.cn/
Guanzhou Compound Innovation Center - Guanzhou Compound Innvation Center,,研发中试工厂,"Guanzhou Compound Innovation Center 的 Guanzhou Compound Innvation Center，位于 Guangzhou, Guangdong, 中国。",6574,研发，中试线,In production,Guangzhou,Guangdong,中国,中国,亚太,"Building H6, Aoyuan Square, Huangpu District",,研发,Other,,,0.35,8,2000,2000,,,,2024,2023,2024,2024,/Users/simon/Documents/Simon-OB/本体论/base/半导体/SEMI_WFF_2026_1Q.xlsx,Company Detail,file:///Users/simon/Documents/Simon-OB/%E6%9C%AC%E4%BD%93%E8%AE%BA/base/%E5%8D%8A%E5%AF%BC%E4%BD%93/SEMI_WFF_2026_1Q.xlsx
Hitachi Power Device - Rinkai Works,,研发中试工厂,"Hitachi Power Device 的 Rinkai Works，位于 Hitachi, Ibaraki, 日本。",268,研发，中试线,in production,Hitachi,Ibaraki,日本,日本,日本,"2-2, Omika-cho 5-chome",http://www.hitachi-power-semiconductor-device.co.jp/en/,Discrete/Power,Discrete,"Power, High-voltage ICs and IGBTs",Bipolar MOS,1,6,6000,3375,23000,,,1980,1979,1980,1980,/Users/simon/Documents/Simon-OB/本体论/base/半导体/SEMI_WFF_2026_1Q.xlsx,Company Detail,http://www.hitachi-power-semiconductor-device.co.jp/en/
Honda - Honda R&D Center,,研发中试工厂,"Honda 的 Honda R&D Center，位于 Haga, Tochigi, 日本。",307,研发，中试线,in production,Haga,Tochigi,日本,日本,日本,"4630, Oaza Shimo-Takanezawa",,Pilot,Other,"devices for automotive, engenineering control sensors MMIC, GaAs",GaAs,0.8,4,3000,750,,,,1990,1988,1990,1990,/Users/simon/Documents/Simon-OB/本体论/base/半导体/SEMI_WFF_2026_1Q.xlsx,Company Detail,file:///Users/simon/Documents/Simon-OB/%E6%9C%AC%E4%BD%93%E8%AE%BA/base/%E5%8D%8A%E5%AF%BC%E4%BD%93/SEMI_WFF_2026_1Q.xlsx
Honeywell Incorporated - 研发,,研发中试工厂,"Honeywell Incorporated 的 研发，位于 Plymouth, Minnesota, 美国。",2247,研发,In production,Plymouth,Minnesota,美国,美洲,NA,12001 Highway 55,http://www.honeywell.com,Discrete/Other,Discrete,,"rad-hard CMOS, SOI, Bipolar",0.15,4,400,100,,,,1984,1983,1984,1984,/Users/simon/Documents/Simon-OB/本体论/base/半导体/SEMI_WFF_2026_1Q.xlsx,Company Detail,http://www.honeywell.com
HRL Laboratories - High Speed Circuits Laboratory,,研发中试工厂,"HRL Laboratories 的 High Speed Circuits Laboratory，位于 Malibu, California, 美国。",325,研发,in production,Malibu,California,美国,美洲,NA,3011 Malibu Canyon Road,http://www.hrl.com,代工/研发,Other,GaN MMIC Foundry Service;  FET MMIC Digital IC,"GaAs, InP, III-V, GaN",0.2,3,500,70.3125,10000,10,250000,1988,1986,1999,1999,/Users/simon/Documents/Simon-OB/本体论/base/半导体/SEMI_WFF_2026_1Q.xlsx,Company Detail,http://www.hrl.com
Huawei - Wuhan HiSilicon fab,,研发中试工厂,"Huawei 的 Wuhan HiSilicon fab，位于 Wuhan, Hubei, 中国。",6181,研发，中试线,In production,Wuhan,Hubei,中国,中国,亚太,"Gao Xin Avenue (or Gaoxin Avenue), Wuhan East Lake High-tech Development Zone",www.huawei.com,Opto/Image Sensors,Opto,Optical chips,,0.04,12,2000,4500,,,,2022,2020,2021,2022,/Users/simon/Documents/Simon-OB/本体论/base/半导体/SEMI_WFF_2026_1Q.xlsx,Company Detail,file:///Users/simon/Documents/Simon-OB/%E6%9C%AC%E4%BD%93%E8%AE%BA/base/%E5%8D%8A%E5%AF%BC%E4%BD%93/output/semiconductor_ontology.json
HYPRES - N/A,,研发中试工厂,"HYPRES 的 N/A，位于 Elmsford, New York, 美国。",1680,Pilot,in production,Elmsford,New York,美国,美洲,NA,175 Clearbook Road,http://www.hypres.com,Foundry/IDM/Analog&Power,Analog,Foundry; IC technology and foundry service for digital superconductive electronics,"Nb, CMOS, Logic, Discrete, Analog",1,6,1000,562.5,,100,14600,1983,1981,1983,1983,/Users/simon/Documents/Simon-OB/本体论/base/半导体/SEMI_WFF_2026_1Q.xlsx,Company Detail,http://www.hypres.com
IBM Microelectronics - Nanotech Lab Zurich,,研发中试工厂,"IBM Microelectronics 的 Nanotech Lab Zurich，位于 Rüschlikon, Zürich, 瑞士。",3141,研发,In production,Rüschlikon,Zürich,瑞士,Europe & Mideast,欧洲,Säumerstrasse 4,http://www.chips.IBM.com,研发,Other,,CMOS,0.045,6,200,112.5,9688,,64583,2011,2009,2011,2011,/Users/simon/Documents/Simon-OB/本体论/base/半导体/SEMI_WFF_2026_1Q.xlsx,Company Detail,http://www.chips.IBM.com
IBM Microelectronics - The Watson Research Center,,研发中试工厂,"IBM Microelectronics 的 The Watson Research Center，位于 Yorktown Heights, New York, 美国。",363,研发,in production,Yorktown Heights,New York,美国,美洲,NA,"Route 134 Kitchewan Road 1101 Kitchawan Road, Route 134",http://www.chips.IBM.com,研发,Other,IT hardware (semiconductors and systems technology); software,"CMOS, MRAM, III-V: strained Si",0.011,8,500,500,25000,1,,1961,,1996,1997,/Users/simon/Documents/Simon-OB/本体论/base/半导体/SEMI_WFF_2026_1Q.xlsx,Company Detail,http://www.chips.IBM.com
IHP GmbH - IHP Fraunhofer,,研发中试工厂,"IHP GmbH 的 IHP Fraunhofer，位于 Frankfurt, Hessen, 德国。",1722,研发,In production,Frankfurt,Hessen,德国,Europe & Mideast,欧洲,Im Technologiepark 25,http://www.ihp-microelectronics.com/,研发,Other,"MEMS, Foundry, Prototyping service, fiber optic circuits, broadband and high-frequency circuits","SiGe, BiCMOS",0.13,8,2000,2000,10764,1,64584,2000,1999,1999,2000,/Users/simon/Documents/Simon-OB/本体论/base/半导体/SEMI_WFF_2026_1Q.xlsx,Company Detail,http://www.ihp-microelectronics.com/
III-V Lab - Marcoussis lab,,研发中试工厂,"III-V Lab 的 Marcoussis lab，位于 Paris, Île-de-France, 法国。",3488,研发，中试线,In production,Paris,Île-de-France,法国,Europe & Mideast,欧洲,Route de Nozay F-91461 Marcoussis Cedex,http://www.3-5lab.fr/,光电器件/激光器及其他,Opto,"Laser diodes, Optical amplifiers, Photodiodes, InP HBTs, GaN for Power and Microwave, III-V epitaxy","GaAs, InP, GaSb, Si, SiC, GaN",0.8,4,500,125,22000,1000,,2005,2004,2005,2005,/Users/simon/Documents/Simon-OB/本体论/base/半导体/SEMI_WFF_2026_1Q.xlsx,Company Detail,http://www.3-5lab.fr/
III-V Lab - Palaiseau lab,,研发中试工厂,"III-V Lab 的 Palaiseau lab，位于 Paris, Île-de-France, 法国。",3489,研发，中试线,In production,Paris,Île-de-France,法国,Europe & Mideast,欧洲,"1, avenue Augustin Fresnel , RD128_x000D_
F-91767 Palaiseau Cedex",http://www.3-5lab.fr/,光电器件/激光器及其他,Opto,"Laser diodes, Optical amplifiers, Photodiodes, InP HBTs, GaN for Power and Microwave, III-V epitaxy","GaAs, InP, GaSb, Si, SiC, GaN",0.8,4,500,125,22000,1000,,2005,2004,2005,2005,/Users/simon/Documents/Simon-OB/本体论/base/半导体/SEMI_WFF_2026_1Q.xlsx,Company Detail,http://www.3-5lab.fr/
IMEC - 300mm: Fab 3 (was 450mm pilot),,研发中试工厂,"IMEC 的 300mm: Fab 3 (was 450mm pilot)，位于 Leuven, Flemish Brabant, 比利时。",3441,研发,In production,Leuven,Flemish Brabant,比利时,Europe & Mideast,欧洲,Kapeldreff 75,https://www.imec-int.com/en,代工/研发,Other,R&D,CMOS,0.002,12,2500,5625,43056,100,,2016,2014,2016,2016,/Users/simon/Documents/Simon-OB/本体论/base/半导体/SEMI_WFF_2026_1Q.xlsx,Company Detail,https://www.imec-int.com/en
IMEC - 200mm: Fab 1 (Silicon Pilot Line),,研发中试工厂,"IMEC 的 200mm: Fab 1 (Silicon Pilot Line)，位于 Leuven, Flemish Brabant, 比利时。",374,研发,in production,Leuven,Flemish Brabant,比利时,Europe & Mideast,欧洲,"Kapeldreff 75, B-3001",https://www.imec-int.com/en,代工/研发,Other,"Foundry; Optical Lithography, Advanced Logic DRAM WLAN, SiGe-based BiCMOS, MEMS, LED; Photonics, Fluidics, Genomics.","CMOS, Cu, SBT, High-K,BICMOS, SiGe, Bipolar, GaN, SiN",0.13,8,500,500,18837,1,55972,1984,1982,1984,1984,/Users/simon/Documents/Simon-OB/本体论/base/半导体/SEMI_WFF_2026_1Q.xlsx,Company Detail,https://www.imec-int.com/en
IMEC - 300mm: Fab 2 + Fab 2-300mm extension (Nanoelectronics Lab),,研发中试工厂,"IMEC 的 300mm: Fab 2 + Fab 2-300mm extension (Nanoelectronics Lab)，位于 Leuven, Flemish Brabant, 比利时。",1960,研发,In production-merged,Leuven,Flemish Brabant,比利时,Europe & Mideast,欧洲,Kapeldreff 75,https://www.imec-int.com/en,代工/研发,Other,"Foundry; Lithography, Advanced Process Research","Logic, CMOS",0.005,12,2000,4500,36598,1,58126,2005,2003,2005,2005,/Users/simon/Documents/Simon-OB/本体论/base/半导体/SEMI_WFF_2026_1Q.xlsx,Company Detail,https://www.imec-int.com/en
IMEC - 300mm: Fab 4 (sub-1nm pilot),,研发中试工厂,"IMEC 的 300mm: Fab 4 (sub-1nm pilot)，位于 Leuven, Flemish Brabant, 比利时。",6564,研发，中试线,Announced,Leuven,Flemish Brabant,比利时,Europe & Mideast,欧洲,Kapeldreff 75,https://www.imec-int.com/en,代工/研发,Other,pilot line for sub-1nm development,,0.001,12,1500,3375,43055,,,2029,2026,2029,2029,/Users/simon/Documents/Simon-OB/本体论/base/半导体/SEMI_WFF_2026_1Q.xlsx,Company Detail,https://www.imec-int.com/en
IMEC - 300mm: Fab 5 (Chip Innovation Centre),,研发中试工厂,"IMEC 的 300mm: Fab 5 (Chip Innovation Centre)，位于 Campanillas (Malaga), Malaga, 西班牙。",6676,研发，中试线,Planned,Campanillas (Malaga),Malaga,西班牙,Europe & Mideast,欧洲,C. Marie Curie 35,https://www.imec-int.com/en,代工/研发,Other,"Specialized chip technologies (like photonics, advanced sensing, and non-standard processes). application-rich domains, such as healthcare and AR/VR",MEMS,0.007,12,2000,4500,21527,,,2029,2026,2029,2029,/Users/simon/Documents/Simon-OB/本体论/base/半导体/SEMI_WFF_2026_1Q.xlsx,Company Detail,https://www.imec-int.com/en
IMEC - 300mm: NanoIC Pilot Line,,研发中试工厂,"IMEC 的 300mm: NanoIC Pilot Line，位于 Leuven, Flemish Brabant, 比利时。",6694,研发，中试线,Equipping,Leuven,Flemish Brabant,比利时,Europe & Mideast,欧洲,Kapeldreff 75,https://www.imec-int.com/en,代工/研发,Other,"development and maturation of selected advanced logic, memory, and interconnect technologies. NanoIC pilot line provides early access to advanced process design kits (PDKs)",,0.0014,12,1500,3375,,,,2026,2024,2026,2026,/Users/simon/Documents/Simon-OB/本体论/base/半导体/SEMI_WFF_2026_1Q.xlsx,Company Detail,https://www.imec-int.com/en
Infineon - Villach 300mm thin wafer pilot,,研发中试工厂,"Infineon 的 Villach 300mm thin wafer pilot，位于 Villach, Kärnten, 奥地利。",3337,"R&D, Pilot/Split",In production,Villach,Kärnten,奥地利,Europe & Mideast,欧洲,Siemensstraße 2,http://www.infineon.com,Discrete/Power,Discrete,"thin wafer:  300mm power GaN, MOSFET (CoolMOS and OptiMOS), IGBT, High Voltage IGBTand discrete IGBT (in 2014), Power 300 (for 30mm thin wafer), Discrete Power","thin wafer, Al, GaN, MOSFET (CoolMOS and OptiMOS), IGBT and High Voltage IGBT (in 2014), Power 300 (for 30mm thin wafer), Discrete Power",0.13,12,11000,24750,,,,2011,2010,2011,2012,/Users/simon/Documents/Simon-OB/本体论/base/半导体/SEMI_WFF_2026_1Q.xlsx,Company Detail,http://www.infineon.com
Infineon - Villach Building 17a and 17b (part of Pilot 4.0),,研发中试工厂,"Infineon 的 Villach Building 17a and 17b (part of Pilot 4.0)，位于 Villach, Kärnten, 奥地利。",3826,研发，中试线,In production,Villach,Kärnten,奥地利,Europe & Mideast,欧洲,"Siemensstrasse 2, Postfach 173",http://www.infineon.com,Analog/Power,Analog,power devices,"thin wafer, Al, MOSFET (low-voltage OptiMOS), CoolMOS,  IGBT, IGBT (in 2014), Power 300 (for 30mm thin wafer), Discrete Power, MEMS",0.13,8,2000,2000,19375,,182988,2016,2014,2016,2016,/Users/simon/Documents/Simon-OB/本体论/base/半导体/SEMI_WFF_2026_1Q.xlsx,Company Detail,http://www.infineon.com
Infineon - Building 38 - 200mm Line (was Prototype fab with Fraunhofer),,研发中试工厂,"Infineon 的 Building 38 - 200mm Line (was Prototype fab with Fraunhofer)，位于 Dresden, Saxony, 德国。",6521,研发,In production,Dresden,Saxony,德国,Europe & Mideast,欧洲,Koenigsbruecker Strasse 180,http://www.infineon.com,Logic/Other,Logic&Micro,prototyping for copper-based logic chips,"CMOS, CU",0.13,8,500,500,29063,1000,,2020,2020,2020,2020,/Users/simon/Documents/Simon-OB/本体论/base/半导体/SEMI_WFF_2026_1Q.xlsx,Company Detail,http://www.infineon.com
Infineon - Building 47 - 200mm Line (was Screening fab Fraunhofer IPMS),,研发中试工厂,"Infineon 的 Building 47 - 200mm Line (was Screening fab Fraunhofer IPMS)，位于 Dresden, Saxony, 德国。",6522,研发,In production,Dresden,Saxony,德国,Europe & Mideast,欧洲,Koenigsbruecker Strasse 180,http://www.infineon.com,研发,Other,"Nanotechnology, Nanopatterning, High-k Devices and Interconnects","Cu, High-K, Low-K, EPI (SiGe, Poly-Si, a-Si),",0.13,8,2000,2000,8611,1000,,2020,2020,2020,2020,/Users/simon/Documents/Simon-OB/本体论/base/半导体/SEMI_WFF_2026_1Q.xlsx,Company Detail,http://www.infineon.com
InnoScience Inc. - Zhuhai R&D center,,研发中试工厂,"InnoScience Inc. 的 Zhuhai R&D center，位于 Zhuhai, Guangdong, 中国。",4954,研发，中试线,In production,Zhuhai,Guangdong,中国,中国,亚太,"No. 39, Jinyuan 2nd Road, High-tech Zone",http://www.innoscience.com/,Discrete/Power,Discrete,Silicon-based GaN power devices,GaN,0.25,8,12000,12000,37700,10,183600,2017,2016,2017,2017,/Users/simon/Documents/Simon-OB/本体论/base/半导体/SEMI_WFF_2026_1Q.xlsx,Company Detail,http://www.innoscience.com/
Institute of Microelectronics - Chernogolovka,,研发中试工厂,"Institute of Microelectronics 的 Chernogolovka，位于 Chernogolovka, Moscow Oblast, 俄罗斯。",381,研发,in production,Chernogolovka,Moscow Oblast,俄罗斯,Europe & Mideast,欧洲,"6, Institutskaya Street",http://www.ipmt-hpm.ac.ru/about/index.en.html,研发,Other,N/A,N/A,2,2,500,31.25,,,,1962,1961,1962,1962,/Users/simon/Documents/Simon-OB/本体论/base/半导体/SEMI_WFF_2026_1Q.xlsx,Company Detail,http://www.ipmt-hpm.ac.ru/about/index.en.html
Institute of Microelectronics - Yaroslavl,,研发中试工厂,"Institute of Microelectronics 的 Yaroslavl，位于 Yaroslavl, Yaroslavl Oblast, 俄罗斯。",382,研发,in production,Yaroslavl,Yaroslavl Oblast,俄罗斯,Europe & Mideast,欧洲,"Universitetskaya Street, 21",http://www.ipmt-hpm.ac.ru/about/index.en.html,研发,Other,N/A,N/A,2,2,500,31.25,,,,1963,1961,1962,1963,/Users/simon/Documents/Simon-OB/本体论/base/半导体/SEMI_WFF_2026_1Q.xlsx,Company Detail,http://www.ipmt-hpm.ac.ru/about/index.en.html
Institute of Science & Technology - N/A,,研发中试工厂,"Institute of Science & Technology 的 N/A，位于 Trento, Trento, 意大利。",384,Pilot,in production,Trento,Trento,意大利,Europe & Mideast,欧洲,Via Sommarive 14,,Pilot,Other,CCD image sensors,CMOS,0.25,4,10000,2500,,,,1989,1987,1989,1989,/Users/simon/Documents/Simon-OB/本体论/base/半导体/SEMI_WFF_2026_1Q.xlsx,Company Detail,file:///Users/simon/Documents/Simon-OB/%E6%9C%AC%E4%BD%93%E8%AE%BA/base/%E5%8D%8A%E5%AF%BC%E4%BD%93/SEMI_WFF_2026_1Q.xlsx
Institute of Semiconductors CAS - Research Center for Semiconductor,,研发中试工厂,"Institute of Semiconductors CAS 的 Research Center for Semiconductor，位于 Beijing, Beijing, 中国。",3091,研发,In production,Beijing,Beijing,中国,中国,亚太,"No.A35, QingHua East Road, Haidian District",http://www.semi.ac.cn/semi/en/,研发,Other,"R&D (IC, optoelectronics, and microelectronics)",,1,4,1000,250,18299,100,,2004,2003,2004,2004,/Users/simon/Documents/Simon-OB/本体论/base/半导体/SEMI_WFF_2026_1Q.xlsx,Company Detail,http://www.semi.ac.cn/semi/en/
Institute of Semiconductors CAS - Semiconductor Lighting R&D Center,,研发中试工厂,"Institute of Semiconductors CAS 的 Semiconductor Lighting R&D Center，位于 Beijing, Beijing, 中国。",3092,研发,In production,Beijing,Beijing,中国,中国,亚太,"3F, No.A35, QingHua East Road, Haidian District",http://www.semi.ac.cn/semi/en/,光电器件/LED,Opto,LED,Sapphire,2,2,2000,125,16146,100,,2008,2006,2008,2008,/Users/simon/Documents/Simon-OB/本体论/base/半导体/SEMI_WFF_2026_1Q.xlsx,Company Detail,http://www.semi.ac.cn/semi/en/
Institute of Technology Georgia - Pettit Microelectronics Center,,研发中试工厂,"Institute of Technology Georgia 的 Pettit Microelectronics Center，位于 Atlanta, Georgia, 美国。",2462,研发,In production,Atlanta,Georgia,美国,美洲,NA,791 Atlantic Drive N.W.,http://www.mirc.gatech.edu/,研发,Other,,"CMOS, MEMS, III-V",0.25,4,50,12.5,8500,100,100000,1988,1986,1988,1988,/Users/simon/Documents/Simon-OB/本体论/base/半导体/SEMI_WFF_2026_1Q.xlsx,Company Detail,http://www.mirc.gatech.edu/
"Integral, Research and Production Corporation - 200mm Pilot",,研发中试工厂,"Integral, Research and Production Corporation 的 200mm Pilot，位于 Minsk, Minsk, Belarus。",2428,Pilot,In production,Minsk,Minsk,Belarus,Europe & Mideast,欧洲,"Korzhenevskogo Str., 12",http://www.integral.by/eng/index.php,代工/IDM/功率,Other,VLSI,CMOS,0.18,8,1000,1000,,,,2008,2006,2008,2008,/Users/simon/Documents/Simon-OB/本体论/base/半导体/SEMI_WFF_2026_1Q.xlsx,Company Detail,http://www.integral.by/eng/index.php
Intel - RP1,,研发中试工厂,"Intel 的 RP1，位于 Hillsboro, Oregon, 美国。",1866,研发,in production,Hillsboro,Oregon,美国,美洲,NA,2501 Northwest 229th Avenue,http://www.intel.com,研发,Other,"R&D, NOR Flash","CMOS Cu, low K, SOI, Flash; strained Si",0.003,12,500,1125,56000,10,115000,2001,2000,2001,2001,/Users/simon/Documents/Simon-OB/本体论/base/半导体/SEMI_WFF_2026_1Q.xlsx,Company Detail,http://www.intel.com
Jiaxing Boncom-Semi - Jiaxing,,研发中试工厂,"Jiaxing Boncom-Semi 的 Jiaxing，位于 Jiaxing, Zhejiang, 中国。",6639,Pilot,In production,Jiaxing,Zhejiang,中国,中国,亚太,"108 Chaohui Road, Nanhu District",http://boncom-semi.com/,Discrete/Power,Discrete,,,0.35,6,250,140.625,,,,2024,2023,2024,2024,/Users/simon/Documents/Simon-OB/本体论/base/半导体/SEMI_WFF_2026_1Q.xlsx,Company Detail,http://boncom-semi.com/
JiuFengShan Lab (JFS Lab) - JFS Lab 8inch line,,研发中试工厂,"JiuFengShan Lab (JFS Lab) 的 JFS Lab 8inch line，位于 Wuhan, Hubei, 中国。",6496,研发,In production,Wuhan,Hubei,中国,中国,亚太,Hubei Jiufengshan Laboratory,,研发,Other,"GaN, SiGe","GaN, SiGe",0.5,8,3000,3000,,,,2023,2021,2023,2023,/Users/simon/Documents/Simon-OB/本体论/base/半导体/SEMI_WFF_2026_1Q.xlsx,Company Detail,file:///Users/simon/Documents/Simon-OB/%E6%9C%AC%E4%BD%93%E8%AE%BA/base/%E5%8D%8A%E5%AF%BC%E4%BD%93/SEMI_WFF_2026_1Q.xlsx
JiuFengShan Lab (JFS Lab) - JFS Lab 6inch Line,,研发中试工厂,"JiuFengShan Lab (JFS Lab) 的 JFS Lab 6inch Line，位于 Wuhan, Hubei, 中国。",6497,研发,In production,Wuhan,Hubei,中国,中国,亚太,Hubei Jiufengshan Laboratory,,研发,Other,"GaN, SiC, GaAs","GaN, SiC, GaAs",0.5,6,3000,1687.5,,,,2023,,2023,2023,/Users/simon/Documents/Simon-OB/本体论/base/半导体/SEMI_WFF_2026_1Q.xlsx,Company Detail,file:///Users/simon/Documents/Simon-OB/%E6%9C%AC%E4%BD%93%E8%AE%BA/base/%E5%8D%8A%E5%AF%BC%E4%BD%93/SEMI_WFF_2026_1Q.xlsx
JiuFengShan Lab (JFS Lab) - JFS Lab 4inch Line,,研发中试工厂,"JiuFengShan Lab (JFS Lab) 的 JFS Lab 4inch Line，位于 Wuhan, Hubei, 中国。",6498,研发,In production,Wuhan,Hubei,中国,中国,亚太,Hubei Jiufengshan Laboratory,,研发,Other,InP,InP,0.5,4,2000,500,,,,2023,,2023,2023,/Users/simon/Documents/Simon-OB/本体论/base/半导体/SEMI_WFF_2026_1Q.xlsx,Company Detail,file:///Users/simon/Documents/Simon-OB/%E6%9C%AC%E4%BD%93%E8%AE%BA/base/%E5%8D%8A%E5%AF%BC%E4%BD%93/SEMI_WFF_2026_1Q.xlsx
Kioxia/WD (was Flash Alliance) - New R&D Center,,研发中试工厂,"Kioxia/WD (was Flash Alliance) 的 New R&D Center，位于 Yokkaichi, Mie, 日本。",3905,研发,In production,Yokkaichi,Mie,日本,日本,日本,"800, Yamanoisshiki-cho",,存储器/闪存-3D NAND,Memory,Memory R&D Center,3D BiCS,0.019,12,500,1125,,,,2018,2017,2018,2018,/Users/simon/Documents/Simon-OB/本体论/base/半导体/SEMI_WFF_2026_1Q.xlsx,Company Detail,file:///Users/simon/Documents/Simon-OB/%E6%9C%AC%E4%BD%93%E8%AE%BA/base/%E5%8D%8A%E5%AF%BC%E4%BD%93/SEMI_WFF_2026_1Q.xlsx
Korea National Center for Nanomaterials Technology (NCNT) - NCNT,,研发中试工厂,"Korea National Center for Nanomaterials Technology (NCNT) 的 NCNT，位于 Pohang, Gyeongbuk, 韩国。",3136,研发,In production,Pohang,Gyeongbuk,韩国,韩国,亚太,"POSTECH San 31, Hyojadong, Namgu,",http://www.nano.or.kr/,代工/研发,Other,"R&D, EUVL Metrology, Nano materials",,0.032,8,3000,3000,25510,100,125507,2007,2005,2007,2007,/Users/simon/Documents/Simon-OB/本体论/base/半导体/SEMI_WFF_2026_1Q.xlsx,Company Detail,http://www.nano.or.kr/
Korea National Nanofab Center - NNFC,,研发中试工厂,"Korea National Nanofab Center 的 NNFC，位于 Daejeon, Daejeon, 韩国。",3048,研发，中试线,In production,Daejeon,Daejeon,韩国,韩国,亚太,"335, Gwahangno Yuseong-gu",https://www.nnfc.re.kr/eng/index.jsp,研发,Other,Nanotech-related engineering samples,"CMOS, RF, MEMS, SOI",0.25,8,3000,3000,43971,1,182986,2005,2003,2005,2005,/Users/simon/Documents/Simon-OB/本体论/base/半导体/SEMI_WFF_2026_1Q.xlsx,Company Detail,https://www.nnfc.re.kr/eng/index.jsp
Korea Photonics Technology Institute (KOPTI) - Pilot Production Center,,研发中试工厂,"Korea Photonics Technology Institute (KOPTI) 的 Pilot Production Center，位于 Gwangju, Gwangju, 韩国。",3099,Pilot,In production,Gwangju,Gwangju,韩国,韩国,亚太,5 Cheomdan,http://www.kopti.re.kr/,光电器件/LED,Opto,LED,Sapphire,2,2,3000,187.5,36113,100,,2005,2004,2005,2005,/Users/simon/Documents/Simon-OB/本体论/base/半导体/SEMI_WFF_2026_1Q.xlsx,Company Detail,http://www.kopti.re.kr/
Lakeside Optoelectronics Technology - R&D Line,,研发中试工厂,"Lakeside Optoelectronics Technology 的 R&D Line，位于 Changzhou, Jiangsu, 中国。",6605,研发,In production,Changzhou,Jiangsu,中国,中国,亚太,"Building 5, No. 968 Chenfeng Road, Jintan District",http://en.hupanoled.com/,光电器件/激光器及其他,Opto,,MicroOLED,0.13,8,500,500,,,,2018,2017,2018,2018,/Users/simon/Documents/Simon-OB/本体论/base/半导体/SEMI_WFF_2026_1Q.xlsx,Company Detail,http://en.hupanoled.com/
Lawrence Livermore Labs - N/A,,研发中试工厂,"Lawrence Livermore Labs 的 N/A，位于 Livermore, California, 美国。",456,研发，中试线,in production,Livermore,California,美国,美洲,NA,7000 East Ave,,R&D-Pilot,Other,N/A,N/A,0.13,8,5000,5000,12000,10,,1989,1987,1989,1989,/Users/simon/Documents/Simon-OB/本体论/base/半导体/SEMI_WFF_2026_1Q.xlsx,Company Detail,file:///Users/simon/Documents/Simon-OB/%E6%9C%AC%E4%BD%93%E8%AE%BA/base/%E5%8D%8A%E5%AF%BC%E4%BD%93/SEMI_WFF_2026_1Q.xlsx
LETI - PFP (Plate Forme Photonique),,研发中试工厂,"LETI 的 PFP (Plate Forme Photonique)，位于 Grenoble, ‎Auvergne-Rhône-Alpes, 法国。",3809,研发,In production,Grenoble,‎Auvergne-Rhône-Alpes,法国,Europe & Mideast,欧洲,17 rue des Martyrs,http://www-leti.cea.fr/,Opto/Image Sensors,Opto,"photonics (optical communication, optical imaging, optical detectors, lasers)","Photonics, II-VI (Cd, Te, Hg, Zn etc), III-V (Ga, In, N, etc), Sapphire, Si",0.5,4,100,25,16146,100,,2017,2014,2017,2017,/Users/simon/Documents/Simon-OB/本体论/base/半导体/SEMI_WFF_2026_1Q.xlsx,Company Detail,http://www-leti.cea.fr/
LETI - 200mm CMOS line Building 41 (Nanotec 200&300),,研发中试工厂,"LETI 的 200mm CMOS line Building 41 (Nanotec 200&300)，位于 Grenoble, ‎Auvergne-Rhône-Alpes, 法国。",1443,研发,In production,Grenoble,‎Auvergne-Rhône-Alpes,法国,Europe & Mideast,欧洲,17 rue des Martyrs,http://www-leti.cea.fr/,研发,Other,"R&D (above IC rf, MEMS, new memories, etc.), FDSOI","CMOS, FDSOI",0.01,8,500,500,26910,10,,1993,1991,1992,1993,/Users/simon/Documents/Simon-OB/本体论/base/半导体/SEMI_WFF_2026_1Q.xlsx,Company Detail,http://www-leti.cea.fr/
LETI - 3D Integration Building 41 (was 300mm CMOS line),,研发中试工厂,"LETI 的 3D Integration Building 41 (was 300mm CMOS line)，位于 Grenoble, ‎Auvergne-Rhône-Alpes, 法国。",2091,研发，中试线,In production,Grenoble,‎Auvergne-Rhône-Alpes,法国,Europe & Mideast,欧洲,17 rue des Martyrs,http://www-leti.cea.fr/,R&D-Pilot,Other,"Fully integrated 300mm CMOS Front end,  Fully intergrated 3D, MEMS","CMOS, 3D, MEMS",0.007,12,500,1125,23681,,,2004,2002,2004,2004,/Users/simon/Documents/Simon-OB/本体论/base/半导体/SEMI_WFF_2026_1Q.xlsx,Company Detail,http://www-leti.cea.fr/
LETI - MEMS 200 (Building 52),,研发中试工厂,"LETI 的 MEMS 200 (Building 52)，位于 Grenoble, ‎Auvergne-Rhône-Alpes, 法国。",2251,研发,In production,Grenoble,‎Auvergne-Rhône-Alpes,法国,Europe & Mideast,欧洲,17 rue des martyrs,http://www-leti.cea.fr/,MEMS,MEMS,MEMS,MEMS,0.35,8,500,500,26910,,473612,2006,2004,2006,2006,/Users/simon/Documents/Simon-OB/本体论/base/半导体/SEMI_WFF_2026_1Q.xlsx,Company Detail,http://www-leti.cea.fr/
"Lishan Microelectronics - 3"" line",,研发中试工厂,"Lishan Microelectronics 的 3"" line，位于 Xian, Shaanxi, 中国。",474,研发,in production,Xian,Shaanxi,中国,中国,亚太,"26, Gaoxin Rd.",http://www.lishan.net.cn/,Discrete/Power,Discrete,Power management IC,MOS,2,3,3000,421.875,,100,,1994,1993,1994,1994,/Users/simon/Documents/Simon-OB/本体论/base/半导体/SEMI_WFF_2026_1Q.xlsx,Company Detail,http://www.lishan.net.cn/
Lockheed Martin - N/A,,研发中试工厂,"Lockheed Martin 的 N/A，位于 Newport Beach, California, 美国。",480,研发,in production,Newport Beach,California,美国,美洲,NA,Ford Rd,www.lockheedmartin.com,研发,Other,Opto,CMOS MOS,1.3,4,800,200,3000,10,,1981,1979,1981,1981,/Users/simon/Documents/Simon-OB/本体论/base/半导体/SEMI_WFF_2026_1Q.xlsx,Company Detail,file:///Users/simon/Documents/Simon-OB/%E6%9C%AC%E4%BD%93%E8%AE%BA/base/%E5%8D%8A%E5%AF%BC%E4%BD%93/output/semiconductor_ontology.json
Lockheed Martin - VLSI Line,,研发中试工厂,"Lockheed Martin 的 VLSI Line，位于 Orlando, Florida, 美国。",491,Pilot,in production,Orlando,Florida,美国,美洲,NA,"5600 Sandlake Road, Box 555837",www.lockheedmartin.com,Pilot,Other,Aerospace CBIC Arrays,CMOS,1.25,5,800,312.5,7000,10,,1988,1986,1988,1988,/Users/simon/Documents/Simon-OB/本体论/base/半导体/SEMI_WFF_2026_1Q.xlsx,Company Detail,file:///Users/simon/Documents/Simon-OB/%E6%9C%AC%E4%BD%93%E8%AE%BA/base/%E5%8D%8A%E5%AF%BC%E4%BD%93/output/semiconductor_ontology.json
Lockheed Martin - GaAs Line,,研发中试工厂,"Lockheed Martin 的 GaAs Line，位于 Orlando, Florida, 美国。",493,Pilot,in production,Orlando,Florida,美国,美洲,NA,"5600 Sandlake Road, Box 555837",www.lockheedmartin.com,Pilot,Other,Linear,GaAs,0.5,3,5000,703.125,,,,1988,1986,1988,1988,/Users/simon/Documents/Simon-OB/本体论/base/半导体/SEMI_WFF_2026_1Q.xlsx,Company Detail,file:///Users/simon/Documents/Simon-OB/%E6%9C%AC%E4%BD%93%E8%AE%BA/base/%E5%8D%8A%E5%AF%BC%E4%BD%93/output/semiconductor_ontology.json
MAS (Micro Analog Systems Oy) - N/A,,研发中试工厂,"MAS (Micro Analog Systems Oy) 的 N/A，位于 Espoo, Uusimaa, Finland。",550,Pilot,in production,Espoo,Uusimaa,Finland,Europe & Mideast,欧洲,"Kamreerintie 2, P.O. Box 51",http://www.mas-oy.com,Pilot,Other,Linear CBIC Custom,BiCMOS M2,2,4,4000,1000,12912,100,,1986,1984,1986,1986,/Users/simon/Documents/Simon-OB/本体论/base/半导体/SEMI_WFF_2026_1Q.xlsx,Company Detail,http://www.mas-oy.com
Masdar Institute of Science and Technology - Micro-fabrication laboratory,,研发中试工厂,"Masdar Institute of Science and Technology 的 Micro-fabrication laboratory，位于 Masdar City, Abu Dhabi, United Arab Emirates。",3571,研发,In production,Masdar City,Abu Dhabi,United Arab Emirates,Europe & Mideast,欧洲,Old Airport Rd,www.masdar.ac.ae,Pilot,Other,"R&D, micro-fabrication laboratory, MEMS; TSV, advaced 3D wafer level packaging","CMOS, MEMS,",1,6,150,84.375,3229,100,3767,2013,2010,2013,2013,/Users/simon/Documents/Simon-OB/本体论/base/半导体/SEMI_WFF_2026_1Q.xlsx,Company Detail,file:///Users/simon/Documents/Simon-OB/%E6%9C%AC%E4%BD%93%E8%AE%BA/base/%E5%8D%8A%E5%AF%BC%E4%BD%93/output/semiconductor_ontology.json
MEMSRight - MEMS Right,,研发中试工厂,"MEMSRight 的 MEMS Right，位于 Suzhou, Jiangsu, 中国。",3795,研发，中试线,In production,Suzhou,Jiangsu,中国,中国,亚太,99 Jinji Lake Avenue,http://www.memsright.com/,代工/MEMS,MEMS,"MEMS R&D and pilot line, Microhpones, Pressure Sensors, Micromirros, Temperature sensors, Magnetic Sensors, Inkjets",MEMS,0.5,6,4000,2250,56500,100,355000,2014,2013,2014,2014,/Users/simon/Documents/Simon-OB/本体论/base/半导体/SEMI_WFF_2026_1Q.xlsx,Company Detail,http://www.memsright.com/
Microfabrica - EFAB,,研发中试工厂,"Microfabrica 的 EFAB，位于 Van Nuys, California, 美国。",2356,研发，中试线,In production,Van Nuys,California,美国,美洲,NA,7911 Haskell Ave.,http://www.microfabrica.com/,MEMS,MEMS,"MEMS: EFAB, 3D-MEMS without Si","EFAB, 3D-MEMS without Si",2,5,250,97.65625,,,39300,2006,2004,2005,2006,/Users/simon/Documents/Simon-OB/本体论/base/半导体/SEMI_WFF_2026_1Q.xlsx,Company Detail,http://www.microfabrica.com/
Micron - Fab 4 (Bldg. 51 R&D expansion),,研发中试工厂,"Micron 的 Fab 4 (Bldg. 51 R&D expansion)，位于 Boise, Idaho, 美国。",3813,研发，中试线,In production,Boise,Idaho,美国,美洲,NA,7000 Federal Way,http://www.Micron.com,Memory/DRAM&Flash-3D NAND,Memory,"3D Xpoint, 2nd generation 3D NAND, DRAM","CMOS, Cu, low-K, High-K",0.012,12,8000,18000,50000,,125000,2017,2015,2017,2017,/Users/simon/Documents/Simon-OB/本体论/base/半导体/SEMI_WFF_2026_1Q.xlsx,Company Detail,http://www.Micron.com
Micron - Fab 4 (Bldg. 50),,研发中试工厂,"Micron 的 Fab 4 (Bldg. 50)，位于 Boise, Idaho, 美国。",3418,研发，中试线,In production,Boise,Idaho,美国,美洲,NA,7000 Federal Way,http://www.Micron.com,Memory/DRAM&Flash-3D NAND,Memory,"R&D, pilot, NAND, DRAM","CMOS, Cu, low-K, High-K",0.012,12,4000,9000,50000,5,111005,2012,2011,2012,2012,/Users/simon/Documents/Simon-OB/本体论/base/半导体/SEMI_WFF_2026_1Q.xlsx,Company Detail,http://www.Micron.com
Microwave Monolithics - 研发,,研发中试工厂,"Microwave Monolithics 的 研发，位于 Simi Valley, California, 美国。",555,研发，中试线,in production,Simi Valley,California,美国,美洲,NA,2263 Ward Ave.,http://www.Micro-mono.com,R&D-Pilot,Other,Foundry; Custom MMIC,GaAs,0.5,3,500,70.3125,1500,100,,1987,1985,1987,1987,/Users/simon/Documents/Simon-OB/本体论/base/半导体/SEMI_WFF_2026_1Q.xlsx,Company Detail,http://www.Micro-mono.com
MiQro Innovation Collaborative Centre (C2MI) - MiQro Innovation Collaborative Centre,,研发中试工厂,"MiQro Innovation Collaborative Centre (C2MI) 的 MiQro Innovation Collaborative Centre，位于 Bromont, Quebec, 加拿大。",3180,研发，中试线,In production,Bromont,Quebec,加拿大,美洲,NA,45 boulevard de l'Aéroport,http://www.c2mi.ca/en/home/,MEMS,MEMS,MEMS and WLP (Wafer Level Packaging),"CMOS, MEMS",0.5,8,2500,2500,57049,10,,2012,2010,2011,2012,/Users/simon/Documents/Simon-OB/本体论/base/半导体/SEMI_WFF_2026_1Q.xlsx,Company Detail,http://www.c2mi.ca/en/home/
Mitsubishi Electric - Power Devices Innovation Center (PI building),,研发中试工厂,"Mitsubishi Electric 的 Power Devices Innovation Center (PI building)，位于 Fukuoka, Fukuoka, 日本。",3840,研发，中试线,In production,Fukuoka,Fukuoka,日本,日本,日本,"1-1-1, Imajukuhigashi, Nishi-Ku",http://www.mitsubishielectric.com/semiconductors/,Discrete/Power,Discrete,"Power, SiC wafer and devices, R&D",SiC,0.35,8,1000,1000,,,,2014,2012,2014,2014,/Users/simon/Documents/Simon-OB/本体论/base/半导体/SEMI_WFF_2026_1Q.xlsx,Company Detail,http://www.mitsubishielectric.com/semiconductors/
Moscow Institute of Physics and Technology  (MIPT) - Device R&D,,研发中试工厂,"Moscow Institute of Physics and Technology  (MIPT) 的 Device R&D，位于 Moscow, Moscow, 俄罗斯。",793,研发,in production,Moscow,Moscow,俄罗斯,Europe & Mideast,欧洲,"Institutskiy Pereulok, 9, Dolgoprudny",http://phystech.edu/,研发,Other,N/A,N/A,0.5,4,50,12.5,,,,1969,1967,1969,1969,/Users/simon/Documents/Simon-OB/本体论/base/半导体/SEMI_WFF_2026_1Q.xlsx,Company Detail,http://phystech.edu/
Moscow Institute of Physics and Technology  (MIPT) - Litho R&D,,研发中试工厂,"Moscow Institute of Physics and Technology  (MIPT) 的 Litho R&D，位于 Moscow, Moscow, 俄罗斯。",794,研发,in production,Moscow,Moscow,俄罗斯,Europe & Mideast,欧洲,"Institutskiy Pereulok, 9, Dolgoprudny",http://phystech.edu/,研发,Other,Lithography R&D,N/A,0.5,4,50,12.5,,,,1979,1977,1979,1979,/Users/simon/Documents/Simon-OB/本体论/base/半导体/SEMI_WFF_2026_1Q.xlsx,Company Detail,http://phystech.edu/
Moscow Institute of Physics and Technology  (MIPT) - R&D Institute,,研发中试工厂,"Moscow Institute of Physics and Technology  (MIPT) 的 R&D Institute，位于 Yaroslavl, Yaroslavl Oblast, 俄罗斯。",795,研发,in production,Yaroslavl,Yaroslavl Oblast,俄罗斯,Europe & Mideast,欧洲,"Krasnoborskaya, 3",http://phystech.edu/,研发,Other,R&D Institute. No production,N/A,0.5,4,50,12.5,,,,1991,1989,1991,1991,/Users/simon/Documents/Simon-OB/本体论/base/半导体/SEMI_WFF_2026_1Q.xlsx,Company Detail,http://phystech.edu/
"Murata Manufacturing Company, Ltd. - Yasu Plant",,研发中试工厂,"Murata Manufacturing Company, Ltd. 的 Yasu Plant，位于 Yasu, Shiga, 日本。",3039,研发，中试线,In production,Yasu,Shiga,日本,日本,日本,"2288, Oshinohara",www.murata.com,Discrete/Other,Discrete,"R&D (Production technology, Electronic Materials, and Thin Film Processing Technology)","III-V: GaAs, InGaAs",1.5,3,14500,2039.0625,,,,1987,1986,1987,1987,/Users/simon/Documents/Simon-OB/本体论/base/半导体/SEMI_WFF_2026_1Q.xlsx,Company Detail,file:///Users/simon/Documents/Simon-OB/%E6%9C%AC%E4%BD%93%E8%AE%BA/base/%E5%8D%8A%E5%AF%BC%E4%BD%93/output/semiconductor_ontology.json
Nanjing Gaoxin Semiconductor Corporation (NSMC) - Fab 2 (3rd floor R&D),,研发中试工厂,"Nanjing Gaoxin Semiconductor Corporation (NSMC) 的 Fab 2 (3rd floor R&D)，位于 Nanjing, Jiangsu, 中国。",1695,研发,in production,Nanjing,Jiangsu,中国,中国,亚太,17 Xinghuo Rd,http://www.njgx.net/,研发,Other,"Telecom, militart",GaAs,0.6,3,100,14.0625,,,,1993,1991,1993,1993,/Users/simon/Documents/Simon-OB/本体论/base/半导体/SEMI_WFF_2026_1Q.xlsx,Company Detail,http://www.njgx.net/
Nanoshift LLC - Emeryville,,研发中试工厂,"Nanoshift LLC 的 Emeryville，位于 Emeryville, California, 美国。",3443,研发，中试线,In production,Emeryville,California,美国,美洲,NA,2000 Powell St.,www.nanoshift.net,MEMS,MEMS,"MEMS, microfluidics, nanotechnology and photovalics","CMOS, MEMS",0.3,6,200,112.5,15000,,,2008,2007,2008,2008,/Users/simon/Documents/Simon-OB/本体论/base/半导体/SEMI_WFF_2026_1Q.xlsx,Company Detail,file:///Users/simon/Documents/Simon-OB/%E6%9C%AC%E4%BD%93%E8%AE%BA/base/%E5%8D%8A%E5%AF%BC%E4%BD%93/output/semiconductor_ontology.json
Nanotech - the UCSB Nanofabrication Facility - Nanotech,,研发中试工厂,"Nanotech - the UCSB Nanofabrication Facility 的 Nanotech，位于 Santa Barbara, California, 美国。",3222,研发,In production,Santa Barbara,California,美国,美洲,NA,University Rd,http://www.nanotech.ucsb.edu/,光电器件/激光器及其他,Opto,"Compound semiconductor electronic and optoelectronic devices in GaAs, InP and the semiconductor nitrides; polymer and organic electronic and photonic devices",Sapphire,1,6,1000,562.5,12700,100,,2003,2002,2003,2003,/Users/simon/Documents/Simon-OB/本体论/base/半导体/SEMI_WFF_2026_1Q.xlsx,Company Detail,http://www.nanotech.ucsb.edu/
Nanya Technology - Nanya Technology R&D Center,,研发中试工厂,"Nanya Technology 的 Nanya Technology R&D Center，位于 New Taipei, Northern Taiwan, 中国台湾。",6696,研发,In production,New Taipei,Northern Taiwan,中国台湾,中国台湾,亚太,Taishan Nanlin Technology Park,http://www.nanya.com,存储器/DRAM,Memory,DRAM,DRAM,0.016,12,1000,2250,,,,2025,2022,2025,2025,/Users/simon/Documents/Simon-OB/本体论/base/半导体/SEMI_WFF_2026_1Q.xlsx,Company Detail,http://www.nanya.com
NASA - Goddard Laboratory - DDL (Detrector Development Lab),,研发中试工厂,"NASA - Goddard Laboratory 的 DDL (Detrector Development Lab)，位于 Greenbelt, Maryland, 美国。",1580,研发,in production,Greenbelt,Maryland,美国,美洲,NA,Greenbelt Road,http://universe.gsfc.nasa.gov/,MEMS,MEMS,"MEMS, Rad-Hard FPGA","CMOS, SOI, MEMS",1,6,1000,562.5,4400,10,24000,1997,1995,1997,1997,/Users/simon/Documents/Simon-OB/本体论/base/半导体/SEMI_WFF_2026_1Q.xlsx,Company Detail,http://universe.gsfc.nasa.gov/
National Institute for Nanotechnology (NINT) - NINT,,研发中试工厂,"National Institute for Nanotechnology (NINT) 的 NINT，位于 Edmonton, Alberta, 加拿大。",4962,研发,In production,Edmonton,Alberta,加拿大,美洲,NA,11421 Saskatchewan Drive,http://www.nint-innt.ca/,MEMS/R&D,MEMS,"MEMS: sensors, Hybrid NanoElectronics, Nano-enabled Bio-Materials, Metabolomics Sensor Systems","MEMS, NEMS",0.01,6,500,281.25,5330,1000,215300,2006,2004,2007,2007,/Users/simon/Documents/Simon-OB/本体论/base/半导体/SEMI_WFF_2026_1Q.xlsx,Company Detail,http://www.nint-innt.ca/
National Nano Device Laboratories (NDL) - New Nano Fab,,研发中试工厂,"National Nano Device Laboratories (NDL) 的 New Nano Fab，位于 Hsinchu, Northern Taiwan, 中国台湾。",1983,研发,In production,Hsinchu,Northern Taiwan,中国台湾,中国台湾,亚太,"No.26, Prosperity Road I",http://www.ndl.org.tw/,研发,Other,,CMOS,0.009,8,500,500,,100,36286,2004,2002,2003,2004,/Users/simon/Documents/Simon-OB/本体论/base/半导体/SEMI_WFF_2026_1Q.xlsx,Company Detail,http://www.ndl.org.tw/
National Nano Device Laboratories (NDL) - Nano Fab,,研发中试工厂,"National Nano Device Laboratories (NDL) 的 Nano Fab，位于 Hsinchu, Northern Taiwan, 中国台湾。",1982,研发,In production,Hsinchu,Northern Taiwan,中国台湾,中国台湾,亚太,Campus of the National Chao Tung University,http://www.ndl.org.tw/,研发,Other,Nano Device R&D,,0.1,6,500,281.25,23086,10,,1992,1991,1992,1992,/Users/simon/Documents/Simon-OB/本体论/base/半导体/SEMI_WFF_2026_1Q.xlsx,Company Detail,http://www.ndl.org.tw/
New Jersey Institute of Technology - N/A,,研发中试工厂,"New Jersey Institute of Technology 的 N/A，位于 Newark, New Jersey, 美国。",1313,研发,in production,Newark,New Jersey,美国,美洲,NA,323 Martin Luther King Blvd.,,研发,Other,Prototype,CMOS,1.5,6,500,281.25,1200,10,22000,1992,1991,1992,1992,/Users/simon/Documents/Simon-OB/本体论/base/半导体/SEMI_WFF_2026_1Q.xlsx,Company Detail,file:///Users/simon/Documents/Simon-OB/%E6%9C%AC%E4%BD%93%E8%AE%BA/base/%E5%8D%8A%E5%AF%BC%E4%BD%93/SEMI_WFF_2026_1Q.xlsx
Nissan ARC Ltd - Nissan Analysis and Research Center,,研发中试工厂,"Nissan ARC Ltd 的 Nissan Analysis and Research Center，位于 Yokosuka, Kanagawa, 日本。",730,研发，中试线,in production,Yokosuka,Kanagawa,日本,日本,日本,1 Natsushima,http://www.nissan-arc.co.jp/en/index.html,Analog&Mixed Signal&Power,Analog,"R&D, SiC, Si Power, analog, mixed signal",CMOS,2,4,500,125,16148,10,,1991,1989,1991,1991,/Users/simon/Documents/Simon-OB/本体论/base/半导体/SEMI_WFF_2026_1Q.xlsx,Company Detail,http://www.nissan-arc.co.jp/en/index.html
Nisshinbo - Ikeda (was Ricoh),,研发中试工厂,"Nisshinbo 的 Ikeda (was Ricoh)，位于 Ikeda, Osaka, 日本。",830,研发,in production,Ikeda,Osaka,日本,日本,日本,13-1 Himemchome,http://www.nisshinbo.co.jp/english/,MEMS,MEMS,"MEMS, inkjet printer head","CMOS, MEMS",1.2,6,5000,2812.5,,1,,1984,1982,1983,1983,/Users/simon/Documents/Simon-OB/本体论/base/半导体/SEMI_WFF_2026_1Q.xlsx,Company Detail,http://www.nisshinbo.co.jp/english/
Norcada Inc. - Fab 1,,研发中试工厂,"Norcada Inc. 的 Fab 1，位于 Edmonton, Alberta, 加拿大。",2116,研发,In production,Edmonton,Alberta,加拿大,美洲,NA,4465 - 99 Street,www.norcada.com.,MEMS,MEMS,"MEMS (sensors, fiber optic components, and bio-analytical devices ); RF switches and tunable capacitors;IR lasers, membranes","CMOS, MEMS",2,4,30,7.5,1000,100,,2002,2001,2001,2002,/Users/simon/Documents/Simon-OB/本体论/base/半导体/SEMI_WFF_2026_1Q.xlsx,Company Detail,file:///Users/simon/Documents/Simon-OB/%E6%9C%AC%E4%BD%93%E8%AE%BA/base/%E5%8D%8A%E5%AF%BC%E4%BD%93/output/semiconductor_ontology.json
Northrop Grumman - Manhattan Beach,,研发中试工厂,"Northrop Grumman 的 Manhattan Beach，位于 Manhattan Beach, California, 美国。",1141,研发，中试线,in production,Manhattan Beach,California,美国,美洲,NA,3001 N Aviation Blvd,www.northropgrumman.com,R&D-Pilot,Other,Linear Tran Power Tran Hybrd,"MOS, GaN",3,4,1000,250,,10,205000,1982,1980,1994,1994,/Users/simon/Documents/Simon-OB/本体论/base/半导体/SEMI_WFF_2026_1Q.xlsx,Company Detail,file:///Users/simon/Documents/Simon-OB/%E6%9C%AC%E4%BD%93%E8%AE%BA/base/%E5%8D%8A%E5%AF%BC%E4%BD%93/output/semiconductor_ontology.json
Northrop Grumman - R1 (Redondo Beach),,研发中试工厂,"Northrop Grumman 的 R1 (Redondo Beach)，位于 Redondo Beach, California, 美国。",1143,研发，中试线,in production,Redondo Beach,California,美国,美洲,NA,One Space Park,www.northropgrumman.com,Analog&Mixed Signal,Analog,"Ananlog/Mixed Signal, Logic","CMOS Bipolar, GaAs",1,3,500,70.3125,13000,10,,1995,1993,1995,1995,/Users/simon/Documents/Simon-OB/本体论/base/半导体/SEMI_WFF_2026_1Q.xlsx,Company Detail,file:///Users/simon/Documents/Simon-OB/%E6%9C%AC%E4%BD%93%E8%AE%BA/base/%E5%8D%8A%E5%AF%BC%E4%BD%93/output/semiconductor_ontology.json
NTT - Nippon Telegraph and Telephone Corp. - Atsugi Labs,,研发中试工厂,"NTT - Nippon Telegraph and Telephone Corp. 的 Atsugi Labs，位于 Atsugi, Kanagawa, 日本。",740,研发,in production,Atsugi,Kanagawa,日本,日本,日本,3-1 Morinosato Wakamiya,http://www.ntt.co.jp/index_e.html,研发,Other,"Microsystem Integration, Photonics, Basic Research, Energy and Environment Systems","BICMOS, III-V: GaAs, SiGe",0.25,2,50,3.125,,,,1961,1959,1961,1961,/Users/simon/Documents/Simon-OB/本体论/base/半导体/SEMI_WFF_2026_1Q.xlsx,Company Detail,http://www.ntt.co.jp/index_e.html
Nuvoton Technology - Techno Center (was Panasonic),,研发中试工厂,"Nuvoton Technology 的 Techno Center (was Panasonic)，位于 Nagaokakyo, Kyoto, 日本。",507,研发,in production,Nagaokakyo,Kyoto,日本,日本,日本,14 Yake-Machi Kotari,http://www.nuvoton.com/hq/enu/,研发,Other,R&D,CMOS,0.18,6,3000,1687.5,,,,1990,1988,1990,1990,/Users/simon/Documents/Simon-OB/本体论/base/半导体/SEMI_WFF_2026_1Q.xlsx,Company Detail,http://www.nuvoton.com/hq/enu/
Ostendo - Carlsbad,,研发中试工厂,"Ostendo 的 Carlsbad，位于 Carlsbad, California, 美国。",5059,研发，中试线,In production,Carlsbad,California,美国,美洲,NA,6185 Paseo Del Norte #200,https://www.ostendo.com/,光电器件/激光器及其他,Opto,"Proprietary technology: MicroLED displays, Quantum Photonic Imager (QPI)",MicroLED displays,1,4,100,25,,100,,2011,2010,2011,2011,/Users/simon/Documents/Simon-OB/本体论/base/半导体/SEMI_WFF_2026_1Q.xlsx,Company Detail,https://www.ostendo.com/
Pioneer Micro Technology Corporation - Kofu plant,,研发中试工厂,"Pioneer Micro Technology Corporation 的 Kofu plant，位于 Kofu, Yamanashi, 日本。",797,Pilot,in production,Kofu,Yamanashi,日本,日本,日本,465 Osato-cho,http://www.pmtc.co.jp/index-e.html,Analog/Other,Analog,Analog and digital IC,"CMOS, BiCMOS",3,6,7000,3937.5,,,,1985,,2006,2006,/Users/simon/Documents/Simon-OB/本体论/base/半导体/SEMI_WFF_2026_1Q.xlsx,Company Detail,http://www.pmtc.co.jp/index-e.html
Pulsar (Scientific Research Institute) - 6-inch,,研发中试工厂,"Pulsar (Scientific Research Institute) 的 6-inch，位于 Moscow, Moscow, 俄罗斯。",2482,研发，中试线,On hold,Moscow,Moscow,俄罗斯,Europe & Mideast,欧洲,27 Okruzhnoy Proezd,,Discrete/Other,Discrete,Microwave device products,,0.35,6,1500,843.75,,,,,2007,,,/Users/simon/Documents/Simon-OB/本体论/base/半导体/SEMI_WFF_2026_1Q.xlsx,Company Detail,file:///Users/simon/Documents/Simon-OB/%E6%9C%AC%E4%BD%93%E8%AE%BA/base/%E5%8D%8A%E5%AF%BC%E4%BD%93/SEMI_WFF_2026_1Q.xlsx
"Qorvo Inc. - Design Center (was RF Nitro, then RFMD)",,研发中试工厂,"Qorvo Inc. 的 Design Center (was RF Nitro, then RFMD)，位于 Charlotte, North Carolina, 美国。",1889,研发，中试线,In production,Charlotte,North Carolina,美国,美洲,NA,"10420 Harris Oaks Blvd., Suite F",http://www.qorvo.com,Discrete/Power,Discrete,"Power, Design Center","HBT; GaN HEMT; AlGaN; InGaP HBT, GaN on-Sapphire, GaAs PHEMT, EPI",0.5,4,417,104.25,,10,,2001,,2001,2001,/Users/simon/Documents/Simon-OB/本体论/base/半导体/SEMI_WFF_2026_1Q.xlsx,Company Detail,http://www.qorvo.com
Qorvo Inc. - Bend,,研发中试工厂,"Qorvo Inc. 的 Bend，位于 Bend, Oregon, 美国。",6169,研发,In production,Bend,Oregon,美国,美洲,NA,63140 Britta St C-106,http://www.qorvo.com,研发,Other,"R&D for sensor process work for biosensors and medical-diagnostic, R&D in the Social Sciences and Humanities, Biotechnology",Biotechnology (bio sensors),2,4,50,12.5,,,,2010,2018,2018,2018,/Users/simon/Documents/Simon-OB/本体论/base/半导体/SEMI_WFF_2026_1Q.xlsx,Company Detail,http://www.qorvo.com
RISE - Electrum Lab (used by Ascatron subsidiary of II-VI),,研发中试工厂,"RISE 的 Electrum Lab (used by Ascatron subsidiary of II-VI)，位于 Kista, Stockholm, 瑞典。",2377,研发，中试线,In production,Kista,Stockholm,瑞典,Europe & Mideast,欧洲,Isafjordsgatan 22,http://www.acreo.se,研发,Other,"Foundry serivice; Si processing (MOS device process), SiC and III-V process technology (SiC sensors, GaAs sensors, InP lasers), MEMS","MOS, MEMS, III-V: InP, GaAs, GaN, SiC, SiGe, glass, polymers",0.5,6,500,281.25,13993,100,,1987,1986,1987,1987,/Users/simon/Documents/Simon-OB/本体论/base/半导体/SEMI_WFF_2026_1Q.xlsx,Company Detail,http://www.acreo.se
Rohm - LED Research,,研发中试工厂,"Rohm 的 LED Research，位于 Kyoto, Kyoto, 日本。",843,研发，中试线,In production,Kyoto,Kyoto,日本,日本,日本,"21, Saiin, Mizosaki, Ukyo",http://www.rohm.com,光电器件/LED,Opto,Opto-Device research (LED),"Bipolar, GaAs, GaN, Sapphire, SiC",0.8,4,5000,1250,27000,10,,1989,1987,1989,1989,/Users/simon/Documents/Simon-OB/本体论/base/半导体/SEMI_WFF_2026_1Q.xlsx,Company Detail,http://www.rohm.com
Rohm - VLSI Research Center,,研发中试工厂,"Rohm 的 VLSI Research Center，位于 Kyoto, Kyoto, 日本。",1670,研发，中试线,in production,Kyoto,Kyoto,日本,日本,日本,"21, Saiin, Mizosaki, Ukyo",http://www.rohm.com,Logic/Other,Logic&Micro,"Logic, Memory, MEMS","CMOS, MEMS",0.13,8,20000,20000,,1,84496,1998,1997,1998,1998,/Users/simon/Documents/Simon-OB/本体论/base/半导体/SEMI_WFF_2026_1Q.xlsx,Company Detail,http://www.rohm.com
RTX (former Raytheon Company) - N/A,,研发中试工厂,"RTX (former Raytheon Company) 的 N/A，位于 Northborough, Massachusetts, 美国。",826,Pilot,in production,Northborough,Massachusetts,美国,美洲,NA,55 Bearfoot Rd,https://www.rtx.com,Pilot,Other,"MMIC Power MESFET, GaAs",GaAs,0.5,3,250,35.15625,5000,1000,,1985,1983,1985,1985,/Users/simon/Documents/Simon-OB/本体论/base/半导体/SEMI_WFF_2026_1Q.xlsx,Company Detail,https://www.rtx.com
RTX (former Raytheon Company) - Si R&D,,研发中试工厂,"RTX (former Raytheon Company) 的 Si R&D，位于 Lexington, Massachusetts, 美国。",821,研发,in production,Lexington,Massachusetts,美国,美洲,NA,141 Spring St,https://www.rtx.com,研发,Other,Log ASIC Dis,CMOS Bipolar,0.5,4,400,100,1500,1000,,1983,1981,1983,1983,/Users/simon/Documents/Simon-OB/本体论/base/半导体/SEMI_WFF_2026_1Q.xlsx,Company Detail,https://www.rtx.com
RTX (former Raytheon Company) - N/A,,研发中试工厂,"RTX (former Raytheon Company) 的 N/A，位于 Waltham, Massachusetts, 美国。",825,Pilot,in production,Waltham,Massachusetts,美国,美洲,NA,20 Seyon Street,https://www.rtx.com,Analog/Other,Analog,MMIC,GaAs,0.5,3,400,56.25,11000,,,1988,1986,1988,1988,/Users/simon/Documents/Simon-OB/本体论/base/半导体/SEMI_WFF_2026_1Q.xlsx,Company Detail,https://www.rtx.com
Samsung - San Jose,,研发中试工厂,"Samsung 的 San Jose，位于 San Jose, California, 美国。",3599,研发,In production,San Jose,California,美国,美洲,NA,3655 North First Street,www.samsung.com,研发,Other,"R&D for Memory, System LSI and LED",,0.01,12,50,112.5,,,650000,2016,2013,2016,2016,/Users/simon/Documents/Simon-OB/本体论/base/半导体/SEMI_WFF_2026_1Q.xlsx,Company Detail,file:///Users/simon/Documents/Simon-OB/%E6%9C%AC%E4%BD%93%E8%AE%BA/base/%E5%8D%8A%E5%AF%BC%E4%BD%93/output/semiconductor_ontology.json
Samsung - Xian R&D Center,,研发中试工厂,"Samsung 的 Xian R&D Center，位于 Xian, Shaanxi, 中国。",3697,研发,In production,Xian,Shaanxi,中国,中国,亚太,"No. 156 Tiangu 8th Road, High‑tech Zone",www.samsung.com,研发,Other,"studies on various fields such as semiconductors, smartphones, and TV",,0.028,12,500,1125,,,,2014,2012,2014,2014,/Users/simon/Documents/Simon-OB/本体论/base/半导体/SEMI_WFF_2026_1Q.xlsx,Company Detail,file:///Users/simon/Documents/Simon-OB/%E6%9C%AC%E4%BD%93%E8%AE%BA/base/%E5%8D%8A%E5%AF%BC%E4%BD%93/output/semiconductor_ontology.json
Samsung - R Square,,研发中试工厂,"Samsung 的 R Square，位于 Hwaseong, Gyeonggi, 韩国。",2100,研发,In production,Hwaseong,Gyeonggi,韩国,韩国,亚太,"San #16 Banwol-Ri, Taean-Eup",www.samsung.com,Memory/Other,Memory,"DRAM (SDRAM, DDR), Flash, SRAM, FRAM, MRAM, PRAM, RDRAM","CMOS, Cu, low-K, SOI",0.012,12,500,1125,,10,,2005,,2005,2005,/Users/simon/Documents/Simon-OB/本体论/base/半导体/SEMI_WFF_2026_1Q.xlsx,Company Detail,file:///Users/simon/Documents/Simon-OB/%E6%9C%AC%E4%BD%93%E8%AE%BA/base/%E5%8D%8A%E5%AF%BC%E4%BD%93/output/semiconductor_ontology.json
Samsung - NRD Line,,研发中试工厂,"Samsung 的 NRD Line，位于 Hwaseong, Gyeonggi, 韩国。",2185,研发,In production,Hwaseong,Gyeonggi,韩国,韩国,亚太,"1, Samsungjeonja-ro",www.samsung.com,研发,Other,"nano and process technology, memory and system LSI semiconductors; Flash memory, and CMOS image sensors","PRAM, FRAM, DRAM, Flash; CMOS",0.01,12,1500,3375,,,35000,2007,2005,2007,2007,/Users/simon/Documents/Simon-OB/本体论/base/半导体/SEMI_WFF_2026_1Q.xlsx,Company Detail,file:///Users/simon/Documents/Simon-OB/%E6%9C%AC%E4%BD%93%E8%AE%BA/base/%E5%8D%8A%E5%AF%BC%E4%BD%93/output/semiconductor_ontology.json
Samsung - Taylor R&D Facility,,研发中试工厂,"Samsung 的 Taylor R&D Facility，位于 Taylor, Texas, 美国。",6582,研发,Announced,Taylor,Texas,美国,美洲,NA,1530 FM 973,www.samsung.com,代工/IDM/逻辑与微器件,Logic&Micro,R&D leading edge.,"CMOS, Cu, SOI, strained Si, low-k, high-k/metal gate, FDSOI",0.0014,12,2000,4500,,,,2028,2026,2028,2028,/Users/simon/Documents/Simon-OB/本体论/base/半导体/SEMI_WFF_2026_1Q.xlsx,Company Detail,file:///Users/simon/Documents/Simon-OB/%E6%9C%AC%E4%BD%93%E8%AE%BA/base/%E5%8D%8A%E5%AF%BC%E4%BD%93/output/semiconductor_ontology.json
Samsung - Line 5 (SiC and GaN Line),,研发中试工厂,"Samsung 的 Line 5 (SiC and GaN Line)，位于 Giheung, Gyeonggi, 韩国。",6452,"R&D, Pilot/Split",In production,Giheung,Gyeonggi,韩国,韩国,亚太,"San #24 Nongseo-Ri, Giheung-Eup, Youngin-City",www.samsung.com,Discrete/Power,Discrete,"Power semiconductor device suing SiC, GaN","SiC, GaN",0.25,8,10000,10000,,,,2023,2022,2022,2023,/Users/simon/Documents/Simon-OB/本体论/base/半导体/SEMI_WFF_2026_1Q.xlsx,Company Detail,file:///Users/simon/Documents/Simon-OB/%E6%9C%AC%E4%BD%93%E8%AE%BA/base/%E5%8D%8A%E5%AF%BC%E4%BD%93/output/semiconductor_ontology.json
Sandia National Labs - SiFab (former MDL),,研发中试工厂,"Sandia National Labs 的 SiFab (former MDL)，位于 Albuquerque, New Mexico, 美国。",865,研发，中试线,in production,Albuquerque,New Mexico,美国,美洲,NA,1515 Ubank Blvd SE,http://www.sandia.gov,MEMS/R&D,MEMS,"R&D prototypes and low volume production of CMOS and MEMS technologies; radiation-hardened CMOS, SOI, and  Silicon Photonics, RF devices","CMOS, MEMS, RF, SOI, CMOS",0.35,8,800,800,11900,1,34500,1988,2017,2019,2019,/Users/simon/Documents/Simon-OB/本体论/base/半导体/SEMI_WFF_2026_1Q.xlsx,Company Detail,http://www.sandia.gov
Sandia National Labs - MicroFab,,研发中试工厂,"Sandia National Labs 的 MicroFab，位于 Albuquerque, New Mexico, 美国。",2020,研发，中试线,In production,Albuquerque,New Mexico,美国,美洲,NA,1515 Ubank Blvd SE,http://www.sandia.gov,MEMS/R&D,MEMS,"MEMS, photonics and RF devices; III-V compound semiconductor material processing, silicon wafer post-processing (micro-machine release, photovoltaic devices, hetro-integration, 3d device stacking) and advanced packaging","III-V:  GaAs, InP, CMOS, MEMS, Photonics, RF",0.25,8,500,500,14900,10,30400,2006,,2019,2019,/Users/simon/Documents/Simon-OB/本体论/base/半导体/SEMI_WFF_2026_1Q.xlsx,Company Detail,http://www.sandia.gov
"Sanken Electric Co., Ltd. - Semiconductor Technology Center",,研发中试工厂,"Sanken Electric Co., Ltd. 的 Semiconductor Technology Center，位于 Niiza, Saitama, 日本。",869,研发，中试线,in production,Niiza,Saitama,日本,日本,日本,1-13-19 Nakano,http://www.sanken-ele.co.jp/en/index.php,Discrete/Power,Discrete,"Power Trans Power MOSFET Linear, GaAs","Bipolar MOS, GaAs",0.5,6,5000,2812.5,15000,,,1986,1984,1986,1986,/Users/simon/Documents/Simon-OB/本体论/base/半导体/SEMI_WFF_2026_1Q.xlsx,Company Detail,http://www.sanken-ele.co.jp/en/index.php
Scottish Microelectronics Centre - Scottish Microelectronics Centre,,研发中试工厂,"Scottish Microelectronics Centre 的 Scottish Microelectronics Centre，位于 Edinburgh, City of Edinburgh, Scotland。",2358,研发,In production,Edinburgh,City of Edinburgh,Scotland,Europe & Mideast,欧洲,"The Kings Buildings, West Mains Road",http://www.scotmicrocentre.co.uk,代工/研发,Other,"microfabrication and MEMS, post processing on commodity CMOS wafers","CMOS, MEMS",0.45,8,100,100,3229,10,,2000,1999,2000,2000,/Users/simon/Documents/Simon-OB/本体论/base/半导体/SEMI_WFF_2026_1Q.xlsx,Company Detail,http://www.scotmicrocentre.co.uk
Seagate - Bloomington R&D,,研发中试工厂,"Seagate 的 Bloomington R&D，位于 Bloomington, Minnesota, 美国。",3639,研发,In production,Bloomington,Minnesota,美国,美洲,NA,7801 Computer Ave,www.seagate.com,MEMS/R&D,MEMS,"R&D, read/write heads MEMS","AlTiC wafers, MEMS",0.06,8,750,750,,,17000,2010,2008,2010,2010,/Users/simon/Documents/Simon-OB/本体论/base/半导体/SEMI_WFF_2026_1Q.xlsx,Company Detail,file:///Users/simon/Documents/Simon-OB/%E6%9C%AC%E4%BD%93%E8%AE%BA/base/%E5%8D%8A%E5%AF%BC%E4%BD%93/output/semiconductor_ontology.json
Semiconductor Technology Innovation Center (STIC) - 300mm R&D Fab,,研发中试工厂,"Semiconductor Technology Innovation Center (STIC) 的 300mm R&D Fab，位于 Beijing, Beijing, 中国。",6421,研发，中试线,In production,Beijing,Beijing,中国,中国,亚太,No. 18 Wenchang Avenue,n/a,Equipment,Other,equipment development for 28nm~65nm technology,CIS,0.028,12,3000,6750,,,,2022,2021,2022,2022,/Users/simon/Documents/Simon-OB/本体论/base/半导体/SEMI_WFF_2026_1Q.xlsx,Company Detail,file:///Users/simon/Documents/Simon-OB/%E6%9C%AC%E4%BD%93%E8%AE%BA/base/%E5%8D%8A%E5%AF%BC%E4%BD%93/output/semiconductor_ontology.json
Shanghai Advanced Micro Semiconductors - Fab 1,,研发中试工厂,"Shanghai Advanced Micro Semiconductors 的 Fab 1，位于 Shanghai, Shanghai, 中国。",6539,研发，中试线,In production,Shanghai,Shanghai,中国,中国,亚太,"2020 Feidu Road, Pudong, Shanghai, China",https://www.advanced-microsemi.com/en/,代工/研发,Other,GaN HEMT,"InP, GaN, GaAs",0.15,6,5000,2812.5,8000,,60000,2022,2020,2021,2022,/Users/simon/Documents/Simon-OB/本体论/base/半导体/SEMI_WFF_2026_1Q.xlsx,Company Detail,https://www.advanced-microsemi.com/en/
Shanghai IC R&D Center (ICRD) - ICRD (ICRD Phase 1),,研发中试工厂,"Shanghai IC R&D Center (ICRD) 的 ICRD (ICRD Phase 1)，位于 Shanghai, Shanghai, 中国。",6489,研发,In production,Shanghai,Shanghai,中国,中国,亚太,No. 497 Gaosi Road,https://www.icrd.com.cn/,研发,Other,,,0.007,12,3000,6750,,,,2004,2002,2003,2003,/Users/simon/Documents/Simon-OB/本体论/base/半导体/SEMI_WFF_2026_1Q.xlsx,Company Detail,https://www.icrd.com.cn/
Shanghai IC R&D Center (ICRD) - Shanghai IC Equipment & Material Innovation center (ICRD Phase 2),,研发中试工厂,"Shanghai IC R&D Center (ICRD) 的 Shanghai IC Equipment & Material Innovation center (ICRD Phase 2)，位于 Shanghai, Shanghai, 中国。",6499,研发，中试线,In production,Shanghai,Shanghai,中国,中国,亚太,"No. 497, Loulu Road, Jiading District",https://www.icrd.com.cn/,研发,Other,,,0.007,12,20000,45000,,,,2023,2021,2023,2023,/Users/simon/Documents/Simon-OB/本体论/base/半导体/SEMI_WFF_2026_1Q.xlsx,Company Detail,https://www.icrd.com.cn/
Shanghai Industrial Technology Institute (SITRI) - 1st floor Silicon Photonics,,研发中试工厂,"Shanghai Industrial Technology Institute (SITRI) 的 1st floor Silicon Photonics，位于 Shanghai, Shanghai, 中国。",4956,研发，中试线,In production,Shanghai,Shanghai,中国,中国,亚太,"No. 235 Chengbei Rd, BLD 3",http://www.sitrigroup.com/,Opto/Image Sensors,Opto,"silicon photonics, pilot production for customers",,0.065,8,1000,1000,53820,,,2018,,2018,2018,/Users/simon/Documents/Simon-OB/本体论/base/半导体/SEMI_WFF_2026_1Q.xlsx,Company Detail,http://www.sitrigroup.com/
Shanghai Institute of Microsystem and Information Technology (SIMIT) - SIMIT Lab for Transducer Development,,研发中试工厂,"Shanghai Institute of Microsystem and Information Technology (SIMIT) 的 SIMIT Lab for Transducer Development，位于 Shanghai, Shanghai, 中国。",3792,研发，中试线,In production,Shanghai,Shanghai,中国,中国,亚太,865 Changning Road,http://english.sim.cas.cn/,MEMS,MEMS,State Key Lab for Transducer Development and MEMS lab,MEMS,1,4,1000,250,17200,,,1989,1987,1989,1989,/Users/simon/Documents/Simon-OB/本体论/base/半导体/SEMI_WFF_2026_1Q.xlsx,Company Detail,http://english.sim.cas.cn/
Sharp - Tenri Development Center,,研发中试工厂,"Sharp 的 Tenri Development Center，位于 Tenri, Nara, 日本。",951,研发，中试线,In production,Tenri,Nara,日本,日本,日本,2613-1 Ichinomoto,http://www.sharp-world.com/,Logic/Other,Logic&Micro,"R&D for compound semiconductor, sensors and CIS image",BICMOS Bipolar,0.35,5,750,292.96875,,,,1970,1968,1970,1970,/Users/simon/Documents/Simon-OB/本体论/base/半导体/SEMI_WFF_2026_1Q.xlsx,Company Detail,http://www.sharp-world.com/
Shenzhen Sitan Technology - Shenzhen Pilot line,,研发中试工厂,"Shenzhen Sitan Technology 的 Shenzhen Pilot line，位于 Shenzhen, Guangdong, 中国。",6591,研发，中试线,In production,Shenzhen,Guangdong,中国,中国,亚太,"13th Floor, Building 1, Kohodo Tower, No. 1 Gongyeyuan Road, Longhua District",https://www.szsitan.com/st,光电器件/LED,Opto,,,0.5,6,500,281.25,,,,2019,2019,2019,2019,/Users/simon/Documents/Simon-OB/本体论/base/半导体/SEMI_WFF_2026_1Q.xlsx,Company Detail,https://www.szsitan.com/st
"Shindengen Electric Manufacturing Co., Ltd. - Hanno #1 & 2",,研发中试工厂,"Shindengen Electric Manufacturing Co., Ltd. 的 Hanno #1 & 2，位于 Hanno, Saitama, 日本。",954,研发,in production,Hanno,Saitama,日本,日本,日本,"10-13, Minami-Cho",http://www.shindengen.co.jp,Discrete/Power,Discrete,R&D: Power MOSFET Linear Log,MOS Bipolar,3,4,500,125,20023,100,,1949,1948,1949,1949,/Users/simon/Documents/Simon-OB/本体论/base/半导体/SEMI_WFF_2026_1Q.xlsx,Company Detail,http://www.shindengen.co.jp
Sony - ULSI (Atsugi Technology Center),,研发中试工厂,"Sony 的 ULSI (Atsugi Technology Center)，位于 Atsugi, Kanagawa, 日本。",996,研发,in production,Atsugi,Kanagawa,日本,日本,日本,4-14-1 Asahi,http://www.sony.co.jp/semicon/,研发,Other,R&D,CMOS,0.2,6,250,140.625,,,,1993,1991,1993,1993,/Users/simon/Documents/Simon-OB/本体论/base/半导体/SEMI_WFF_2026_1Q.xlsx,Company Detail,http://www.sony.co.jp/semicon/
Spectro Labs - N/A,,研发中试工厂,"Spectro Labs 的 N/A，位于 Sylmar, California, 美国。",1020,研发,in production,Sylmar,California,美国,美洲,NA,12500 Gladstone,http://www.spectrolab.com,研发,Other,Solar Cells,GaAs,0.5,3,1000,140.625,3000,100,,1986,1984,1986,1986,/Users/simon/Documents/Simon-OB/本体论/base/半导体/SEMI_WFF_2026_1Q.xlsx,Company Detail,http://www.spectrolab.com
SRI International - SRI - Princeton,,研发中试工厂,"SRI International 的 SRI - Princeton，位于 Princeton, New Jersey, 美国。",126,研发，中试线,in production,Princeton,New Jersey,美国,美洲,NA,201 Washington Road,http://www.sri.com/,光电器件/激光器及其他,Opto,"Laser Diodes, III-V Optoelectronic Foundry, Wafer foundry (CCD and CMOS imagers, MEMS sensors, and MOSFET power device)","CMOS; BICMOS; SOS; SOI, Bipolar, III-V",0.9,6,800,450,5000,100,,1983,1981,1983,1983,/Users/simon/Documents/Simon-OB/本体论/base/半导体/SEMI_WFF_2026_1Q.xlsx,Company Detail,http://www.sri.com/
SUNY Polytechnic Institute - NanoFab Reflection (NRF) (NSTC - National Semiconductor Technology Center),,研发中试工厂,"SUNY Polytechnic Institute 的 NanoFab Reflection (NRF) (NSTC - National Semiconductor Technology Center)，位于 Albany, New York, 美国。",6377,研发，中试线,Constructing,Albany,New York,美国,美洲,NA,255 Fuller Road,https://sunypoly.edu/research/albany-nanotech-complex.html,研发,Other,"R&D, Pilot using EUV",,0.002,12,700,1575,50000,5,310000,2026,2024,2026,2026,/Users/simon/Documents/Simon-OB/本体论/base/半导体/SEMI_WFF_2026_1Q.xlsx,Company Detail,https://sunypoly.edu/research/albany-nanotech-complex.html
SUNY Polytechnic Institute - NanoFab North (NFN),,研发中试工厂,"SUNY Polytechnic Institute 的 NanoFab North (NFN)，位于 Albany, New York, 美国。",1781,研发,In production,Albany,New York,美国,美洲,NA,255 Fuller Road,https://sunypoly.edu/research/albany-nanotech-complex.html,研发,Other,Equipment Development,"CMOS, Cu, low-K, strained Si",0.014,12,400,900,35000,1,228000,2006,2002,2006,2006,/Users/simon/Documents/Simon-OB/本体论/base/半导体/SEMI_WFF_2026_1Q.xlsx,Company Detail,https://sunypoly.edu/research/albany-nanotech-complex.html
SUNY Polytechnic Institute - NanoFab 200 (CESTM),,研发中试工厂,"SUNY Polytechnic Institute 的 NanoFab 200 (CESTM)，位于 Albany, New York, 美国。",1813,研发,in production,Albany,New York,美国,美洲,NA,255 Fuller Road,https://sunypoly.edu/research/albany-nanotech-complex.html,研发,Other,"Equipment R&D , MEMS( Low-K, Cu, Al, GaN, III-Nitride)","CMOS, MEMS, III-V: Cu, Al, GaN, III-Nitride, strained-SI, (Silicon)",0.065,8,100,100,4000,,70000,1997,1995,1997,1997,/Users/simon/Documents/Simon-OB/本体论/base/半导体/SEMI_WFF_2026_1Q.xlsx,Company Detail,https://sunypoly.edu/research/albany-nanotech-complex.html
SUNY Polytechnic Institute - NanoFab South Annex (NFS-Annex),,研发中试工厂,"SUNY Polytechnic Institute 的 NanoFab South Annex (NFS-Annex)，位于 Albany, New York, 美国。",2233,研发,In production,Albany,New York,美国,美洲,NA,255 Fuller Rd.,https://sunypoly.edu/research/albany-nanotech-complex.html,研发,Other,supports tool pilot,"CMOS, Cu, low-K, strained Si",0.014,12,100,225,12000,,17000,2005,2003,2004,2005,/Users/simon/Documents/Simon-OB/本体论/base/半导体/SEMI_WFF_2026_1Q.xlsx,Company Detail,https://sunypoly.edu/research/albany-nanotech-complex.html
SUNY Polytechnic Institute - NanoFab South (NFS),,研发中试工厂,"SUNY Polytechnic Institute 的 NanoFab South (NFS)，位于 Albany, New York, 美国。",1943,研发,In production,Albany,New York,美国,美洲,NA,255 Fuller Road,https://sunypoly.edu/research/albany-nanotech-complex.html,研发,Other,"Nanotechnology: Contract work, rent space, bring in your own equipment","CMOS, Cu, low-K, strained-Si, Nanotechnology",0.014,12,250,562.5,32000,,150000,2004,2002,2004,2004,/Users/simon/Documents/Simon-OB/本体论/base/半导体/SEMI_WFF_2026_1Q.xlsx,Company Detail,https://sunypoly.edu/research/albany-nanotech-complex.html
SUNY Polytechnic Institute - NanoFab Xtension (NFX),,研发中试工厂,"SUNY Polytechnic Institute 的 NanoFab Xtension (NFX)，位于 Albany, New York, 美国。",3359,研发，中试线,In production,Albany,New York,美国,美洲,NA,255 Fuller Road,https://sunypoly.edu/research/albany-nanotech-complex.html,研发,Other,"R&D, Pilot",,0.005,12,600,1350,50000,1,500000,2015,,2018,2018,/Users/simon/Documents/Simon-OB/本体论/base/半导体/SEMI_WFF_2026_1Q.xlsx,Company Detail,https://sunypoly.edu/research/albany-nanotech-complex.html
SUNY Polytechnic Institute - NanoFab North (NFN) - SiC Line,,研发中试工厂,"SUNY Polytechnic Institute 的 NanoFab North (NFN) - SiC Line，位于 Albany, New York, 美国。",3882,研发,In production,Albany,New York,美国,美洲,NA,255 Fuller Road,https://sunypoly.edu/research/albany-nanotech-complex.html,Discrete/Power,Discrete,"power chips: develop and produce low cost, high performance 6-inch silicon carbide (SiC) wafers",SiC,0.25,6,3000,1687.5,10000,100,,2017,2015,2016,2017,/Users/simon/Documents/Simon-OB/本体论/base/半导体/SEMI_WFF_2026_1Q.xlsx,Company Detail,https://sunypoly.edu/research/albany-nanotech-complex.html
SUNY Polytechnic Institute - NanoFab East (NFE),,研发中试工厂,"SUNY Polytechnic Institute 的 NanoFab East (NFE)，位于 Albany, New York, 美国。",3358,研发,In production,Albany,New York,美国,美洲,NA,255 Fuller Rd.,https://sunypoly.edu/research/albany-nanotech-complex.html,研发,Other,Office and Lab Space.,,,,,,,,250000,2009,2007,2009,2009,/Users/simon/Documents/Simon-OB/本体论/base/半导体/SEMI_WFF_2026_1Q.xlsx,Company Detail,https://sunypoly.edu/research/albany-nanotech-complex.html
SUNY Polytechnic Institute - NanoFab Central (NFC),,研发中试工厂,"SUNY Polytechnic Institute 的 NanoFab Central (NFC)，位于 Albany, New York, 美国。",2231,研发,In production,Albany,New York,美国,美洲,NA,255 Fuller Road,https://sunypoly.edu/research/albany-nanotech-complex.html,R&D-Pilot,Other,R&D development of 300mm activities,"CMOS, Cu, low-K, strained Si",0.005,12,150,337.5,15000,100,100000,2010,,2013,,/Users/simon/Documents/Simon-OB/本体论/base/半导体/SEMI_WFF_2026_1Q.xlsx,Company Detail,https://sunypoly.edu/research/albany-nanotech-complex.html
Suzhou Etern-Laser - Suzhou,,研发中试工厂,"Suzhou Etern-Laser 的 Suzhou，位于 Suzhou, Jiangsu, 中国。",6532,研发，中试线,In production,Suzhou,Jiangsu,中国,中国,亚太,"No, 113 Xinli Rd, Laixiu Road, lili Town, Wujiang District",https://www.etern-laser.com/,研发,Other,,InP,0.5,6,200,112.5,,,,2024,2023,2024,2024,/Users/simon/Documents/Simon-OB/本体论/base/半导体/SEMI_WFF_2026_1Q.xlsx,Company Detail,https://www.etern-laser.com/
Texas Instruments - DHC (Dallas Heater Chip) Line,,研发中试工厂,"Texas Instruments 的 DHC (Dallas Heater Chip) Line，位于 Dallas, Texas, 美国。",3610,研发，中试线,In production,Dallas,Texas,美国,美洲,NA,"13536 North Central Expressway, South Building",http://www.ti.com,MEMS,MEMS,"MEMS, MEMS development work; heater-chip solutions for inkjet printer cartriges",MEMS,1,8,2000,2000,17000,,,1999,1998,1999,1999,/Users/simon/Documents/Simon-OB/本体论/base/半导体/SEMI_WFF_2026_1Q.xlsx,Company Detail,http://www.ti.com
Texas Instruments - DMOS 6 300mm GaN Pilot Line,,研发中试工厂,"Texas Instruments 的 DMOS 6 300mm GaN Pilot Line，位于 Dallas, Texas, 美国。",6554,研发，中试线,In production,Dallas,Texas,美国,美洲,NA,13500 North Central Expressway,http://www.ti.com,Discrete/Power,Discrete,GaN for RF and power application,GaN,0.065,12,5000,11250,,,,2024,2023,2024,2024,/Users/simon/Documents/Simon-OB/本体论/base/半导体/SEMI_WFF_2026_1Q.xlsx,Company Detail,http://www.ti.com
TNO - Photonic Chip Pilot Line,,研发中试工厂,"TNO 的 Photonic Chip Pilot Line，位于 Eindhoven, AE, 荷兰。",6705,研发，中试线,Constructing,Eindhoven,AE,荷兰,Europe & Mideast,欧洲,High Tech Campus 1,https://www.tno.nl/en/technology-science/facilities/photonic-chip-pilot-line/?utm_source=chatgpt.com,光电器件/激光器及其他,Opto,InP Photonics,"Photonics, InP",2,6,800,450,,,,2027,2025,2027,2027,/Users/simon/Documents/Simon-OB/本体论/base/半导体/SEMI_WFF_2026_1Q.xlsx,Company Detail,https://www.tno.nl/en/technology-science/facilities/photonic-chip-pilot-line/?utm_source=chatgpt.com
Toshiba (TDSC) - Kaga R&D building,,研发中试工厂,"Toshiba (TDSC) 的 Kaga R&D building，位于 Nomi, Ishikawa, 日本。",3722,研发,In production,Nomi,Ishikawa,日本,日本,日本,"1-1 Iwauchimachi,",http://www.semicon.toshiba.co.jp/eng/index.html,Discrete/Power,Discrete,R&D for Power semiconductor,GaN,0.35,8,500,500,,,58126,2016,2015,2015,2016,/Users/simon/Documents/Simon-OB/本体论/base/半导体/SEMI_WFF_2026_1Q.xlsx,Company Detail,http://www.semicon.toshiba.co.jp/eng/index.html
TSMC - Fab 12 Phase 6 (was Vanguard site),,研发中试工厂,"TSMC 的 Fab 12 Phase 6 (was Vanguard site)，位于 Hsinchu, Northern Taiwan, 中国台湾。",3245,研发，中试线,In production,Hsinchu,Northern Taiwan,中国台湾,中国台湾,亚太,"166, Park Avenue 2nd Rd.",www.tsmc.com,代工/研发,Other,Foundry,"CMOS, EUV, Cu, Low-K, SoC, strained Si",0.002,12,8000,18000,,,1669948,2013,2011,2013,2013,/Users/simon/Documents/Simon-OB/本体论/base/半导体/SEMI_WFF_2026_1Q.xlsx,Company Detail,file:///Users/simon/Documents/Simon-OB/%E6%9C%AC%E4%BD%93%E8%AE%BA/base/%E5%8D%8A%E5%AF%BC%E4%BD%93/output/semiconductor_ontology.json
TSMC - Fab 12 Phase 9 (was R2),,研发中试工厂,"TSMC 的 Fab 12 Phase 9 (was R2)，位于 Hsinchu, 中国台湾。",5087,研发，中试线,On hold,Hsinchu,,中国台湾,中国台湾,亚太,"Kehuan Rd., Baoshan Township,",www.tsmc.com,代工/研发,Other,R&D and Pilot production for 2nm and below technologies,,0.001,12,10000,22500,,,,2029,2021,2029,2029,/Users/simon/Documents/Simon-OB/本体论/base/半导体/SEMI_WFF_2026_1Q.xlsx,Company Detail,file:///Users/simon/Documents/Simon-OB/%E6%9C%AC%E4%BD%93%E8%AE%BA/base/%E5%8D%8A%E5%AF%BC%E4%BD%93/output/semiconductor_ontology.json
TSMC - Fab 12 Phase 8 (was R1),,研发中试工厂,"TSMC 的 Fab 12 Phase 8 (was R1)，位于 Hsinchu, Northern Taiwan, 中国台湾。",5000,研发，中试线,In production,Hsinchu,Northern Taiwan,中国台湾,中国台湾,亚太,"Kehuan Rd., Baoshan Township,",www.tsmc.com,代工/研发,Other,"GPU, CPU","Forksheet, CFET, 3D transistor",0.0014,12,10000,22500,,,,2022,2019,2022,2022,/Users/simon/Documents/Simon-OB/本体论/base/半导体/SEMI_WFF_2026_1Q.xlsx,Company Detail,file:///Users/simon/Documents/Simon-OB/%E6%9C%AC%E4%BD%93%E8%AE%BA/base/%E5%8D%8A%E5%AF%BC%E4%BD%93/output/semiconductor_ontology.json
TSMC - Japan Tsukuba 3D IC R&D Center,,研发中试工厂,"TSMC 的 Japan Tsukuba 3D IC R&D Center，位于 Tsukuba, Ibaraki, 日本。",6536,研发,In production,Tsukuba,Ibaraki,日本,日本,日本,"2F, 7D Bldg., West, 16-1 Onogawa, Tsukuba, Ibaraki, 305-8569, Japan",www.tsmc.com,研发,Other,,,0.055,12,1500,3375,,,,2023,2021,2023,2023,/Users/simon/Documents/Simon-OB/本体论/base/半导体/SEMI_WFF_2026_1Q.xlsx,Company Detail,file:///Users/simon/Documents/Simon-OB/%E6%9C%AC%E4%BD%93%E8%AE%BA/base/%E5%8D%8A%E5%AF%BC%E4%BD%93/output/semiconductor_ontology.json
TSMC - Arizona R&D Center,,研发中试工厂,"TSMC 的 Arizona R&D Center，位于 Phoenix, Arizona, 美国。",6657,研发,Announced,Phoenix,Arizona,美国,美洲,NA,303 Bob Stump Memorial Pkwy,www.tsmc.com,代工/研发,Other,,,0.001,12,1500,3375,,,,2027,,2027,2027,/Users/simon/Documents/Simon-OB/本体论/base/半导体/SEMI_WFF_2026_1Q.xlsx,Company Detail,file:///Users/simon/Documents/Simon-OB/%E6%9C%AC%E4%BD%93%E8%AE%BA/base/%E5%8D%8A%E5%AF%BC%E4%BD%93/output/semiconductor_ontology.json
University - Alberta - nanoFAB,,研发中试工厂,"University - Alberta 的 nanoFAB，位于 Edmonton, Alberta, 加拿大。",4960,研发,In production,Edmonton,Alberta,加拿大,美洲,NA,116 Street & 85 Avenue,https://www.nanofab.ualberta.ca/,MEMS,MEMS,MEMS: Sensors,"MEMS, Si, Glass, Quartz",0.7,6,500,281.25,4800,1000,,2001,1998,2001,,/Users/simon/Documents/Simon-OB/本体论/base/半导体/SEMI_WFF_2026_1Q.xlsx,Company Detail,https://www.nanofab.ualberta.ca/
University - Arizona State University - CSSR,,研发中试工厂,"University - Arizona State University 的 CSSR，位于 Tempe, Arizona, 美国。",35,研发,in production,Tempe,Arizona,美国,美洲,NA,"551 E Tyler Mall, Engineering Research Center (ERC)",,研发,Other,Neural Networks MPU Log,GaAs,1,4,100,25,4000,100,,1983,1981,1983,1983,/Users/simon/Documents/Simon-OB/本体论/base/半导体/SEMI_WFF_2026_1Q.xlsx,Company Detail,file:///Users/simon/Documents/Simon-OB/%E6%9C%AC%E4%BD%93%E8%AE%BA/base/%E5%8D%8A%E5%AF%BC%E4%BD%93/SEMI_WFF_2026_1Q.xlsx
University - Bilkent (Ankara) - UNAM cleanroom facility (UCF),,研发中试工厂,"University - Bilkent (Ankara) 的 UNAM cleanroom facility (UCF)，位于 Ankara, Ankara, Turkey。",3577,研发,In production,Ankara,Ankara,Turkey,Europe & Mideast,欧洲,Bilkent University UNAM,http://www.nano.org.tr/,研发,Other,"R&D: EPI, Litho, thin film deposition and etching, device characterization",,1,4,150,37.5,4306,100,,2009,2008,2009,2009,/Users/simon/Documents/Simon-OB/本体论/base/半导体/SEMI_WFF_2026_1Q.xlsx,Company Detail,http://www.nano.org.tr/
"University - Cardiff University, School of Physics and Astronomy - Optoelectronics Cleanroom",,研发中试工厂,"University - Cardiff University, School of Physics and Astronomy 的 Optoelectronics Cleanroom，位于 Cardiff, Glamorgan, Wales。",3072,研发,In production,Cardiff,Glamorgan,Wales,Europe & Mideast,欧洲,"Queen's Building, 5 The Parade, Newport Road",www.astro.cf.ac.uk,研发,Other,Optoelectronic devices,"III-V, II-V",1,3,50,7.03125,,100,,1994,,,1994,/Users/simon/Documents/Simon-OB/本体论/base/半导体/SEMI_WFF_2026_1Q.xlsx,Company Detail,file:///Users/simon/Documents/Simon-OB/%E6%9C%AC%E4%BD%93%E8%AE%BA/base/%E5%8D%8A%E5%AF%BC%E4%BD%93/output/semiconductor_ontology.json
"University - Carnegie Mellon University - MEMS Lab not cleanroom, lab of ECE dept",,研发中试工厂,"University - Carnegie Mellon University 的 MEMS Lab not cleanroom, lab of ECE dept，位于 Pittsburgh, Pennsylvania, 美国。",3049,研发,In production,Pittsburgh,Pennsylvania,美国,美洲,NA,5000 Forbes Avenue,http://www.cmu.edu/index.shtml,研发,Other,,MEMS,1,4,50,12.5,,,,1994,1993,1994,1994,/Users/simon/Documents/Simon-OB/本体论/base/半导体/SEMI_WFF_2026_1Q.xlsx,Company Detail,http://www.cmu.edu/index.shtml
University - Carnegie Mellon University - Nanofabrication Facility,,研发中试工厂,"University - Carnegie Mellon University 的 Nanofabrication Facility，位于 Pittsburgh, Pennsylvania, 美国。",3045,研发,In production,Pittsburgh,Pennsylvania,美国,美洲,NA,5000 Forbes Avenue,http://www.cmu.edu/index.shtml,研发,Other,"R&D (Thin film and solid state electronics), data storage, MEMS, semiconductor materials and quantum structures, and integrated electro-optics","CMOS, MEMS, III-V",0.01,6,100,56.25,3800,,,1983,1982,1983,1983,/Users/simon/Documents/Simon-OB/本体论/base/半导体/SEMI_WFF_2026_1Q.xlsx,Company Detail,http://www.cmu.edu/index.shtml
University - Chalmers University of Technology - MC2,,研发中试工厂,"University - Chalmers University of Technology 的 MC2，位于 Goteborg, Bohuslän, 瑞典。",1728,研发,in production,Goteborg,Bohuslän,瑞典,Europe & Mideast,欧洲,Besöksadress: Kemivägen 9,http://www.mc2.chalmers.se/,MEMS/R&D,MEMS,"MEMS, III-V (GaAs), SOI, wide bandgap materials, supercond. (high Tc),  LCD, EPI","MEMS, EPI, SOI, I, III-V: GaAs, InP",0.01,6,500,281.25,16146,1,,2002,1999,2002,2002,/Users/simon/Documents/Simon-OB/本体论/base/半导体/SEMI_WFF_2026_1Q.xlsx,Company Detail,http://www.mc2.chalmers.se/
University - Cornell University - CNF at Duffield Hall,,研发中试工厂,"University - Cornell University 的 CNF at Duffield Hall，位于 Ithaca, New York, 美国。",6378,研发,In production,Ithaca,New York,美国,美洲,NA,"250 Duffield Hall, 343 Campus Rd",https://www.cnf.cornell.edu,研发,Other,"R&D includes fields on MEMS, microfluidics, nanomagnetics and bioelectronics",III-V,0.014,6,250,140.625,17000,1000,,2004,2002,2004,2004,/Users/simon/Documents/Simon-OB/本体论/base/半导体/SEMI_WFF_2026_1Q.xlsx,Company Detail,https://www.cnf.cornell.edu
University - Inter Semiconductor Research Center (ISRC) - ISRC,,研发中试工厂,"University - Inter Semiconductor Research Center (ISRC) 的 ISRC，位于 Seoul, Seoul, 韩国。",422,研发,in production,Seoul,Seoul,韩国,韩国,亚太,"B104, Seoul National University, San 56-1, Shillim-dong",http://isrc.snu.ac.kr,研发,Other,"CMOS R&D;  MEMS; DNA Chip, PDP ; Circuit design for high-speed non-memory devices",CMOS; III-V materials,0.5,4,100,25,,10,,1988,1986,1988,1988,/Users/simon/Documents/Simon-OB/本体论/base/半导体/SEMI_WFF_2026_1Q.xlsx,Company Detail,http://isrc.snu.ac.kr
University - Louisiana State University - N/A,,研发中试工厂,"University - Louisiana State University 的 N/A，位于 Baton Rouge, Louisiana, 美国。",481,研发,in production,Baton Rouge,Louisiana,美国,美洲,NA,"Solid State Lab, Dept Of Elect. & CoMPUter Engineering",,研发,Other,Synchrotron Ring,N/A,0.25,3,100,14.0625,,10,40000,1992,1990,1992,1992,/Users/simon/Documents/Simon-OB/本体论/base/半导体/SEMI_WFF_2026_1Q.xlsx,Company Detail,file:///Users/simon/Documents/Simon-OB/%E6%9C%AC%E4%BD%93%E8%AE%BA/base/%E5%8D%8A%E5%AF%BC%E4%BD%93/SEMI_WFF_2026_1Q.xlsx
University - Meiji University - Nano Technology Lab,,研发中试工厂,"University - Meiji University 的 Nano Technology Lab，位于 Kawasaki, Kanagawa, 日本。",532,研发,in production,Kawasaki,Kanagawa,日本,日本,日本,"1-1-1 Higashi-mita, Tama-ku",http://www.meiji.ac.jp/cip/english/,研发,Other,R&D:  MESFET,"GaAs, AlGaAs",0.5,4,100,25,,,,1997,1996,1997,1997,/Users/simon/Documents/Simon-OB/本体论/base/半导体/SEMI_WFF_2026_1Q.xlsx,Company Detail,http://www.meiji.ac.jp/cip/english/
University - MIT (Massachusetts Institute of Technology) - MTL-Integrated Circuits Laboratory (ICL),,研发中试工厂,"University - MIT (Massachusetts Institute of Technology) 的 MTL-Integrated Circuits Laboratory (ICL)，位于 Cambridge, Massachusetts, 美国。",2348,研发,In production,Cambridge,Massachusetts,美国,美洲,NA,60 Vassar Street,http://web.mit.edu/,研发,Other,R&D: CMOS-compatible device fabrication facility,CMOS,0.065,6,200,112.5,2800,10,6800,1992,1990,1992,1992,/Users/simon/Documents/Simon-OB/本体论/base/半导体/SEMI_WFF_2026_1Q.xlsx,Company Detail,http://web.mit.edu/
University - MIT (Massachusetts Institute of Technology) - MTL-Technology Research Laboratory (TRL),,研发中试工厂,"University - MIT (Massachusetts Institute of Technology) 的 MTL-Technology Research Laboratory (TRL)，位于 Cambridge, Massachusetts, 美国。",2349,研发,In production,Cambridge,Massachusetts,美国,美洲,NA,60 Vassar Street,http://web.mit.edu/,研发,Other,R&D: semiconductor device fabrication facility that includes gold-compatible tools,CMOS,0.065,6,200,112.5,2200,100,3600,1992,1990,1992,1992,/Users/simon/Documents/Simon-OB/本体论/base/半导体/SEMI_WFF_2026_1Q.xlsx,Company Detail,http://web.mit.edu/
University - MIT (Massachusetts Institute of Technology) - MTL-Exploratory Materials Lab (EML),,研发中试工厂,"University - MIT (Massachusetts Institute of Technology) 的 MTL-Exploratory Materials Lab (EML)，位于 Cambridge, Massachusetts, 美国。",2350,研发,In production,Cambridge,Massachusetts,美国,美洲,NA,"60 Vassar Street, building 39",http://web.mit.edu/,研发,Other,"R&D: Flexible, thin film deposition lab, deposition of a variety of materials",Thin film dep,0.09,6,100,56.25,2100,10000,,1992,1990,1992,1992,/Users/simon/Documents/Simon-OB/本体论/base/半导体/SEMI_WFF_2026_1Q.xlsx,Company Detail,http://web.mit.edu/
University - MIT (Massachusetts Institute of Technology) - Microelectronics Laboratory (ML),,研发中试工厂,"University - MIT (Massachusetts Institute of Technology) 的 Microelectronics Laboratory (ML)，位于 Lexington, Massachusetts, 美国。",566,研发,in production,Lexington,Massachusetts,美国,美洲,NA,244 Wood Street,http://web.mit.edu/,研发,Other,"Electronic devices, optical communication, electro-optical, laser, bio-defense, RF electronics, superconductors, environmental, FDSOI","CMOS, FDSOI-CMOS",0.5,8,500,500,18100,10,68000,1994,2008,2011,2011,/Users/simon/Documents/Simon-OB/本体论/base/半导体/SEMI_WFF_2026_1Q.xlsx,Company Detail,http://web.mit.edu/
University - MIT (Massachusetts Institute of Technology) - CSL-MIF (Compound Semiconductor Lab / Microelectronics IntegrationFacility),,研发中试工厂,"University - MIT (Massachusetts Institute of Technology) 的 CSL-MIF (Compound Semiconductor Lab / Microelectronics IntegrationFacility)，位于 Lexington, Massachusetts, 美国。",4995,研发，中试线,Constructing,Lexington,Massachusetts,美国,美洲,NA,244 Wood Street,http://web.mit.edu/,研发,Other,"for material growth equipment, optical packaging, and assembly",,0.09,8,700,700,50000,10,150000,2027,2022,2027,2027,/Users/simon/Documents/Simon-OB/本体论/base/半导体/SEMI_WFF_2026_1Q.xlsx,Company Detail,http://web.mit.edu/
University - National Research University of Electronic Technology - MIET - MIET National Research University of Electronic Technology,,研发中试工厂,"University - National Research University of Electronic Technology - MIET 的 MIET National Research University of Electronic Technology，位于 Zelenograd, Moscow, 俄罗斯。",3363,研发，中试线,In production,Zelenograd,Moscow,俄罗斯,Europe & Mideast,欧洲,"Bld. 1, Shokin Square",https://eng.miet.ru/,MEMS,MEMS,"Integrated sensors (MEMS),  ASIC","CMOS, Bipolar, MEMS, BiCMOS",1000,4,2000,500,10764,100,23681,1990,1988,1989,1990,/Users/simon/Documents/Simon-OB/本体论/base/半导体/SEMI_WFF_2026_1Q.xlsx,Company Detail,https://eng.miet.ru/
University - Penn State - Nanofab,,研发中试工厂,"University - Penn State 的 Nanofab，位于 University Park, Pennsylvania, 美国。",3506,研发,In production,University Park,Pennsylvania,美国,美洲,NA,N-107 Millennium Science Complex,www.mri.psu.edu/facilities/nanofab,研发,Other,,,0.02,8,50,50,10000,100,248000,2012,2010,2012,2012,/Users/simon/Documents/Simon-OB/本体论/base/半导体/SEMI_WFF_2026_1Q.xlsx,Company Detail,file:///Users/simon/Documents/Simon-OB/%E6%9C%AC%E4%BD%93%E8%AE%BA/base/%E5%8D%8A%E5%AF%BC%E4%BD%93/output/semiconductor_ontology.json
University - Politecnico di Milano - PoliFab 150mm (micro and nano technology center),,研发中试工厂,"University - Politecnico di Milano 的 PoliFab 150mm (micro and nano technology center)，位于 Milano, Lombardy, 意大利。",6231,研发,In production,Milano,Lombardy,意大利,Europe & Mideast,欧洲,"Piazza Leonardo da Vinci, 32",https://www.polimi.it/en.1.html,研发,Other,"photonics, micro and nanoelectronics, biotechnologies, advanced materials and nanotechnology",,1,6,50,28.125,1615,1000,4000,2015,2013,2015,2015,/Users/simon/Documents/Simon-OB/本体论/base/半导体/SEMI_WFF_2026_1Q.xlsx,Company Detail,https://www.polimi.it/en.1.html
University - Politecnico di Milano - Research Center for Advanced Sensors,,研发中试工厂,"University - Politecnico di Milano 的 Research Center for Advanced Sensors，位于 Milano, Lombardy, 意大利。",6232,研发,In production,Milano,Lombardy,意大利,Europe & Mideast,欧洲,"Piazza Leonardo da Vinci, 32",https://www.polimi.it/en.1.html,MEMS/R&D,MEMS,"Research Center for Advanced Sensors, MEMS",MEMS,1,8,50,50,,,,2023,2021,2023,2023,/Users/simon/Documents/Simon-OB/本体论/base/半导体/SEMI_WFF_2026_1Q.xlsx,Company Detail,https://www.polimi.it/en.1.html
University - Purdue - Scifres Nanofabrication Laboratory (SNL),,研发中试工厂,"University - Purdue 的 Scifres Nanofabrication Laboratory (SNL)，位于 West Lafayette, Indiana, 美国。",3507,研发,In production,West Lafayette,Indiana,美国,美洲,NA,1205 W. State Street,www.purdue.edu/discoverypark/nanotechnology,研发,Other,,,0.01,4,50,12.5,25000,100,187000,2007,2003,2007,2007,/Users/simon/Documents/Simon-OB/本体论/base/半导体/SEMI_WFF_2026_1Q.xlsx,Company Detail,file:///Users/simon/Documents/Simon-OB/%E6%9C%AC%E4%BD%93%E8%AE%BA/base/%E5%8D%8A%E5%AF%BC%E4%BD%93/output/semiconductor_ontology.json
University - Ritsumeikan University - 研发,,研发中试工厂,"University - Ritsumeikan University 的 研发，位于 Kusatsu, Shiga, 日本。",835,研发,in production,Kusatsu,Shiga,日本,日本,日本,1-1-1 Noji-higashi,http://www.ritsumei.ac.jp/eng/,MEMS/R&D,MEMS,"MEMS, Nano Machine,LSI",N/A,0.5,3,500,70.3125,22000,,,1995,1993,1995,1995,/Users/simon/Documents/Simon-OB/本体论/base/半导体/SEMI_WFF_2026_1Q.xlsx,Company Detail,http://www.ritsumei.ac.jp/eng/
University - Stanford University - SNF (Stanford Nanofabrication Facility),,研发中试工厂,"University - Stanford University 的 SNF (Stanford Nanofabrication Facility)，位于 Palo Alto, California, 美国。",1024,研发,in production,Palo Alto,California,美国,美洲,NA,420 Via Ortega,http://www.stanford.edu/,研发,Other,"R&D (MEMS, CMOS, etc)",CMOS; BICMOS; NMOS; BIP,0.01,6,100,56.25,10000,10,,1986,1985,1986,1986,/Users/simon/Documents/Simon-OB/本体论/base/半导体/SEMI_WFF_2026_1Q.xlsx,Company Detail,http://www.stanford.edu/
University - Technical University of Braunschweig - N/A,,研发中试工厂,"University - Technical University of Braunschweig 的 N/A，位于 Braunschweig, Saxony, 德国。",1049,研发,in production,Braunschweig,Saxony,德国,Europe & Mideast,欧洲,Mendelssohnstrasse 2,http://mammut.techphys.nat.tu-bs.de/,研发,Other,N/A,"GaAs, III-V",0.5,3,200,28.125,,,,1984,1982,1984,1984,/Users/simon/Documents/Simon-OB/本体论/base/半导体/SEMI_WFF_2026_1Q.xlsx,Company Detail,http://mammut.techphys.nat.tu-bs.de/
University - Technical University of Braunschweig - N/A,,研发中试工厂,"University - Technical University of Braunschweig 的 N/A，位于 Braunschweig, Saxony, 德国。",3596,研发,In production,Braunschweig,Saxony,德国,Europe & Mideast,欧洲,Hans-Sommer-Str. 66,http://mammut.techphys.nat.tu-bs.de/,研发,Other,R&D,,0.01,6,500,281.25,,100,,2006,2005,2006,2006,/Users/simon/Documents/Simon-OB/本体论/base/半导体/SEMI_WFF_2026_1Q.xlsx,Company Detail,http://mammut.techphys.nat.tu-bs.de/
University - Technical University of Denmark - Danchip,,研发中试工厂,"University - Technical University of Denmark 的 Danchip，位于 Kgs. Lyngby, Lyngby-Taarbæk, Denmark。",2158,研发,In production,Kgs. Lyngby,Lyngby-Taarbæk,Denmark,Europe & Mideast,欧洲,Oersteds Plads Building 345 East,http://www.danchip.dtu.dk/English.aspx,MEMS,MEMS,"MEMS; optical communication; µ-fluidics; and biochemical, biotech and medical applications","Si, various metals, various insulators, SOI, SU8, InP, MEMS",0.007,6,500,281.25,13455,10,,1993,1992,1993,1993,/Users/simon/Documents/Simon-OB/本体论/base/半导体/SEMI_WFF_2026_1Q.xlsx,Company Detail,http://www.danchip.dtu.dk/English.aspx
University - Tohoku University - Center for Integrated NanoTechnology Support,,研发中试工厂,"University - Tohoku University 的 Center for Integrated NanoTechnology Support，位于 Sendai, Miyagi, 日本。",1093,研发,in production,Sendai,Miyagi,日本,日本,日本,519-1176 Aramaki-Aza-Aoba,http://www.ginti.niche.tohoku.ac.jp/index.html,研发,Other,R&D,N/A,0.18,8,1000,1000,25000,,828821,1986,1984,1986,1986,/Users/simon/Documents/Simon-OB/本体论/base/半导体/SEMI_WFF_2026_1Q.xlsx,Company Detail,http://www.ginti.niche.tohoku.ac.jp/index.html
University - Tohoku University - GINTI,,研发中试工厂,"University - Tohoku University 的 GINTI，位于 Tagajo, Miyagi, 日本。",3606,研发，中试线,In production,Tagajo,Miyagi,日本,日本,日本,"3 Chome-4-1, Sakuragi",http://www.ginti.niche.tohoku.ac.jp/index.html,研发,Other,"3D LSI, TSV, MEMS",TSV,0.025,12,1000,2250,16146,10,,2013,2012,2013,2013,/Users/simon/Documents/Simon-OB/本体论/base/半导体/SEMI_WFF_2026_1Q.xlsx,Company Detail,http://www.ginti.niche.tohoku.ac.jp/index.html
University - Tsing Hua University - N/A,,研发中试工厂,"University - Tsing Hua University 的 N/A，位于 Beijing, Beijing, 中国。",1145,研发,in production,Beijing,Beijing,中国,中国,亚太,School of Integrated Circuits at Tsinghua University,http://www.nthu.edu.tw/,研发,Other,SRAM DRAM,CMOS,0.25,6,100,56.25,1200,10,,1999,1998,1999,1999,/Users/simon/Documents/Simon-OB/本体论/base/半导体/SEMI_WFF_2026_1Q.xlsx,Company Detail,http://www.nthu.edu.tw/
University - Vanderbilt University - VINSE (Vanderbilt Institute of Nanoscale Science and Engineering),,研发中试工厂,"University - Vanderbilt University 的 VINSE (Vanderbilt Institute of Nanoscale Science and Engineering)，位于 Nashville, Tennessee, 美国。",5040,研发,In production,Nashville,Tennessee,美国,美洲,NA,1212 25th Avenue South,vinse@vanderbilt.edu,研发,Opto,R&D. Development of materials and integrated devices as well as microfluidic and nano-photonic systems,,0.1,4,100,25,10000,100,230000,2017,2014,2017,2017,/Users/simon/Documents/Simon-OB/本体论/base/半导体/SEMI_WFF_2026_1Q.xlsx,Company Detail,file:///Users/simon/Documents/Simon-OB/%E6%9C%AC%E4%BD%93%E8%AE%BA/base/%E5%8D%8A%E5%AF%BC%E4%BD%93/output/semiconductor_ontology.json
University of Adelaide - N/A,,研发中试工厂,"University of Adelaide 的 N/A，位于 Adelaide, South Australia, 澳大利亚。",1160,研发,in production,Adelaide,South Australia,澳大利亚,SE Asia,亚太,"Ground Floor, The Braggs Building, North Terrace Campus, The University of Adelaide",,研发,Other,N/A,GaAs,0.5,2,100,6.25,,10,,1988,1986,1988,1988,/Users/simon/Documents/Simon-OB/本体论/base/半导体/SEMI_WFF_2026_1Q.xlsx,Company Detail,file:///Users/simon/Documents/Simon-OB/%E6%9C%AC%E4%BD%93%E8%AE%BA/base/%E5%8D%8A%E5%AF%BC%E4%BD%93/SEMI_WFF_2026_1Q.xlsx
University of California at Berkeley - Marvell Nanolab,,研发中试工厂,"University of California at Berkeley 的 Marvell Nanolab，位于 Berkeley, California, 美国。",3027,研发,In production,Berkeley,California,美国,美洲,NA,"2594 Hearst Ave, Sutardja Dai Hall",http://nanolab.berkeley.edu/,研发,Other,"R&D for Ics, MEMS, Optoelectronics, Microfluidics","SiGe, SiC, AlN, Mo, Ru",0.007,6,100,56.25,15000,100,,2010,2006,2010,2010,/Users/simon/Documents/Simon-OB/本体论/base/半导体/SEMI_WFF_2026_1Q.xlsx,Company Detail,http://nanolab.berkeley.edu/
University of Colorado - ECE Dept,,研发中试工厂,"University of Colorado 的 ECE Dept，位于 Colorado Springs, Colorado, 美国。",1162,研发,in production,Colorado Springs,Colorado,美国,美洲,NA,"1420 Austin Bluffs Pkwy, ENGR 231A and/or EE 255",http://ece-www.colorado.edu/,研发,Other,Ferram Ferro Electric RAM,GaAs CMOS,2,4,100,25,,100,,1987,1985,1987,1987,/Users/simon/Documents/Simon-OB/本体论/base/半导体/SEMI_WFF_2026_1Q.xlsx,Company Detail,http://ece-www.colorado.edu/
University of Glasgow - James Watt Nanofabrication Centre,,研发中试工厂,"University of Glasgow 的 James Watt Nanofabrication Centre，位于 Glasgow, Glasgow City, Scotland。",3594,研发,In production,Glasgow,Glasgow City,Scotland,Europe & Mideast,欧洲,Oakfield Avenue,http://www.jwnc.gla.ac.uk/,研发,Other,"micro- and nano-fabrication in Si-technology, MEMS, III-Vs, piezoelectric and magnetic materials.","CMOS, MEMS",0.01,6,500,281.25,8073,10,,2006,2004,2006,2006,/Users/simon/Documents/Simon-OB/本体论/base/半导体/SEMI_WFF_2026_1Q.xlsx,Company Detail,http://www.jwnc.gla.ac.uk/
University of Illinois at Urbana-Champaign - Nano Lab - ECE Illinois,,研发中试工厂,"University of Illinois at Urbana-Champaign 的 Nano Lab - ECE Illinois，位于 Urbana, Illinois, 美国。",3841,研发,In production,Urbana,Illinois,美国,美洲,NA,306 N. Wright St.,http://buildingcampaign.ece.illinois.edu/,研发,Other,,,0.009,8,25,25,1900,100,230000,2015,2012,2015,2015,/Users/simon/Documents/Simon-OB/本体论/base/半导体/SEMI_WFF_2026_1Q.xlsx,Company Detail,http://buildingcampaign.ece.illinois.edu/
University of Michigan - LNF (Lurie Nanofabrication Facility),,研发中试工厂,"University of Michigan 的 LNF (Lurie Nanofabrication Facility)，位于 Ann Arbor, Michigan, 美国。",3918,研发,In production,Ann Arbor,Michigan,美国,美洲,NA,1301 Beal Avenue,https://lnf.umich.edu/,研发,Other,"silicon integrated circuits, MEMS, III-V compound devices, organic devices and nanoimprint technology","CMOS, MEMS, III-IV",0.01,6,200,112.5,11000,10,18000,1988,1984,1987,1988,/Users/simon/Documents/Simon-OB/本体论/base/半导体/SEMI_WFF_2026_1Q.xlsx,Company Detail,https://lnf.umich.edu/
University of Minnesota - Nanofabrication Center,,研发中试工厂,"University of Minnesota 的 Nanofabrication Center，位于 Minneapolis, Minnesota, 美国。",2283,研发,In production,Minneapolis,Minnesota,美国,美洲,NA,200 Union St SE,http://www.mtl.umn.edu/index.html,研发,Other,Micro- and nanofabrication R&D,"MEMS, thin film technology",0.05,6,100,56.25,5000,10,,1990,1986,1990,1990,/Users/simon/Documents/Simon-OB/本体论/base/半导体/SEMI_WFF_2026_1Q.xlsx,Company Detail,http://www.mtl.umn.edu/index.html
University of Notre Dame - NDNF (Notre Dame Nanofab Facility),,研发中试工厂,"University of Notre Dame 的 NDNF (Notre Dame Nanofab Facility)，位于 Notre Dame, Indiana, 美国。",3503,研发,In production,Notre Dame,Indiana,美国,美洲,NA,257 Fitzpatrick Hall,http://www.nd.edu/~ndnf/index.html,研发,Other,,"CMOS, III-V",0.008,8,50,50,6263,100,8500,2011,2008,2011,2011,/Users/simon/Documents/Simon-OB/本体论/base/半导体/SEMI_WFF_2026_1Q.xlsx,Company Detail,http://www.nd.edu/~ndnf/index.html
University of Nottingham - Clean Room,,研发中试工厂,"University of Nottingham 的 Clean Room，位于 Nottingham, Nottinghamshire, England。",1170,研发,in production,Nottingham,Nottinghamshire,England,Europe & Mideast,欧洲,"Nanoscale and Microscale Research Centre (nmRC), Cripps South Building (Building 53)",http://www.eee.nott.ac.uk/prfeg/facilities/cleanroom.php,研发,Other,Opto,GaAs,0.5,2,300,18.75,,,,1990,1988,1990,1990,/Users/simon/Documents/Simon-OB/本体论/base/半导体/SEMI_WFF_2026_1Q.xlsx,Company Detail,http://www.eee.nott.ac.uk/prfeg/facilities/cleanroom.php
University of Princeton - Micro/Nano Fabrication Laboratory,,研发中试工厂,"University of Princeton 的 Micro/Nano Fabrication Laboratory，位于 Princeton, New Jersey, 美国。",1970,研发,In production,Princeton,New Jersey,美国,美洲,NA,70 Prospect Avenue Princeton,www.poem.princeton.edu,研发,Other,"opticals, detectors, modulators, wave-guides, nano-Si, SiGeC, organic devices, MEMS, bio devices","Bio, SiGeC",1,4,500,125,3000,100,,1988,1987,1988,1988,/Users/simon/Documents/Simon-OB/本体论/base/半导体/SEMI_WFF_2026_1Q.xlsx,Company Detail,file:///Users/simon/Documents/Simon-OB/%E6%9C%AC%E4%BD%93%E8%AE%BA/base/%E5%8D%8A%E5%AF%BC%E4%BD%93/output/semiconductor_ontology.json
University of Texas at Dallas - Cleanroom Research Laboratory,,研发中试工厂,"University of Texas at Dallas 的 Cleanroom Research Laboratory，位于 Richardson, Texas, 美国。",3504,研发,In production,Richardson,Texas,美国,美洲,NA,"800 West Campbell Road, RL10",http://www.utdallas.edu/research/cleanroom/about/index.html,研发,Other,"CMOS, MEMS,",,0.01,6,50,28.125,5000,10000,5000,2007,2004,2007,2007,/Users/simon/Documents/Simon-OB/本体论/base/半导体/SEMI_WFF_2026_1Q.xlsx,Company Detail,http://www.utdallas.edu/research/cleanroom/about/index.html
University of Tokyo - NANOBIC,,研发中试工厂,"University of Tokyo 的 NANOBIC，位于 Kawasaki, Kanagawa, 日本。",3891,研发,In production,Kawasaki,Kanagawa,日本,日本,日本,Shin-Kawasaki Sozo no Mori 7,http://www.kawasaki-net.ne.jp/sozo/en/facility/nanobic.html,MEMS/Opto,MEMS,"Nanophotonics, NEMS/MEMS",,0.008,8,250,250,8073,100,38923,2012,2010,2012,2012,/Users/simon/Documents/Simon-OB/本体论/base/半导体/SEMI_WFF_2026_1Q.xlsx,Company Detail,http://www.kawasaki-net.ne.jp/sozo/en/facility/nanobic.html
University of Trondheim - NTNU NanoLab,,研发中试工厂,"University of Trondheim 的 NTNU NanoLab，位于 Trondheim, Trøndelag, Norway。",1173,研发,in production,Trondheim,Trøndelag,Norway,Europe & Mideast,欧洲,"Sem Sælands vei 14, Chemistry building 1",nanolab@nt.ntnu.no,研发,Other,Telecom Opto,GaAs,0.5,3,400,56.25,7535,10,,2008,2005,2007,2009,/Users/simon/Documents/Simon-OB/本体论/base/半导体/SEMI_WFF_2026_1Q.xlsx,Company Detail,file:///Users/simon/Documents/Simon-OB/%E6%9C%AC%E4%BD%93%E8%AE%BA/base/%E5%8D%8A%E5%AF%BC%E4%BD%93/output/semiconductor_ontology.json
University of Wisconsin - ECE Dept,,研发中试工厂,"University of Wisconsin 的 ECE Dept，位于 Madison, Wisconsin, 美国。",1176,研发,in production,Madison,Wisconsin,美国,美洲,NA,1415 Engineering Drive,http://www.engr.wisc.edu/ece/,研发,Other,SOR Litho.,SOR Litho,0.25,5,100,39.0625,2000,10,,1986,1984,1986,1986,/Users/simon/Documents/Simon-OB/本体论/base/半导体/SEMI_WFF_2026_1Q.xlsx,Company Detail,http://www.engr.wisc.edu/ece/
VTT - S/C Lab,,研发中试工厂,"VTT 的 S/C Lab，位于 Espoo, Uusimaa, Finland。",1266,研发,in production,Espoo,Uusimaa,Finland,Europe & Mideast,欧洲,"TeknIIkantie 17, Fin-02150",http://www.vtt.fi,MEMS,MEMS,"MEMS sensors, MEMS/RF, Ics, Discretes","CMOS, BiCMOS, MEMS",0.5,4,2000,500,7500,,,1990,1988,1990,1990,/Users/simon/Documents/Simon-OB/本体论/base/半导体/SEMI_WFF_2026_1Q.xlsx,Company Detail,http://www.vtt.fi
Wolfspeed - Santa Barbara Technology Center,,研发中试工厂,"Wolfspeed 的 Santa Barbara Technology Center，位于 Goleta, California, 美国。",2331,研发,In production,Goleta,California,美国,美洲,NA,340 Storke Road,https://www.wolfspeed.com/,Discrete/Power,Discrete,They do not use silicon or GaAs.  Research facility for wide bandgap semiconductors (GaN),"GaN, SiC",,,,,,,35850,1996,1996,1996,1996,/Users/simon/Documents/Simon-OB/本体论/base/半导体/SEMI_WFF_2026_1Q.xlsx,Company Detail,https://www.wolfspeed.com/
Xian Power Electronics Research Institute (PERI) - N/A,,研发中试工厂,"Xian Power Electronics Research Institute (PERI) 的 N/A，位于 Xian, Shaanxi, 中国。",1696,研发，中试线,in production,Xian,Shaanxi,中国,中国,亚太,"49, Zhuque St.",http://www.chinaperi.com/,Discrete/Power,Discrete,Rectifier Power Transistor,Bipolar,2,4,500,125,,,,1965,1964,1965,1965,/Users/simon/Documents/Simon-OB/本体论/base/半导体/SEMI_WFF_2026_1Q.xlsx,Company Detail,http://www.chinaperi.com/
Yangzhou Zhongke Semiconductor Lighting Center Co. Ltd - Lighting center,,研发中试工厂,"Yangzhou Zhongke Semiconductor Lighting Center Co. Ltd 的 Lighting center，位于 Yangzhou, Jiangsu, 中国。",3236,研发,In production,Yangzhou,Jiangsu,中国,中国,亚太,Shiqiao Road,http://www.yzzkled.com/,光电器件/LED,Opto,HB-LED,"Sapphire, GaN",2,2,18500,1156.25,,,12917,2008,2007,2008,2008,/Users/simon/Documents/Simon-OB/本体论/base/半导体/SEMI_WFF_2026_1Q.xlsx,Company Detail,http://www.yzzkled.com/
YES PowerTechnix (YEST) - Research/Manufacturing Center 6-inch line,,研发中试工厂,"YES PowerTechnix (YEST) 的 Research/Manufacturing Center 6-inch line，位于 Pohang, Gyeongsangbuk, 韩国。",6264,研发，中试线,In production,Pohang,Gyeongsangbuk,韩国,韩国,亚太,"3rd floor of 77 Nano Convergence Technology Institute, Cheongamno Road, Nam-gu",http://www.ypt.co.kr/en/,Discrete/Power,Discrete,"SiC (SiC Diodes, SiC MOSFET)","SiC (SiC Diodes, SiC MOSFET)",0.4,6,50,28.125,,,,2020,,2020,2020,/Users/simon/Documents/Simon-OB/本体论/base/半导体/SEMI_WFF_2026_1Q.xlsx,Company Detail,http://www.ypt.co.kr/en/
Zhuzhou CRRC Times Electric - 6-inch SiC Line,,研发中试工厂,"Zhuzhou CRRC Times Electric 的 6-inch SiC Line，位于 Zhuzhou, Hunan, 中国。",6271,研发，中试线,In production,Zhuzhou,Hunan,中国,中国,亚太,"No. 169, Shidai Road (or Times Road)",http://www.timeselectric.cn/,Discrete/Power,Discrete,"SiC product C-Power 220s for Automotive application, SiC product for Railway application, Power application for automotive (EV cars)",SiC,0.5,6,1000,562.5,,,,2018,2017,2018,2018,/Users/simon/Documents/Simon-OB/本体论/base/半导体/SEMI_WFF_2026_1Q.xlsx,Company Detail,http://www.timeselectric.cn/
