nameCn,nameEn,objectTypeName,description,property.capex_amount,property.currency,property.period,property.capex_category,property.region,property.capacity_or_technology_purpose,property.data_source,property.company_name,property.previous_period_value,property.next_period_value,property.facility_name,property.facility_record_id,property.source_sheet,source_url
AOS 2026 construction spending (SEMI WFF),,资本开支,SEMI WFF 2026 Q1 construction spending observation.,40,USD million,2026,construction_spending,global,all,/Users/simon/Downloads/SEMI_WFF_2026_1Q.xlsx,AOS,,,,,,file:///Users/simon/Downloads/SEMI_WFF_2026_1Q.xlsx
AOS 2026 equipment spending (SEMI WFF),,资本开支,SEMI WFF 2026 Q1 equipment spending observation.,44,USD million,2026,equipment_spending,global,all,/Users/simon/Downloads/SEMI_WFF_2026_1Q.xlsx,AOS,,,,,,file:///Users/simon/Downloads/SEMI_WFF_2026_1Q.xlsx
Acenpower 2026 equipment spending (SEMI WFF),,资本开支,SEMI WFF 2026 Q1 equipment spending observation.,205,USD million,2026,equipment_spending,global,all,/Users/simon/Downloads/SEMI_WFF_2026_1Q.xlsx,Acenpower,,,,,,file:///Users/simon/Downloads/SEMI_WFF_2026_1Q.xlsx
Analog Devices Inc 2026 equipment spending (SEMI WFF),,资本开支,SEMI WFF 2026 Q1 equipment spending observation.,534.2,USD million,2026,equipment_spending,global,all,/Users/simon/Downloads/SEMI_WFF_2026_1Q.xlsx,Analog Devices Inc,,,,,,file:///Users/simon/Downloads/SEMI_WFF_2026_1Q.xlsx
"Anhui Anxin Electronic Technology Co., Ltd. 2026 equipment spending (SEMI WFF)",,资本开支,SEMI WFF 2026 Q1 equipment spending observation.,66,USD million,2026,equipment_spending,global,all,/Users/simon/Downloads/SEMI_WFF_2026_1Q.xlsx,"Anhui Anxin Electronic Technology Co., Ltd.",,,,,,file:///Users/simon/Downloads/SEMI_WFF_2026_1Q.xlsx
Anhui YOFC Advanced Semiconductor (YASC) 2026 equipment spending (SEMI WFF),,资本开支,SEMI WFF 2026 Q1 equipment spending observation.,200,USD million,2026,equipment_spending,global,all,/Users/simon/Downloads/SEMI_WFF_2026_1Q.xlsx,Anhui YOFC Advanced Semiconductor (YASC),,,,,,file:///Users/simon/Downloads/SEMI_WFF_2026_1Q.xlsx
Aosong Electronics (ASAIR) 2026 equipment spending (SEMI WFF),,资本开支,SEMI WFF 2026 Q1 equipment spending observation.,120.32,USD million,2026,equipment_spending,global,all,/Users/simon/Downloads/SEMI_WFF_2026_1Q.xlsx,Aosong Electronics (ASAIR),,,,,,file:///Users/simon/Downloads/SEMI_WFF_2026_1Q.xlsx
Apple Inc. 2026 construction spending (SEMI WFF),,资本开支,SEMI WFF 2026 Q1 construction spending observation.,0,USD million,2026,construction_spending,global,all,/Users/simon/Downloads/SEMI_WFF_2026_1Q.xlsx,Apple Inc.,,,,,,file:///Users/simon/Downloads/SEMI_WFF_2026_1Q.xlsx
BYD Co. Ltd 2026 equipment spending (SEMI WFF),,资本开支,SEMI WFF 2026 Q1 equipment spending observation.,529.5999999999999,USD million,2026,equipment_spending,global,all,/Users/simon/Downloads/SEMI_WFF_2026_1Q.xlsx,BYD Co. Ltd,,,,,,file:///Users/simon/Downloads/SEMI_WFF_2026_1Q.xlsx
Beijing MXTronics Corp. 2026 construction spending (SEMI WFF),,资本开支,SEMI WFF 2026 Q1 construction spending observation.,0,USD million,2026,construction_spending,global,all,/Users/simon/Downloads/SEMI_WFF_2026_1Q.xlsx,Beijing MXTronics Corp.,,,,,,file:///Users/simon/Downloads/SEMI_WFF_2026_1Q.xlsx
Beijing Yandong (YDME) 2026 construction spending (SEMI WFF),,资本开支,SEMI WFF 2026 Q1 construction spending observation.,150,USD million,2026,construction_spending,global,all,/Users/simon/Downloads/SEMI_WFF_2026_1Q.xlsx,Beijing Yandong (YDME),,,,,,file:///Users/simon/Downloads/SEMI_WFF_2026_1Q.xlsx
Beijing Yandong (YDME) 2026 equipment spending (SEMI WFF),,资本开支,SEMI WFF 2026 Q1 equipment spending observation.,535,USD million,2026,equipment_spending,global,all,/Users/simon/Downloads/SEMI_WFF_2026_1Q.xlsx,Beijing Yandong (YDME),,,,,,file:///Users/simon/Downloads/SEMI_WFF_2026_1Q.xlsx
Bosch 2026 equipment spending (SEMI WFF),,资本开支,SEMI WFF 2026 Q1 equipment spending observation.,962.2,USD million,2026,equipment_spending,global,all,/Users/simon/Downloads/SEMI_WFF_2026_1Q.xlsx,Bosch,,,,,,file:///Users/simon/Downloads/SEMI_WFF_2026_1Q.xlsx
CR Microelectronics 2026 equipment spending (SEMI WFF),,资本开支,SEMI WFF 2026 Q1 equipment spending observation.,837,USD million,2026,equipment_spending,global,all,/Users/simon/Downloads/SEMI_WFF_2026_1Q.xlsx,CR Microelectronics,,,,,,file:///Users/simon/Downloads/SEMI_WFF_2026_1Q.xlsx
CS Connected 2026 construction spending (SEMI WFF),,资本开支,SEMI WFF 2026 Q1 construction spending observation.,0,USD million,2026,construction_spending,global,all,/Users/simon/Downloads/SEMI_WFF_2026_1Q.xlsx,CS Connected,,,,,,file:///Users/simon/Downloads/SEMI_WFF_2026_1Q.xlsx
CST Global 2026 construction spending (SEMI WFF),,资本开支,SEMI WFF 2026 Q1 construction spending observation.,0,USD million,2026,construction_spending,global,all,/Users/simon/Downloads/SEMI_WFF_2026_1Q.xlsx,CST Global,,,,,,file:///Users/simon/Downloads/SEMI_WFF_2026_1Q.xlsx
CXMT (ChangXin Memory Technologies) 2026 construction spending (SEMI WFF),,资本开支,SEMI WFF 2026 Q1 construction spending observation by company.,800,USD million,2026,construction_spending,global,semiconductor_fab_construction,/Users/simon/Downloads/SEMI_WFF_2026_1Q.xlsx,CXMT (ChangXin Memory Technologies),3200,150,,,,file:///Users/simon/Downloads/SEMI_WFF_2026_1Q.xlsx
CXMT (ChangXin Memory Technologies) 2026 equipment spending (SEMI WFF),,资本开支,SEMI WFF 2026 Q1 equipment spending observation.,6005,USD million,2026,equipment_spending,global,all,/Users/simon/Downloads/SEMI_WFF_2026_1Q.xlsx,CXMT (ChangXin Memory Technologies),,,,,,file:///Users/simon/Downloads/SEMI_WFF_2026_1Q.xlsx
CanSemi 2026 construction spending (SEMI WFF),,资本开支,SEMI WFF 2026 Q1 construction spending observation.,380,USD million,2026,construction_spending,global,all,/Users/simon/Downloads/SEMI_WFF_2026_1Q.xlsx,CanSemi,,,,,,file:///Users/simon/Downloads/SEMI_WFF_2026_1Q.xlsx
CanSemi 2026 equipment spending (SEMI WFF),,资本开支,SEMI WFF 2026 Q1 equipment spending observation.,1066,USD million,2026,equipment_spending,global,all,/Users/simon/Downloads/SEMI_WFF_2026_1Q.xlsx,CanSemi,,,,,,file:///Users/simon/Downloads/SEMI_WFF_2026_1Q.xlsx
Canon 2026 equipment spending (SEMI WFF),,资本开支,SEMI WFF 2026 Q1 equipment spending observation.,100,USD million,2026,equipment_spending,global,all,/Users/simon/Downloads/SEMI_WFF_2026_1Q.xlsx,Canon,,,,,,file:///Users/simon/Downloads/SEMI_WFF_2026_1Q.xlsx
Changzhou Chemsemi 2026 equipment spending (SEMI WFF),,资本开支,SEMI WFF 2026 Q1 equipment spending observation.,72,USD million,2026,equipment_spending,global,all,/Users/simon/Downloads/SEMI_WFF_2026_1Q.xlsx,Changzhou Chemsemi,,,,,,file:///Users/simon/Downloads/SEMI_WFF_2026_1Q.xlsx
Chongqing Xinlian Microelectronics (XLMEC) 2026 construction spending (SEMI WFF),,资本开支,SEMI WFF 2026 Q1 construction spending observation.,0,USD million,2026,construction_spending,global,all,/Users/simon/Downloads/SEMI_WFF_2026_1Q.xlsx,Chongqing Xinlian Microelectronics (XLMEC),,,,,,file:///Users/simon/Downloads/SEMI_WFF_2026_1Q.xlsx
Chongqing Xinlian Microelectronics (XLMEC) 2026 equipment spending (SEMI WFF),,资本开支,SEMI WFF 2026 Q1 equipment spending observation.,1550,USD million,2026,equipment_spending,global,all,/Users/simon/Downloads/SEMI_WFF_2026_1Q.xlsx,Chongqing Xinlian Microelectronics (XLMEC),,,,,,file:///Users/simon/Downloads/SEMI_WFF_2026_1Q.xlsx
Chongqing Xinling Microelectronics 2026 equipment spending (SEMI WFF),,资本开支,SEMI WFF 2026 Q1 equipment spending observation.,100,USD million,2026,equipment_spending,global,all,/Users/simon/Downloads/SEMI_WFF_2026_1Q.xlsx,Chongqing Xinling Microelectronics,,,,,,file:///Users/simon/Downloads/SEMI_WFF_2026_1Q.xlsx
Coherent (was II-VI Incorporated) 2026 construction spending (SEMI WFF),,资本开支,SEMI WFF 2026 Q1 construction spending observation by company.,400,USD million,2026,construction_spending,global,semiconductor_fab_construction,/Users/simon/Downloads/SEMI_WFF_2026_1Q.xlsx,Coherent (was II-VI Incorporated),4,600,,,,file:///Users/simon/Downloads/SEMI_WFF_2026_1Q.xlsx
Coherent (was II-VI Incorporated) 2026 equipment spending (SEMI WFF),,资本开支,SEMI WFF 2026 Q1 equipment spending observation.,259.2,USD million,2026,equipment_spending,global,all,/Users/simon/Downloads/SEMI_WFF_2026_1Q.xlsx,Coherent (was II-VI Incorporated),,,,,,file:///Users/simon/Downloads/SEMI_WFF_2026_1Q.xlsx
CrayoNano AS 2026 construction spending (SEMI WFF),,资本开支,SEMI WFF 2026 Q1 construction spending observation.,0,USD million,2026,construction_spending,global,all,/Users/simon/Downloads/SEMI_WFF_2026_1Q.xlsx,CrayoNano AS,,,,,,file:///Users/simon/Downloads/SEMI_WFF_2026_1Q.xlsx
Crystal IS 2026 construction spending (SEMI WFF),,资本开支,SEMI WFF 2026 Q1 construction spending observation.,0,USD million,2026,construction_spending,global,all,/Users/simon/Downloads/SEMI_WFF_2026_1Q.xlsx,Crystal IS,,,,,,file:///Users/simon/Downloads/SEMI_WFF_2026_1Q.xlsx
DB HiTek (was Dongbu Hi Tek) 2026 construction spending (SEMI WFF),,资本开支,SEMI WFF 2026 Q1 construction spending observation.,0,USD million,2026,construction_spending,global,all,/Users/simon/Downloads/SEMI_WFF_2026_1Q.xlsx,DB HiTek (was Dongbu Hi Tek),,,,,,file:///Users/simon/Downloads/SEMI_WFF_2026_1Q.xlsx
DB HiTek (was Dongbu Hi Tek) 2026 equipment spending (SEMI WFF),,资本开支,SEMI WFF 2026 Q1 equipment spending observation.,56,USD million,2026,equipment_spending,global,all,/Users/simon/Downloads/SEMI_WFF_2026_1Q.xlsx,DB HiTek (was Dongbu Hi Tek),,,,,,file:///Users/simon/Downloads/SEMI_WFF_2026_1Q.xlsx
Dalian Universal Semiconductors 2026 construction spending (SEMI WFF),,资本开支,SEMI WFF 2026 Q1 construction spending observation.,0,USD million,2026,construction_spending,global,all,/Users/simon/Downloads/SEMI_WFF_2026_1Q.xlsx,Dalian Universal Semiconductors,,,,,,file:///Users/simon/Downloads/SEMI_WFF_2026_1Q.xlsx
Dalian Xinguan Technology 2026 construction spending (SEMI WFF),,资本开支,SEMI WFF 2026 Q1 construction spending observation.,0,USD million,2026,construction_spending,global,all,/Users/simon/Downloads/SEMI_WFF_2026_1Q.xlsx,Dalian Xinguan Technology,,,,,,file:///Users/simon/Downloads/SEMI_WFF_2026_1Q.xlsx
DiCon 2026 construction spending (SEMI WFF),,资本开支,SEMI WFF 2026 Q1 construction spending observation.,0,USD million,2026,construction_spending,global,all,/Users/simon/Downloads/SEMI_WFF_2026_1Q.xlsx,DiCon,,,,,,file:///Users/simon/Downloads/SEMI_WFF_2026_1Q.xlsx
"Dowa Electronics Materials Co., Ltd. 2026 construction spending (SEMI WFF)",,资本开支,SEMI WFF 2026 Q1 construction spending observation.,0,USD million,2026,construction_spending,global,all,/Users/simon/Downloads/SEMI_WFF_2026_1Q.xlsx,"Dowa Electronics Materials Co., Ltd.",,,,,,file:///Users/simon/Downloads/SEMI_WFF_2026_1Q.xlsx
Dynax Semiconductor Inc. 2026 construction spending (SEMI WFF),,资本开支,SEMI WFF 2026 Q1 construction spending observation.,0,USD million,2026,construction_spending,global,all,/Users/simon/Downloads/SEMI_WFF_2026_1Q.xlsx,Dynax Semiconductor Inc.,,,,,,file:///Users/simon/Downloads/SEMI_WFF_2026_1Q.xlsx
EYEQ Lab 2026 construction spending (SEMI WFF),,资本开支,SEMI WFF 2026 Q1 construction spending observation.,0,USD million,2026,construction_spending,global,all,/Users/simon/Downloads/SEMI_WFF_2026_1Q.xlsx,EYEQ Lab,,,,,,file:///Users/simon/Downloads/SEMI_WFF_2026_1Q.xlsx
Electronics Industry Public Company (EIC) 2026 construction spending (SEMI WFF),,资本开支,SEMI WFF 2026 Q1 construction spending observation.,0,USD million,2026,construction_spending,global,all,/Users/simon/Downloads/SEMI_WFF_2026_1Q.xlsx,Electronics Industry Public Company (EIC),,,,,,file:///Users/simon/Downloads/SEMI_WFF_2026_1Q.xlsx
Enablence Technologies 2026 construction spending (SEMI WFF),,资本开支,SEMI WFF 2026 Q1 construction spending observation.,0,USD million,2026,construction_spending,global,all,/Users/simon/Downloads/SEMI_WFF_2026_1Q.xlsx,Enablence Technologies,,,,,,file:///Users/simon/Downloads/SEMI_WFF_2026_1Q.xlsx
Enkris Semiconductor 2026 construction spending (SEMI WFF),,资本开支,SEMI WFF 2026 Q1 construction spending observation.,0,USD million,2026,construction_spending,global,all,/Users/simon/Downloads/SEMI_WFF_2026_1Q.xlsx,Enkris Semiconductor,,,,,,file:///Users/simon/Downloads/SEMI_WFF_2026_1Q.xlsx
Ennostar Corporation 2026 construction spending (SEMI WFF),,资本开支,SEMI WFF 2026 Q1 construction spending observation.,0,USD million,2026,construction_spending,global,all,/Users/simon/Downloads/SEMI_WFF_2026_1Q.xlsx,Ennostar Corporation,,,,,,file:///Users/simon/Downloads/SEMI_WFF_2026_1Q.xlsx
EpiWorld International 2026 construction spending (SEMI WFF),,资本开支,SEMI WFF 2026 Q1 construction spending observation.,0,USD million,2026,construction_spending,global,all,/Users/simon/Downloads/SEMI_WFF_2026_1Q.xlsx,EpiWorld International,,,,,,file:///Users/simon/Downloads/SEMI_WFF_2026_1Q.xlsx
Epiel 2026 construction spending (SEMI WFF),,资本开支,SEMI WFF 2026 Q1 construction spending observation.,0,USD million,2026,construction_spending,global,all,/Users/simon/Downloads/SEMI_WFF_2026_1Q.xlsx,Epiel,,,,,,file:///Users/simon/Downloads/SEMI_WFF_2026_1Q.xlsx
Episil Technologies Inc. 2026 construction spending (SEMI WFF),,资本开支,SEMI WFF 2026 Q1 construction spending observation.,0,USD million,2026,construction_spending,global,all,/Users/simon/Downloads/SEMI_WFF_2026_1Q.xlsx,Episil Technologies Inc.,,,,,,file:///Users/simon/Downloads/SEMI_WFF_2026_1Q.xlsx
Episil-Precision Inc. 2026 construction spending (SEMI WFF),,资本开支,SEMI WFF 2026 Q1 construction spending observation.,0,USD million,2026,construction_spending,global,all,/Users/simon/Downloads/SEMI_WFF_2026_1Q.xlsx,Episil-Precision Inc.,,,,,,file:///Users/simon/Downloads/SEMI_WFF_2026_1Q.xlsx
EverBright Photonics 2026 construction spending (SEMI WFF),,资本开支,SEMI WFF 2026 Q1 construction spending observation.,0,USD million,2026,construction_spending,global,all,/Users/simon/Downloads/SEMI_WFF_2026_1Q.xlsx,EverBright Photonics,,,,,,file:///Users/simon/Downloads/SEMI_WFF_2026_1Q.xlsx
Everspin Technology 2026 construction spending (SEMI WFF),,资本开支,SEMI WFF 2026 Q1 construction spending observation.,0,USD million,2026,construction_spending,global,all,/Users/simon/Downloads/SEMI_WFF_2026_1Q.xlsx,Everspin Technology,,,,,,file:///Users/simon/Downloads/SEMI_WFF_2026_1Q.xlsx
Everspin Technology 2026 equipment spending (SEMI WFF),,资本开支,SEMI WFF 2026 Q1 equipment spending observation.,55,USD million,2026,equipment_spending,global,all,/Users/simon/Downloads/SEMI_WFF_2026_1Q.xlsx,Everspin Technology,,,,,,file:///Users/simon/Downloads/SEMI_WFF_2026_1Q.xlsx
FLCT Communication Technology 2026 construction spending (SEMI WFF),,资本开支,SEMI WFF 2026 Q1 construction spending observation.,0,USD million,2026,construction_spending,global,all,/Users/simon/Downloads/SEMI_WFF_2026_1Q.xlsx,FLCT Communication Technology,,,,,,file:///Users/simon/Downloads/SEMI_WFF_2026_1Q.xlsx
FT1 2026 construction spending (SEMI WFF),,资本开支,SEMI WFF 2026 Q1 construction spending observation.,35,USD million,2026,construction_spending,global,all,/Users/simon/Downloads/SEMI_WFF_2026_1Q.xlsx,FT1,,,,,,file:///Users/simon/Downloads/SEMI_WFF_2026_1Q.xlsx
Ferdinand-Braun-Institut fur Hochfrequenztechnik 2026 construction spending (SEMI WFF),,资本开支,SEMI WFF 2026 Q1 construction spending observation.,0,USD million,2026,construction_spending,global,all,/Users/simon/Downloads/SEMI_WFF_2026_1Q.xlsx,Ferdinand-Braun-Institut fur Hochfrequenztechnik,,,,,,file:///Users/simon/Downloads/SEMI_WFF_2026_1Q.xlsx
First Sensor AG 2026 construction spending (SEMI WFF),,资本开支,SEMI WFF 2026 Q1 construction spending observation.,0,USD million,2026,construction_spending,global,all,/Users/simon/Downloads/SEMI_WFF_2026_1Q.xlsx,First Sensor AG,,,,,,file:///Users/simon/Downloads/SEMI_WFF_2026_1Q.xlsx
Founder IC (Founder Microelectronics International (FMIC)) 2026 construction spending (SEMI WFF),,资本开支,SEMI WFF 2026 Q1 construction spending observation.,0,USD million,2026,construction_spending,global,all,/Users/simon/Downloads/SEMI_WFF_2026_1Q.xlsx,Founder IC (Founder Microelectronics International (FMIC)),,,,,,file:///Users/simon/Downloads/SEMI_WFF_2026_1Q.xlsx
Founder IC (Founder Microelectronics International (FMIC)) 2026 equipment spending (SEMI WFF),,资本开支,SEMI WFF 2026 Q1 equipment spending observation.,85,USD million,2026,equipment_spending,global,all,/Users/simon/Downloads/SEMI_WFF_2026_1Q.xlsx,Founder IC (Founder Microelectronics International (FMIC)),,,,,,file:///Users/simon/Downloads/SEMI_WFF_2026_1Q.xlsx
Foxconn / Hon Hai 2026 construction spending (SEMI WFF),,资本开支,SEMI WFF 2026 Q1 construction spending observation.,0,USD million,2026,construction_spending,global,all,/Users/simon/Downloads/SEMI_WFF_2026_1Q.xlsx,Foxconn / Hon Hai,,,,,,file:///Users/simon/Downloads/SEMI_WFF_2026_1Q.xlsx
Fuji Electric 2026 equipment spending (SEMI WFF),,资本开支,SEMI WFF 2026 Q1 equipment spending observation.,174.6,USD million,2026,equipment_spending,global,all,/Users/simon/Downloads/SEMI_WFF_2026_1Q.xlsx,Fuji Electric,,,,,,file:///Users/simon/Downloads/SEMI_WFF_2026_1Q.xlsx
Fujian Jin Hua Semiconductor 2026 equipment spending (SEMI WFF),,资本开支,SEMI WFF 2026 Q1 equipment spending observation.,60,USD million,2026,equipment_spending,global,all,/Users/simon/Downloads/SEMI_WFF_2026_1Q.xlsx,Fujian Jin Hua Semiconductor,,,,,,file:///Users/simon/Downloads/SEMI_WFF_2026_1Q.xlsx
GF (Globalfoundries) 2026 construction spending (SEMI WFF),,资本开支,SEMI WFF 2026 Q1 construction spending observation.,315,USD million,2026,construction_spending,global,all,/Users/simon/Downloads/SEMI_WFF_2026_1Q.xlsx,GF (Globalfoundries),,,,,,file:///Users/simon/Downloads/SEMI_WFF_2026_1Q.xlsx
GF (Globalfoundries) 2026 equipment spending (SEMI WFF),,资本开支,SEMI WFF 2026 Q1 equipment spending observation.,1077,USD million,2026,equipment_spending,global,all,/Users/simon/Downloads/SEMI_WFF_2026_1Q.xlsx,GF (Globalfoundries),,,,,,file:///Users/simon/Downloads/SEMI_WFF_2026_1Q.xlsx
GTA Semiconductor 2026 equipment spending (SEMI WFF),,资本开支,SEMI WFF 2026 Q1 equipment spending observation.,508,USD million,2026,equipment_spending,global,all,/Users/simon/Downloads/SEMI_WFF_2026_1Q.xlsx,GTA Semiconductor,,,,,,file:///Users/simon/Downloads/SEMI_WFF_2026_1Q.xlsx
GTX Semiconductor 2026 equipment spending (SEMI WFF),,资本开支,SEMI WFF 2026 Q1 equipment spending observation.,1550,USD million,2026,equipment_spending,global,all,/Users/simon/Downloads/SEMI_WFF_2026_1Q.xlsx,GTX Semiconductor,,,,,,file:///Users/simon/Downloads/SEMI_WFF_2026_1Q.xlsx
GlobalWafers 2026 construction spending (SEMI WFF),,资本开支,SEMI WFF 2026 Q1 construction spending observation.,160,USD million,2026,construction_spending,global,all,/Users/simon/Downloads/SEMI_WFF_2026_1Q.xlsx,GlobalWafers,,,,,,file:///Users/simon/Downloads/SEMI_WFF_2026_1Q.xlsx
Green InnoCore 2026 construction spending (SEMI WFF),,资本开支,SEMI WFF 2026 Q1 construction spending observation.,90,USD million,2026,construction_spending,global,all,/Users/simon/Downloads/SEMI_WFF_2026_1Q.xlsx,Green InnoCore,,,,,,file:///Users/simon/Downloads/SEMI_WFF_2026_1Q.xlsx
Haiqian Semiconductor 2026 equipment spending (SEMI WFF),,资本开支,SEMI WFF 2026 Q1 equipment spending observation.,105,USD million,2026,equipment_spending,global,all,/Users/simon/Downloads/SEMI_WFF_2026_1Q.xlsx,Haiqian Semiconductor,,,,,,file:///Users/simon/Downloads/SEMI_WFF_2026_1Q.xlsx
Hamamatsu Photonics 2026 equipment spending (SEMI WFF),,资本开支,SEMI WFF 2026 Q1 equipment spending observation.,80.4,USD million,2026,equipment_spending,global,all,/Users/simon/Downloads/SEMI_WFF_2026_1Q.xlsx,Hamamatsu Photonics,,,,,,file:///Users/simon/Downloads/SEMI_WFF_2026_1Q.xlsx
HangZhou HFC Semiconductor 2026 equipment spending (SEMI WFF),,资本开支,SEMI WFF 2026 Q1 equipment spending observation.,800,USD million,2026,equipment_spending,global,all,/Users/simon/Downloads/SEMI_WFF_2026_1Q.xlsx,HangZhou HFC Semiconductor,,,,,,file:///Users/simon/Downloads/SEMI_WFF_2026_1Q.xlsx
Hangzhou Fullsemi 2026 equipment spending (SEMI WFF),,资本开支,SEMI WFF 2026 Q1 equipment spending observation.,296,USD million,2026,equipment_spending,global,all,/Users/simon/Downloads/SEMI_WFF_2026_1Q.xlsx,Hangzhou Fullsemi,,,,,,file:///Users/simon/Downloads/SEMI_WFF_2026_1Q.xlsx
Hangzhou Qx-semi 2026 equipment spending (SEMI WFF),,资本开支,SEMI WFF 2026 Q1 equipment spending observation.,80,USD million,2026,equipment_spending,global,all,/Users/simon/Downloads/SEMI_WFF_2026_1Q.xlsx,Hangzhou Qx-semi,,,,,,file:///Users/simon/Downloads/SEMI_WFF_2026_1Q.xlsx
Hewlett-Packard Company 2026 construction spending (SEMI WFF),,资本开支,SEMI WFF 2026 Q1 construction spending observation.,8,USD million,2026,construction_spending,global,all,/Users/simon/Downloads/SEMI_WFF_2026_1Q.xlsx,Hewlett-Packard Company,,,,,,file:///Users/simon/Downloads/SEMI_WFF_2026_1Q.xlsx
Hewlett-Packard Company 2026 equipment spending (SEMI WFF),,资本开支,SEMI WFF 2026 Q1 equipment spending observation.,60,USD million,2026,equipment_spending,global,all,/Users/simon/Downloads/SEMI_WFF_2026_1Q.xlsx,Hewlett-Packard Company,,,,,,file:///Users/simon/Downloads/SEMI_WFF_2026_1Q.xlsx
Hua Hong Semiconductor 2026 construction spending (SEMI WFF),,资本开支,SEMI WFF 2026 Q1 construction spending observation by company.,400,USD million,2026,construction_spending,global,semiconductor_fab_construction,/Users/simon/Downloads/SEMI_WFF_2026_1Q.xlsx,Hua Hong Semiconductor,0,200,,,,file:///Users/simon/Downloads/SEMI_WFF_2026_1Q.xlsx
Hua Hong Semiconductor 2026 equipment spending (SEMI WFF),,资本开支,SEMI WFF 2026 Q1 equipment spending observation.,2518,USD million,2026,equipment_spending,global,all,/Users/simon/Downloads/SEMI_WFF_2026_1Q.xlsx,Hua Hong Semiconductor,,,,,,file:///Users/simon/Downloads/SEMI_WFF_2026_1Q.xlsx
Hua Li Microelectronics (HLMC) 2026 construction spending (SEMI WFF),,资本开支,SEMI WFF 2026 Q1 construction spending observation by company.,1400,USD million,2026,construction_spending,global,semiconductor_fab_construction,/Users/simon/Downloads/SEMI_WFF_2026_1Q.xlsx,Hua Li Microelectronics (HLMC),1000,500,,,,file:///Users/simon/Downloads/SEMI_WFF_2026_1Q.xlsx
Hua Li Microelectronics (HLMC) 2026 equipment spending (SEMI WFF),,资本开支,SEMI WFF 2026 Q1 equipment spending observation.,3774,USD million,2026,equipment_spending,global,all,/Users/simon/Downloads/SEMI_WFF_2026_1Q.xlsx,Hua Li Microelectronics (HLMC),,,,,,file:///Users/simon/Downloads/SEMI_WFF_2026_1Q.xlsx
IMEC 2026 construction spending (SEMI WFF),,资本开支,SEMI WFF 2026 Q1 construction spending observation.,110,USD million,2026,construction_spending,global,all,/Users/simon/Downloads/SEMI_WFF_2026_1Q.xlsx,IMEC,,,,,,file:///Users/simon/Downloads/SEMI_WFF_2026_1Q.xlsx
IMEC 2026 equipment spending (SEMI WFF),,资本开支,SEMI WFF 2026 Q1 equipment spending observation.,1000,USD million,2026,equipment_spending,global,all,/Users/simon/Downloads/SEMI_WFF_2026_1Q.xlsx,IMEC,,,,,,file:///Users/simon/Downloads/SEMI_WFF_2026_1Q.xlsx
Infineon 2026 construction spending (SEMI WFF),,资本开支,SEMI WFF 2026 Q1 construction spending observation by company.,565,USD million,2026,construction_spending,global,semiconductor_fab_construction,/Users/simon/Downloads/SEMI_WFF_2026_1Q.xlsx,Infineon,740,20,,,,file:///Users/simon/Downloads/SEMI_WFF_2026_1Q.xlsx
Infineon 2026 equipment spending (SEMI WFF),,资本开支,SEMI WFF 2026 Q1 equipment spending observation.,2406.7,USD million,2026,equipment_spending,global,all,/Users/simon/Downloads/SEMI_WFF_2026_1Q.xlsx,Infineon,,,,,,file:///Users/simon/Downloads/SEMI_WFF_2026_1Q.xlsx
InnoScience Inc. 2026 equipment spending (SEMI WFF),,资本开支,SEMI WFF 2026 Q1 equipment spending observation.,84.8,USD million,2026,equipment_spending,global,all,/Users/simon/Downloads/SEMI_WFF_2026_1Q.xlsx,InnoScience Inc.,,,,,,file:///Users/simon/Downloads/SEMI_WFF_2026_1Q.xlsx
Intel 2026 construction spending (SEMI WFF),,资本开支,SEMI WFF 2026 Q1 construction spending observation by company.,615,USD million,2026,construction_spending,global,semiconductor_fab_construction,/Users/simon/Downloads/SEMI_WFF_2026_1Q.xlsx,Intel,2870,1415,,,,file:///Users/simon/Downloads/SEMI_WFF_2026_1Q.xlsx
Intel 2026 equipment spending (SEMI WFF),,资本开支,SEMI WFF 2026 Q1 equipment spending observation.,7140,USD million,2026,equipment_spending,global,all,/Users/simon/Downloads/SEMI_WFF_2026_1Q.xlsx,Intel,,,,,,file:///Users/simon/Downloads/SEMI_WFF_2026_1Q.xlsx
JTC Corporation 2026 equipment spending (SEMI WFF),,资本开支,SEMI WFF 2026 Q1 equipment spending observation.,42,USD million,2026,equipment_spending,global,all,/Users/simon/Downloads/SEMI_WFF_2026_1Q.xlsx,JTC Corporation,,,,,,file:///Users/simon/Downloads/SEMI_WFF_2026_1Q.xlsx
"Jiangsu JieJie Microelectronics Co.,Ltd. 2026 equipment spending (SEMI WFF)",,资本开支,SEMI WFF 2026 Q1 equipment spending observation.,101.4,USD million,2026,equipment_spending,global,all,/Users/simon/Downloads/SEMI_WFF_2026_1Q.xlsx,"Jiangsu JieJie Microelectronics Co.,Ltd.",,,,,,file:///Users/simon/Downloads/SEMI_WFF_2026_1Q.xlsx
Jiangxi Yuhongjin Material Technology (YHJ) 2026 equipment spending (SEMI WFF),,资本开支,SEMI WFF 2026 Q1 equipment spending observation.,200,USD million,2026,equipment_spending,global,all,/Users/simon/Downloads/SEMI_WFF_2026_1Q.xlsx,Jiangxi Yuhongjin Material Technology (YHJ),,,,,,file:///Users/simon/Downloads/SEMI_WFF_2026_1Q.xlsx
Kioxia/WD (was Flash Alliance) 2026 equipment spending (SEMI WFF),,资本开支,SEMI WFF 2026 Q1 equipment spending observation.,2348,USD million,2026,equipment_spending,global,all,/Users/simon/Downloads/SEMI_WFF_2026_1Q.xlsx,Kioxia/WD (was Flash Alliance),,,,,,file:///Users/simon/Downloads/SEMI_WFF_2026_1Q.xlsx
"LAPIS Semiconductor Co, Ltd 2026 equipment spending (SEMI WFF)",,资本开支,SEMI WFF 2026 Q1 equipment spending observation.,268,USD million,2026,equipment_spending,global,all,/Users/simon/Downloads/SEMI_WFF_2026_1Q.xlsx,"LAPIS Semiconductor Co, Ltd",,,,,,file:///Users/simon/Downloads/SEMI_WFF_2026_1Q.xlsx
Lakeside Optoelectronics Technology 2026 equipment spending (SEMI WFF),,资本开支,SEMI WFF 2026 Q1 equipment spending observation.,38,USD million,2026,equipment_spending,global,all,/Users/simon/Downloads/SEMI_WFF_2026_1Q.xlsx,Lakeside Optoelectronics Technology,,,,,,file:///Users/simon/Downloads/SEMI_WFF_2026_1Q.xlsx
"Macronix International Co., Ltd. (MXIC) 2026 equipment spending (SEMI WFF)",,资本开支,SEMI WFF 2026 Q1 equipment spending observation.,222,USD million,2026,equipment_spending,global,all,/Users/simon/Downloads/SEMI_WFF_2026_1Q.xlsx,"Macronix International Co., Ltd. (MXIC)",,,,,,file:///Users/simon/Downloads/SEMI_WFF_2026_1Q.xlsx
Microchip 2026 equipment spending (SEMI WFF),,资本开支,SEMI WFF 2026 Q1 equipment spending observation.,241.4,USD million,2026,equipment_spending,global,all,/Users/simon/Downloads/SEMI_WFF_2026_1Q.xlsx,Microchip,,,,,,file:///Users/simon/Downloads/SEMI_WFF_2026_1Q.xlsx
Micron 2026 construction spending (SEMI WFF),,资本开支,SEMI WFF 2026 Q1 construction spending observation by company.,2745,USD million,2026,construction_spending,global,semiconductor_fab_construction,/Users/simon/Downloads/SEMI_WFF_2026_1Q.xlsx,Micron,2580,8175,,,,file:///Users/simon/Downloads/SEMI_WFF_2026_1Q.xlsx
Micron 2026 equipment spending (SEMI WFF),,资本开支,SEMI WFF 2026 Q1 equipment spending observation.,9763,USD million,2026,equipment_spending,global,all,/Users/simon/Downloads/SEMI_WFF_2026_1Q.xlsx,Micron,,,,,,file:///Users/simon/Downloads/SEMI_WFF_2026_1Q.xlsx
Mitsubishi Electric 2026 equipment spending (SEMI WFF),,资本开支,SEMI WFF 2026 Q1 equipment spending observation.,360,USD million,2026,equipment_spending,global,all,/Users/simon/Downloads/SEMI_WFF_2026_1Q.xlsx,Mitsubishi Electric,,,,,,file:///Users/simon/Downloads/SEMI_WFF_2026_1Q.xlsx
NEXIC Technology 2026 construction spending (SEMI WFF),,资本开支,SEMI WFF 2026 Q1 construction spending observation.,0,USD million,2026,construction_spending,global,all,/Users/simon/Downloads/SEMI_WFF_2026_1Q.xlsx,NEXIC Technology,,,,,,file:///Users/simon/Downloads/SEMI_WFF_2026_1Q.xlsx
Nanya Technology 2026 construction spending (SEMI WFF),,资本开支,SEMI WFF 2026 Q1 construction spending observation by company.,630,USD million,2026,construction_spending,global,semiconductor_fab_construction,/Users/simon/Downloads/SEMI_WFF_2026_1Q.xlsx,Nanya Technology,210,460,,,,file:///Users/simon/Downloads/SEMI_WFF_2026_1Q.xlsx
Nanya Technology 2026 equipment spending (SEMI WFF),,资本开支,SEMI WFF 2026 Q1 equipment spending observation.,344,USD million,2026,equipment_spending,global,all,/Users/simon/Downloads/SEMI_WFF_2026_1Q.xlsx,Nanya Technology,,,,,,file:///Users/simon/Downloads/SEMI_WFF_2026_1Q.xlsx
Nexchip 2026 construction spending (SEMI WFF),,资本开支,SEMI WFF 2026 Q1 construction spending observation.,150,USD million,2026,construction_spending,global,all,/Users/simon/Downloads/SEMI_WFF_2026_1Q.xlsx,Nexchip,,,,,,file:///Users/simon/Downloads/SEMI_WFF_2026_1Q.xlsx
Nexchip 2026 equipment spending (SEMI WFF),,资本开支,SEMI WFF 2026 Q1 equipment spending observation.,960,USD million,2026,equipment_spending,global,all,/Users/simon/Downloads/SEMI_WFF_2026_1Q.xlsx,Nexchip,,,,,,file:///Users/simon/Downloads/SEMI_WFF_2026_1Q.xlsx
Nexperia 2026 equipment spending (SEMI WFF),,资本开支,SEMI WFF 2026 Q1 equipment spending observation.,77.4,USD million,2026,equipment_spending,global,all,/Users/simon/Downloads/SEMI_WFF_2026_1Q.xlsx,Nexperia,,,,,,file:///Users/simon/Downloads/SEMI_WFF_2026_1Q.xlsx
Ningbo Zhongxin Semi 2026 construction spending (SEMI WFF),,资本开支,SEMI WFF 2026 Q1 construction spending observation.,0,USD million,2026,construction_spending,global,all,/Users/simon/Downloads/SEMI_WFF_2026_1Q.xlsx,Ningbo Zhongxin Semi,,,,,,file:///Users/simon/Downloads/SEMI_WFF_2026_1Q.xlsx
Odyssey 2026 construction spending (SEMI WFF),,资本开支,SEMI WFF 2026 Q1 construction spending observation.,0,USD million,2026,construction_spending,global,all,/Users/simon/Downloads/SEMI_WFF_2026_1Q.xlsx,Odyssey,,,,,,file:///Users/simon/Downloads/SEMI_WFF_2026_1Q.xlsx
OnMicro Electronics (HunterSun) 2026 equipment spending (SEMI WFF),,资本开支,SEMI WFF 2026 Q1 equipment spending observation.,60,USD million,2026,equipment_spending,global,all,/Users/simon/Downloads/SEMI_WFF_2026_1Q.xlsx,OnMicro Electronics (HunterSun),,,,,,file:///Users/simon/Downloads/SEMI_WFF_2026_1Q.xlsx
Optimal Perenni 2026 construction spending (SEMI WFF),,资本开支,SEMI WFF 2026 Q1 construction spending observation.,50,USD million,2026,construction_spending,global,all,/Users/simon/Downloads/SEMI_WFF_2026_1Q.xlsx,Optimal Perenni,,,,,,file:///Users/simon/Downloads/SEMI_WFF_2026_1Q.xlsx
Optimal Perenni 2026 equipment spending (SEMI WFF),,资本开支,SEMI WFF 2026 Q1 equipment spending observation.,3010,USD million,2026,equipment_spending,global,all,/Users/simon/Downloads/SEMI_WFF_2026_1Q.xlsx,Optimal Perenni,,,,,,file:///Users/simon/Downloads/SEMI_WFF_2026_1Q.xlsx
Pengxinwei Semiconductor (PXW Semi) 2026 construction spending (SEMI WFF),,资本开支,SEMI WFF 2026 Q1 construction spending observation.,0,USD million,2026,construction_spending,global,all,/Users/simon/Downloads/SEMI_WFF_2026_1Q.xlsx,Pengxinwei Semiconductor (PXW Semi),,,,,,file:///Users/simon/Downloads/SEMI_WFF_2026_1Q.xlsx
Pengxinwei Semiconductor (PXW Semi) 2026 equipment spending (SEMI WFF),,资本开支,SEMI WFF 2026 Q1 equipment spending observation.,80,USD million,2026,equipment_spending,global,all,/Users/simon/Downloads/SEMI_WFF_2026_1Q.xlsx,Pengxinwei Semiconductor (PXW Semi),,,,,,file:///Users/simon/Downloads/SEMI_WFF_2026_1Q.xlsx
Pensun Technology (PST Semi) 2026 equipment spending (SEMI WFF),,资本开支,SEMI WFF 2026 Q1 equipment spending observation.,80,USD million,2026,equipment_spending,global,all,/Users/simon/Downloads/SEMI_WFF_2026_1Q.xlsx,Pensun Technology (PST Semi),,,,,,file:///Users/simon/Downloads/SEMI_WFF_2026_1Q.xlsx
"Polar Semiconductor, Inc (PSI) (Polarfab) 2026 construction spending (SEMI WFF)",,资本开支,SEMI WFF 2026 Q1 construction spending observation.,30,USD million,2026,construction_spending,global,all,/Users/simon/Downloads/SEMI_WFF_2026_1Q.xlsx,"Polar Semiconductor, Inc (PSI) (Polarfab)",,,,,,file:///Users/simon/Downloads/SEMI_WFF_2026_1Q.xlsx
"Polar Semiconductor, Inc (PSI) (Polarfab) 2026 equipment spending (SEMI WFF)",,资本开支,SEMI WFF 2026 Q1 equipment spending observation.,225,USD million,2026,equipment_spending,global,all,/Users/simon/Downloads/SEMI_WFF_2026_1Q.xlsx,"Polar Semiconductor, Inc (PSI) (Polarfab)",,,,,,file:///Users/simon/Downloads/SEMI_WFF_2026_1Q.xlsx
Poseico 2026 construction spending (SEMI WFF),,资本开支,SEMI WFF 2026 Q1 construction spending observation.,0,USD million,2026,construction_spending,global,all,/Users/simon/Downloads/SEMI_WFF_2026_1Q.xlsx,Poseico,,,,,,file:///Users/simon/Downloads/SEMI_WFF_2026_1Q.xlsx
Powerchip Semiconductor Manufacturing Corp (PSMC) 2026 equipment spending (SEMI WFF),,资本开支,SEMI WFF 2026 Q1 equipment spending observation.,93,USD million,2026,equipment_spending,global,all,/Users/simon/Downloads/SEMI_WFF_2026_1Q.xlsx,Powerchip Semiconductor Manufacturing Corp (PSMC),,,,,,file:///Users/simon/Downloads/SEMI_WFF_2026_1Q.xlsx
Qinzhou Shenghe Electronic Technology 2026 construction spending (SEMI WFF),,资本开支,SEMI WFF 2026 Q1 construction spending observation.,0,USD million,2026,construction_spending,global,all,/Users/simon/Downloads/SEMI_WFF_2026_1Q.xlsx,Qinzhou Shenghe Electronic Technology,,,,,,file:///Users/simon/Downloads/SEMI_WFF_2026_1Q.xlsx
RISE 2026 construction spending (SEMI WFF),,资本开支,SEMI WFF 2026 Q1 construction spending observation.,0,USD million,2026,construction_spending,global,all,/Users/simon/Downloads/SEMI_WFF_2026_1Q.xlsx,RISE,,,,,,file:///Users/simon/Downloads/SEMI_WFF_2026_1Q.xlsx
Rapidus 2026 construction spending (SEMI WFF),,资本开支,SEMI WFF 2026 Q1 construction spending observation by company.,400,USD million,2026,construction_spending,global,semiconductor_fab_construction,/Users/simon/Downloads/SEMI_WFF_2026_1Q.xlsx,Rapidus,1250,800,,,,file:///Users/simon/Downloads/SEMI_WFF_2026_1Q.xlsx
Rapidus 2026 equipment spending (SEMI WFF),,资本开支,SEMI WFF 2026 Q1 equipment spending observation.,1910,USD million,2026,equipment_spending,global,all,/Users/simon/Downloads/SEMI_WFF_2026_1Q.xlsx,Rapidus,,,,,,file:///Users/simon/Downloads/SEMI_WFF_2026_1Q.xlsx
RayVio 2026 construction spending (SEMI WFF),,资本开支,SEMI WFF 2026 Q1 construction spending observation.,0,USD million,2026,construction_spending,global,all,/Users/simon/Downloads/SEMI_WFF_2026_1Q.xlsx,RayVio,,,,,,file:///Users/simon/Downloads/SEMI_WFF_2026_1Q.xlsx
Renesas 2026 equipment spending (SEMI WFF),,资本开支,SEMI WFF 2026 Q1 equipment spending observation.,299.6,USD million,2026,equipment_spending,global,all,/Users/simon/Downloads/SEMI_WFF_2026_1Q.xlsx,Renesas,,,,,,file:///Users/simon/Downloads/SEMI_WFF_2026_1Q.xlsx
Resonac 2026 equipment spending (SEMI WFF),,资本开支,SEMI WFF 2026 Q1 equipment spending observation.,32,USD million,2026,equipment_spending,global,all,/Users/simon/Downloads/SEMI_WFF_2026_1Q.xlsx,Resonac,,,,,,file:///Users/simon/Downloads/SEMI_WFF_2026_1Q.xlsx
Rohm 2026 equipment spending (SEMI WFF),,资本开支,SEMI WFF 2026 Q1 equipment spending observation.,60.4,USD million,2026,equipment_spending,global,all,/Users/simon/Downloads/SEMI_WFF_2026_1Q.xlsx,Rohm,,,,,,file:///Users/simon/Downloads/SEMI_WFF_2026_1Q.xlsx
Rong Semi (former HIDM Tacoma) 2026 construction spending (SEMI WFF),,资本开支,SEMI WFF 2026 Q1 construction spending observation by company.,650,USD million,2026,construction_spending,global,semiconductor_fab_construction,/Users/simon/Downloads/SEMI_WFF_2026_1Q.xlsx,Rong Semi (former HIDM Tacoma),350,0,,,,file:///Users/simon/Downloads/SEMI_WFF_2026_1Q.xlsx
Rong Semi (former HIDM Tacoma) 2026 equipment spending (SEMI WFF),,资本开支,SEMI WFF 2026 Q1 equipment spending observation.,216,USD million,2026,equipment_spending,global,all,/Users/simon/Downloads/SEMI_WFF_2026_1Q.xlsx,Rong Semi (former HIDM Tacoma),,,,,,file:///Users/simon/Downloads/SEMI_WFF_2026_1Q.xlsx
SCIOCS (Sumitomo Chemical) 2026 construction spending (SEMI WFF),,资本开支,SEMI WFF 2026 Q1 construction spending observation.,0,USD million,2026,construction_spending,global,all,/Users/simon/Downloads/SEMI_WFF_2026_1Q.xlsx,SCIOCS (Sumitomo Chemical),,,,,,file:///Users/simon/Downloads/SEMI_WFF_2026_1Q.xlsx
SCL (Semiconductor Laboratory) 2026 construction spending (SEMI WFF),,资本开支,SEMI WFF 2026 Q1 construction spending observation.,60,USD million,2026,construction_spending,global,all,/Users/simon/Downloads/SEMI_WFF_2026_1Q.xlsx,SCL (Semiconductor Laboratory),,,,,,file:///Users/simon/Downloads/SEMI_WFF_2026_1Q.xlsx
SITAR (Bangalore & Hyderabad) 2026 construction spending (SEMI WFF),,资本开支,SEMI WFF 2026 Q1 construction spending observation.,0,USD million,2026,construction_spending,global,all,/Users/simon/Downloads/SEMI_WFF_2026_1Q.xlsx,SITAR (Bangalore & Hyderabad),,,,,,file:///Users/simon/Downloads/SEMI_WFF_2026_1Q.xlsx
SK Hynix 2026 construction spending (SEMI WFF),,资本开支,SEMI WFF 2026 Q1 construction spending observation by company.,5700,USD million,2026,construction_spending,global,semiconductor_fab_construction,/Users/simon/Downloads/SEMI_WFF_2026_1Q.xlsx,SK Hynix,3630,4300,,,,file:///Users/simon/Downloads/SEMI_WFF_2026_1Q.xlsx
SK Hynix 2026 equipment spending (SEMI WFF),,资本开支,SEMI WFF 2026 Q1 equipment spending observation.,9724,USD million,2026,equipment_spending,global,all,/Users/simon/Downloads/SEMI_WFF_2026_1Q.xlsx,SK Hynix,,,,,,file:///Users/simon/Downloads/SEMI_WFF_2026_1Q.xlsx
SMIC 2026 construction spending (SEMI WFF),,资本开支,SEMI WFF 2026 Q1 construction spending observation by company.,1050,USD million,2026,construction_spending,global,semiconductor_fab_construction,/Users/simon/Downloads/SEMI_WFF_2026_1Q.xlsx,SMIC,750,1050,,,,file:///Users/simon/Downloads/SEMI_WFF_2026_1Q.xlsx
SMIC 2026 equipment spending (SEMI WFF),,资本开支,SEMI WFF 2026 Q1 equipment spending observation.,4528,USD million,2026,equipment_spending,global,all,/Users/simon/Downloads/SEMI_WFF_2026_1Q.xlsx,SMIC,,,,,,file:///Users/simon/Downloads/SEMI_WFF_2026_1Q.xlsx
SOITEC Silicon On Insulator Technologies 2026 equipment spending (SEMI WFF),,资本开支,SEMI WFF 2026 Q1 equipment spending observation.,186,USD million,2026,equipment_spending,global,all,/Users/simon/Downloads/SEMI_WFF_2026_1Q.xlsx,SOITEC Silicon On Insulator Technologies,,,,,,file:///Users/simon/Downloads/SEMI_WFF_2026_1Q.xlsx
STMicroelectronics 2026 construction spending (SEMI WFF),,资本开支,SEMI WFF 2026 Q1 construction spending observation.,365,USD million,2026,construction_spending,global,all,/Users/simon/Downloads/SEMI_WFF_2026_1Q.xlsx,STMicroelectronics,,,,,,file:///Users/simon/Downloads/SEMI_WFF_2026_1Q.xlsx
STMicroelectronics 2026 equipment spending (SEMI WFF),,资本开支,SEMI WFF 2026 Q1 equipment spending observation.,1328,USD million,2026,equipment_spending,global,all,/Users/simon/Downloads/SEMI_WFF_2026_1Q.xlsx,STMicroelectronics,,,,,,file:///Users/simon/Downloads/SEMI_WFF_2026_1Q.xlsx
SUNY Polytechnic Institute 2026 construction spending (SEMI WFF),,资本开支,SEMI WFF 2026 Q1 construction spending observation.,195,USD million,2026,construction_spending,global,all,/Users/simon/Downloads/SEMI_WFF_2026_1Q.xlsx,SUNY Polytechnic Institute,,,,,,file:///Users/simon/Downloads/SEMI_WFF_2026_1Q.xlsx
SUNY Polytechnic Institute 2026 equipment spending (SEMI WFF),,资本开支,SEMI WFF 2026 Q1 equipment spending observation.,700,USD million,2026,equipment_spending,global,all,/Users/simon/Downloads/SEMI_WFF_2026_1Q.xlsx,SUNY Polytechnic Institute,,,,,,file:///Users/simon/Downloads/SEMI_WFF_2026_1Q.xlsx
Samsung 2026 construction spending (SEMI WFF),,资本开支,SEMI WFF 2026 Q1 construction spending observation by company.,4425,USD million,2026,construction_spending,global,semiconductor_fab_construction,/Users/simon/Downloads/SEMI_WFF_2026_1Q.xlsx,Samsung,2125,4875,,,,file:///Users/simon/Downloads/SEMI_WFF_2026_1Q.xlsx
Samsung 2026 equipment spending (SEMI WFF),,资本开支,SEMI WFF 2026 Q1 equipment spending observation.,20379.4,USD million,2026,equipment_spending,global,all,/Users/simon/Downloads/SEMI_WFF_2026_1Q.xlsx,Samsung,,,,,,file:///Users/simon/Downloads/SEMI_WFF_2026_1Q.xlsx
Sanan Optoelectronics 2026 equipment spending (SEMI WFF),,资本开支,SEMI WFF 2026 Q1 equipment spending observation.,552.42,USD million,2026,equipment_spending,global,all,/Users/simon/Downloads/SEMI_WFF_2026_1Q.xlsx,Sanan Optoelectronics,,,,,,file:///Users/simon/Downloads/SEMI_WFF_2026_1Q.xlsx
Semiconductor Integrated Display Technology (SIDTEK) 2026 construction spending (SEMI WFF),,资本开支,SEMI WFF 2026 Q1 construction spending observation.,0,USD million,2026,construction_spending,global,all,/Users/simon/Downloads/SEMI_WFF_2026_1Q.xlsx,Semiconductor Integrated Display Technology (SIDTEK),,,,,,file:///Users/simon/Downloads/SEMI_WFF_2026_1Q.xlsx
Semiconductor Technology Innovation Center (STIC) 2026 equipment spending (SEMI WFF),,资本开支,SEMI WFF 2026 Q1 equipment spending observation.,100,USD million,2026,equipment_spending,global,all,/Users/simon/Downloads/SEMI_WFF_2026_1Q.xlsx,Semiconductor Technology Innovation Center (STIC),,,,,,file:///Users/simon/Downloads/SEMI_WFF_2026_1Q.xlsx
Seoul Semiconductor (SSC) 2026 construction spending (SEMI WFF),,资本开支,SEMI WFF 2026 Q1 construction spending observation.,0,USD million,2026,construction_spending,global,all,/Users/simon/Downloads/SEMI_WFF_2026_1Q.xlsx,Seoul Semiconductor (SSC),,,,,,file:///Users/simon/Downloads/SEMI_WFF_2026_1Q.xlsx
Shaanxi Electronic Core Industry Times Technology 2026 equipment spending (SEMI WFF),,资本开支,SEMI WFF 2026 Q1 equipment spending observation.,240,USD million,2026,equipment_spending,global,all,/Users/simon/Downloads/SEMI_WFF_2026_1Q.xlsx,Shaanxi Electronic Core Industry Times Technology,,,,,,file:///Users/simon/Downloads/SEMI_WFF_2026_1Q.xlsx
Shaanxi New Light Source Technology 2026 construction spending (SEMI WFF),,资本开支,SEMI WFF 2026 Q1 construction spending observation.,0,USD million,2026,construction_spending,global,all,/Users/simon/Downloads/SEMI_WFF_2026_1Q.xlsx,Shaanxi New Light Source Technology,,,,,,file:///Users/simon/Downloads/SEMI_WFF_2026_1Q.xlsx
Shanghai Advanced Micro Semiconductors 2026 equipment spending (SEMI WFF),,资本开支,SEMI WFF 2026 Q1 equipment spending observation.,52,USD million,2026,equipment_spending,global,all,/Users/simon/Downloads/SEMI_WFF_2026_1Q.xlsx,Shanghai Advanced Micro Semiconductors,,,,,,file:///Users/simon/Downloads/SEMI_WFF_2026_1Q.xlsx
Shanghai IC R&D Center (ICRD) 2026 equipment spending (SEMI WFF),,资本开支,SEMI WFF 2026 Q1 equipment spending observation.,240,USD million,2026,equipment_spending,global,all,/Users/simon/Downloads/SEMI_WFF_2026_1Q.xlsx,Shanghai IC R&D Center (ICRD),,,,,,file:///Users/simon/Downloads/SEMI_WFF_2026_1Q.xlsx
Shanghai Institute of Microsystem and Information Technology (SIMIT) 2026 construction spending (SEMI WFF),,资本开支,SEMI WFF 2026 Q1 construction spending observation.,0,USD million,2026,construction_spending,global,all,/Users/simon/Downloads/SEMI_WFF_2026_1Q.xlsx,Shanghai Institute of Microsystem and Information Technology (SIMIT),,,,,,file:///Users/simon/Downloads/SEMI_WFF_2026_1Q.xlsx
SiCamore Semi 2026 construction spending (SEMI WFF),,资本开支,SEMI WFF 2026 Q1 construction spending observation.,0,USD million,2026,construction_spending,global,all,/Users/simon/Downloads/SEMI_WFF_2026_1Q.xlsx,SiCamore Semi,,,,,,file:///Users/simon/Downloads/SEMI_WFF_2026_1Q.xlsx
"SiEn Integrated Circuits Co., Ltd. 2026 equipment spending (SEMI WFF)",,资本开支,SEMI WFF 2026 Q1 equipment spending observation.,108,USD million,2026,equipment_spending,global,all,/Users/simon/Downloads/SEMI_WFF_2026_1Q.xlsx,"SiEn Integrated Circuits Co., Ltd.",,,,,,file:///Users/simon/Downloads/SEMI_WFF_2026_1Q.xlsx
"Silan Microelectronics Co., Ltd. 2026 construction spending (SEMI WFF)",,资本开支,SEMI WFF 2026 Q1 construction spending observation.,0,USD million,2026,construction_spending,global,all,/Users/simon/Downloads/SEMI_WFF_2026_1Q.xlsx,"Silan Microelectronics Co., Ltd.",,,,,,file:///Users/simon/Downloads/SEMI_WFF_2026_1Q.xlsx
"Silan Microelectronics Co., Ltd. 2026 equipment spending (SEMI WFF)",,资本开支,SEMI WFF 2026 Q1 equipment spending observation.,654.8,USD million,2026,equipment_spending,global,all,/Users/simon/Downloads/SEMI_WFF_2026_1Q.xlsx,"Silan Microelectronics Co., Ltd.",,,,,,file:///Users/simon/Downloads/SEMI_WFF_2026_1Q.xlsx
Silex Microsystems AB 2026 equipment spending (SEMI WFF),,资本开支,SEMI WFF 2026 Q1 equipment spending observation.,52,USD million,2026,equipment_spending,global,all,/Users/simon/Downloads/SEMI_WFF_2026_1Q.xlsx,Silex Microsystems AB,,,,,,file:///Users/simon/Downloads/SEMI_WFF_2026_1Q.xlsx
Sino-Semiconductor 2026 equipment spending (SEMI WFF),,资本开支,SEMI WFF 2026 Q1 equipment spending observation.,40,USD million,2026,equipment_spending,global,all,/Users/simon/Downloads/SEMI_WFF_2026_1Q.xlsx,Sino-Semiconductor,,,,,,file:///Users/simon/Downloads/SEMI_WFF_2026_1Q.xlsx
Skorpios 2026 construction spending (SEMI WFF),,资本开支,SEMI WFF 2026 Q1 construction spending observation.,0,USD million,2026,construction_spending,global,all,/Users/simon/Downloads/SEMI_WFF_2026_1Q.xlsx,Skorpios,,,,,,file:///Users/simon/Downloads/SEMI_WFF_2026_1Q.xlsx
Skywater 2026 equipment spending (SEMI WFF),,资本开支,SEMI WFF 2026 Q1 equipment spending observation.,168,USD million,2026,equipment_spending,global,all,/Users/simon/Downloads/SEMI_WFF_2026_1Q.xlsx,Skywater,,,,,,file:///Users/simon/Downloads/SEMI_WFF_2026_1Q.xlsx
Skyworks Solutions Inc. 2026 construction spending (SEMI WFF),,资本开支,SEMI WFF 2026 Q1 construction spending observation.,13,USD million,2026,construction_spending,global,all,/Users/simon/Downloads/SEMI_WFF_2026_1Q.xlsx,Skyworks Solutions Inc.,,,,,,file:///Users/simon/Downloads/SEMI_WFF_2026_1Q.xlsx
Sony 2026 construction spending (SEMI WFF),,资本开支,SEMI WFF 2026 Q1 construction spending observation by company.,525,USD million,2026,construction_spending,global,semiconductor_fab_construction,/Users/simon/Downloads/SEMI_WFF_2026_1Q.xlsx,Sony,560,25,,,,file:///Users/simon/Downloads/SEMI_WFF_2026_1Q.xlsx
Sony 2026 equipment spending (SEMI WFF),,资本开支,SEMI WFF 2026 Q1 equipment spending observation.,894,USD million,2026,equipment_spending,global,all,/Users/simon/Downloads/SEMI_WFF_2026_1Q.xlsx,Sony,,,,,,file:///Users/simon/Downloads/SEMI_WFF_2026_1Q.xlsx
Sumitomo Chemical Advanced Technologies 2026 construction spending (SEMI WFF),,资本开支,SEMI WFF 2026 Q1 construction spending observation.,0,USD million,2026,construction_spending,global,all,/Users/simon/Downloads/SEMI_WFF_2026_1Q.xlsx,Sumitomo Chemical Advanced Technologies,,,,,,file:///Users/simon/Downloads/SEMI_WFF_2026_1Q.xlsx
"Suzhou Tongguan Microelectronics Co., Ltd. 2026 construction spending (SEMI WFF)",,资本开支,SEMI WFF 2026 Q1 construction spending observation.,0,USD million,2026,construction_spending,global,all,/Users/simon/Downloads/SEMI_WFF_2026_1Q.xlsx,"Suzhou Tongguan Microelectronics Co., Ltd.",,,,,,file:///Users/simon/Downloads/SEMI_WFF_2026_1Q.xlsx
Swaysure Technology 2026 equipment spending (SEMI WFF),,资本开支,SEMI WFF 2026 Q1 equipment spending observation.,200,USD million,2026,equipment_spending,global,all,/Users/simon/Downloads/SEMI_WFF_2026_1Q.xlsx,Swaysure Technology,,,,,,file:///Users/simon/Downloads/SEMI_WFF_2026_1Q.xlsx
TNO 2026 construction spending (SEMI WFF),,资本开支,SEMI WFF 2026 Q1 construction spending observation.,37,USD million,2026,construction_spending,global,all,/Users/simon/Downloads/SEMI_WFF_2026_1Q.xlsx,TNO,,,,,,file:///Users/simon/Downloads/SEMI_WFF_2026_1Q.xlsx
TSMC 2026 construction spending (SEMI WFF),,资本开支,SEMI WFF 2026 Q1 construction spending observation by company.,12800,USD million,2026,construction_spending,global,semiconductor_fab_construction,/Users/simon/Downloads/SEMI_WFF_2026_1Q.xlsx,TSMC,7750,15590,,,,file:///Users/simon/Downloads/SEMI_WFF_2026_1Q.xlsx
TSMC 2026 equipment spending (SEMI WFF),,资本开支,SEMI WFF 2026 Q1 equipment spending observation.,32140.2,USD million,2026,equipment_spending,global,all,/Users/simon/Downloads/SEMI_WFF_2026_1Q.xlsx,TSMC,,,,,,file:///Users/simon/Downloads/SEMI_WFF_2026_1Q.xlsx
TYSiC 2026 equipment spending (SEMI WFF),,资本开支,SEMI WFF 2026 Q1 equipment spending observation.,104.8,USD million,2026,equipment_spending,global,all,/Users/simon/Downloads/SEMI_WFF_2026_1Q.xlsx,TYSiC,,,,,,file:///Users/simon/Downloads/SEMI_WFF_2026_1Q.xlsx
Taiwan-Asia Semiconductor Corporation (TASC) 2026 equipment spending (SEMI WFF),,资本开支,SEMI WFF 2026 Q1 equipment spending observation.,45.6,USD million,2026,equipment_spending,global,all,/Users/simon/Downloads/SEMI_WFF_2026_1Q.xlsx,Taiwan-Asia Semiconductor Corporation (TASC),,,,,,file:///Users/simon/Downloads/SEMI_WFF_2026_1Q.xlsx
Tallinn Electrical Engineering Factory Estel 2026 construction spending (SEMI WFF),,资本开支,SEMI WFF 2026 Q1 construction spending observation.,0,USD million,2026,construction_spending,global,all,/Users/simon/Downloads/SEMI_WFF_2026_1Q.xlsx,Tallinn Electrical Engineering Factory Estel,,,,,,file:///Users/simon/Downloads/SEMI_WFF_2026_1Q.xlsx
Tata Electronics 2026 construction spending (SEMI WFF),,资本开支,SEMI WFF 2026 Q1 construction spending observation by company.,645,USD million,2026,construction_spending,global,semiconductor_fab_construction,/Users/simon/Downloads/SEMI_WFF_2026_1Q.xlsx,Tata Electronics,152,1075,,,,file:///Users/simon/Downloads/SEMI_WFF_2026_1Q.xlsx
Texas Instruments 2026 construction spending (SEMI WFF),,资本开支,SEMI WFF 2026 Q1 construction spending observation by company.,800,USD million,2026,construction_spending,global,semiconductor_fab_construction,/Users/simon/Downloads/SEMI_WFF_2026_1Q.xlsx,Texas Instruments,2425,450,,,,file:///Users/simon/Downloads/SEMI_WFF_2026_1Q.xlsx
Texas Instruments 2026 equipment spending (SEMI WFF),,资本开支,SEMI WFF 2026 Q1 equipment spending observation.,2151.4,USD million,2026,equipment_spending,global,all,/Users/simon/Downloads/SEMI_WFF_2026_1Q.xlsx,Texas Instruments,,,,,,file:///Users/simon/Downloads/SEMI_WFF_2026_1Q.xlsx
Toshiba (TDSC) 2026 construction spending (SEMI WFF),,资本开支,SEMI WFF 2026 Q1 construction spending observation.,260,USD million,2026,construction_spending,global,all,/Users/simon/Downloads/SEMI_WFF_2026_1Q.xlsx,Toshiba (TDSC),,,,,,file:///Users/simon/Downloads/SEMI_WFF_2026_1Q.xlsx
Toshiba (TDSC) 2026 equipment spending (SEMI WFF),,资本开支,SEMI WFF 2026 Q1 equipment spending observation.,366.25,USD million,2026,equipment_spending,global,all,/Users/simon/Downloads/SEMI_WFF_2026_1Q.xlsx,Toshiba (TDSC),,,,,,file:///Users/simon/Downloads/SEMI_WFF_2026_1Q.xlsx
UMC 2026 equipment spending (SEMI WFF),,资本开支,SEMI WFF 2026 Q1 equipment spending observation.,1666.8,USD million,2026,equipment_spending,global,all,/Users/simon/Downloads/SEMI_WFF_2026_1Q.xlsx,UMC,,,,,,file:///Users/simon/Downloads/SEMI_WFF_2026_1Q.xlsx
Unisonic Technologies 2026 construction spending (SEMI WFF),,资本开支,SEMI WFF 2026 Q1 construction spending observation.,0,USD million,2026,construction_spending,global,all,/Users/simon/Downloads/SEMI_WFF_2026_1Q.xlsx,Unisonic Technologies,,,,,,file:///Users/simon/Downloads/SEMI_WFF_2026_1Q.xlsx
"United Nova Technology (UNT, was SMEC, was SMIC Shaoxing) 2026 equipment spending (SEMI WFF)",,资本开支,SEMI WFF 2026 Q1 equipment spending observation.,921,USD million,2026,equipment_spending,global,all,/Users/simon/Downloads/SEMI_WFF_2026_1Q.xlsx,"United Nova Technology (UNT, was SMEC, was SMIC Shaoxing)",,,,,,file:///Users/simon/Downloads/SEMI_WFF_2026_1Q.xlsx
University - Cornell University 2026 construction spending (SEMI WFF),,资本开支,SEMI WFF 2026 Q1 construction spending observation.,0,USD million,2026,construction_spending,global,all,/Users/simon/Downloads/SEMI_WFF_2026_1Q.xlsx,University - Cornell University,,,,,,file:///Users/simon/Downloads/SEMI_WFF_2026_1Q.xlsx
University - MIT (Massachusetts Institute of Technology) 2026 construction spending (SEMI WFF),,资本开支,SEMI WFF 2026 Q1 construction spending observation.,58,USD million,2026,construction_spending,global,all,/Users/simon/Downloads/SEMI_WFF_2026_1Q.xlsx,University - MIT (Massachusetts Institute of Technology),,,,,,file:///Users/simon/Downloads/SEMI_WFF_2026_1Q.xlsx
University - Tsing Hua University 2026 construction spending (SEMI WFF),,资本开支,SEMI WFF 2026 Q1 construction spending observation.,0,USD million,2026,construction_spending,global,all,/Users/simon/Downloads/SEMI_WFF_2026_1Q.xlsx,University - Tsing Hua University,,,,,,file:///Users/simon/Downloads/SEMI_WFF_2026_1Q.xlsx
Vanguard International Semiconductor (VIS) 2026 construction spending (SEMI WFF),,资本开支,SEMI WFF 2026 Q1 construction spending observation by company.,450,USD million,2026,construction_spending,global,semiconductor_fab_construction,/Users/simon/Downloads/SEMI_WFF_2026_1Q.xlsx,Vanguard International Semiconductor (VIS),1350,0,,,,file:///Users/simon/Downloads/SEMI_WFF_2026_1Q.xlsx
Vanguard International Semiconductor (VIS) 2026 equipment spending (SEMI WFF),,资本开支,SEMI WFF 2026 Q1 equipment spending observation.,1208,USD million,2026,equipment_spending,global,all,/Users/simon/Downloads/SEMI_WFF_2026_1Q.xlsx,Vanguard International Semiconductor (VIS),,,,,,file:///Users/simon/Downloads/SEMI_WFF_2026_1Q.xlsx
Vedanta 2026 construction spending (SEMI WFF),,资本开支,SEMI WFF 2026 Q1 construction spending observation.,250,USD million,2026,construction_spending,global,all,/Users/simon/Downloads/SEMI_WFF_2026_1Q.xlsx,Vedanta,,,,,,file:///Users/simon/Downloads/SEMI_WFF_2026_1Q.xlsx
Vishay Intertechnology 2026 equipment spending (SEMI WFF),,资本开支,SEMI WFF 2026 Q1 equipment spending observation.,180,USD million,2026,equipment_spending,global,all,/Users/simon/Downloads/SEMI_WFF_2026_1Q.xlsx,Vishay Intertechnology,,,,,,file:///Users/simon/Downloads/SEMI_WFF_2026_1Q.xlsx
"Visual Photonics Epitaxy Co., Ltd. 2026 construction spending (SEMI WFF)",,资本开支,SEMI WFF 2026 Q1 construction spending observation.,0,USD million,2026,construction_spending,global,all,/Users/simon/Downloads/SEMI_WFF_2026_1Q.xlsx,"Visual Photonics Epitaxy Co., Ltd.",,,,,,file:///Users/simon/Downloads/SEMI_WFF_2026_1Q.xlsx
Winbond Electronic Corporation 2026 construction spending (SEMI WFF),,资本开支,SEMI WFF 2026 Q1 construction spending observation.,195,USD million,2026,construction_spending,global,all,/Users/simon/Downloads/SEMI_WFF_2026_1Q.xlsx,Winbond Electronic Corporation,,,,,,file:///Users/simon/Downloads/SEMI_WFF_2026_1Q.xlsx
Winbond Electronic Corporation 2026 equipment spending (SEMI WFF),,资本开支,SEMI WFF 2026 Q1 equipment spending observation.,1276,USD million,2026,equipment_spending,global,all,/Users/simon/Downloads/SEMI_WFF_2026_1Q.xlsx,Winbond Electronic Corporation,,,,,,file:///Users/simon/Downloads/SEMI_WFF_2026_1Q.xlsx
Wingtech 2026 construction spending (SEMI WFF),,资本开支,SEMI WFF 2026 Q1 construction spending observation.,200,USD million,2026,construction_spending,global,all,/Users/simon/Downloads/SEMI_WFF_2026_1Q.xlsx,Wingtech,,,,,,file:///Users/simon/Downloads/SEMI_WFF_2026_1Q.xlsx
Wingtech 2026 equipment spending (SEMI WFF),,资本开支,SEMI WFF 2026 Q1 equipment spending observation.,346,USD million,2026,equipment_spending,global,all,/Users/simon/Downloads/SEMI_WFF_2026_1Q.xlsx,Wingtech,,,,,,file:///Users/simon/Downloads/SEMI_WFF_2026_1Q.xlsx
Wolfspeed 2026 equipment spending (SEMI WFF),,资本开支,SEMI WFF 2026 Q1 equipment spending observation.,122.84,USD million,2026,equipment_spending,global,all,/Users/simon/Downloads/SEMI_WFF_2026_1Q.xlsx,Wolfspeed,,,,,,file:///Users/simon/Downloads/SEMI_WFF_2026_1Q.xlsx
Wuhan Chuxing Technology 2026 equipment spending (SEMI WFF),,资本开支,SEMI WFF 2026 Q1 equipment spending observation.,1340,USD million,2026,equipment_spending,global,all,/Users/simon/Downloads/SEMI_WFF_2026_1Q.xlsx,Wuhan Chuxing Technology,,,,,,file:///Users/simon/Downloads/SEMI_WFF_2026_1Q.xlsx
X-FAB Silicon Foundries 2026 construction spending (SEMI WFF),,资本开支,SEMI WFF 2026 Q1 construction spending observation.,10,USD million,2026,construction_spending,global,all,/Users/simon/Downloads/SEMI_WFF_2026_1Q.xlsx,X-FAB Silicon Foundries,,,,,,file:///Users/simon/Downloads/SEMI_WFF_2026_1Q.xlsx
X-FAB Silicon Foundries 2026 equipment spending (SEMI WFF),,资本开支,SEMI WFF 2026 Q1 equipment spending observation.,65.9,USD million,2026,equipment_spending,global,all,/Users/simon/Downloads/SEMI_WFF_2026_1Q.xlsx,X-FAB Silicon Foundries,,,,,,file:///Users/simon/Downloads/SEMI_WFF_2026_1Q.xlsx
XMC 2026 construction spending (SEMI WFF),,资本开支,SEMI WFF 2026 Q1 construction spending observation by company.,500,USD million,2026,construction_spending,global,semiconductor_fab_construction,/Users/simon/Downloads/SEMI_WFF_2026_1Q.xlsx,XMC,0,600,,,,file:///Users/simon/Downloads/SEMI_WFF_2026_1Q.xlsx
XMC 2026 equipment spending (SEMI WFF),,资本开支,SEMI WFF 2026 Q1 equipment spending observation.,48,USD million,2026,equipment_spending,global,all,/Users/simon/Downloads/SEMI_WFF_2026_1Q.xlsx,XMC,,,,,,file:///Users/simon/Downloads/SEMI_WFF_2026_1Q.xlsx
Xian Power Electronics Research Institute (PERI) 2026 construction spending (SEMI WFF),,资本开支,SEMI WFF 2026 Q1 construction spending observation.,0,USD million,2026,construction_spending,global,all,/Users/simon/Downloads/SEMI_WFF_2026_1Q.xlsx,Xian Power Electronics Research Institute (PERI),,,,,,file:///Users/simon/Downloads/SEMI_WFF_2026_1Q.xlsx
"YMTC (Yangtze Memory Technology Co., Ltd.) 2026 construction spending (SEMI WFF)",,资本开支,SEMI WFF 2026 Q1 construction spending observation by company.,850,USD million,2026,construction_spending,global,semiconductor_fab_construction,/Users/simon/Downloads/SEMI_WFF_2026_1Q.xlsx,"YMTC (Yangtze Memory Technology Co., Ltd.)",900,0,,,,file:///Users/simon/Downloads/SEMI_WFF_2026_1Q.xlsx
"YMTC (Yangtze Memory Technology Co., Ltd.) 2026 equipment spending (SEMI WFF)",,资本开支,SEMI WFF 2026 Q1 equipment spending observation.,3250,USD million,2026,equipment_spending,global,all,/Users/simon/Downloads/SEMI_WFF_2026_1Q.xlsx,"YMTC (Yangtze Memory Technology Co., Ltd.)",,,,,,file:///Users/simon/Downloads/SEMI_WFF_2026_1Q.xlsx
Zensemi 2026 construction spending (SEMI WFF),,资本开支,SEMI WFF 2026 Q1 construction spending observation.,100,USD million,2026,construction_spending,global,all,/Users/simon/Downloads/SEMI_WFF_2026_1Q.xlsx,Zensemi,,,,,,file:///Users/simon/Downloads/SEMI_WFF_2026_1Q.xlsx
Zensemi 2026 equipment spending (SEMI WFF),,资本开支,SEMI WFF 2026 Q1 equipment spending observation.,320,USD million,2026,equipment_spending,global,all,/Users/simon/Downloads/SEMI_WFF_2026_1Q.xlsx,Zensemi,,,,,,file:///Users/simon/Downloads/SEMI_WFF_2026_1Q.xlsx
Zhuhai Hauxin Microeletronics 2026 equipment spending (SEMI WFF),,资本开支,SEMI WFF 2026 Q1 equipment spending observation.,80,USD million,2026,equipment_spending,global,all,/Users/simon/Downloads/SEMI_WFF_2026_1Q.xlsx,Zhuhai Hauxin Microeletronics,,,,,,file:///Users/simon/Downloads/SEMI_WFF_2026_1Q.xlsx
Zhuzhou CRRC Times Electric 2026 equipment spending (SEMI WFF),,资本开支,SEMI WFF 2026 Q1 equipment spending observation.,272,USD million,2026,equipment_spending,global,all,/Users/simon/Downloads/SEMI_WFF_2026_1Q.xlsx,Zhuzhou CRRC Times Electric,,,,,,file:///Users/simon/Downloads/SEMI_WFF_2026_1Q.xlsx
onsemi 2026 construction spending (SEMI WFF),,资本开支,SEMI WFF 2026 Q1 construction spending observation.,175,USD million,2026,construction_spending,global,all,/Users/simon/Downloads/SEMI_WFF_2026_1Q.xlsx,onsemi,,,,,,file:///Users/simon/Downloads/SEMI_WFF_2026_1Q.xlsx
onsemi 2026 equipment spending (SEMI WFF),,资本开支,SEMI WFF 2026 Q1 equipment spending observation.,160.8,USD million,2026,equipment_spending,global,all,/Users/simon/Downloads/SEMI_WFF_2026_1Q.xlsx,onsemi,,,,,,file:///Users/simon/Downloads/SEMI_WFF_2026_1Q.xlsx
总计 2026 construction spending (SEMI WFF),,资本开支,SEMI WFF 2026 Q1 construction spending observation.,39786,USD million,2026,construction_spending,global,all,/Users/simon/Downloads/SEMI_WFF_2026_1Q.xlsx,总计,,,,,,file:///Users/simon/Downloads/SEMI_WFF_2026_1Q.xlsx
总计 2026 equipment spending (SEMI WFF),,资本开支,SEMI WFF 2026 Q1 equipment spending observation.,143088.31,USD million,2026,equipment_spending,global,all,/Users/simon/Downloads/SEMI_WFF_2026_1Q.xlsx,总计,,,,,,file:///Users/simon/Downloads/SEMI_WFF_2026_1Q.xlsx
ABB Semiconductor - Lenzburg 2 project capital expenditure (SEMI WFF),,资本开支,SEMI WFF 工厂级资本开支观测。,75,USD million,project,project_total_cost,Europe & Mideast,分立器件,/Users/simon/Documents/Simon-OB/本体论/base/半导体/SEMI_WFF_2026_1Q.xlsx,ABB Semiconductor,,,ABB Semiconductor - Lenzburg 2,1573,Company Detail,file:///Users/simon/Documents/Simon-OB/%E6%9C%AC%E4%BD%93%E8%AE%BA/base/%E5%8D%8A%E5%AF%BC%E4%BD%93/SEMI_WFF_2026_1Q.xlsx
ABLIC Inc. - #A project capital expenditure (SEMI WFF),,资本开支,SEMI WFF 工厂级资本开支观测。,10,USD million,project,project_total_cost,日本,模拟,/Users/simon/Documents/Simon-OB/本体论/base/半导体/SEMI_WFF_2026_1Q.xlsx,ABLIC Inc.,,,ABLIC Inc. - #A,898,Company Detail,file:///Users/simon/Documents/Simon-OB/%E6%9C%AC%E4%BD%93%E8%AE%BA/base/%E5%8D%8A%E5%AF%BC%E4%BD%93/SEMI_WFF_2026_1Q.xlsx
Acenpower - Acenpower 6-inch Line project capital expenditure (SEMI WFF),,资本开支,SEMI WFF 工厂级资本开支观测。,765,USD million,project,project_total_cost,中国,分立器件,/Users/simon/Documents/Simon-OB/本体论/base/半导体/SEMI_WFF_2026_1Q.xlsx,Acenpower,,,Acenpower - Acenpower 6-inch Line,6493,Company Detail,file:///Users/simon/Documents/Simon-OB/%E6%9C%AC%E4%BD%93%E8%AE%BA/base/%E5%8D%8A%E5%AF%BC%E4%BD%93/SEMI_WFF_2026_1Q.xlsx
ACSMC - Fab 1 project capital expenditure (SEMI WFF),,资本开支,SEMI WFF 工厂级资本开支观测。,20,USD million,project,project_total_cost,中国,逻辑与微器件,/Users/simon/Documents/Simon-OB/本体论/base/半导体/SEMI_WFF_2026_1Q.xlsx,ACSMC,,,ACSMC - Fab 1,2062,Company Detail,file:///Users/simon/Documents/Simon-OB/%E6%9C%AC%E4%BD%93%E8%AE%BA/base/%E5%8D%8A%E5%AF%BC%E4%BD%93/SEMI_WFF_2026_1Q.xlsx
Advanced Ultraviolet Optoelectronics - Luan UV LED fab project capital expenditure (SEMI WFF),,资本开支,SEMI WFF 工厂级资本开支观测。,25,USD million,project,project_total_cost,中国,光电器件,/Users/simon/Documents/Simon-OB/本体论/base/半导体/SEMI_WFF_2026_1Q.xlsx,Advanced Ultraviolet Optoelectronics,,,Advanced Ultraviolet Optoelectronics - Luan UV LED fab,5110,Company Detail,file:///Users/simon/Documents/Simon-OB/%E6%9C%AC%E4%BD%93%E8%AE%BA/base/%E5%8D%8A%E5%AF%BC%E4%BD%93/SEMI_WFF_2026_1Q.xlsx
Agiltron - Woburn (shared with Sensera) project capital expenditure (SEMI WFF),,资本开支,SEMI WFF 工厂级资本开支观测。,17,USD million,project,project_total_cost,美洲,MEMS,/Users/simon/Documents/Simon-OB/本体论/base/半导体/SEMI_WFF_2026_1Q.xlsx,Agiltron,,,Agiltron - Woburn (shared with Sensera),5077,Company Detail,file:///Users/simon/Documents/Simon-OB/%E6%9C%AC%E4%BD%93%E8%AE%BA/base/%E5%8D%8A%E5%AF%BC%E4%BD%93/SEMI_WFF_2026_1Q.xlsx
AIST - TIA-MEMS Line (Building 3D) project capital expenditure (SEMI WFF),,资本开支,SEMI WFF 工厂级资本开支观测。,33,USD million,project,project_total_cost,日本,MEMS,/Users/simon/Documents/Simon-OB/本体论/base/半导体/SEMI_WFF_2026_1Q.xlsx,AIST,,,AIST - TIA-MEMS Line (Building 3D),3797,Company Detail,file:///Users/simon/Documents/Simon-OB/%E6%9C%AC%E4%BD%93%E8%AE%BA/base/%E5%8D%8A%E5%AF%BC%E4%BD%93/SEMI_WFF_2026_1Q.xlsx
AIST - TIA-Power Electronics Line (inside AIST-Centra) project capital expenditure (SEMI WFF),,资本开支,SEMI WFF 工厂级资本开支观测。,18,USD million,project,project_total_cost,日本,分立器件,/Users/simon/Documents/Simon-OB/本体论/base/半导体/SEMI_WFF_2026_1Q.xlsx,AIST,,,AIST - TIA-Power Electronics Line (inside AIST-Centra),3867,Company Detail,file:///Users/simon/Documents/Simon-OB/%E6%9C%AC%E4%BD%93%E8%AE%BA/base/%E5%8D%8A%E5%AF%BC%E4%BD%93/SEMI_WFF_2026_1Q.xlsx
AIST - Super Clean Room project capital expenditure (SEMI WFF),,资本开支,SEMI WFF 工厂级资本开支观测。,275,USD million,project,project_total_cost,日本,其他,/Users/simon/Documents/Simon-OB/本体论/base/半导体/SEMI_WFF_2026_1Q.xlsx,AIST,,,AIST - Super Clean Room,1782,Company Detail,file:///Users/simon/Documents/Simon-OB/%E6%9C%AC%E4%BD%93%E8%AE%BA/base/%E5%8D%8A%E5%AF%BC%E4%BD%93/SEMI_WFF_2026_1Q.xlsx
"Akoustis - STC-MEMS (was SUNY Poly, Infotonics)  former XEROX fab project capital expenditure (SEMI WFF)",,资本开支,SEMI WFF 工厂级资本开支观测。,58,USD million,project,project_total_cost,美洲,MEMS,/Users/simon/Documents/Simon-OB/本体论/base/半导体/SEMI_WFF_2026_1Q.xlsx,Akoustis,,,"Akoustis - STC-MEMS (was SUNY Poly, Infotonics)  former XEROX fab",3401,Company Detail,file:///Users/simon/Documents/Simon-OB/%E6%9C%AC%E4%BD%93%E8%AE%BA/base/%E5%8D%8A%E5%AF%BC%E4%BD%93/SEMI_WFF_2026_1Q.xlsx
Aledia - Echirolles R&D and HQ project capital expenditure (SEMI WFF),,资本开支,SEMI WFF 工厂级资本开支观测。,22,USD million,project,project_total_cost,Europe & Mideast,外延片,/Users/simon/Documents/Simon-OB/本体论/base/半导体/SEMI_WFF_2026_1Q.xlsx,Aledia,,,Aledia - Echirolles R&D and HQ,6235,Company Detail,file:///Users/simon/Documents/Simon-OB/%E6%9C%AC%E4%BD%93%E8%AE%BA/base/%E5%8D%8A%E5%AF%BC%E4%BD%93/SEMI_WFF_2026_1Q.xlsx
Aledia - Champagnier (300mm) project capital expenditure (SEMI WFF),,资本开支,SEMI WFF 工厂级资本开支观测。,150,USD million,project,project_total_cost,Europe & Mideast,外延片,/Users/simon/Documents/Simon-OB/本体论/base/半导体/SEMI_WFF_2026_1Q.xlsx,Aledia,,,Aledia - Champagnier (300mm),6236,Project Spending,file:///Users/simon/Documents/Simon-OB/%E6%9C%AC%E4%BD%93%E8%AE%BA/base/%E5%8D%8A%E5%AF%BC%E4%BD%93/SEMI_WFF_2026_1Q.xlsx
Alphion Corporation - Princeton Junction project capital expenditure (SEMI WFF),,资本开支,SEMI WFF 工厂级资本开支观测。,20,USD million,project,project_total_cost,美洲,光电器件,/Users/simon/Documents/Simon-OB/本体论/base/半导体/SEMI_WFF_2026_1Q.xlsx,Alphion Corporation,,,Alphion Corporation - Princeton Junction,2196,Company Detail,file:///Users/simon/Documents/Simon-OB/%E6%9C%AC%E4%BD%93%E8%AE%BA/base/%E5%8D%8A%E5%AF%BC%E4%BD%93/SEMI_WFF_2026_1Q.xlsx
ams-OSRAM - Fab 2  (was OSRAM) project capital expenditure (SEMI WFF),,资本开支,SEMI WFF 工厂级资本开支观测。,40,USD million,project,project_total_cost,Europe & Mideast,光电器件,/Users/simon/Documents/Simon-OB/本体论/base/半导体/SEMI_WFF_2026_1Q.xlsx,ams-OSRAM,,,ams-OSRAM - Fab 2  (was OSRAM),1875,Company Detail,file:///Users/simon/Documents/Simon-OB/%E6%9C%AC%E4%BD%93%E8%AE%BA/base/%E5%8D%8A%E5%AF%BC%E4%BD%93/SEMI_WFF_2026_1Q.xlsx
ams-OSRAM - Fab 3 expansion (was OSRAM) project capital expenditure (SEMI WFF),,资本开支,SEMI WFF 工厂级资本开支观测。,40,USD million,project,project_total_cost,Europe & Mideast,光电器件,/Users/simon/Documents/Simon-OB/本体论/base/半导体/SEMI_WFF_2026_1Q.xlsx,ams-OSRAM,,,ams-OSRAM - Fab 3 expansion (was OSRAM),2420,Company Detail,file:///Users/simon/Documents/Simon-OB/%E6%9C%AC%E4%BD%93%E8%AE%BA/base/%E5%8D%8A%E5%AF%BC%E4%BD%93/SEMI_WFF_2026_1Q.xlsx
ams-OSRAM - Penang PEN31 (was OSRAM) project capital expenditure (SEMI WFF),,资本开支,SEMI WFF 工厂级资本开支观测。,15,USD million,project,project_total_cost,SE Asia,光电器件,/Users/simon/Documents/Simon-OB/本体论/base/半导体/SEMI_WFF_2026_1Q.xlsx,ams-OSRAM,,,ams-OSRAM - Penang PEN31 (was OSRAM),2419,Company Detail,file:///Users/simon/Documents/Simon-OB/%E6%9C%AC%E4%BD%93%E8%AE%BA/base/%E5%8D%8A%E5%AF%BC%E4%BD%93/SEMI_WFF_2026_1Q.xlsx
ams-OSRAM - Penang PEN32 (was OSRAM) project capital expenditure (SEMI WFF),,资本开支,SEMI WFF 工厂级资本开支观测。,50,USD million,project,project_total_cost,SE Asia,光电器件,/Users/simon/Documents/Simon-OB/本体论/base/半导体/SEMI_WFF_2026_1Q.xlsx,ams-OSRAM,,,ams-OSRAM - Penang PEN32 (was OSRAM),3383,Company Detail,file:///Users/simon/Documents/Simon-OB/%E6%9C%AC%E4%BD%93%E8%AE%BA/base/%E5%8D%8A%E5%AF%BC%E4%BD%93/SEMI_WFF_2026_1Q.xlsx
ams-OSRAM - AMS 200 (was ams AG) project capital expenditure (SEMI WFF),,资本开支,SEMI WFF 工厂级资本开支观测。,22,USD million,project,project_total_cost,Europe & Mideast,模拟,/Users/simon/Documents/Simon-OB/本体论/base/半导体/SEMI_WFF_2026_1Q.xlsx,ams-OSRAM,,,ams-OSRAM - AMS 200 (was ams AG),1684,Project Spending,file:///Users/simon/Documents/Simon-OB/%E6%9C%AC%E4%BD%93%E8%AE%BA/base/%E5%8D%8A%E5%AF%BC%E4%BD%93/SEMI_WFF_2026_1Q.xlsx
ams-OSRAM - 4-inch LED Line (was OSRAM) project capital expenditure (SEMI WFF),,资本开支,SEMI WFF 工厂级资本开支观测。,36,USD million,project,project_total_cost,Europe & Mideast,光电器件,/Users/simon/Documents/Simon-OB/本体论/base/半导体/SEMI_WFF_2026_1Q.xlsx,ams-OSRAM,,,ams-OSRAM - 4-inch LED Line (was OSRAM),975,Company Detail,file:///Users/simon/Documents/Simon-OB/%E6%9C%AC%E4%BD%93%E8%AE%BA/base/%E5%8D%8A%E5%AF%BC%E4%BD%93/SEMI_WFF_2026_1Q.xlsx
ams-OSRAM - JTC NanoSpace (was ams AG) project capital expenditure (SEMI WFF),,资本开支,SEMI WFF 工厂级资本开支观测。,90,USD million,project,project_total_cost,SE Asia,光电器件,/Users/simon/Documents/Simon-OB/本体论/base/半导体/SEMI_WFF_2026_1Q.xlsx,ams-OSRAM,,,ams-OSRAM - JTC NanoSpace (was ams AG),4974,Company Detail,file:///Users/simon/Documents/Simon-OB/%E6%9C%AC%E4%BD%93%E8%AE%BA/base/%E5%8D%8A%E5%AF%BC%E4%BD%93/SEMI_WFF_2026_1Q.xlsx
ams-OSRAM - Kulim Fab 2 MicroLED Line project capital expenditure (SEMI WFF),,资本开支,SEMI WFF 工厂级资本开支观测。,260,USD million,project,project_total_cost,SE Asia,光电器件,/Users/simon/Documents/Simon-OB/本体论/base/半导体/SEMI_WFF_2026_1Q.xlsx,ams-OSRAM,,,ams-OSRAM - Kulim Fab 2 MicroLED Line,6391,Company Detail,file:///Users/simon/Documents/Simon-OB/%E6%9C%AC%E4%BD%93%E8%AE%BA/base/%E5%8D%8A%E5%AF%BC%E4%BD%93/SEMI_WFF_2026_1Q.xlsx
ams-OSRAM - Kulim EPI Line project capital expenditure (SEMI WFF),,资本开支,SEMI WFF 工厂级资本开支观测。,112,USD million,project,project_total_cost,SE Asia,外延片,/Users/simon/Documents/Simon-OB/本体论/base/半导体/SEMI_WFF_2026_1Q.xlsx,ams-OSRAM,,,ams-OSRAM - Kulim EPI Line,6392,Company Detail,file:///Users/simon/Documents/Simon-OB/%E6%9C%AC%E4%BD%93%E8%AE%BA/base/%E5%8D%8A%E5%AF%BC%E4%BD%93/SEMI_WFF_2026_1Q.xlsx
Analog Devices Inc - ADI Catalyst R&D project capital expenditure (SEMI WFF),,资本开支,SEMI WFF 工厂级资本开支观测。,110,USD million,project,project_total_cost,Europe & Mideast,模拟,/Users/simon/Documents/Simon-OB/本体论/base/半导体/SEMI_WFF_2026_1Q.xlsx,Analog Devices Inc,,,Analog Devices Inc - ADI Catalyst R&D,6458,Project Spending,file:///Users/simon/Documents/Simon-OB/%E6%9C%AC%E4%BD%93%E8%AE%BA/base/%E5%8D%8A%E5%AF%BC%E4%BD%93/SEMI_WFF_2026_1Q.xlsx
Angstrem - Angstrem Plus (Fab 0) (basic) project capital expenditure (SEMI WFF),,资本开支,SEMI WFF 工厂级资本开支观测。,15,USD million,project,project_total_cost,Europe & Mideast,模拟,/Users/simon/Documents/Simon-OB/本体论/base/半导体/SEMI_WFF_2026_1Q.xlsx,Angstrem,,,Angstrem - Angstrem Plus (Fab 0) (basic),33,Company Detail,file:///Users/simon/Documents/Simon-OB/%E6%9C%AC%E4%BD%93%E8%AE%BA/base/%E5%8D%8A%E5%AF%BC%E4%BD%93/SEMI_WFF_2026_1Q.xlsx
Angstrem - Fab 2 (Angstrem T) project capital expenditure (SEMI WFF),,资本开支,SEMI WFF 工厂级资本开支观测。,275,USD million,project,project_total_cost,Europe & Mideast,模拟,/Users/simon/Documents/Simon-OB/本体论/base/半导体/SEMI_WFF_2026_1Q.xlsx,Angstrem,,,Angstrem - Fab 2 (Angstrem T),1485,Company Detail,file:///Users/simon/Documents/Simon-OB/%E6%9C%AC%E4%BD%93%E8%AE%BA/base/%E5%8D%8A%E5%AF%BC%E4%BD%93/SEMI_WFF_2026_1Q.xlsx
Angstrem - Fab 1 project capital expenditure (SEMI WFF),,资本开支,SEMI WFF 工厂级资本开支观测。,80,USD million,project,project_total_cost,Europe & Mideast,模拟,/Users/simon/Documents/Simon-OB/本体论/base/半导体/SEMI_WFF_2026_1Q.xlsx,Angstrem,,,Angstrem - Fab 1,32,Company Detail,file:///Users/simon/Documents/Simon-OB/%E6%9C%AC%E4%BD%93%E8%AE%BA/base/%E5%8D%8A%E5%AF%BC%E4%BD%93/SEMI_WFF_2026_1Q.xlsx
"Anhui Anxin Electronic Technology Co., Ltd. - Fab 2 (5inch) project capital expenditure (SEMI WFF)",,资本开支,SEMI WFF 工厂级资本开支观测。,125,USD million,project,project_total_cost,中国,分立器件,/Users/simon/Documents/Simon-OB/本体论/base/半导体/SEMI_WFF_2026_1Q.xlsx,"Anhui Anxin Electronic Technology Co., Ltd.",,,"Anhui Anxin Electronic Technology Co., Ltd. - Fab 2 (5inch)",6609,Project Spending,file:///Users/simon/Documents/Simon-OB/%E6%9C%AC%E4%BD%93%E8%AE%BA/base/%E5%8D%8A%E5%AF%BC%E4%BD%93/SEMI_WFF_2026_1Q.xlsx
"Anhui Anxin Electronic Technology Co., Ltd. - Fab 3 (6inch line) project capital expenditure (SEMI WFF)",,资本开支,SEMI WFF 工厂级资本开支观测。,175,USD million,project,project_total_cost,中国,分立器件,/Users/simon/Documents/Simon-OB/本体论/base/半导体/SEMI_WFF_2026_1Q.xlsx,"Anhui Anxin Electronic Technology Co., Ltd.",,,"Anhui Anxin Electronic Technology Co., Ltd. - Fab 3 (6inch line)",6610,Project Spending,file:///Users/simon/Documents/Simon-OB/%E6%9C%AC%E4%BD%93%E8%AE%BA/base/%E5%8D%8A%E5%AF%BC%E4%BD%93/SEMI_WFF_2026_1Q.xlsx
Anhui YOFC Advanced Semiconductor (YASC) - Wuhan Fab project capital expenditure (SEMI WFF),,资本开支,SEMI WFF 工厂级资本开支观测。,1030,USD million,project,project_total_cost,中国,Discrete,/Users/simon/Documents/Simon-OB/本体论/base/半导体/SEMI_WFF_2026_1Q.xlsx,Anhui YOFC Advanced Semiconductor (YASC),,,Anhui YOFC Advanced Semiconductor (YASC) - Wuhan Fab,6645,Project Spending,file:///Users/simon/Documents/Simon-OB/%E6%9C%AC%E4%BD%93%E8%AE%BA/base/%E5%8D%8A%E5%AF%BC%E4%BD%93/SEMI_WFF_2026_1Q.xlsx
Anhui YOFC Advanced Semiconductor (YASC) - Wuhu Fab project capital expenditure (SEMI WFF),,资本开支,SEMI WFF 工厂级资本开支观测。,310,USD million,project,project_total_cost,中国,Discrete,/Users/simon/Documents/Simon-OB/本体论/base/半导体/SEMI_WFF_2026_1Q.xlsx,Anhui YOFC Advanced Semiconductor (YASC),,,Anhui YOFC Advanced Semiconductor (YASC) - Wuhu Fab,6646,Company Detail,file:///Users/simon/Documents/Simon-OB/%E6%9C%AC%E4%BD%93%E8%AE%BA/base/%E5%8D%8A%E5%AF%BC%E4%BD%93/SEMI_WFF_2026_1Q.xlsx
AOS - Chongqing fab (phase 2) project capital expenditure (SEMI WFF),,资本开支,SEMI WFF 工厂级资本开支观测。,315,USD million,project,project_total_cost,中国,Discrete,/Users/simon/Documents/Simon-OB/本体论/base/半导体/SEMI_WFF_2026_1Q.xlsx,AOS,,,AOS - Chongqing fab (phase 2),5064,Project Spending,file:///Users/simon/Documents/Simon-OB/%E6%9C%AC%E4%BD%93%E8%AE%BA/base/%E5%8D%8A%E5%AF%BC%E4%BD%93/SEMI_WFF_2026_1Q.xlsx
Apple Inc. - Aria project capital expenditure (SEMI WFF),,资本开支,SEMI WFF 工厂级资本开支观测。,155,USD million,project,project_total_cost,美洲,Other,/Users/simon/Documents/Simon-OB/本体论/base/半导体/SEMI_WFF_2026_1Q.xlsx,Apple Inc.,,,Apple Inc. - Aria,1614,Company Detail,file:///Users/simon/Documents/Simon-OB/%E6%9C%AC%E4%BD%93%E8%AE%BA/base/%E5%8D%8A%E5%AF%BC%E4%BD%93/SEMI_WFF_2026_1Q.xlsx
Apple Inc. - Taiwan Apple LLC (was Qualcomm MEMS Technologies Mirasol) project capital expenditure (SEMI WFF),,资本开支,SEMI WFF 工厂级资本开支观测。,975,USD million,project,project_total_cost,中国台湾,MEMS,/Users/simon/Documents/Simon-OB/本体论/base/半导体/SEMI_WFF_2026_1Q.xlsx,Apple Inc.,,,Apple Inc. - Taiwan Apple LLC (was Qualcomm MEMS Technologies Mirasol),4966,Company Detail,file:///Users/simon/Documents/Simon-OB/%E6%9C%AC%E4%BD%93%E8%AE%BA/base/%E5%8D%8A%E5%AF%BC%E4%BD%93/SEMI_WFF_2026_1Q.xlsx
APT Electronics Ltd. - Nansha base (phase 1) project capital expenditure (SEMI WFF),,资本开支,SEMI WFF 工厂级资本开支观测。,30,USD million,project,project_total_cost,中国,Opto,/Users/simon/Documents/Simon-OB/本体论/base/半导体/SEMI_WFF_2026_1Q.xlsx,APT Electronics Ltd.,,,APT Electronics Ltd. - Nansha base (phase 1),3330,Company Detail,file:///Users/simon/Documents/Simon-OB/%E6%9C%AC%E4%BD%93%E8%AE%BA/base/%E5%8D%8A%E5%AF%BC%E4%BD%93/SEMI_WFF_2026_1Q.xlsx
"AquaLite Co., Ltd - n/a project capital expenditure (SEMI WFF)",,资本开支,SEMI WFF 工厂级资本开支观测。,25,USD million,project,project_total_cost,中国,Opto,/Users/simon/Documents/Simon-OB/本体论/base/半导体/SEMI_WFF_2026_1Q.xlsx,"AquaLite Co., Ltd",,,"AquaLite Co., Ltd - n/a",3353,Company Detail,file:///Users/simon/Documents/Simon-OB/%E6%9C%AC%E4%BD%93%E8%AE%BA/base/%E5%8D%8A%E5%AF%BC%E4%BD%93/SEMI_WFF_2026_1Q.xlsx
Argonne National Laboratory - Center for Nanoscale Materials project capital expenditure (SEMI WFF),,资本开支,SEMI WFF 工厂级资本开支观测。,72,USD million,project,project_total_cost,美洲,Other,/Users/simon/Documents/Simon-OB/本体论/base/半导体/SEMI_WFF_2026_1Q.xlsx,Argonne National Laboratory,,,Argonne National Laboratory - Center for Nanoscale Materials,2457,Company Detail,file:///Users/simon/Documents/Simon-OB/%E6%9C%AC%E4%BD%93%E8%AE%BA/base/%E5%8D%8A%E5%AF%BC%E4%BD%93/SEMI_WFF_2026_1Q.xlsx
Arima Optoelectronics Corp. - Hsinchu Fab 2 project capital expenditure (SEMI WFF),,资本开支,SEMI WFF 工厂级资本开支观测。,24,USD million,project,project_total_cost,中国台湾,Opto,/Users/simon/Documents/Simon-OB/本体论/base/半导体/SEMI_WFF_2026_1Q.xlsx,Arima Optoelectronics Corp.,,,Arima Optoelectronics Corp. - Hsinchu Fab 2,3089,Company Detail,file:///Users/simon/Documents/Simon-OB/%E6%9C%AC%E4%BD%93%E8%AE%BA/base/%E5%8D%8A%E5%AF%BC%E4%BD%93/SEMI_WFF_2026_1Q.xlsx
Arima Optoelectronics Corp. - Hsinchu Fab 1 project capital expenditure (SEMI WFF),,资本开支,SEMI WFF 工厂级资本开支观测。,25,USD million,project,project_total_cost,中国台湾,Opto,/Users/simon/Documents/Simon-OB/本体论/base/半导体/SEMI_WFF_2026_1Q.xlsx,Arima Optoelectronics Corp.,,,Arima Optoelectronics Corp. - Hsinchu Fab 1,3088,Company Detail,file:///Users/simon/Documents/Simon-OB/%E6%9C%AC%E4%BD%93%E8%AE%BA/base/%E5%8D%8A%E5%AF%BC%E4%BD%93/SEMI_WFF_2026_1Q.xlsx
Asahi Kasei Microdevices (AKM) - Fab 1 project capital expenditure (SEMI WFF),,资本开支,SEMI WFF 工厂级资本开支观测。,50,USD million,project,project_total_cost,日本,MEMS,/Users/simon/Documents/Simon-OB/本体论/base/半导体/SEMI_WFF_2026_1Q.xlsx,Asahi Kasei Microdevices (AKM),,,Asahi Kasei Microdevices (AKM) - Fab 1,37,Company Detail,file:///Users/simon/Documents/Simon-OB/%E6%9C%AC%E4%BD%93%E8%AE%BA/base/%E5%8D%8A%E5%AF%BC%E4%BD%93/SEMI_WFF_2026_1Q.xlsx
"Asahi Kasei Microdevices (AKM) - Fab 2 (8"" line) project capital expenditure (SEMI WFF)",,资本开支,SEMI WFF 工厂级资本开支观测。,28,USD million,project,project_total_cost,日本,Analog,/Users/simon/Documents/Simon-OB/本体论/base/半导体/SEMI_WFF_2026_1Q.xlsx,Asahi Kasei Microdevices (AKM),,,"Asahi Kasei Microdevices (AKM) - Fab 2 (8"" line)",2894,Project Spending,file:///Users/simon/Documents/Simon-OB/%E6%9C%AC%E4%BD%93%E8%AE%BA/base/%E5%8D%8A%E5%AF%BC%E4%BD%93/SEMI_WFF_2026_1Q.xlsx
Asahi Kasei Microdevices (AKM) - Fab 3 project capital expenditure (SEMI WFF),,资本开支,SEMI WFF 工厂级资本开支观测。,30,USD million,project,project_total_cost,日本,MEMS,/Users/simon/Documents/Simon-OB/本体论/base/半导体/SEMI_WFF_2026_1Q.xlsx,Asahi Kasei Microdevices (AKM),,,Asahi Kasei Microdevices (AKM) - Fab 3,3635,Company Detail,file:///Users/simon/Documents/Simon-OB/%E6%9C%AC%E4%BD%93%E8%AE%BA/base/%E5%8D%8A%E5%AF%BC%E4%BD%93/SEMI_WFF_2026_1Q.xlsx
"Asahi Kasei Microdevices (AKM) - Fab 2 (6"" line) project capital expenditure (SEMI WFF)",,资本开支,SEMI WFF 工厂级资本开支观测。,50,USD million,project,project_total_cost,日本,Analog,/Users/simon/Documents/Simon-OB/本体论/base/半导体/SEMI_WFF_2026_1Q.xlsx,Asahi Kasei Microdevices (AKM),,,"Asahi Kasei Microdevices (AKM) - Fab 2 (6"" line)",3656,Company Detail,file:///Users/simon/Documents/Simon-OB/%E6%9C%AC%E4%BD%93%E8%AE%BA/base/%E5%8D%8A%E5%AF%BC%E4%BD%93/SEMI_WFF_2026_1Q.xlsx
"Asia Pacific Microsystems, Inc.  (APM) - Fab 1 project capital expenditure (SEMI WFF)",,资本开支,SEMI WFF 工厂级资本开支观测。,185,USD million,project,project_total_cost,中国台湾,MEMS,/Users/simon/Documents/Simon-OB/本体论/base/半导体/SEMI_WFF_2026_1Q.xlsx,"Asia Pacific Microsystems, Inc.  (APM)",,,"Asia Pacific Microsystems, Inc.  (APM) - Fab 1",1203,Company Detail,file:///Users/simon/Documents/Simon-OB/%E6%9C%AC%E4%BD%93%E8%AE%BA/base/%E5%8D%8A%E5%AF%BC%E4%BD%93/SEMI_WFF_2026_1Q.xlsx
A-STAR IME (Institute of Microelectronics) (A*STAR IME) - Cleanroom 1 project capital expenditure (SEMI WFF),,资本开支,SEMI WFF 工厂级资本开支观测。,60,USD million,project,project_total_cost,SE Asia,Other,/Users/simon/Documents/Simon-OB/本体论/base/半导体/SEMI_WFF_2026_1Q.xlsx,A-STAR IME (Institute of Microelectronics) (A*STAR IME),,,A-STAR IME (Institute of Microelectronics) (A*STAR IME) - Cleanroom 1,2339,Company Detail,file:///Users/simon/Documents/Simon-OB/%E6%9C%AC%E4%BD%93%E8%AE%BA/base/%E5%8D%8A%E5%AF%BC%E4%BD%93/SEMI_WFF_2026_1Q.xlsx
A-STAR IME (Institute of Microelectronics) (A*STAR IME) - Cleanroom 2 (MEMS & Wafer Level Packaging) project capital expenditure (SEMI WFF),,资本开支,SEMI WFF 工厂级资本开支观测。,20,USD million,project,project_total_cost,SE Asia,Other,/Users/simon/Documents/Simon-OB/本体论/base/半导体/SEMI_WFF_2026_1Q.xlsx,A-STAR IME (Institute of Microelectronics) (A*STAR IME),,,A-STAR IME (Institute of Microelectronics) (A*STAR IME) - Cleanroom 2 (MEMS & Wafer Level Packaging),2340,Company Detail,file:///Users/simon/Documents/Simon-OB/%E6%9C%AC%E4%BD%93%E8%AE%BA/base/%E5%8D%8A%E5%AF%BC%E4%BD%93/SEMI_WFF_2026_1Q.xlsx
A-STAR IME (Institute of Microelectronics) (A*STAR IME) - Open R&D 200mm SiC project capital expenditure (SEMI WFF),,资本开支,SEMI WFF 工厂级资本开支观测。,60,USD million,project,project_total_cost,SE Asia,Other,/Users/simon/Documents/Simon-OB/本体论/base/半导体/SEMI_WFF_2026_1Q.xlsx,A-STAR IME (Institute of Microelectronics) (A*STAR IME),,,A-STAR IME (Institute of Microelectronics) (A*STAR IME) - Open R&D 200mm SiC,6659,Project Spending,file:///Users/simon/Documents/Simon-OB/%E6%9C%AC%E4%BD%93%E8%AE%BA/base/%E5%8D%8A%E5%AF%BC%E4%BD%93/SEMI_WFF_2026_1Q.xlsx
Atomica (was IMT Innovative Micro Technology) - 6-inch line project capital expenditure (SEMI WFF),,资本开支,SEMI WFF 工厂级资本开支观测。,45,USD million,project,project_total_cost,美洲,MEMS,/Users/simon/Documents/Simon-OB/本体论/base/半导体/SEMI_WFF_2026_1Q.xlsx,Atomica (was IMT Innovative Micro Technology),,,Atomica (was IMT Innovative Micro Technology) - 6-inch line,1903,Company Detail,file:///Users/simon/Documents/Simon-OB/%E6%9C%AC%E4%BD%93%E8%AE%BA/base/%E5%8D%8A%E5%AF%BC%E4%BD%93/SEMI_WFF_2026_1Q.xlsx
Atomica (was IMT Innovative Micro Technology) - 8-inch line project capital expenditure (SEMI WFF),,资本开支,SEMI WFF 工厂级资本开支观测。,15,USD million,project,project_total_cost,美洲,MEMS,/Users/simon/Documents/Simon-OB/本体论/base/半导体/SEMI_WFF_2026_1Q.xlsx,Atomica (was IMT Innovative Micro Technology),,,Atomica (was IMT Innovative Micro Technology) - 8-inch line,5027,Company Detail,file:///Users/simon/Documents/Simon-OB/%E6%9C%AC%E4%BD%93%E8%AE%BA/base/%E5%8D%8A%E5%AF%BC%E4%BD%93/SEMI_WFF_2026_1Q.xlsx
AUK Corporation - A 2 project capital expenditure (SEMI WFF),,资本开支,SEMI WFF 工厂级资本开支观测。,70,USD million,project,project_total_cost,韩国,Discrete,/Users/simon/Documents/Simon-OB/本体论/base/半导体/SEMI_WFF_2026_1Q.xlsx,AUK Corporation,,,AUK Corporation - A 2,2136,Company Detail,file:///Users/simon/Documents/Simon-OB/%E6%9C%AC%E4%BD%93%E8%AE%BA/base/%E5%8D%8A%E5%AF%BC%E4%BD%93/SEMI_WFF_2026_1Q.xlsx
AUK Corporation - D1 and D2 Lines project capital expenditure (SEMI WFF),,资本开支,SEMI WFF 工厂级资本开支观测。,25,USD million,project,project_total_cost,中国,MEMS,/Users/simon/Documents/Simon-OB/本体论/base/半导体/SEMI_WFF_2026_1Q.xlsx,AUK Corporation,,,AUK Corporation - D1 and D2 Lines,2137,Company Detail,file:///Users/simon/Documents/Simon-OB/%E6%9C%AC%E4%BD%93%E8%AE%BA/base/%E5%8D%8A%E5%AF%BC%E4%BD%93/SEMI_WFF_2026_1Q.xlsx
AVIC Kaimai (Shanghai) - InSb Fab project capital expenditure (SEMI WFF),,资本开支,SEMI WFF 工厂级资本开支观测。,130,USD million,project,project_total_cost,中国,Opto,/Users/simon/Documents/Simon-OB/本体论/base/半导体/SEMI_WFF_2026_1Q.xlsx,AVIC Kaimai (Shanghai),,,AVIC Kaimai (Shanghai) - InSb Fab,6601,Project Spending,file:///Users/simon/Documents/Simon-OB/%E6%9C%AC%E4%BD%93%E8%AE%BA/base/%E5%8D%8A%E5%AF%BC%E4%BD%93/SEMI_WFF_2026_1Q.xlsx
AWSC (Advanced Wireless Semiconductor Co.) - Module 1 project capital expenditure (SEMI WFF),,资本开支,SEMI WFF 工厂级资本开支观测。,20,USD million,project,project_total_cost,中国台湾,Opto,/Users/simon/Documents/Simon-OB/本体论/base/半导体/SEMI_WFF_2026_1Q.xlsx,AWSC (Advanced Wireless Semiconductor Co.),,,AWSC (Advanced Wireless Semiconductor Co.) - Module 1,1788,Company Detail,file:///Users/simon/Documents/Simon-OB/%E6%9C%AC%E4%BD%93%E8%AE%BA/base/%E5%8D%8A%E5%AF%BC%E4%BD%93/SEMI_WFF_2026_1Q.xlsx
AWSC (Advanced Wireless Semiconductor Co.) - Module 2 project capital expenditure (SEMI WFF),,资本开支,SEMI WFF 工厂级资本开支观测。,70,USD million,project,project_total_cost,中国台湾,Opto,/Users/simon/Documents/Simon-OB/本体论/base/半导体/SEMI_WFF_2026_1Q.xlsx,AWSC (Advanced Wireless Semiconductor Co.),,,AWSC (Advanced Wireless Semiconductor Co.) - Module 2,5070,Company Detail,file:///Users/simon/Documents/Simon-OB/%E6%9C%AC%E4%BD%93%E8%AE%BA/base/%E5%8D%8A%E5%AF%BC%E4%BD%93/SEMI_WFF_2026_1Q.xlsx
BAE Systems - BAE Systems Imaging Solutions project capital expenditure (SEMI WFF),,资本开支,SEMI WFF 工厂级资本开支观测。,40,USD million,project,project_total_cost,美洲,Analog,/Users/simon/Documents/Simon-OB/本体论/base/半导体/SEMI_WFF_2026_1Q.xlsx,BAE Systems,,,BAE Systems - BAE Systems Imaging Solutions,3555,Company Detail,file:///Users/simon/Documents/Simon-OB/%E6%9C%AC%E4%BD%93%E8%AE%BA/base/%E5%8D%8A%E5%AF%BC%E4%BD%93/SEMI_WFF_2026_1Q.xlsx
BAE Systems - Advanced Microwave Products (AMP) Center project capital expenditure (SEMI WFF),,资本开支,SEMI WFF 工厂级资本开支观测。,30,USD million,project,project_total_cost,美洲,Analog,/Users/simon/Documents/Simon-OB/本体论/base/半导体/SEMI_WFF_2026_1Q.xlsx,BAE Systems,,,BAE Systems - Advanced Microwave Products (AMP) Center,864,Company Detail,file:///Users/simon/Documents/Simon-OB/%E6%9C%AC%E4%BD%93%E8%AE%BA/base/%E5%8D%8A%E5%AF%BC%E4%BD%93/SEMI_WFF_2026_1Q.xlsx
Beijing MXTronics Corp. - Beijing fab project capital expenditure (SEMI WFF),,资本开支,SEMI WFF 工厂级资本开支观测。,12,USD million,project,project_total_cost,中国,Analog,/Users/simon/Documents/Simon-OB/本体论/base/半导体/SEMI_WFF_2026_1Q.xlsx,Beijing MXTronics Corp.,,,Beijing MXTronics Corp. - Beijing fab,3790,Company Detail,file:///Users/simon/Documents/Simon-OB/%E6%9C%AC%E4%BD%93%E8%AE%BA/base/%E5%8D%8A%E5%AF%BC%E4%BD%93/SEMI_WFF_2026_1Q.xlsx
Beijing Yandong (YDME) - new 300mm fab project capital expenditure (SEMI WFF),,资本开支,SEMI WFF 工厂级资本开支观测。,4700,USD million,project,project_total_cost,中国,Analog,/Users/simon/Documents/Simon-OB/本体论/base/半导体/SEMI_WFF_2026_1Q.xlsx,Beijing Yandong (YDME),,,Beijing Yandong (YDME) - new 300mm fab,6625,Project Spending,file:///Users/simon/Documents/Simon-OB/%E6%9C%AC%E4%BD%93%E8%AE%BA/base/%E5%8D%8A%E5%AF%BC%E4%BD%93/SEMI_WFF_2026_1Q.xlsx
"BelGaN (Belgium GaN) - Oudenaarde 8-inch (was OnSEMI, before that was AMI Fab 2) project capital expenditure (SEMI WFF)",,资本开支,SEMI WFF 工厂级资本开支观测。,50,USD million,project,project_total_cost,Europe & Mideast,Analog,/Users/simon/Documents/Simon-OB/本体论/base/半导体/SEMI_WFF_2026_1Q.xlsx,BelGaN (Belgium GaN),,,"BelGaN (Belgium GaN) - Oudenaarde 8-inch (was OnSEMI, before that was AMI Fab 2)",6281,Project Spending,file:///Users/simon/Documents/Simon-OB/%E6%9C%AC%E4%BD%93%E8%AE%BA/base/%E5%8D%8A%E5%AF%BC%E4%BD%93/SEMI_WFF_2026_1Q.xlsx
Bi-CMOS Foundry - Bi-CMOS Foundry project capital expenditure (SEMI WFF),,资本开支,SEMI WFF 工厂级资本开支观测。,25,USD million,project,project_total_cost,美洲,Discrete,/Users/simon/Documents/Simon-OB/本体论/base/半导体/SEMI_WFF_2026_1Q.xlsx,Bi-CMOS Foundry,,,Bi-CMOS Foundry - Bi-CMOS Foundry,2474,Company Detail,file:///Users/simon/Documents/Simon-OB/%E6%9C%AC%E4%BD%93%E8%AE%BA/base/%E5%8D%8A%E5%AF%BC%E4%BD%93/SEMI_WFF_2026_1Q.xlsx
BluGlass Limited - EpiBlu project capital expenditure (SEMI WFF),,资本开支,SEMI WFF 工厂级资本开支观测。,12,USD million,project,project_total_cost,SE Asia,Opto,/Users/simon/Documents/Simon-OB/本体论/base/半导体/SEMI_WFF_2026_1Q.xlsx,BluGlass Limited,,,BluGlass Limited - EpiBlu,3786,Company Detail,file:///Users/simon/Documents/Simon-OB/%E6%9C%AC%E4%BD%93%E8%AE%BA/base/%E5%8D%8A%E5%AF%BC%E4%BD%93/SEMI_WFF_2026_1Q.xlsx
Bosch - MEMS fab project capital expenditure (SEMI WFF),,资本开支,SEMI WFF 工厂级资本开支观测。,2.4,USD million,project,project_total_cost,Europe & Mideast,MEMS,/Users/simon/Documents/Simon-OB/本体论/base/半导体/SEMI_WFF_2026_1Q.xlsx,Bosch,,,Bosch - MEMS fab,836,Project Spending,file:///Users/simon/Documents/Simon-OB/%E6%9C%AC%E4%BD%93%E8%AE%BA/base/%E5%8D%8A%E5%AF%BC%E4%BD%93/SEMI_WFF_2026_1Q.xlsx
Bosch - 200mm Wafer fab project capital expenditure (SEMI WFF),,资本开支,SEMI WFF 工厂级资本开支观测。,19,USD million,project,project_total_cost,Europe & Mideast,Analog,/Users/simon/Documents/Simon-OB/本体论/base/半导体/SEMI_WFF_2026_1Q.xlsx,Bosch,,,Bosch - 200mm Wafer fab,2323,Project Spending,file:///Users/simon/Documents/Simon-OB/%E6%9C%AC%E4%BD%93%E8%AE%BA/base/%E5%8D%8A%E5%AF%BC%E4%BD%93/SEMI_WFF_2026_1Q.xlsx
Bosch - Phase C of expansion plan: 200mm line project capital expenditure (SEMI WFF),,资本开支,SEMI WFF 工厂级资本开支观测。,345,USD million,project,project_total_cost,Europe & Mideast,Analog,/Users/simon/Documents/Simon-OB/本体论/base/半导体/SEMI_WFF_2026_1Q.xlsx,Bosch,,,Bosch - Phase C of expansion plan: 200mm line,6447,Project Spending,file:///Users/simon/Documents/Simon-OB/%E6%9C%AC%E4%BD%93%E8%AE%BA/base/%E5%8D%8A%E5%AF%BC%E4%BD%93/SEMI_WFF_2026_1Q.xlsx
Bosch - M-Line + K-Line (merged March 2023) project capital expenditure (SEMI WFF),,资本开支,SEMI WFF 工厂级资本开支观测。,1650,USD million,project,project_total_cost,美洲,Analog,/Users/simon/Documents/Simon-OB/本体论/base/半导体/SEMI_WFF_2026_1Q.xlsx,Bosch,,,Bosch - M-Line + K-Line (merged March 2023),695,Project Spending,file:///Users/simon/Documents/Simon-OB/%E6%9C%AC%E4%BD%93%E8%AE%BA/base/%E5%8D%8A%E5%AF%BC%E4%BD%93/SEMI_WFF_2026_1Q.xlsx
Bosch - 150mm SiC Line project capital expenditure (SEMI WFF),,资本开支,SEMI WFF 工厂级资本开支观测。,3,USD million,project,project_total_cost,Europe & Mideast,Analog,/Users/simon/Documents/Simon-OB/本体论/base/半导体/SEMI_WFF_2026_1Q.xlsx,Bosch,,,Bosch - 150mm SiC Line,6142,Project Spending,file:///Users/simon/Documents/Simon-OB/%E6%9C%AC%E4%BD%93%E8%AE%BA/base/%E5%8D%8A%E5%AF%BC%E4%BD%93/SEMI_WFF_2026_1Q.xlsx
Bourns Ltd. - Fab 1 project capital expenditure (SEMI WFF),,资本开支,SEMI WFF 工厂级资本开支观测。,10,USD million,project,project_total_cost,Europe & Mideast,Discrete,/Users/simon/Documents/Simon-OB/本体论/base/半导体/SEMI_WFF_2026_1Q.xlsx,Bourns Ltd.,,,Bourns Ltd. - Fab 1,1901,Company Detail,file:///Users/simon/Documents/Simon-OB/%E6%9C%AC%E4%BD%93%E8%AE%BA/base/%E5%8D%8A%E5%AF%BC%E4%BD%93/SEMI_WFF_2026_1Q.xlsx
BRIDG - BRIDG (used also by Skywater) project capital expenditure (SEMI WFF),,资本开支,SEMI WFF 工厂级资本开支观测。,160,USD million,project,project_total_cost,美洲,Other,/Users/simon/Documents/Simon-OB/本体论/base/半导体/SEMI_WFF_2026_1Q.xlsx,BRIDG,,,BRIDG - BRIDG (used also by Skywater),3716,Company Detail,file:///Users/simon/Documents/Simon-OB/%E6%9C%AC%E4%BD%93%E8%AE%BA/base/%E5%8D%8A%E5%AF%BC%E4%BD%93/SEMI_WFF_2026_1Q.xlsx
Bridgelux - Livermore project capital expenditure (SEMI WFF),,资本开支,SEMI WFF 工厂级资本开支观测。,20,USD million,project,project_total_cost,美洲,Opto,/Users/simon/Documents/Simon-OB/本体论/base/半导体/SEMI_WFF_2026_1Q.xlsx,Bridgelux,,,Bridgelux - Livermore,3334,Company Detail,file:///Users/simon/Documents/Simon-OB/%E6%9C%AC%E4%BD%93%E8%AE%BA/base/%E5%8D%8A%E5%AF%BC%E4%BD%93/SEMI_WFF_2026_1Q.xlsx
Brightintelligence Technologies - Zhong Shan fab project capital expenditure (SEMI WFF),,资本开支,SEMI WFF 工厂级资本开支观测。,28,USD million,project,project_total_cost,中国,Opto,/Users/simon/Documents/Simon-OB/本体论/base/半导体/SEMI_WFF_2026_1Q.xlsx,Brightintelligence Technologies,,,Brightintelligence Technologies - Zhong Shan fab,5049,Company Detail,file:///Users/simon/Documents/Simon-OB/%E6%9C%AC%E4%BD%93%E8%AE%BA/base/%E5%8D%8A%E5%AF%BC%E4%BD%93/SEMI_WFF_2026_1Q.xlsx
Broadcom (was Avago) - 8-inch Lines combined fabs (B2+B3+B4)  (was B2 8-inch FBAR line (was Silicon processing + GaAs line) project capital expenditure (SEMI WFF),,资本开支,SEMI WFF 工厂级资本开支观测。,14,USD million,project,project_total_cost,美洲,MEMS,/Users/simon/Documents/Simon-OB/本体论/base/半导体/SEMI_WFF_2026_1Q.xlsx,Broadcom (was Avago),,,Broadcom (was Avago) - 8-inch Lines combined fabs (B2+B3+B4)  (was B2 8-inch FBAR line (was Silicon processing + GaAs line),250,Project Spending,file:///Users/simon/Documents/Simon-OB/%E6%9C%AC%E4%BD%93%E8%AE%BA/base/%E5%8D%8A%E5%AF%BC%E4%BD%93/SEMI_WFF_2026_1Q.xlsx
Broadcom (was Avago) - Avago Yishun project capital expenditure (SEMI WFF),,资本开支,SEMI WFF 工厂级资本开支观测。,23,USD million,project,project_total_cost,SE Asia,Opto,/Users/simon/Documents/Simon-OB/本体论/base/半导体/SEMI_WFF_2026_1Q.xlsx,Broadcom (was Avago),,,Broadcom (was Avago) - Avago Yishun,262,Company Detail,file:///Users/simon/Documents/Simon-OB/%E6%9C%AC%E4%BD%93%E8%AE%BA/base/%E5%8D%8A%E5%AF%BC%E4%BD%93/SEMI_WFF_2026_1Q.xlsx
Brookhaven National Laboratory (BNL) - Center for Functional Nanomaterials  CFN project capital expenditure (SEMI WFF),,资本开支,SEMI WFF 工厂级资本开支观测。,135,USD million,project,project_total_cost,美洲,Other,/Users/simon/Documents/Simon-OB/本体论/base/半导体/SEMI_WFF_2026_1Q.xlsx,Brookhaven National Laboratory (BNL),,,Brookhaven National Laboratory (BNL) - Center for Functional Nanomaterials  CFN,3575,Company Detail,file:///Users/simon/Documents/Simon-OB/%E6%9C%AC%E4%BD%93%E8%AE%BA/base/%E5%8D%8A%E5%AF%BC%E4%BD%93/SEMI_WFF_2026_1Q.xlsx
BYD Co. Ltd - Jinan fab (was Jinan Energen) project capital expenditure (SEMI WFF),,资本开支,SEMI WFF 工厂级资本开支观测。,15.5,USD million,project,project_total_cost,中国,Discrete,/Users/simon/Documents/Simon-OB/本体论/base/半导体/SEMI_WFF_2026_1Q.xlsx,BYD Co. Ltd,,,BYD Co. Ltd - Jinan fab (was Jinan Energen),5100,Project Spending,file:///Users/simon/Documents/Simon-OB/%E6%9C%AC%E4%BD%93%E8%AE%BA/base/%E5%8D%8A%E5%AF%BC%E4%BD%93/SEMI_WFF_2026_1Q.xlsx
BYD Co. Ltd - Changsha fab (new line in existing fab) project capital expenditure (SEMI WFF),,资本开支,SEMI WFF 工厂级资本开支观测。,5.4,USD million,project,project_total_cost,中国,Discrete,/Users/simon/Documents/Simon-OB/本体论/base/半导体/SEMI_WFF_2026_1Q.xlsx,BYD Co. Ltd,,,BYD Co. Ltd - Changsha fab (new line in existing fab),6157,Project Spending,file:///Users/simon/Documents/Simon-OB/%E6%9C%AC%E4%BD%93%E8%AE%BA/base/%E5%8D%8A%E5%AF%BC%E4%BD%93/SEMI_WFF_2026_1Q.xlsx
Cactus Materials - Wafer Processing Fab project capital expenditure (SEMI WFF),,资本开支,SEMI WFF 工厂级资本开支观测。,144,USD million,project,project_total_cost,美洲,Discrete,/Users/simon/Documents/Simon-OB/本体论/base/半导体/SEMI_WFF_2026_1Q.xlsx,Cactus Materials,,,Cactus Materials - Wafer Processing Fab,1263,Project Spending,file:///Users/simon/Documents/Simon-OB/%E6%9C%AC%E4%BD%93%E8%AE%BA/base/%E5%8D%8A%E5%AF%BC%E4%BD%93/SEMI_WFF_2026_1Q.xlsx
Canadian Photonics Fabrication Centre (CPFC) - CPFC project capital expenditure (SEMI WFF),,资本开支,SEMI WFF 工厂级资本开支观测。,45,USD million,project,project_total_cost,美洲,Other,/Users/simon/Documents/Simon-OB/本体论/base/半导体/SEMI_WFF_2026_1Q.xlsx,Canadian Photonics Fabrication Centre (CPFC),,,Canadian Photonics Fabrication Centre (CPFC) - CPFC,3145,Company Detail,file:///Users/simon/Documents/Simon-OB/%E6%9C%AC%E4%BD%93%E8%AE%BA/base/%E5%8D%8A%E5%AF%BC%E4%BD%93/SEMI_WFF_2026_1Q.xlsx
Canon - Ayase Plant project capital expenditure (SEMI WFF),,资本开支,SEMI WFF 工厂级资本开支观测。,70,USD million,project,project_total_cost,日本,Opto,/Users/simon/Documents/Simon-OB/本体论/base/半导体/SEMI_WFF_2026_1Q.xlsx,Canon,,,Canon - Ayase Plant,2822,Company Detail,file:///Users/simon/Documents/Simon-OB/%E6%9C%AC%E4%BD%93%E8%AE%BA/base/%E5%8D%8A%E5%AF%BC%E4%BD%93/SEMI_WFF_2026_1Q.xlsx
Canon - Kawasaki works project capital expenditure (SEMI WFF),,资本开支,SEMI WFF 工厂级资本开支观测。,490,USD million,project,project_total_cost,日本,Opto,/Users/simon/Documents/Simon-OB/本体论/base/半导体/SEMI_WFF_2026_1Q.xlsx,Canon,,,Canon - Kawasaki works,3839,Company Detail,file:///Users/simon/Documents/Simon-OB/%E6%9C%AC%E4%BD%93%E8%AE%BA/base/%E5%8D%8A%E5%AF%BC%E4%BD%93/SEMI_WFF_2026_1Q.xlsx
Canon - Oita plant project capital expenditure (SEMI WFF),,资本开支,SEMI WFF 工厂级资本开支观测。,110,USD million,project,project_total_cost,日本,Opto,/Users/simon/Documents/Simon-OB/本体论/base/半导体/SEMI_WFF_2026_1Q.xlsx,Canon,,,Canon - Oita plant,3253,Company Detail,file:///Users/simon/Documents/Simon-OB/%E6%9C%AC%E4%BD%93%E8%AE%BA/base/%E5%8D%8A%E5%AF%BC%E4%BD%93/SEMI_WFF_2026_1Q.xlsx
Canon - Kawasaki new 12inch R&D Fab project capital expenditure (SEMI WFF),,资本开支,SEMI WFF 工厂级资本开支观测。,1300,USD million,project,project_total_cost,日本,Opto,/Users/simon/Documents/Simon-OB/本体论/base/半导体/SEMI_WFF_2026_1Q.xlsx,Canon,,,Canon - Kawasaki new 12inch R&D Fab,6507,Project Spending,file:///Users/simon/Documents/Simon-OB/%E6%9C%AC%E4%BD%93%E8%AE%BA/base/%E5%8D%8A%E5%AF%BC%E4%BD%93/SEMI_WFF_2026_1Q.xlsx
CanSemi - Cansemi Phase 4 project capital expenditure (SEMI WFF),,资本开支,SEMI WFF 工厂级资本开支观测。,4810,USD million,project,project_total_cost,中国,Analog,/Users/simon/Documents/Simon-OB/本体论/base/半导体/SEMI_WFF_2026_1Q.xlsx,CanSemi,,,CanSemi - Cansemi Phase 4,6510,Project Spending,file:///Users/simon/Documents/Simon-OB/%E6%9C%AC%E4%BD%93%E8%AE%BA/base/%E5%8D%8A%E5%AF%BC%E4%BD%93/SEMI_WFF_2026_1Q.xlsx
Cengol Semiconductor (Century Goldray) - SiC Wafer and Device Fab project capital expenditure (SEMI WFF),,资本开支,SEMI WFF 工厂级资本开支观测。,120,USD million,project,project_total_cost,中国,Discrete,/Users/simon/Documents/Simon-OB/本体论/base/半导体/SEMI_WFF_2026_1Q.xlsx,Cengol Semiconductor (Century Goldray),,,Cengol Semiconductor (Century Goldray) - SiC Wafer and Device Fab,5083,Company Detail,file:///Users/simon/Documents/Simon-OB/%E6%9C%AC%E4%BD%93%E8%AE%BA/base/%E5%8D%8A%E5%AF%BC%E4%BD%93/SEMI_WFF_2026_1Q.xlsx
Cengol Semiconductor (Century Goldray) - Hefei SiC Wafer Fab project capital expenditure (SEMI WFF),,资本开支,SEMI WFF 工厂级资本开支观测。,15.6,USD million,project,project_total_cost,中国,EPI,/Users/simon/Documents/Simon-OB/本体论/base/半导体/SEMI_WFF_2026_1Q.xlsx,Cengol Semiconductor (Century Goldray),,,Cengol Semiconductor (Century Goldray) - Hefei SiC Wafer Fab,6152,Company Detail,file:///Users/simon/Documents/Simon-OB/%E6%9C%AC%E4%BD%93%E8%AE%BA/base/%E5%8D%8A%E5%AF%BC%E4%BD%93/SEMI_WFF_2026_1Q.xlsx
Central Vocational Training Center (CVTC) - Fab 1 project capital expenditure (SEMI WFF),,资本开支,SEMI WFF 工厂级资本开支观测。,20,USD million,project,project_total_cost,中国台湾,Other,/Users/simon/Documents/Simon-OB/本体论/base/半导体/SEMI_WFF_2026_1Q.xlsx,Central Vocational Training Center (CVTC),,,Central Vocational Training Center (CVTC) - Fab 1,2142,Company Detail,file:///Users/simon/Documents/Simon-OB/%E6%9C%AC%E4%BD%93%E8%AE%BA/base/%E5%8D%8A%E5%AF%BC%E4%BD%93/SEMI_WFF_2026_1Q.xlsx
Changzhou Chemsemi - Fab 2 (SAW Line) project capital expenditure (SEMI WFF),,资本开支,SEMI WFF 工厂级资本开支观测。,422,USD million,project,project_total_cost,中国,Other,/Users/simon/Documents/Simon-OB/本体论/base/半导体/SEMI_WFF_2026_1Q.xlsx,Changzhou Chemsemi,,,Changzhou Chemsemi - Fab 2 (SAW Line),6542,Project Spending,file:///Users/simon/Documents/Simon-OB/%E6%9C%AC%E4%BD%93%E8%AE%BA/base/%E5%8D%8A%E5%AF%BC%E4%BD%93/SEMI_WFF_2026_1Q.xlsx
Changzhou Chemsemi - Fab 1 (VCSEL Line) project capital expenditure (SEMI WFF),,资本开支,SEMI WFF 工厂级资本开支观测。,130,USD million,project,project_total_cost,中国,Other,/Users/simon/Documents/Simon-OB/本体论/base/半导体/SEMI_WFF_2026_1Q.xlsx,Changzhou Chemsemi,,,Changzhou Chemsemi - Fab 1 (VCSEL Line),6541,Company Detail,file:///Users/simon/Documents/Simon-OB/%E6%9C%AC%E4%BD%93%E8%AE%BA/base/%E5%8D%8A%E5%AF%BC%E4%BD%93/SEMI_WFF_2026_1Q.xlsx
Chengdu HiWafer Semiconductor - HiWafer fab project capital expenditure (SEMI WFF),,资本开支,SEMI WFF 工厂级资本开支观测。,70,USD million,project,project_total_cost,中国,Analog,/Users/simon/Documents/Simon-OB/本体论/base/半导体/SEMI_WFF_2026_1Q.xlsx,Chengdu HiWafer Semiconductor,,,Chengdu HiWafer Semiconductor - HiWafer fab,3847,Company Detail,file:///Users/simon/Documents/Simon-OB/%E6%9C%AC%E4%BD%93%E8%AE%BA/base/%E5%8D%8A%E5%AF%BC%E4%BD%93/SEMI_WFF_2026_1Q.xlsx
China Electronics Technology Group Corporation (CETC) - 13th Research Institute project capital expenditure (SEMI WFF),,资本开支,SEMI WFF 工厂级资本开支观测。,15,USD million,project,project_total_cost,中国,MEMS,/Users/simon/Documents/Simon-OB/本体论/base/半导体/SEMI_WFF_2026_1Q.xlsx,China Electronics Technology Group Corporation (CETC),,,China Electronics Technology Group Corporation (CETC) - 13th Research Institute,3794,Company Detail,file:///Users/simon/Documents/Simon-OB/%E6%9C%AC%E4%BD%93%E8%AE%BA/base/%E5%8D%8A%E5%AF%BC%E4%BD%93/SEMI_WFF_2026_1Q.xlsx
Chongqing Xinling Microelectronics - Chongqing Fab project capital expenditure (SEMI WFF),,资本开支,SEMI WFF 工厂级资本开支观测。,330,USD million,project,project_total_cost,中国,Discrete,/Users/simon/Documents/Simon-OB/本体论/base/半导体/SEMI_WFF_2026_1Q.xlsx,Chongqing Xinling Microelectronics,,,Chongqing Xinling Microelectronics - Chongqing Fab,6643,Project Spending,file:///Users/simon/Documents/Simon-OB/%E6%9C%AC%E4%BD%93%E8%AE%BA/base/%E5%8D%8A%E5%AF%BC%E4%BD%93/SEMI_WFF_2026_1Q.xlsx
Chunghwa Leading Photonics Tech (CLPT) - Yangmei fab project capital expenditure (SEMI WFF),,资本开支,SEMI WFF 工厂级资本开支观测。,10,USD million,project,project_total_cost,中国台湾,Opto,/Users/simon/Documents/Simon-OB/本体论/base/半导体/SEMI_WFF_2026_1Q.xlsx,Chunghwa Leading Photonics Tech (CLPT),,,Chunghwa Leading Photonics Tech (CLPT) - Yangmei fab,3917,Company Detail,file:///Users/simon/Documents/Simon-OB/%E6%9C%AC%E4%BD%93%E8%AE%BA/base/%E5%8D%8A%E5%AF%BC%E4%BD%93/SEMI_WFF_2026_1Q.xlsx
"Citizen Holdings Co., Ltd. - Yamanashi plant project capital expenditure (SEMI WFF)",,资本开支,SEMI WFF 工厂级资本开支观测。,40,USD million,project,project_total_cost,日本,Opto,/Users/simon/Documents/Simon-OB/本体论/base/半导体/SEMI_WFF_2026_1Q.xlsx,"Citizen Holdings Co., Ltd.",,,"Citizen Holdings Co., Ltd. - Yamanashi plant",3911,Company Detail,file:///Users/simon/Documents/Simon-OB/%E6%9C%AC%E4%BD%93%E8%AE%BA/base/%E5%8D%8A%E5%AF%BC%E4%BD%93/SEMI_WFF_2026_1Q.xlsx
Clas-SiC Wafer Fab - Lochgelly fab project capital expenditure (SEMI WFF),,资本开支,SEMI WFF 工厂级资本开支观测。,40,USD million,project,project_total_cost,Europe & Mideast,Discrete,/Users/simon/Documents/Simon-OB/本体论/base/半导体/SEMI_WFF_2026_1Q.xlsx,Clas-SiC Wafer Fab,,,Clas-SiC Wafer Fab - Lochgelly fab,6503,Company Detail,file:///Users/simon/Documents/Simon-OB/%E6%9C%AC%E4%BD%93%E8%AE%BA/base/%E5%8D%8A%E5%AF%BC%E4%BD%93/SEMI_WFF_2026_1Q.xlsx
Coherent (was II-VI Incorporated) - Fab 1 (was Epiworks) project capital expenditure (SEMI WFF),,资本开支,SEMI WFF 工厂级资本开支观测。,18,USD million,project,project_total_cost,美洲,EPI,/Users/simon/Documents/Simon-OB/本体论/base/半导体/SEMI_WFF_2026_1Q.xlsx,Coherent (was II-VI Incorporated),,,Coherent (was II-VI Incorporated) - Fab 1 (was Epiworks),2416,Company Detail,file:///Users/simon/Documents/Simon-OB/%E6%9C%AC%E4%BD%93%E8%AE%BA/base/%E5%8D%8A%E5%AF%BC%E4%BD%93/SEMI_WFF_2026_1Q.xlsx
"Coherent (was II-VI Incorporated) - Fremont (was Finisar, was Genoa) project capital expenditure (SEMI WFF)",,资本开支,SEMI WFF 工厂级资本开支观测。,15,USD million,project,project_total_cost,美洲,Opto,/Users/simon/Documents/Simon-OB/本体论/base/半导体/SEMI_WFF_2026_1Q.xlsx,Coherent (was II-VI Incorporated),,,"Coherent (was II-VI Incorporated) - Fremont (was Finisar, was Genoa)",4992,Company Detail,file:///Users/simon/Documents/Simon-OB/%E6%9C%AC%E4%BD%93%E8%AE%BA/base/%E5%8D%8A%E5%AF%BC%E4%BD%93/SEMI_WFF_2026_1Q.xlsx
"Coherent (was II-VI Incorporated) - Sherman (was Finisar, was MEMC) project capital expenditure (SEMI WFF)",,资本开支,SEMI WFF 工厂级资本开支观测。,152,USD million,project,project_total_cost,美洲,Opto,/Users/simon/Documents/Simon-OB/本体论/base/半导体/SEMI_WFF_2026_1Q.xlsx,Coherent (was II-VI Incorporated),,,"Coherent (was II-VI Incorporated) - Sherman (was Finisar, was MEMC)",4993,Project Spending,file:///Users/simon/Documents/Simon-OB/%E6%9C%AC%E4%BD%93%E8%AE%BA/base/%E5%8D%8A%E5%AF%BC%E4%BD%93/SEMI_WFF_2026_1Q.xlsx
"Coherent (was II-VI Incorporated) - Fab 1 (was Finisar, was Svedice AB) project capital expenditure (SEMI WFF)",,资本开支,SEMI WFF 工厂级资本开支观测。,10,USD million,project,project_total_cost,Europe & Mideast,Opto,/Users/simon/Documents/Simon-OB/本体论/base/半导体/SEMI_WFF_2026_1Q.xlsx,Coherent (was II-VI Incorporated),,,"Coherent (was II-VI Incorporated) - Fab 1 (was Finisar, was Svedice AB)",2267,Company Detail,file:///Users/simon/Documents/Simon-OB/%E6%9C%AC%E4%BD%93%E8%AE%BA/base/%E5%8D%8A%E5%AF%BC%E4%BD%93/SEMI_WFF_2026_1Q.xlsx
Coherent (was II-VI Incorporated) - Zurich project capital expenditure (SEMI WFF),,资本开支,SEMI WFF 工厂级资本开支观测。,23,USD million,project,project_total_cost,Europe & Mideast,Opto,/Users/simon/Documents/Simon-OB/本体论/base/半导体/SEMI_WFF_2026_1Q.xlsx,Coherent (was II-VI Incorporated),,,Coherent (was II-VI Incorporated) - Zurich,1656,Company Detail,file:///Users/simon/Documents/Simon-OB/%E6%9C%AC%E4%BD%93%E8%AE%BA/base/%E5%8D%8A%E5%AF%BC%E4%BD%93/SEMI_WFF_2026_1Q.xlsx
Coherent (was II-VI Incorporated) - Anadigics GaAs fab project capital expenditure (SEMI WFF),,资本开支,SEMI WFF 工厂级资本开支观测。,90,USD million,project,project_total_cost,美洲,Discrete,/Users/simon/Documents/Simon-OB/本体论/base/半导体/SEMI_WFF_2026_1Q.xlsx,Coherent (was II-VI Incorporated),,,Coherent (was II-VI Incorporated) - Anadigics GaAs fab,1433,Company Detail,file:///Users/simon/Documents/Simon-OB/%E6%9C%AC%E4%BD%93%E8%AE%BA/base/%E5%8D%8A%E5%AF%BC%E4%BD%93/SEMI_WFF_2026_1Q.xlsx
Coherent (was II-VI Incorporated) - Newton Aycliffe (was Compound Photonics) project capital expenditure (SEMI WFF),,资本开支,SEMI WFF 工厂级资本开支观测。,73,USD million,project,project_total_cost,Europe & Mideast,Opto,/Users/simon/Documents/Simon-OB/本体论/base/半导体/SEMI_WFF_2026_1Q.xlsx,Coherent (was II-VI Incorporated),,,Coherent (was II-VI Incorporated) - Newton Aycliffe (was Compound Photonics),1723,Company Detail,file:///Users/simon/Documents/Simon-OB/%E6%9C%AC%E4%BD%93%E8%AE%BA/base/%E5%8D%8A%E5%AF%BC%E4%BD%93/SEMI_WFF_2026_1Q.xlsx
Coherent (was II-VI Incorporated) - Project Device Fab project capital expenditure (SEMI WFF),,资本开支,SEMI WFF 工厂级资本开支观测。,1650,USD million,project,project_total_cost,美洲,Discrete,/Users/simon/Documents/Simon-OB/本体论/base/半导体/SEMI_WFF_2026_1Q.xlsx,Coherent (was II-VI Incorporated),,,Coherent (was II-VI Incorporated) - Project Device Fab,6440,Project Spending,file:///Users/simon/Documents/Simon-OB/%E6%9C%AC%E4%BD%93%E8%AE%BA/base/%E5%8D%8A%E5%AF%BC%E4%BD%93/SEMI_WFF_2026_1Q.xlsx
Coherent (was II-VI Incorporated) - Project Wafer Fab project capital expenditure (SEMI WFF),,资本开支,SEMI WFF 工厂级资本开支观测。,1205,USD million,project,project_total_cost,美洲,EPI,/Users/simon/Documents/Simon-OB/本体论/base/半导体/SEMI_WFF_2026_1Q.xlsx,Coherent (was II-VI Incorporated),,,Coherent (was II-VI Incorporated) - Project Wafer Fab,6441,Project Spending,file:///Users/simon/Documents/Simon-OB/%E6%9C%AC%E4%BD%93%E8%AE%BA/base/%E5%8D%8A%E5%AF%BC%E4%BD%93/SEMI_WFF_2026_1Q.xlsx
Coherent (was II-VI Incorporated) - Jarfalla 6-inch line project capital expenditure (SEMI WFF),,资本开支,SEMI WFF 工厂级资本开支观测。,96,USD million,project,project_total_cost,Europe & Mideast,Opto,/Users/simon/Documents/Simon-OB/本体论/base/半导体/SEMI_WFF_2026_1Q.xlsx,Coherent (was II-VI Incorporated),,,Coherent (was II-VI Incorporated) - Jarfalla 6-inch line,6560,Project Spending,file:///Users/simon/Documents/Simon-OB/%E6%9C%AC%E4%BD%93%E8%AE%BA/base/%E5%8D%8A%E5%AF%BC%E4%BD%93/SEMI_WFF_2026_1Q.xlsx
Colibrys Sa - N/A project capital expenditure (SEMI WFF),,资本开支,SEMI WFF 工厂级资本开支观测。,18,USD million,project,project_total_cost,Europe & Mideast,MEMS,/Users/simon/Documents/Simon-OB/本体论/base/半导体/SEMI_WFF_2026_1Q.xlsx,Colibrys Sa,,,Colibrys Sa - N/A,1915,Company Detail,file:///Users/simon/Documents/Simon-OB/%E6%9C%AC%E4%BD%93%E8%AE%BA/base/%E5%8D%8A%E5%AF%BC%E4%BD%93/SEMI_WFF_2026_1Q.xlsx
Compound Photonics - Madison fab project capital expenditure (SEMI WFF),,资本开支,SEMI WFF 工厂级资本开支观测。,20,USD million,project,project_total_cost,美洲,Opto,/Users/simon/Documents/Simon-OB/本体论/base/半导体/SEMI_WFF_2026_1Q.xlsx,Compound Photonics,,,Compound Photonics - Madison fab,2188,Company Detail,file:///Users/simon/Documents/Simon-OB/%E6%9C%AC%E4%BD%93%E8%AE%BA/base/%E5%8D%8A%E5%AF%BC%E4%BD%93/SEMI_WFF_2026_1Q.xlsx
CorEnergy Semiconductor Technology Co. Ltd - New Zhangjiagang fab project capital expenditure (SEMI WFF),,资本开支,SEMI WFF 工厂级资本开支观测。,100,USD million,project,project_total_cost,中国,Discrete,/Users/simon/Documents/Simon-OB/本体论/base/半导体/SEMI_WFF_2026_1Q.xlsx,CorEnergy Semiconductor Technology Co. Ltd,,,CorEnergy Semiconductor Technology Co. Ltd - New Zhangjiagang fab,5084,Company Detail,file:///Users/simon/Documents/Simon-OB/%E6%9C%AC%E4%BD%93%E8%AE%BA/base/%E5%8D%8A%E5%AF%BC%E4%BD%93/SEMI_WFF_2026_1Q.xlsx
CR Microelectronics - Fab 2 project capital expenditure (SEMI WFF),,资本开支,SEMI WFF 工厂级资本开支观测。,182,USD million,project,project_total_cost,中国,Discrete,/Users/simon/Documents/Simon-OB/本体论/base/半导体/SEMI_WFF_2026_1Q.xlsx,CR Microelectronics,,,CR Microelectronics - Fab 2,1918,Project Spending,file:///Users/simon/Documents/Simon-OB/%E6%9C%AC%E4%BD%93%E8%AE%BA/base/%E5%8D%8A%E5%AF%BC%E4%BD%93/SEMI_WFF_2026_1Q.xlsx
CR Microelectronics - Skysilicon (was ProMoS) project capital expenditure (SEMI WFF),,资本开支,SEMI WFF 工厂级资本开支观测。,36,USD million,project,project_total_cost,中国,Discrete,/Users/simon/Documents/Simon-OB/本体论/base/半导体/SEMI_WFF_2026_1Q.xlsx,CR Microelectronics,,,CR Microelectronics - Skysilicon (was ProMoS),1972,Project Spending,file:///Users/simon/Documents/Simon-OB/%E6%9C%AC%E4%BD%93%E8%AE%BA/base/%E5%8D%8A%E5%AF%BC%E4%BD%93/SEMI_WFF_2026_1Q.xlsx
CR Microelectronics - New 200mm line project capital expenditure (SEMI WFF),,资本开支,SEMI WFF 工厂级资本开支观测。,46,USD million,project,project_total_cost,中国,Discrete,/Users/simon/Documents/Simon-OB/本体论/base/半导体/SEMI_WFF_2026_1Q.xlsx,CR Microelectronics,,,CR Microelectronics - New 200mm line,6164,Project Spending,file:///Users/simon/Documents/Simon-OB/%E6%9C%AC%E4%BD%93%E8%AE%BA/base/%E5%8D%8A%E5%AF%BC%E4%BD%93/SEMI_WFF_2026_1Q.xlsx
CrayoNano AS - CrayoNano project capital expenditure (SEMI WFF),,资本开支,SEMI WFF 工厂级资本开支观测。,6,USD million,project,project_total_cost,Europe & Mideast,Opto,/Users/simon/Documents/Simon-OB/本体论/base/半导体/SEMI_WFF_2026_1Q.xlsx,CrayoNano AS,,,CrayoNano AS - CrayoNano,3787,Company Detail,file:///Users/simon/Documents/Simon-OB/%E6%9C%AC%E4%BD%93%E8%AE%BA/base/%E5%8D%8A%E5%AF%BC%E4%BD%93/SEMI_WFF_2026_1Q.xlsx
Crocus Nano Electronics (CNE) - MRAM Fab project capital expenditure (SEMI WFF),,资本开支,SEMI WFF 工厂级资本开支观测。,240,USD million,project,project_total_cost,Europe & Mideast,Memory,/Users/simon/Documents/Simon-OB/本体论/base/半导体/SEMI_WFF_2026_1Q.xlsx,Crocus Nano Electronics (CNE),,,Crocus Nano Electronics (CNE) - MRAM Fab,3404,Company Detail,file:///Users/simon/Documents/Simon-OB/%E6%9C%AC%E4%BD%93%E8%AE%BA/base/%E5%8D%8A%E5%AF%BC%E4%BD%93/SEMI_WFF_2026_1Q.xlsx
Crystal IS - Green Island facility project capital expenditure (SEMI WFF),,资本开支,SEMI WFF 工厂级资本开支观测。,20,USD million,project,project_total_cost,美洲,Opto,/Users/simon/Documents/Simon-OB/本体论/base/半导体/SEMI_WFF_2026_1Q.xlsx,Crystal IS,,,Crystal IS - Green Island facility,3661,Company Detail,file:///Users/simon/Documents/Simon-OB/%E6%9C%AC%E4%BD%93%E8%AE%BA/base/%E5%8D%8A%E5%AF%BC%E4%BD%93/SEMI_WFF_2026_1Q.xlsx
CS Connected - Compound Semiconductor Foundry (was LG Semicon shell) used by IQE project capital expenditure (SEMI WFF),,资本开支,SEMI WFF 工厂级资本开支观测。,205,USD million,project,project_total_cost,Europe & Mideast,EPI,/Users/simon/Documents/Simon-OB/本体论/base/半导体/SEMI_WFF_2026_1Q.xlsx,CS Connected,,,CS Connected - Compound Semiconductor Foundry (was LG Semicon shell) used by IQE,4964,Company Detail,file:///Users/simon/Documents/Simon-OB/%E6%9C%AC%E4%BD%93%E8%AE%BA/base/%E5%8D%8A%E5%AF%BC%E4%BD%93/SEMI_WFF_2026_1Q.xlsx
CST Global - Hamilton fab (former Intense) project capital expenditure (SEMI WFF),,资本开支,SEMI WFF 工厂级资本开支观测。,10,USD million,project,project_total_cost,Europe & Mideast,Opto,/Users/simon/Documents/Simon-OB/本体论/base/半导体/SEMI_WFF_2026_1Q.xlsx,CST Global,,,CST Global - Hamilton fab (former Intense),1892,Company Detail,file:///Users/simon/Documents/Simon-OB/%E6%9C%AC%E4%BD%93%E8%AE%BA/base/%E5%8D%8A%E5%AF%BC%E4%BD%93/SEMI_WFF_2026_1Q.xlsx
CXMT (ChangXin Memory Technologies) - CXMT Hefei Fab A3 project capital expenditure (SEMI WFF),,资本开支,SEMI WFF 工厂级资本开支观测。,7560,USD million,project,project_total_cost,中国,Memory,/Users/simon/Documents/Simon-OB/本体论/base/半导体/SEMI_WFF_2026_1Q.xlsx,CXMT (ChangXin Memory Technologies),,,CXMT (ChangXin Memory Technologies) - CXMT Hefei Fab A3,6482,Project Spending,file:///Users/simon/Documents/Simon-OB/%E6%9C%AC%E4%BD%93%E8%AE%BA/base/%E5%8D%8A%E5%AF%BC%E4%BD%93/SEMI_WFF_2026_1Q.xlsx
CXMT (ChangXin Memory Technologies) - CXMT Beijing Fab 3 project capital expenditure (SEMI WFF),,资本开支,SEMI WFF 工厂级资本开支观测。,4800,USD million,project,project_total_cost,中国,Memory,/Users/simon/Documents/Simon-OB/本体论/base/半导体/SEMI_WFF_2026_1Q.xlsx,CXMT (ChangXin Memory Technologies),,,CXMT (ChangXin Memory Technologies) - CXMT Beijing Fab 3,6485,Project Spending,file:///Users/simon/Documents/Simon-OB/%E6%9C%AC%E4%BD%93%E8%AE%BA/base/%E5%8D%8A%E5%AF%BC%E4%BD%93/SEMI_WFF_2026_1Q.xlsx
CXMT (ChangXin Memory Technologies) - CXMT Shanghai Fab 1 project capital expenditure (SEMI WFF),,资本开支,SEMI WFF 工厂级资本开支观测。,12720,USD million,project,project_total_cost,中国,Memory,/Users/simon/Documents/Simon-OB/本体论/base/半导体/SEMI_WFF_2026_1Q.xlsx,CXMT (ChangXin Memory Technologies),,,CXMT (ChangXin Memory Technologies) - CXMT Shanghai Fab 1,6703,Project Spending,file:///Users/simon/Documents/Simon-OB/%E6%9C%AC%E4%BD%93%E8%AE%BA/base/%E5%8D%8A%E5%AF%BC%E4%BD%93/SEMI_WFF_2026_1Q.xlsx
"Dai Nippon Printing Co., Ltd - MEMS fab project capital expenditure (SEMI WFF)",,资本开支,SEMI WFF 工厂级资本开支观测。,35,USD million,project,project_total_cost,日本,MEMS,/Users/simon/Documents/Simon-OB/本体论/base/半导体/SEMI_WFF_2026_1Q.xlsx,"Dai Nippon Printing Co., Ltd",,,"Dai Nippon Printing Co., Ltd - MEMS fab",3259,Company Detail,file:///Users/simon/Documents/Simon-OB/%E6%9C%AC%E4%BD%93%E8%AE%BA/base/%E5%8D%8A%E5%AF%BC%E4%BD%93/SEMI_WFF_2026_1Q.xlsx
Dalian Universal Semiconductors - Zhuanghe fab project capital expenditure (SEMI WFF),,资本开支,SEMI WFF 工厂级资本开支观测。,70,USD million,project,project_total_cost,中国,Discrete,/Users/simon/Documents/Simon-OB/本体论/base/半导体/SEMI_WFF_2026_1Q.xlsx,Dalian Universal Semiconductors,,,Dalian Universal Semiconductors - Zhuanghe fab,4938,Company Detail,file:///Users/simon/Documents/Simon-OB/%E6%9C%AC%E4%BD%93%E8%AE%BA/base/%E5%8D%8A%E5%AF%BC%E4%BD%93/SEMI_WFF_2026_1Q.xlsx
Dalian Xinguan Technology - Dalian fab project capital expenditure (SEMI WFF),,资本开支,SEMI WFF 工厂级资本开支观测。,10,USD million,project,project_total_cost,中国,EPI,/Users/simon/Documents/Simon-OB/本体论/base/半导体/SEMI_WFF_2026_1Q.xlsx,Dalian Xinguan Technology,,,Dalian Xinguan Technology - Dalian fab,5052,Company Detail,file:///Users/simon/Documents/Simon-OB/%E6%9C%AC%E4%BD%93%E8%AE%BA/base/%E5%8D%8A%E5%AF%BC%E4%BD%93/SEMI_WFF_2026_1Q.xlsx
Darewin Opto - n/a project capital expenditure (SEMI WFF),,资本开支,SEMI WFF 工厂级资本开支观测。,40,USD million,project,project_total_cost,中国,Opto,/Users/simon/Documents/Simon-OB/本体论/base/半导体/SEMI_WFF_2026_1Q.xlsx,Darewin Opto,,,Darewin Opto - n/a,3159,Company Detail,file:///Users/simon/Documents/Simon-OB/%E6%9C%AC%E4%BD%93%E8%AE%BA/base/%E5%8D%8A%E5%AF%BC%E4%BD%93/SEMI_WFF_2026_1Q.xlsx
DB HiTek (was Dongbu Hi Tek) - Fab 1 project capital expenditure (SEMI WFF),,资本开支,SEMI WFF 工厂级资本开支观测。,135,USD million,project,project_total_cost,韩国,Analog,/Users/simon/Documents/Simon-OB/本体论/base/半导体/SEMI_WFF_2026_1Q.xlsx,DB HiTek (was Dongbu Hi Tek),,,DB HiTek (was Dongbu Hi Tek) - Fab 1,1498,Project Spending,file:///Users/simon/Documents/Simon-OB/%E6%9C%AC%E4%BD%93%E8%AE%BA/base/%E5%8D%8A%E5%AF%BC%E4%BD%93/SEMI_WFF_2026_1Q.xlsx
DB HiTek (was Dongbu Hi Tek) - Fab 2 SiC Line project capital expenditure (SEMI WFF),,资本开支,SEMI WFF 工厂级资本开支观测。,121,USD million,project,project_total_cost,韩国,Discrete,/Users/simon/Documents/Simon-OB/本体论/base/半导体/SEMI_WFF_2026_1Q.xlsx,DB HiTek (was Dongbu Hi Tek),,,DB HiTek (was Dongbu Hi Tek) - Fab 2 SiC Line,6373,Project Spending,file:///Users/simon/Documents/Simon-OB/%E6%9C%AC%E4%BD%93%E8%AE%BA/base/%E5%8D%8A%E5%AF%BC%E4%BD%93/SEMI_WFF_2026_1Q.xlsx
De Core Nanosemiconductor - Gandhi Nagar fab project capital expenditure (SEMI WFF),,资本开支,SEMI WFF 工厂级资本开支观测。,15,USD million,project,project_total_cost,SE Asia,Opto,/Users/simon/Documents/Simon-OB/本体论/base/半导体/SEMI_WFF_2026_1Q.xlsx,De Core Nanosemiconductor,,,De Core Nanosemiconductor - Gandhi Nagar fab,3229,Company Detail,file:///Users/simon/Documents/Simon-OB/%E6%9C%AC%E4%BD%93%E8%AE%BA/base/%E5%8D%8A%E5%AF%BC%E4%BD%93/SEMI_WFF_2026_1Q.xlsx
Defense Microelectronics Activity (DMEA) - ARMS (Bldg 620) project capital expenditure (SEMI WFF),,资本开支,SEMI WFF 工厂级资本开支观测。,100,USD million,project,project_total_cost,美洲,Analog,/Users/simon/Documents/Simon-OB/本体论/base/半导体/SEMI_WFF_2026_1Q.xlsx,Defense Microelectronics Activity (DMEA),,,Defense Microelectronics Activity (DMEA) - ARMS (Bldg 620),2259,Company Detail,file:///Users/simon/Documents/Simon-OB/%E6%9C%AC%E4%BD%93%E8%AE%BA/base/%E5%8D%8A%E5%AF%BC%E4%BD%93/SEMI_WFF_2026_1Q.xlsx
DenseLight Semiconductors - Fab 1 project capital expenditure (SEMI WFF),,资本开支,SEMI WFF 工厂级资本开支观测。,30,USD million,project,project_total_cost,SE Asia,Opto,/Users/simon/Documents/Simon-OB/本体论/base/半导体/SEMI_WFF_2026_1Q.xlsx,DenseLight Semiconductors,,,DenseLight Semiconductors - Fab 1,2375,Company Detail,file:///Users/simon/Documents/Simon-OB/%E6%9C%AC%E4%BD%93%E8%AE%BA/base/%E5%8D%8A%E5%AF%BC%E4%BD%93/SEMI_WFF_2026_1Q.xlsx
Denso Corporation - Kota (200mm) project capital expenditure (SEMI WFF),,资本开支,SEMI WFF 工厂级资本开支观测。,200,USD million,project,project_total_cost,日本,Analog,/Users/simon/Documents/Simon-OB/本体论/base/半导体/SEMI_WFF_2026_1Q.xlsx,Denso Corporation,,,Denso Corporation - Kota (200mm),2172,Company Detail,file:///Users/simon/Documents/Simon-OB/%E6%9C%AC%E4%BD%93%E8%AE%BA/base/%E5%8D%8A%E5%AF%BC%E4%BD%93/SEMI_WFF_2026_1Q.xlsx
Denso Corporation - Kota (#705 & #702) project capital expenditure (SEMI WFF),,资本开支,SEMI WFF 工厂级资本开支观测。,75,USD million,project,project_total_cost,日本,Logic&Micro,/Users/simon/Documents/Simon-OB/本体论/base/半导体/SEMI_WFF_2026_1Q.xlsx,Denso Corporation,,,Denso Corporation - Kota (#705 & #702),725,Company Detail,file:///Users/simon/Documents/Simon-OB/%E6%9C%AC%E4%BD%93%E8%AE%BA/base/%E5%8D%8A%E5%AF%BC%E4%BD%93/SEMI_WFF_2026_1Q.xlsx
Denso Corporation - Building A (was Toyota Industries Corp) project capital expenditure (SEMI WFF),,资本开支,SEMI WFF 工厂级资本开支观测。,50,USD million,project,project_total_cost,日本,Logic&Micro,/Users/simon/Documents/Simon-OB/本体论/base/半导体/SEMI_WFF_2026_1Q.xlsx,Denso Corporation,,,Denso Corporation - Building A (was Toyota Industries Corp),1139,Company Detail,file:///Users/simon/Documents/Simon-OB/%E6%9C%AC%E4%BD%93%E8%AE%BA/base/%E5%8D%8A%E5%AF%BC%E4%BD%93/SEMI_WFF_2026_1Q.xlsx
Denso Corporation - Building B (was Toyota Industries Corp) project capital expenditure (SEMI WFF),,资本开支,SEMI WFF 工厂级资本开支观测。,360,USD million,project,project_total_cost,日本,Analog,/Users/simon/Documents/Simon-OB/本体论/base/半导体/SEMI_WFF_2026_1Q.xlsx,Denso Corporation,,,Denso Corporation - Building B (was Toyota Industries Corp),3624,Company Detail,file:///Users/simon/Documents/Simon-OB/%E6%9C%AC%E4%BD%93%E8%AE%BA/base/%E5%8D%8A%E5%AF%BC%E4%BD%93/SEMI_WFF_2026_1Q.xlsx
Denso Corporation - Denso Research project capital expenditure (SEMI WFF),,资本开支,SEMI WFF 工厂级资本开支观测。,5,USD million,project,project_total_cost,日本,Logic&Micro,/Users/simon/Documents/Simon-OB/本体论/base/半导体/SEMI_WFF_2026_1Q.xlsx,Denso Corporation,,,Denso Corporation - Denso Research,2176,Company Detail,file:///Users/simon/Documents/Simon-OB/%E6%9C%AC%E4%BD%93%E8%AE%BA/base/%E5%8D%8A%E5%AF%BC%E4%BD%93/SEMI_WFF_2026_1Q.xlsx
Denso Corporation - SiC R&D fab (was Toyota Industries Corp) project capital expenditure (SEMI WFF),,资本开支,SEMI WFF 工厂级资本开支观测。,150,USD million,project,project_total_cost,日本,Discrete,/Users/simon/Documents/Simon-OB/本体论/base/半导体/SEMI_WFF_2026_1Q.xlsx,Denso Corporation,,,Denso Corporation - SiC R&D fab (was Toyota Industries Corp),3871,Company Detail,file:///Users/simon/Documents/Simon-OB/%E6%9C%AC%E4%BD%93%E8%AE%BA/base/%E5%8D%8A%E5%AF%BC%E4%BD%93/SEMI_WFF_2026_1Q.xlsx
"Denso Corporation - HQ 5"" fab project capital expenditure (SEMI WFF)",,资本开支,SEMI WFF 工厂级资本开支观测。,36,USD million,project,project_total_cost,日本,MEMS,/Users/simon/Documents/Simon-OB/本体论/base/半导体/SEMI_WFF_2026_1Q.xlsx,Denso Corporation,,,"Denso Corporation - HQ 5"" fab",3890,Company Detail,file:///Users/simon/Documents/Simon-OB/%E6%9C%AC%E4%BD%93%E8%AE%BA/base/%E5%8D%8A%E5%AF%BC%E4%BD%93/SEMI_WFF_2026_1Q.xlsx
Denso Corporation - Denso Iwate (was Fujitsu) project capital expenditure (SEMI WFF),,资本开支,SEMI WFF 工厂级资本开支观测。,34,USD million,project,project_total_cost,日本,Analog,/Users/simon/Documents/Simon-OB/本体论/base/半导体/SEMI_WFF_2026_1Q.xlsx,Denso Corporation,,,Denso Corporation - Denso Iwate (was Fujitsu),187,Project Spending,file:///Users/simon/Documents/Simon-OB/%E6%9C%AC%E4%BD%93%E8%AE%BA/base/%E5%8D%8A%E5%AF%BC%E4%BD%93/SEMI_WFF_2026_1Q.xlsx
DiCon - Richmond HQ project capital expenditure (SEMI WFF),,资本开支,SEMI WFF 工厂级资本开支观测。,20,USD million,project,project_total_cost,美洲,MEMS,/Users/simon/Documents/Simon-OB/本体论/base/半导体/SEMI_WFF_2026_1Q.xlsx,DiCon,,,DiCon - Richmond HQ,5076,Company Detail,file:///Users/simon/Documents/Simon-OB/%E6%9C%AC%E4%BD%93%E8%AE%BA/base/%E5%8D%8A%E5%AF%BC%E4%BD%93/SEMI_WFF_2026_1Q.xlsx
Diodes Inc. - Zizhu Fab 1 (8-inch line) project capital expenditure (SEMI WFF),,资本开支,SEMI WFF 工厂级资本开支观测。,10.4,USD million,project,project_total_cost,中国,Analog,/Users/simon/Documents/Simon-OB/本体论/base/半导体/SEMI_WFF_2026_1Q.xlsx,Diodes Inc.,,,Diodes Inc. - Zizhu Fab 1 (8-inch line),1988,Project Spending,file:///Users/simon/Documents/Simon-OB/%E6%9C%AC%E4%BD%93%E8%AE%BA/base/%E5%8D%8A%E5%AF%BC%E4%BD%93/SEMI_WFF_2026_1Q.xlsx
"Diodes Inc. - G Fab (8-inch line) (was TI, was National Semi_ project capital expenditure (SEMI WFF)",,资本开支,SEMI WFF 工厂级资本开支观测。,30,USD million,project,project_total_cost,Europe & Mideast,Analog,/Users/simon/Documents/Simon-OB/本体论/base/半导体/SEMI_WFF_2026_1Q.xlsx,Diodes Inc.,,,"Diodes Inc. - G Fab (8-inch line) (was TI, was National Semi_",6133,Company Detail,file:///Users/simon/Documents/Simon-OB/%E6%9C%AC%E4%BD%93%E8%AE%BA/base/%E5%8D%8A%E5%AF%BC%E4%BD%93/SEMI_WFF_2026_1Q.xlsx
"Diodes Inc. - G Fab (6-inch line) (was TI, was National Semi_ project capital expenditure (SEMI WFF)",,资本开支,SEMI WFF 工厂级资本开支观测。,122,USD million,project,project_total_cost,Europe & Mideast,Analog,/Users/simon/Documents/Simon-OB/本体论/base/半导体/SEMI_WFF_2026_1Q.xlsx,Diodes Inc.,,,"Diodes Inc. - G Fab (6-inch line) (was TI, was National Semi_",659,Company Detail,file:///Users/simon/Documents/Simon-OB/%E6%9C%AC%E4%BD%93%E8%AE%BA/base/%E5%8D%8A%E5%AF%BC%E4%BD%93/SEMI_WFF_2026_1Q.xlsx
Diodes Inc. - Fab 2 (former BCD) project capital expenditure (SEMI WFF),,资本开支,SEMI WFF 工厂级资本开支观测。,12,USD million,project,project_total_cost,中国,Analog,/Users/simon/Documents/Simon-OB/本体论/base/半导体/SEMI_WFF_2026_1Q.xlsx,Diodes Inc.,,,Diodes Inc. - Fab 2 (former BCD),1897,Company Detail,file:///Users/simon/Documents/Simon-OB/%E6%9C%AC%E4%BD%93%E8%AE%BA/base/%E5%8D%8A%E5%AF%BC%E4%BD%93/SEMI_WFF_2026_1Q.xlsx
Diodes Inc. - Manchester Fab project capital expenditure (SEMI WFF),,资本开支,SEMI WFF 工厂级资本开支观测。,14,USD million,project,project_total_cost,Europe & Mideast,Analog,/Users/simon/Documents/Simon-OB/本体论/base/半导体/SEMI_WFF_2026_1Q.xlsx,Diodes Inc.,,,Diodes Inc. - Manchester Fab,1220,Company Detail,file:///Users/simon/Documents/Simon-OB/%E6%9C%AC%E4%BD%93%E8%AE%BA/base/%E5%8D%8A%E5%AF%BC%E4%BD%93/SEMI_WFF_2026_1Q.xlsx
"Diodes Inc. - SPFAB (was OnSemi, was Fairchild) project capital expenditure (SEMI WFF)",,资本开支,SEMI WFF 工厂级资本开支观测。,24,USD million,project,project_total_cost,美洲,Analog,/Users/simon/Documents/Simon-OB/本体论/base/半导体/SEMI_WFF_2026_1Q.xlsx,Diodes Inc.,,,"Diodes Inc. - SPFAB (was OnSemi, was Fairchild)",667,Project Spending,file:///Users/simon/Documents/Simon-OB/%E6%9C%AC%E4%BD%93%E8%AE%BA/base/%E5%8D%8A%E5%AF%BC%E4%BD%93/SEMI_WFF_2026_1Q.xlsx
Diotec Semiconductor AG - Heitersheim HQ project capital expenditure (SEMI WFF),,资本开支,SEMI WFF 工厂级资本开支观测。,48,USD million,project,project_total_cost,Europe & Mideast,Discrete,/Users/simon/Documents/Simon-OB/本体论/base/半导体/SEMI_WFF_2026_1Q.xlsx,Diotec Semiconductor AG,,,Diotec Semiconductor AG - Heitersheim HQ,3541,Company Detail,file:///Users/simon/Documents/Simon-OB/%E6%9C%AC%E4%BD%93%E8%AE%BA/base/%E5%8D%8A%E5%AF%BC%E4%BD%93/SEMI_WFF_2026_1Q.xlsx
Diotec Semiconductor AG - Semikron d.o.o Slovenia project capital expenditure (SEMI WFF),,资本开支,SEMI WFF 工厂级资本开支观测。,50,USD million,project,project_total_cost,Europe & Mideast,Discrete,/Users/simon/Documents/Simon-OB/本体论/base/半导体/SEMI_WFF_2026_1Q.xlsx,Diotec Semiconductor AG,,,Diotec Semiconductor AG - Semikron d.o.o Slovenia,3542,Company Detail,file:///Users/simon/Documents/Simon-OB/%E6%9C%AC%E4%BD%93%E8%AE%BA/base/%E5%8D%8A%E5%AF%BC%E4%BD%93/SEMI_WFF_2026_1Q.xlsx
"Dowa Electronics Materials Co., Ltd. - DOWA Semicondcutor Akita project capital expenditure (SEMI WFF)",,资本开支,SEMI WFF 工厂级资本开支观测。,28,USD million,project,project_total_cost,日本,Opto,/Users/simon/Documents/Simon-OB/本体论/base/半导体/SEMI_WFF_2026_1Q.xlsx,"Dowa Electronics Materials Co., Ltd.",,,"Dowa Electronics Materials Co., Ltd. - DOWA Semicondcutor Akita",3699,Company Detail,file:///Users/simon/Documents/Simon-OB/%E6%9C%AC%E4%BD%93%E8%AE%BA/base/%E5%8D%8A%E5%AF%BC%E4%BD%93/SEMI_WFF_2026_1Q.xlsx
DRIX - N/A project capital expenditure (SEMI WFF),,资本开支,SEMI WFF 工厂级资本开支观测。,16,USD million,project,project_total_cost,Europe & Mideast,Discrete,/Users/simon/Documents/Simon-OB/本体论/base/半导体/SEMI_WFF_2026_1Q.xlsx,DRIX,,,DRIX - N/A,1688,Company Detail,file:///Users/simon/Documents/Simon-OB/%E6%9C%AC%E4%BD%93%E8%AE%BA/base/%E5%8D%8A%E5%AF%BC%E4%BD%93/SEMI_WFF_2026_1Q.xlsx
Dynax Semiconductor Inc. - Fab 1 project capital expenditure (SEMI WFF),,资本开支,SEMI WFF 工厂级资本开支观测。,30,USD million,project,project_total_cost,中国,Discrete,/Users/simon/Documents/Simon-OB/本体论/base/半导体/SEMI_WFF_2026_1Q.xlsx,Dynax Semiconductor Inc.,,,Dynax Semiconductor Inc. - Fab 1,3833,Company Detail,file:///Users/simon/Documents/Simon-OB/%E6%9C%AC%E4%BD%93%E8%AE%BA/base/%E5%8D%8A%E5%AF%BC%E4%BD%93/SEMI_WFF_2026_1Q.xlsx
Electronics Industry Public Company (EIC) - EIC Semi project capital expenditure (SEMI WFF),,资本开支,SEMI WFF 工厂级资本开支观测。,9,USD million,project,project_total_cost,SE Asia,Discrete,/Users/simon/Documents/Simon-OB/本体论/base/半导体/SEMI_WFF_2026_1Q.xlsx,Electronics Industry Public Company (EIC),,,Electronics Industry Public Company (EIC) - EIC Semi,2491,Company Detail,file:///Users/simon/Documents/Simon-OB/%E6%9C%AC%E4%BD%93%E8%AE%BA/base/%E5%8D%8A%E5%AF%BC%E4%BD%93/SEMI_WFF_2026_1Q.xlsx
EM Microelectronic - Marin SA - Marin fab project capital expenditure (SEMI WFF),,资本开支,SEMI WFF 工厂级资本开支观测。,48,USD million,project,project_total_cost,Europe & Mideast,Logic&Micro,/Users/simon/Documents/Simon-OB/本体论/base/半导体/SEMI_WFF_2026_1Q.xlsx,EM Microelectronic - Marin SA,,,EM Microelectronic - Marin SA - Marin fab,530,Company Detail,file:///Users/simon/Documents/Simon-OB/%E6%9C%AC%E4%BD%93%E8%AE%BA/base/%E5%8D%8A%E5%AF%BC%E4%BD%93/SEMI_WFF_2026_1Q.xlsx
Emcore Corporation - InP Fab Alhambra project capital expenditure (SEMI WFF),,资本开支,SEMI WFF 工厂级资本开支观测。,15,USD million,project,project_total_cost,美洲,Opto,/Users/simon/Documents/Simon-OB/本体论/base/半导体/SEMI_WFF_2026_1Q.xlsx,Emcore Corporation,,,Emcore Corporation - InP Fab Alhambra,4968,Company Detail,file:///Users/simon/Documents/Simon-OB/%E6%9C%AC%E4%BD%93%E8%AE%BA/base/%E5%8D%8A%E5%AF%BC%E4%BD%93/SEMI_WFF_2026_1Q.xlsx
Enablence Technologies - Fremont fab project capital expenditure (SEMI WFF),,资本开支,SEMI WFF 工厂级资本开支观测。,6,USD million,project,project_total_cost,美洲,Opto,/Users/simon/Documents/Simon-OB/本体论/base/半导体/SEMI_WFF_2026_1Q.xlsx,Enablence Technologies,,,Enablence Technologies - Fremont fab,3702,Company Detail,file:///Users/simon/Documents/Simon-OB/%E6%9C%AC%E4%BD%93%E8%AE%BA/base/%E5%8D%8A%E5%AF%BC%E4%BD%93/SEMI_WFF_2026_1Q.xlsx
Endevco Corporation - MEMS project capital expenditure (SEMI WFF),,资本开支,SEMI WFF 工厂级资本开支观测。,12,USD million,project,project_total_cost,美洲,MEMS,/Users/simon/Documents/Simon-OB/本体论/base/半导体/SEMI_WFF_2026_1Q.xlsx,Endevco Corporation,,,Endevco Corporation - MEMS,2305,Company Detail,file:///Users/simon/Documents/Simon-OB/%E6%9C%AC%E4%BD%93%E8%AE%BA/base/%E5%8D%8A%E5%AF%BC%E4%BD%93/SEMI_WFF_2026_1Q.xlsx
Enkris Semiconductor - Suzhou Fab project capital expenditure (SEMI WFF),,资本开支,SEMI WFF 工厂级资本开支观测。,10,USD million,project,project_total_cost,中国,EPI,/Users/simon/Documents/Simon-OB/本体论/base/半导体/SEMI_WFF_2026_1Q.xlsx,Enkris Semiconductor,,,Enkris Semiconductor - Suzhou Fab,3668,Company Detail,file:///Users/simon/Documents/Simon-OB/%E6%9C%AC%E4%BD%93%E8%AE%BA/base/%E5%8D%8A%E5%AF%BC%E4%BD%93/SEMI_WFF_2026_1Q.xlsx
Ennostar Corporation - N2 project capital expenditure (SEMI WFF),,资本开支,SEMI WFF 工厂级资本开支观测。,32,USD million,project,project_total_cost,中国台湾,Opto,/Users/simon/Documents/Simon-OB/本体论/base/半导体/SEMI_WFF_2026_1Q.xlsx,Ennostar Corporation,,,Ennostar Corporation - N2,2017,Company Detail,file:///Users/simon/Documents/Simon-OB/%E6%9C%AC%E4%BD%93%E8%AE%BA/base/%E5%8D%8A%E5%AF%BC%E4%BD%93/SEMI_WFF_2026_1Q.xlsx
Ennostar Corporation - N6 project capital expenditure (SEMI WFF),,资本开支,SEMI WFF 工厂级资本开支观测。,16,USD million,project,project_total_cost,中国台湾,Opto,/Users/simon/Documents/Simon-OB/本体论/base/半导体/SEMI_WFF_2026_1Q.xlsx,Ennostar Corporation,,,Ennostar Corporation - N6,3010,Company Detail,file:///Users/simon/Documents/Simon-OB/%E6%9C%AC%E4%BD%93%E8%AE%BA/base/%E5%8D%8A%E5%AF%BC%E4%BD%93/SEMI_WFF_2026_1Q.xlsx
Ennostar Corporation - Suzhou fab (S01) project capital expenditure (SEMI WFF),,资本开支,SEMI WFF 工厂级资本开支观测。,68,USD million,project,project_total_cost,中国,Opto,/Users/simon/Documents/Simon-OB/本体论/base/半导体/SEMI_WFF_2026_1Q.xlsx,Ennostar Corporation,,,Ennostar Corporation - Suzhou fab (S01),3242,Company Detail,file:///Users/simon/Documents/Simon-OB/%E6%9C%AC%E4%BD%93%E8%AE%BA/base/%E5%8D%8A%E5%AF%BC%E4%BD%93/SEMI_WFF_2026_1Q.xlsx
Ennostar Corporation - N3/N8 project capital expenditure (SEMI WFF),,资本开支,SEMI WFF 工厂级资本开支观测。,30,USD million,project,project_total_cost,中国台湾,Opto,/Users/simon/Documents/Simon-OB/本体论/base/半导体/SEMI_WFF_2026_1Q.xlsx,Ennostar Corporation,,,Ennostar Corporation - N3/N8,3013,Company Detail,file:///Users/simon/Documents/Simon-OB/%E6%9C%AC%E4%BD%93%E8%AE%BA/base/%E5%8D%8A%E5%AF%BC%E4%BD%93/SEMI_WFF_2026_1Q.xlsx
Ennostar Corporation - S3 project capital expenditure (SEMI WFF),,资本开支,SEMI WFF 工厂级资本开支观测。,12,USD million,project,project_total_cost,中国台湾,Opto,/Users/simon/Documents/Simon-OB/本体论/base/半导体/SEMI_WFF_2026_1Q.xlsx,Ennostar Corporation,,,Ennostar Corporation - S3,3008,Project Spending,file:///Users/simon/Documents/Simon-OB/%E6%9C%AC%E4%BD%93%E8%AE%BA/base/%E5%8D%8A%E5%AF%BC%E4%BD%93/SEMI_WFF_2026_1Q.xlsx
Ennostar Corporation - N1 project capital expenditure (SEMI WFF),,资本开支,SEMI WFF 工厂级资本开支观测。,16,USD million,project,project_total_cost,中国台湾,Opto,/Users/simon/Documents/Simon-OB/本体论/base/半导体/SEMI_WFF_2026_1Q.xlsx,Ennostar Corporation,,,Ennostar Corporation - N1,3011,Company Detail,file:///Users/simon/Documents/Simon-OB/%E6%9C%AC%E4%BD%93%E8%AE%BA/base/%E5%8D%8A%E5%AF%BC%E4%BD%93/SEMI_WFF_2026_1Q.xlsx
Ennostar Corporation - A1 (HQ) project capital expenditure (SEMI WFF),,资本开支,SEMI WFF 工厂级资本开支观测。,40,USD million,project,project_total_cost,中国台湾,Opto,/Users/simon/Documents/Simon-OB/本体论/base/半导体/SEMI_WFF_2026_1Q.xlsx,Ennostar Corporation,,,Ennostar Corporation - A1 (HQ),3667,Company Detail,file:///Users/simon/Documents/Simon-OB/%E6%9C%AC%E4%BD%93%E8%AE%BA/base/%E5%8D%8A%E5%AF%BC%E4%BD%93/SEMI_WFF_2026_1Q.xlsx
Ennostar Corporation - N7 project capital expenditure (SEMI WFF),,资本开支,SEMI WFF 工厂级资本开支观测。,40,USD million,project,project_total_cost,中国台湾,Opto,/Users/simon/Documents/Simon-OB/本体论/base/半导体/SEMI_WFF_2026_1Q.xlsx,Ennostar Corporation,,,Ennostar Corporation - N7,6697,Company Detail,file:///Users/simon/Documents/Simon-OB/%E6%9C%AC%E4%BD%93%E8%AE%BA/base/%E5%8D%8A%E5%AF%BC%E4%BD%93/SEMI_WFF_2026_1Q.xlsx
Enraytek Optoelectronics Technology - Lingang fab project capital expenditure (SEMI WFF),,资本开支,SEMI WFF 工厂级资本开支观测。,40,USD million,project,project_total_cost,中国,Opto,/Users/simon/Documents/Simon-OB/本体论/base/半导体/SEMI_WFF_2026_1Q.xlsx,Enraytek Optoelectronics Technology,,,Enraytek Optoelectronics Technology - Lingang fab,3425,Company Detail,file:///Users/simon/Documents/Simon-OB/%E6%9C%AC%E4%BD%93%E8%AE%BA/base/%E5%8D%8A%E5%AF%BC%E4%BD%93/SEMI_WFF_2026_1Q.xlsx
Entrepix Inc. - Fab 1 project capital expenditure (SEMI WFF),,资本开支,SEMI WFF 工厂级资本开支观测。,40,USD million,project,project_total_cost,美洲,Other,/Users/simon/Documents/Simon-OB/本体论/base/半导体/SEMI_WFF_2026_1Q.xlsx,Entrepix Inc.,,,Entrepix Inc. - Fab 1,2328,Company Detail,file:///Users/simon/Documents/Simon-OB/%E6%9C%AC%E4%BD%93%E8%AE%BA/base/%E5%8D%8A%E5%AF%BC%E4%BD%93/SEMI_WFF_2026_1Q.xlsx
Epiel - Fab 1 project capital expenditure (SEMI WFF),,资本开支,SEMI WFF 工厂级资本开支观测。,20,USD million,project,project_total_cost,Europe & Mideast,EPI,/Users/simon/Documents/Simon-OB/本体论/base/半导体/SEMI_WFF_2026_1Q.xlsx,Epiel,,,Epiel - Fab 1,3705,Company Detail,file:///Users/simon/Documents/Simon-OB/%E6%9C%AC%E4%BD%93%E8%AE%BA/base/%E5%8D%8A%E5%AF%BC%E4%BD%93/SEMI_WFF_2026_1Q.xlsx
Episil Technologies Inc. - Fab 6A project capital expenditure (SEMI WFF),,资本开支,SEMI WFF 工厂级资本开支观测。,24,USD million,project,project_total_cost,中国台湾,Discrete,/Users/simon/Documents/Simon-OB/本体论/base/半导体/SEMI_WFF_2026_1Q.xlsx,Episil Technologies Inc.,,,Episil Technologies Inc. - Fab 6A,306,Company Detail,file:///Users/simon/Documents/Simon-OB/%E6%9C%AC%E4%BD%93%E8%AE%BA/base/%E5%8D%8A%E5%AF%BC%E4%BD%93/SEMI_WFF_2026_1Q.xlsx
Episil-Precision Inc. - CS4 project capital expenditure (SEMI WFF),,资本开支,SEMI WFF 工厂级资本开支观测。,24,USD million,project,project_total_cost,中国台湾,EPI,/Users/simon/Documents/Simon-OB/本体论/base/半导体/SEMI_WFF_2026_1Q.xlsx,Episil-Precision Inc.,,,Episil-Precision Inc. - CS4,6627,Project Spending,file:///Users/simon/Documents/Simon-OB/%E6%9C%AC%E4%BD%93%E8%AE%BA/base/%E5%8D%8A%E5%AF%BC%E4%BD%93/SEMI_WFF_2026_1Q.xlsx
Episil-Precision Inc. - Epi Mill 2 project capital expenditure (SEMI WFF),,资本开支,SEMI WFF 工厂级资本开支观测。,19.2,USD million,project,project_total_cost,中国台湾,EPI,/Users/simon/Documents/Simon-OB/本体论/base/半导体/SEMI_WFF_2026_1Q.xlsx,Episil-Precision Inc.,,,Episil-Precision Inc. - Epi Mill 2,2325,Project Spending,file:///Users/simon/Documents/Simon-OB/%E6%9C%AC%E4%BD%93%E8%AE%BA/base/%E5%8D%8A%E5%AF%BC%E4%BD%93/SEMI_WFF_2026_1Q.xlsx
Epitex Incorporation - n/a project capital expenditure (SEMI WFF),,资本开支,SEMI WFF 工厂级资本开支观测。,20,USD million,project,project_total_cost,日本,Opto,/Users/simon/Documents/Simon-OB/本体论/base/半导体/SEMI_WFF_2026_1Q.xlsx,Epitex Incorporation,,,Epitex Incorporation - n/a,3278,Company Detail,file:///Users/simon/Documents/Simon-OB/%E6%9C%AC%E4%BD%93%E8%AE%BA/base/%E5%8D%8A%E5%AF%BC%E4%BD%93/SEMI_WFF_2026_1Q.xlsx
"EpiTop Optoelectronic Co., Ltd. - Jiangxi fab project capital expenditure (SEMI WFF)",,资本开支,SEMI WFF 工厂级资本开支观测。,25,USD million,project,project_total_cost,中国,Opto,/Users/simon/Documents/Simon-OB/本体论/base/半导体/SEMI_WFF_2026_1Q.xlsx,"EpiTop Optoelectronic Co., Ltd.",,,"EpiTop Optoelectronic Co., Ltd. - Jiangxi fab",3581,Company Detail,file:///Users/simon/Documents/Simon-OB/%E6%9C%AC%E4%BD%93%E8%AE%BA/base/%E5%8D%8A%E5%AF%BC%E4%BD%93/SEMI_WFF_2026_1Q.xlsx
EpiWorld International - Fab 1 project capital expenditure (SEMI WFF),,资本开支,SEMI WFF 工厂级资本开支观测。,92,USD million,project,project_total_cost,中国,EPI,/Users/simon/Documents/Simon-OB/本体论/base/半导体/SEMI_WFF_2026_1Q.xlsx,EpiWorld International,,,EpiWorld International - Fab 1,5053,Company Detail,file:///Users/simon/Documents/Simon-OB/%E6%9C%AC%E4%BD%93%E8%AE%BA/base/%E5%8D%8A%E5%AF%BC%E4%BD%93/SEMI_WFF_2026_1Q.xlsx
ERSO - N/A project capital expenditure (SEMI WFF),,资本开支,SEMI WFF 工厂级资本开支观测。,375,USD million,project,project_total_cost,中国台湾,Other,/Users/simon/Documents/Simon-OB/本体论/base/半导体/SEMI_WFF_2026_1Q.xlsx,ERSO,,,ERSO - N/A,1772,Company Detail,file:///Users/simon/Documents/Simon-OB/%E6%9C%AC%E4%BD%93%E8%AE%BA/base/%E5%8D%8A%E5%AF%BC%E4%BD%93/SEMI_WFF_2026_1Q.xlsx
EverBright Photonics - Suzhou fab project capital expenditure (SEMI WFF),,资本开支,SEMI WFF 工厂级资本开支观测。,16,USD million,project,project_total_cost,中国,Opto,/Users/simon/Documents/Simon-OB/本体论/base/半导体/SEMI_WFF_2026_1Q.xlsx,EverBright Photonics,,,EverBright Photonics - Suzhou fab,5048,Company Detail,file:///Users/simon/Documents/Simon-OB/%E6%9C%AC%E4%BD%93%E8%AE%BA/base/%E5%8D%8A%E5%AF%BC%E4%BD%93/SEMI_WFF_2026_1Q.xlsx
Everspin Technology - MRAM Fab project capital expenditure (SEMI WFF),,资本开支,SEMI WFF 工厂级资本开支观测。,270,USD million,project,project_total_cost,美洲,Memory,/Users/simon/Documents/Simon-OB/本体论/base/半导体/SEMI_WFF_2026_1Q.xlsx,Everspin Technology,,,Everspin Technology - MRAM Fab,6424,Project Spending,file:///Users/simon/Documents/Simon-OB/%E6%9C%AC%E4%BD%93%E8%AE%BA/base/%E5%8D%8A%E5%AF%BC%E4%BD%93/SEMI_WFF_2026_1Q.xlsx
EYEQ Lab - Busan Fab 1 project capital expenditure (SEMI WFF),,资本开支,SEMI WFF 工厂级资本开支观测。,80,USD million,project,project_total_cost,韩国,Discrete,/Users/simon/Documents/Simon-OB/本体论/base/半导体/SEMI_WFF_2026_1Q.xlsx,EYEQ Lab,,,EYEQ Lab - Busan Fab 1,6615,Project Spending,file:///Users/simon/Documents/Simon-OB/%E6%9C%AC%E4%BD%93%E8%AE%BA/base/%E5%8D%8A%E5%AF%BC%E4%BD%93/SEMI_WFF_2026_1Q.xlsx
First Sensor AG - Halbleiterwerk project capital expenditure (SEMI WFF),,资本开支,SEMI WFF 工厂级资本开支观测。,13,USD million,project,project_total_cost,Europe & Mideast,MEMS,/Users/simon/Documents/Simon-OB/本体论/base/半导体/SEMI_WFF_2026_1Q.xlsx,First Sensor AG,,,First Sensor AG - Halbleiterwerk,229,Company Detail,file:///Users/simon/Documents/Simon-OB/%E6%9C%AC%E4%BD%93%E8%AE%BA/base/%E5%8D%8A%E5%AF%BC%E4%BD%93/SEMI_WFF_2026_1Q.xlsx
FLCT Communication Technology - Fab 1 (Pilot and R&D) project capital expenditure (SEMI WFF),,资本开支,SEMI WFF 工厂级资本开支观测。,55,USD million,project,project_total_cost,中国,Discrete,/Users/simon/Documents/Simon-OB/本体论/base/半导体/SEMI_WFF_2026_1Q.xlsx,FLCT Communication Technology,,,FLCT Communication Technology - Fab 1 (Pilot and R&D),6647,Company Detail,file:///Users/simon/Documents/Simon-OB/%E6%9C%AC%E4%BD%93%E8%AE%BA/base/%E5%8D%8A%E5%AF%BC%E4%BD%93/SEMI_WFF_2026_1Q.xlsx
FLCT Communication Technology - Fab 2 (Production Line) project capital expenditure (SEMI WFF),,资本开支,SEMI WFF 工厂级资本开支观测。,445,USD million,project,project_total_cost,中国,Discrete,/Users/simon/Documents/Simon-OB/本体论/base/半导体/SEMI_WFF_2026_1Q.xlsx,FLCT Communication Technology,,,FLCT Communication Technology - Fab 2 (Production Line),6648,Project Spending,file:///Users/simon/Documents/Simon-OB/%E6%9C%AC%E4%BD%93%E8%AE%BA/base/%E5%8D%8A%E5%AF%BC%E4%BD%93/SEMI_WFF_2026_1Q.xlsx
Founder IC (Founder Microelectronics International (FMIC)) - Fab 1 6-inch SiC project capital expenditure (SEMI WFF),,资本开支,SEMI WFF 工厂级资本开支观测。,230,USD million,project,project_total_cost,中国,Analog,/Users/simon/Documents/Simon-OB/本体论/base/半导体/SEMI_WFF_2026_1Q.xlsx,Founder IC (Founder Microelectronics International (FMIC)),,,Founder IC (Founder Microelectronics International (FMIC)) - Fab 1 6-inch SiC,6689,Project Spending,file:///Users/simon/Documents/Simon-OB/%E6%9C%AC%E4%BD%93%E8%AE%BA/base/%E5%8D%8A%E5%AF%BC%E4%BD%93/SEMI_WFF_2026_1Q.xlsx
Founder IC (Founder Microelectronics International (FMIC)) - Fab 2 8-inch SiC project capital expenditure (SEMI WFF),,资本开支,SEMI WFF 工厂级资本开支观测。,1580,USD million,project,project_total_cost,中国,Analog,/Users/simon/Documents/Simon-OB/本体论/base/半导体/SEMI_WFF_2026_1Q.xlsx,Founder IC (Founder Microelectronics International (FMIC)),,,Founder IC (Founder Microelectronics International (FMIC)) - Fab 2 8-inch SiC,2445,Project Spending,file:///Users/simon/Documents/Simon-OB/%E6%9C%AC%E4%BD%93%E8%AE%BA/base/%E5%8D%8A%E5%AF%BC%E4%BD%93/SEMI_WFF_2026_1Q.xlsx
Foxconn / Hon Hai - Fab 1 (Foundry was Macronix) project capital expenditure (SEMI WFF),,资本开支,SEMI WFF 工厂级资本开支观测。,15,USD million,project,project_total_cost,中国台湾,Discrete,/Users/simon/Documents/Simon-OB/本体论/base/半导体/SEMI_WFF_2026_1Q.xlsx,Foxconn / Hon Hai,,,Foxconn / Hon Hai - Fab 1 (Foundry was Macronix),487,Company Detail,file:///Users/simon/Documents/Simon-OB/%E6%9C%AC%E4%BD%93%E8%AE%BA/base/%E5%8D%8A%E5%AF%BC%E4%BD%93/SEMI_WFF_2026_1Q.xlsx
Fraunhofer FEP/COMEDD - OLED ORR (Building 3) Fraunhofer project capital expenditure (SEMI WFF),,资本开支,SEMI WFF 工厂级资本开支观测。,10,USD million,project,project_total_cost,Europe & Mideast,Opto,/Users/simon/Documents/Simon-OB/本体论/base/半导体/SEMI_WFF_2026_1Q.xlsx,Fraunhofer FEP/COMEDD,,,Fraunhofer FEP/COMEDD - OLED ORR (Building 3) Fraunhofer,3807,Company Detail,file:///Users/simon/Documents/Simon-OB/%E6%9C%AC%E4%BD%93%E8%AE%BA/base/%E5%8D%8A%E5%AF%BC%E4%BD%93/SEMI_WFF_2026_1Q.xlsx
Fraunhofer Heinrich Hertz Institute - Fraunhofer HHI project capital expenditure (SEMI WFF),,资本开支,SEMI WFF 工厂级资本开支观测。,20,USD million,project,project_total_cost,Europe & Mideast,Opto,/Users/simon/Documents/Simon-OB/本体论/base/半导体/SEMI_WFF_2026_1Q.xlsx,Fraunhofer Heinrich Hertz Institute,,,Fraunhofer Heinrich Hertz Institute - Fraunhofer HHI,3685,Company Detail,file:///Users/simon/Documents/Simon-OB/%E6%9C%AC%E4%BD%93%E8%AE%BA/base/%E5%8D%8A%E5%AF%BC%E4%BD%93/SEMI_WFF_2026_1Q.xlsx
Fraunhofer Institute for Integrated Systems and Device Technology - FhG (IISB) Fraunhofer project capital expenditure (SEMI WFF),,资本开支,SEMI WFF 工厂级资本开支观测。,50,USD million,project,project_total_cost,Europe & Mideast,Other,/Users/simon/Documents/Simon-OB/本体论/base/半导体/SEMI_WFF_2026_1Q.xlsx,Fraunhofer Institute for Integrated Systems and Device Technology,,,Fraunhofer Institute for Integrated Systems and Device Technology - FhG (IISB) Fraunhofer,3527,Company Detail,file:///Users/simon/Documents/Simon-OB/%E6%9C%AC%E4%BD%93%E8%AE%BA/base/%E5%8D%8A%E5%AF%BC%E4%BD%93/SEMI_WFF_2026_1Q.xlsx
Fraunhofer Institute for Integrated Systems and Device Technology - LEB Fraunhofer project capital expenditure (SEMI WFF),,资本开支,SEMI WFF 工厂级资本开支观测。,90,USD million,project,project_total_cost,Europe & Mideast,Other,/Users/simon/Documents/Simon-OB/本体论/base/半导体/SEMI_WFF_2026_1Q.xlsx,Fraunhofer Institute for Integrated Systems and Device Technology,,,Fraunhofer Institute for Integrated Systems and Device Technology - LEB Fraunhofer,3528,Company Detail,file:///Users/simon/Documents/Simon-OB/%E6%9C%AC%E4%BD%93%E8%AE%BA/base/%E5%8D%8A%E5%AF%BC%E4%BD%93/SEMI_WFF_2026_1Q.xlsx
Fraunhofer Institute for Microelectronic Circuits and Systems - CMOS Factory Fraunhofer project capital expenditure (SEMI WFF),,资本开支,SEMI WFF 工厂级资本开支观测。,30,USD million,project,project_total_cost,Europe & Mideast,Analog,/Users/simon/Documents/Simon-OB/本体论/base/半导体/SEMI_WFF_2026_1Q.xlsx,Fraunhofer Institute for Microelectronic Circuits and Systems,,,Fraunhofer Institute for Microelectronic Circuits and Systems - CMOS Factory Fraunhofer,3900,Company Detail,file:///Users/simon/Documents/Simon-OB/%E6%9C%AC%E4%BD%93%E8%AE%BA/base/%E5%8D%8A%E5%AF%BC%E4%BD%93/SEMI_WFF_2026_1Q.xlsx
Fraunhofer Institute for Microelectronic Circuits and Systems - MST Lab: Microsystems Technology Lab&Fab Fraunhofer project capital expenditure (SEMI WFF),,资本开支,SEMI WFF 工厂级资本开支观测。,22,USD million,project,project_total_cost,Europe & Mideast,MEMS,/Users/simon/Documents/Simon-OB/本体论/base/半导体/SEMI_WFF_2026_1Q.xlsx,Fraunhofer Institute for Microelectronic Circuits and Systems,,,Fraunhofer Institute for Microelectronic Circuits and Systems - MST Lab: Microsystems Technology Lab&Fab Fraunhofer,3901,Company Detail,file:///Users/simon/Documents/Simon-OB/%E6%9C%AC%E4%BD%93%E8%AE%BA/base/%E5%8D%8A%E5%AF%BC%E4%BD%93/SEMI_WFF_2026_1Q.xlsx
Fraunhofer Institute for Photonic Microsystems IPMS - MEMS MRR (Building 4) Fraunhofer project capital expenditure (SEMI WFF),,资本开支,SEMI WFF 工厂级资本开支观测。,42,USD million,project,project_total_cost,Europe & Mideast,MEMS,/Users/simon/Documents/Simon-OB/本体论/base/半导体/SEMI_WFF_2026_1Q.xlsx,Fraunhofer Institute for Photonic Microsystems IPMS,,,Fraunhofer Institute for Photonic Microsystems IPMS - MEMS MRR (Building 4) Fraunhofer,3804,Company Detail,file:///Users/simon/Documents/Simon-OB/%E6%9C%AC%E4%BD%93%E8%AE%BA/base/%E5%8D%8A%E5%AF%BC%E4%BD%93/SEMI_WFF_2026_1Q.xlsx
Fraunhofer Institute for Photonic Microsystems IPMS - Center Nanoelectronics Technologies (CNT) project capital expenditure (SEMI WFF),,资本开支,SEMI WFF 工厂级资本开支观测。,27,USD million,project,project_total_cost,Europe & Mideast,Other,/Users/simon/Documents/Simon-OB/本体论/base/半导体/SEMI_WFF_2026_1Q.xlsx,Fraunhofer Institute for Photonic Microsystems IPMS,,,Fraunhofer Institute for Photonic Microsystems IPMS - Center Nanoelectronics Technologies (CNT),6198,Company Detail,file:///Users/simon/Documents/Simon-OB/%E6%9C%AC%E4%BD%93%E8%AE%BA/base/%E5%8D%8A%E5%AF%BC%E4%BD%93/SEMI_WFF_2026_1Q.xlsx
Fraunhofer Institute for Silicon Technology (ISIT) - ISIT Itzehoe CMP Cleanroom project capital expenditure (SEMI WFF),,资本开支,SEMI WFF 工厂级资本开支观测。,16,USD million,project,project_total_cost,Europe & Mideast,MEMS,/Users/simon/Documents/Simon-OB/本体论/base/半导体/SEMI_WFF_2026_1Q.xlsx,Fraunhofer Institute for Silicon Technology (ISIT),,,Fraunhofer Institute for Silicon Technology (ISIT) - ISIT Itzehoe CMP Cleanroom,6238,Company Detail,file:///Users/simon/Documents/Simon-OB/%E6%9C%AC%E4%BD%93%E8%AE%BA/base/%E5%8D%8A%E5%AF%BC%E4%BD%93/SEMI_WFF_2026_1Q.xlsx
Fraunhofer Institute for Silicon Technology (ISIT) - ISIT Cleanroom 1: with Vishay (power devices) project capital expenditure (SEMI WFF),,资本开支,SEMI WFF 工厂级资本开支观测。,6.99999999999999,USD million,project,project_total_cost,Europe & Mideast,Discrete,/Users/simon/Documents/Simon-OB/本体论/base/半导体/SEMI_WFF_2026_1Q.xlsx,Fraunhofer Institute for Silicon Technology (ISIT),,,Fraunhofer Institute for Silicon Technology (ISIT) - ISIT Cleanroom 1: with Vishay (power devices),1285,Project Spending,file:///Users/simon/Documents/Simon-OB/%E6%9C%AC%E4%BD%93%E8%AE%BA/base/%E5%8D%8A%E5%AF%BC%E4%BD%93/SEMI_WFF_2026_1Q.xlsx
FT1 - Fab 1 project capital expenditure (SEMI WFF),,资本开支,SEMI WFF 工厂级资本开支观测。,170,USD million,project,project_total_cost,SE Asia,Discrete,/Users/simon/Documents/Simon-OB/本体论/base/半导体/SEMI_WFF_2026_1Q.xlsx,FT1,,,FT1 - Fab 1,6616,Project Spending,file:///Users/simon/Documents/Simon-OB/%E6%9C%AC%E4%BD%93%E8%AE%BA/base/%E5%8D%8A%E5%AF%BC%E4%BD%93/SEMI_WFF_2026_1Q.xlsx
Fuji Electric - Matsumoto SiC line project capital expenditure (SEMI WFF),,资本开支,SEMI WFF 工厂级资本开支观测。,20,USD million,project,project_total_cost,日本,Discrete,/Users/simon/Documents/Simon-OB/本体论/base/半导体/SEMI_WFF_2026_1Q.xlsx,Fuji Electric,,,Fuji Electric - Matsumoto SiC line,3701,Company Detail,file:///Users/simon/Documents/Simon-OB/%E6%9C%AC%E4%BD%93%E8%AE%BA/base/%E5%8D%8A%E5%AF%BC%E4%BD%93/SEMI_WFF_2026_1Q.xlsx
Fuji Electric - Development Center project capital expenditure (SEMI WFF),,资本开支,SEMI WFF 工厂级资本开支观测。,75,USD million,project,project_total_cost,日本,Discrete,/Users/simon/Documents/Simon-OB/本体论/base/半导体/SEMI_WFF_2026_1Q.xlsx,Fuji Electric,,,Fuji Electric - Development Center,3815,Company Detail,file:///Users/simon/Documents/Simon-OB/%E6%9C%AC%E4%BD%93%E8%AE%BA/base/%E5%8D%8A%E5%AF%BC%E4%BD%93/SEMI_WFF_2026_1Q.xlsx
Fuji Electric - Fab 5 (150mm) project capital expenditure (SEMI WFF),,资本开支,SEMI WFF 工厂级资本开支观测。,115,USD million,project,project_total_cost,日本,Discrete,/Users/simon/Documents/Simon-OB/本体论/base/半导体/SEMI_WFF_2026_1Q.xlsx,Fuji Electric,,,Fuji Electric - Fab 5 (150mm),3892,Company Detail,file:///Users/simon/Documents/Simon-OB/%E6%9C%AC%E4%BD%93%E8%AE%BA/base/%E5%8D%8A%E5%AF%BC%E4%BD%93/SEMI_WFF_2026_1Q.xlsx
Fuji Electric - Tokyo MEMS fab project capital expenditure (SEMI WFF),,资本开支,SEMI WFF 工厂级资本开支观测。,38,USD million,project,project_total_cost,日本,MEMS,/Users/simon/Documents/Simon-OB/本体论/base/半导体/SEMI_WFF_2026_1Q.xlsx,Fuji Electric,,,Fuji Electric - Tokyo MEMS fab,6140,Company Detail,file:///Users/simon/Documents/Simon-OB/%E6%9C%AC%E4%BD%93%E8%AE%BA/base/%E5%8D%8A%E5%AF%BC%E4%BD%93/SEMI_WFF_2026_1Q.xlsx
"Fujian Angstrem Semiconductor Co. Ltd. - 4"" line project capital expenditure (SEMI WFF)",,资本开支,SEMI WFF 工厂级资本开支观测。,30,USD million,project,project_total_cost,中国,Discrete,/Users/simon/Documents/Simon-OB/本体论/base/半导体/SEMI_WFF_2026_1Q.xlsx,Fujian Angstrem Semiconductor Co. Ltd.,,,"Fujian Angstrem Semiconductor Co. Ltd. - 4"" line",3021,Company Detail,file:///Users/simon/Documents/Simon-OB/%E6%9C%AC%E4%BD%93%E8%AE%BA/base/%E5%8D%8A%E5%AF%BC%E4%BD%93/SEMI_WFF_2026_1Q.xlsx
Fujian Sunwise - Sunwise Fab1 (R&D) project capital expenditure (SEMI WFF),,资本开支,SEMI WFF 工厂级资本开支观测。,14,USD million,project,project_total_cost,中国,Other,/Users/simon/Documents/Simon-OB/本体论/base/半导体/SEMI_WFF_2026_1Q.xlsx,Fujian Sunwise,,,Fujian Sunwise - Sunwise Fab1 (R&D),6566,Company Detail,file:///Users/simon/Documents/Simon-OB/%E6%9C%AC%E4%BD%93%E8%AE%BA/base/%E5%8D%8A%E5%AF%BC%E4%BD%93/SEMI_WFF_2026_1Q.xlsx
Fujian Sunwise - Sunwise Fab 2 project capital expenditure (SEMI WFF),,资本开支,SEMI WFF 工厂级资本开支观测。,162,USD million,project,project_total_cost,中国,EPI,/Users/simon/Documents/Simon-OB/本体论/base/半导体/SEMI_WFF_2026_1Q.xlsx,Fujian Sunwise,,,Fujian Sunwise - Sunwise Fab 2,6568,Project Spending,file:///Users/simon/Documents/Simon-OB/%E6%9C%AC%E4%BD%93%E8%AE%BA/base/%E5%8D%8A%E5%AF%BC%E4%BD%93/SEMI_WFF_2026_1Q.xlsx
"FujiFilm-Dimatix, Inc - Fab 1 project capital expenditure (SEMI WFF)",,资本开支,SEMI WFF 工厂级资本开支观测。,30,USD million,project,project_total_cost,美洲,MEMS,/Users/simon/Documents/Simon-OB/本体论/base/半导体/SEMI_WFF_2026_1Q.xlsx,"FujiFilm-Dimatix, Inc",,,"FujiFilm-Dimatix, Inc - Fab 1",2166,Company Detail,file:///Users/simon/Documents/Simon-OB/%E6%9C%AC%E4%BD%93%E8%AE%BA/base/%E5%8D%8A%E5%AF%BC%E4%BD%93/SEMI_WFF_2026_1Q.xlsx
Fujitsu Semiconductor Limited - Aizu No.1 (was Bldg. No.1/No.2) project capital expenditure (SEMI WFF),,资本开支,SEMI WFF 工厂级资本开支观测。,6,USD million,project,project_total_cost,日本,Analog,/Users/simon/Documents/Simon-OB/本体论/base/半导体/SEMI_WFF_2026_1Q.xlsx,Fujitsu Semiconductor Limited,,,Fujitsu Semiconductor Limited - Aizu No.1 (was Bldg. No.1/No.2),181,Company Detail,file:///Users/simon/Documents/Simon-OB/%E6%9C%AC%E4%BD%93%E8%AE%BA/base/%E5%8D%8A%E5%AF%BC%E4%BD%93/SEMI_WFF_2026_1Q.xlsx
Galaxia Photonics - n/a project capital expenditure (SEMI WFF),,资本开支,SEMI WFF 工厂级资本开支观测。,20,USD million,project,project_total_cost,韩国,Opto,/Users/simon/Documents/Simon-OB/本体论/base/半导体/SEMI_WFF_2026_1Q.xlsx,Galaxia Photonics,,,Galaxia Photonics - n/a,3233,Company Detail,file:///Users/simon/Documents/Simon-OB/%E6%9C%AC%E4%BD%93%E8%AE%BA/base/%E5%8D%8A%E5%AF%BC%E4%BD%93/SEMI_WFF_2026_1Q.xlsx
"Galaxy - 4"" fab project capital expenditure (SEMI WFF)",,资本开支,SEMI WFF 工厂级资本开支观测。,40,USD million,project,project_total_cost,中国,Discrete,/Users/simon/Documents/Simon-OB/本体论/base/半导体/SEMI_WFF_2026_1Q.xlsx,Galaxy,,,"Galaxy - 4"" fab",2817,Company Detail,file:///Users/simon/Documents/Simon-OB/%E6%9C%AC%E4%BD%93%E8%AE%BA/base/%E5%8D%8A%E5%AF%BC%E4%BD%93/SEMI_WFF_2026_1Q.xlsx
"Galaxy - 3"" fab project capital expenditure (SEMI WFF)",,资本开支,SEMI WFF 工厂级资本开支观测。,30,USD million,project,project_total_cost,中国,Discrete,/Users/simon/Documents/Simon-OB/本体论/base/半导体/SEMI_WFF_2026_1Q.xlsx,Galaxy,,,"Galaxy - 3"" fab",2559,Company Detail,file:///Users/simon/Documents/Simon-OB/%E6%9C%AC%E4%BD%93%E8%AE%BA/base/%E5%8D%8A%E5%AF%BC%E4%BD%93/SEMI_WFF_2026_1Q.xlsx
"Galaxy - 6"" Fab project capital expenditure (SEMI WFF)",,资本开支,SEMI WFF 工厂级资本开支观测。,110,USD million,project,project_total_cost,中国,Discrete,/Users/simon/Documents/Simon-OB/本体论/base/半导体/SEMI_WFF_2026_1Q.xlsx,Galaxy,,,"Galaxy - 6"" Fab",6661,Company Detail,file:///Users/simon/Documents/Simon-OB/%E6%9C%AC%E4%BD%93%E8%AE%BA/base/%E5%8D%8A%E5%AF%BC%E4%BD%93/SEMI_WFF_2026_1Q.xlsx
"GCS (Global Communication Semiconductors, Inc.) - GCS project capital expenditure (SEMI WFF)",,资本开支,SEMI WFF 工厂级资本开支观测。,50,USD million,project,project_total_cost,美洲,Analog,/Users/simon/Documents/Simon-OB/本体论/base/半导体/SEMI_WFF_2026_1Q.xlsx,"GCS (Global Communication Semiconductors, Inc.)",,,"GCS (Global Communication Semiconductors, Inc.) - GCS",1827,Company Detail,file:///Users/simon/Documents/Simon-OB/%E6%9C%AC%E4%BD%93%E8%AE%BA/base/%E5%8D%8A%E5%AF%BC%E4%BD%93/SEMI_WFF_2026_1Q.xlsx
GE - Research - GE Research Microfabrication project capital expenditure (SEMI WFF),,资本开支,SEMI WFF 工厂级资本开支观测。,18,USD million,project,project_total_cost,美洲,MEMS,/Users/simon/Documents/Simon-OB/本体论/base/半导体/SEMI_WFF_2026_1Q.xlsx,GE - Research,,,GE - Research - GE Research Microfabrication,5130,Company Detail,file:///Users/simon/Documents/Simon-OB/%E6%9C%AC%E4%BD%93%E8%AE%BA/base/%E5%8D%8A%E5%AF%BC%E4%BD%93/SEMI_WFF_2026_1Q.xlsx
GeneSiC Semiconductor Inc. - N/A project capital expenditure (SEMI WFF),,资本开支,SEMI WFF 工厂级资本开支观测。,2,USD million,project,project_total_cost,美洲,Discrete,/Users/simon/Documents/Simon-OB/本体论/base/半导体/SEMI_WFF_2026_1Q.xlsx,GeneSiC Semiconductor Inc.,,,GeneSiC Semiconductor Inc. - N/A,3518,Company Detail,file:///Users/simon/Documents/Simon-OB/%E6%9C%AC%E4%BD%93%E8%AE%BA/base/%E5%8D%8A%E5%AF%BC%E4%BD%93/SEMI_WFF_2026_1Q.xlsx
"GF (Globalfoundries) - Giga+ Fab (Fab 2,3,5, was Fab 2) project capital expenditure (SEMI WFF)",,资本开支,SEMI WFF 工厂级资本开支观测。,117,USD million,project,project_total_cost,SE Asia,Analog,/Users/simon/Documents/Simon-OB/本体论/base/半导体/SEMI_WFF_2026_1Q.xlsx,GF (Globalfoundries),,,"GF (Globalfoundries) - Giga+ Fab (Fab 2,3,5, was Fab 2)",97,Project Spending,file:///Users/simon/Documents/Simon-OB/%E6%9C%AC%E4%BD%93%E8%AE%BA/base/%E5%8D%8A%E5%AF%BC%E4%BD%93/SEMI_WFF_2026_1Q.xlsx
"GF (Globalfoundries) - Fab 1, Annex project capital expenditure (SEMI WFF)",,资本开支,SEMI WFF 工厂级资本开支观测。,3100,USD million,project,project_total_cost,Europe & Mideast,Analog,/Users/simon/Documents/Simon-OB/本体论/base/半导体/SEMI_WFF_2026_1Q.xlsx,GF (Globalfoundries),,,"GF (Globalfoundries) - Fab 1, Annex",3262,Company Detail,file:///Users/simon/Documents/Simon-OB/%E6%9C%AC%E4%BD%93%E8%AE%BA/base/%E5%8D%8A%E5%AF%BC%E4%BD%93/SEMI_WFF_2026_1Q.xlsx
GF (Globalfoundries) - Fab 8.2 module 1 project capital expenditure (SEMI WFF),,资本开支,SEMI WFF 工厂级资本开支观测。,6685,USD million,project,project_total_cost,美洲,Analog,/Users/simon/Documents/Simon-OB/本体论/base/半导体/SEMI_WFF_2026_1Q.xlsx,GF (Globalfoundries),,,GF (Globalfoundries) - Fab 8.2 module 1,3583,Project Spending,file:///Users/simon/Documents/Simon-OB/%E6%9C%AC%E4%BD%93%E8%AE%BA/base/%E5%8D%8A%E5%AF%BC%E4%BD%93/SEMI_WFF_2026_1Q.xlsx
GF (Globalfoundries) - Fab 7G (Fab 7 + Fab 6) project capital expenditure (SEMI WFF),,资本开支,SEMI WFF 工厂级资本开支观测。,432,USD million,project,project_total_cost,SE Asia,Analog,/Users/simon/Documents/Simon-OB/本体论/base/半导体/SEMI_WFF_2026_1Q.xlsx,GF (Globalfoundries),,,GF (Globalfoundries) - Fab 7G (Fab 7 + Fab 6),1701,Project Spending,file:///Users/simon/Documents/Simon-OB/%E6%9C%AC%E4%BD%93%E8%AE%BA/base/%E5%8D%8A%E5%AF%BC%E4%BD%93/SEMI_WFF_2026_1Q.xlsx
GF (Globalfoundries) - Dresden Expansion Phase 1 (SPRINT) project capital expenditure (SEMI WFF),,资本开支,SEMI WFF 工厂级资本开支观测。,1555,USD million,project,project_total_cost,Europe & Mideast,Analog,/Users/simon/Documents/Simon-OB/本体论/base/半导体/SEMI_WFF_2026_1Q.xlsx,GF (Globalfoundries),,,GF (Globalfoundries) - Dresden Expansion Phase 1 (SPRINT),6240,Project Spending,file:///Users/simon/Documents/Simon-OB/%E6%9C%AC%E4%BD%93%E8%AE%BA/base/%E5%8D%8A%E5%AF%BC%E4%BD%93/SEMI_WFF_2026_1Q.xlsx
GF (Globalfoundries) - Fab 7H (New Fab Singapore) project capital expenditure (SEMI WFF),,资本开支,SEMI WFF 工厂级资本开支观测。,3900,USD million,project,project_total_cost,SE Asia,Analog,/Users/simon/Documents/Simon-OB/本体论/base/半导体/SEMI_WFF_2026_1Q.xlsx,GF (Globalfoundries),,,GF (Globalfoundries) - Fab 7H (New Fab Singapore),6233,Project Spending,file:///Users/simon/Documents/Simon-OB/%E6%9C%AC%E4%BD%93%E8%AE%BA/base/%E5%8D%8A%E5%AF%BC%E4%BD%93/SEMI_WFF_2026_1Q.xlsx
GF (Globalfoundries) - Fab 8.2 module 2 project capital expenditure (SEMI WFF),,资本开支,SEMI WFF 工厂级资本开支观测。,5015,USD million,project,project_total_cost,美洲,Analog,/Users/simon/Documents/Simon-OB/本体论/base/半导体/SEMI_WFF_2026_1Q.xlsx,GF (Globalfoundries),,,GF (Globalfoundries) - Fab 8.2 module 2,6376,Project Spending,file:///Users/simon/Documents/Simon-OB/%E6%9C%AC%E4%BD%93%E8%AE%BA/base/%E5%8D%8A%E5%AF%BC%E4%BD%93/SEMI_WFF_2026_1Q.xlsx
GF (Globalfoundries) - Dresden Expansion Phase 2 (SPRINT) project capital expenditure (SEMI WFF),,资本开支,SEMI WFF 工厂级资本开支观测。,7700,USD million,project,project_total_cost,Europe & Mideast,Analog,/Users/simon/Documents/Simon-OB/本体论/base/半导体/SEMI_WFF_2026_1Q.xlsx,GF (Globalfoundries),,,GF (Globalfoundries) - Dresden Expansion Phase 2 (SPRINT),6675,Company Detail,file:///Users/simon/Documents/Simon-OB/%E6%9C%AC%E4%BD%93%E8%AE%BA/base/%E5%8D%8A%E5%AF%BC%E4%BD%93/SEMI_WFF_2026_1Q.xlsx
Glo AB - n/a project capital expenditure (SEMI WFF),,资本开支,SEMI WFF 工厂级资本开支观测。,12,USD million,project,project_total_cost,Europe & Mideast,Opto,/Users/simon/Documents/Simon-OB/本体论/base/半导体/SEMI_WFF_2026_1Q.xlsx,Glo AB,,,Glo AB - n/a,3519,Company Detail,file:///Users/simon/Documents/Simon-OB/%E6%9C%AC%E4%BD%93%E8%AE%BA/base/%E5%8D%8A%E5%AF%BC%E4%BD%93/SEMI_WFF_2026_1Q.xlsx
Global Power Technology - Dongsheng fab project capital expenditure (SEMI WFF),,资本开支,SEMI WFF 工厂级资本开支观测。,12,USD million,project,project_total_cost,中国,Discrete,/Users/simon/Documents/Simon-OB/本体论/base/半导体/SEMI_WFF_2026_1Q.xlsx,Global Power Technology,,,Global Power Technology - Dongsheng fab,3930,Company Detail,file:///Users/simon/Documents/Simon-OB/%E6%9C%AC%E4%BD%93%E8%AE%BA/base/%E5%8D%8A%E5%AF%BC%E4%BD%93/SEMI_WFF_2026_1Q.xlsx
Global Power Technology - Liuyang fab project capital expenditure (SEMI WFF),,资本开支,SEMI WFF 工厂级资本开支观测。,75,USD million,project,project_total_cost,中国,Discrete,/Users/simon/Documents/Simon-OB/本体论/base/半导体/SEMI_WFF_2026_1Q.xlsx,Global Power Technology,,,Global Power Technology - Liuyang fab,5095,Company Detail,file:///Users/simon/Documents/Simon-OB/%E6%9C%AC%E4%BD%93%E8%AE%BA/base/%E5%8D%8A%E5%AF%BC%E4%BD%93/SEMI_WFF_2026_1Q.xlsx
Global Power Technology - Beijing 8inch line project capital expenditure (SEMI WFF),,资本开支,SEMI WFF 工厂级资本开支观测。,71,USD million,project,project_total_cost,中国,Discrete,/Users/simon/Documents/Simon-OB/本体论/base/半导体/SEMI_WFF_2026_1Q.xlsx,Global Power Technology,,,Global Power Technology - Beijing 8inch line,6559,Project Spending,file:///Users/simon/Documents/Simon-OB/%E6%9C%AC%E4%BD%93%E8%AE%BA/base/%E5%8D%8A%E5%AF%BC%E4%BD%93/SEMI_WFF_2026_1Q.xlsx
GlobalWafers - 300mm SOI Fab project capital expenditure (SEMI WFF),,资本开支,SEMI WFF 工厂级资本开支观测。,765,USD million,project,project_total_cost,美洲,EPI,/Users/simon/Documents/Simon-OB/本体论/base/半导体/SEMI_WFF_2026_1Q.xlsx,GlobalWafers,,,GlobalWafers - 300mm SOI Fab,6650,Project Spending,file:///Users/simon/Documents/Simon-OB/%E6%9C%AC%E4%BD%93%E8%AE%BA/base/%E5%8D%8A%E5%AF%BC%E4%BD%93/SEMI_WFF_2026_1Q.xlsx
Graphenea - San Sebastián 6-inch Line project capital expenditure (SEMI WFF),,资本开支,SEMI WFF 工厂级资本开支观测。,30,USD million,project,project_total_cost,Europe & Mideast,EPI,/Users/simon/Documents/Simon-OB/本体论/base/半导体/SEMI_WFF_2026_1Q.xlsx,Graphenea,,,Graphenea - San Sebastián 6-inch Line,6526,Company Detail,file:///Users/simon/Documents/Simon-OB/%E6%9C%AC%E4%BD%93%E8%AE%BA/base/%E5%8D%8A%E5%AF%BC%E4%BD%93/SEMI_WFF_2026_1Q.xlsx
Green InnoCore - Zibo 150mm fab project capital expenditure (SEMI WFF),,资本开支,SEMI WFF 工厂级资本开支观测。,180,USD million,project,project_total_cost,中国,Discrete,/Users/simon/Documents/Simon-OB/本体论/base/半导体/SEMI_WFF_2026_1Q.xlsx,Green InnoCore,,,Green InnoCore - Zibo 150mm fab,6402,Company Detail,file:///Users/simon/Documents/Simon-OB/%E6%9C%AC%E4%BD%93%E8%AE%BA/base/%E5%8D%8A%E5%AF%BC%E4%BD%93/SEMI_WFF_2026_1Q.xlsx
Green InnoCore - New Hefei 150mm Fab project capital expenditure (SEMI WFF),,资本开支,SEMI WFF 工厂级资本开支观测。,238,USD million,project,project_total_cost,中国,Discrete,/Users/simon/Documents/Simon-OB/本体论/base/半导体/SEMI_WFF_2026_1Q.xlsx,Green InnoCore,,,Green InnoCore - New Hefei 150mm Fab,6407,Project Spending,file:///Users/simon/Documents/Simon-OB/%E6%9C%AC%E4%BD%93%E8%AE%BA/base/%E5%8D%8A%E5%AF%BC%E4%BD%93/SEMI_WFF_2026_1Q.xlsx
GTA Semiconductor - Fab 6 (300mm) project capital expenditure (SEMI WFF),,资本开支,SEMI WFF 工厂级资本开支观测。,730,USD million,project,project_total_cost,中国,Analog,/Users/simon/Documents/Simon-OB/本体论/base/半导体/SEMI_WFF_2026_1Q.xlsx,GTA Semiconductor,,,GTA Semiconductor - Fab 6 (300mm),6278,Company Detail,file:///Users/simon/Documents/Simon-OB/%E6%9C%AC%E4%BD%93%E8%AE%BA/base/%E5%8D%8A%E5%AF%BC%E4%BD%93/SEMI_WFF_2026_1Q.xlsx
GTA Semiconductor - Fab 1 project capital expenditure (SEMI WFF),,资本开支,SEMI WFF 工厂级资本开支观测。,20,USD million,project,project_total_cost,中国,Discrete,/Users/simon/Documents/Simon-OB/本体论/base/半导体/SEMI_WFF_2026_1Q.xlsx,GTA Semiconductor,,,GTA Semiconductor - Fab 1,791,Company Detail,file:///Users/simon/Documents/Simon-OB/%E6%9C%AC%E4%BD%93%E8%AE%BA/base/%E5%8D%8A%E5%AF%BC%E4%BD%93/SEMI_WFF_2026_1Q.xlsx
GTA Semiconductor - Fab 3 project capital expenditure (SEMI WFF),,资本开支,SEMI WFF 工厂级资本开支观测。,44,USD million,project,project_total_cost,中国,Discrete,/Users/simon/Documents/Simon-OB/本体论/base/半导体/SEMI_WFF_2026_1Q.xlsx,GTA Semiconductor,,,GTA Semiconductor - Fab 3,1855,Project Spending,file:///Users/simon/Documents/Simon-OB/%E6%9C%AC%E4%BD%93%E8%AE%BA/base/%E5%8D%8A%E5%AF%BC%E4%BD%93/SEMI_WFF_2026_1Q.xlsx
GTA Semiconductor - Fab 7 project capital expenditure (SEMI WFF),,资本开支,SEMI WFF 工厂级资本开支观测。,4520,USD million,project,project_total_cost,中国,Analog,/Users/simon/Documents/Simon-OB/本体论/base/半导体/SEMI_WFF_2026_1Q.xlsx,GTA Semiconductor,,,GTA Semiconductor - Fab 7,5030,Project Spending,file:///Users/simon/Documents/Simon-OB/%E6%9C%AC%E4%BD%93%E8%AE%BA/base/%E5%8D%8A%E5%AF%BC%E4%BD%93/SEMI_WFF_2026_1Q.xlsx
GTX Semiconductor - GTX Semiconductor Phase 2 (ICRD Phase3) project capital expenditure (SEMI WFF),,资本开支,SEMI WFF 工厂级资本开支观测。,9500,USD million,project,project_total_cost,中国,Logic&Micro,/Users/simon/Documents/Simon-OB/本体论/base/半导体/SEMI_WFF_2026_1Q.xlsx,GTX Semiconductor,,,GTX Semiconductor - GTX Semiconductor Phase 2 (ICRD Phase3),6604,Project Spending,file:///Users/simon/Documents/Simon-OB/%E6%9C%AC%E4%BD%93%E8%AE%BA/base/%E5%8D%8A%E5%AF%BC%E4%BD%93/SEMI_WFF_2026_1Q.xlsx
Guangdong Deli Optoelectronic - Deli Opto fab project capital expenditure (SEMI WFF),,资本开支,SEMI WFF 工厂级资本开支观测。,37,USD million,project,project_total_cost,中国,Opto,/Users/simon/Documents/Simon-OB/本体论/base/半导体/SEMI_WFF_2026_1Q.xlsx,Guangdong Deli Optoelectronic,,,Guangdong Deli Optoelectronic - Deli Opto fab,3427,Company Detail,file:///Users/simon/Documents/Simon-OB/%E6%9C%AC%E4%BD%93%E8%AE%BA/base/%E5%8D%8A%E5%AF%BC%E4%BD%93/SEMI_WFF_2026_1Q.xlsx
Guangdong Institute of Semiconductor Micro-Nano Manufacturing Technology - Fab 1 project capital expenditure (SEMI WFF),,资本开支,SEMI WFF 工厂级资本开支观测。,250,USD million,project,project_total_cost,中国,Other,/Users/simon/Documents/Simon-OB/本体论/base/半导体/SEMI_WFF_2026_1Q.xlsx,Guangdong Institute of Semiconductor Micro-Nano Manufacturing Technology,,,Guangdong Institute of Semiconductor Micro-Nano Manufacturing Technology - Fab 1,6599,Project Spending,file:///Users/simon/Documents/Simon-OB/%E6%9C%AC%E4%BD%93%E8%AE%BA/base/%E5%8D%8A%E5%AF%BC%E4%BD%93/SEMI_WFF_2026_1Q.xlsx
Guanzhou Compound Innovation Center - Guanzhou Compound Innvation Center project capital expenditure (SEMI WFF),,资本开支,SEMI WFF 工厂级资本开支观测。,56,USD million,project,project_total_cost,中国,Other,/Users/simon/Documents/Simon-OB/本体论/base/半导体/SEMI_WFF_2026_1Q.xlsx,Guanzhou Compound Innovation Center,,,Guanzhou Compound Innovation Center - Guanzhou Compound Innvation Center,6574,Company Detail,file:///Users/simon/Documents/Simon-OB/%E6%9C%AC%E4%BD%93%E8%AE%BA/base/%E5%8D%8A%E5%AF%BC%E4%BD%93/SEMI_WFF_2026_1Q.xlsx
Guo Gao MEMS - MEMS line project capital expenditure (SEMI WFF),,资本开支,SEMI WFF 工厂级资本开支观测。,17,USD million,project,project_total_cost,中国,MEMS,/Users/simon/Documents/Simon-OB/本体论/base/半导体/SEMI_WFF_2026_1Q.xlsx,Guo Gao MEMS,,,Guo Gao MEMS - MEMS line,3796,Company Detail,file:///Users/simon/Documents/Simon-OB/%E6%9C%AC%E4%BD%93%E8%AE%BA/base/%E5%8D%8A%E5%AF%BC%E4%BD%93/SEMI_WFF_2026_1Q.xlsx
Haiqian Semiconductor - Fab 2 (6inch line) project capital expenditure (SEMI WFF),,资本开支,SEMI WFF 工厂级资本开支观测。,320,USD million,project,project_total_cost,中国,EPI,/Users/simon/Documents/Simon-OB/本体论/base/半导体/SEMI_WFF_2026_1Q.xlsx,Haiqian Semiconductor,,,Haiqian Semiconductor - Fab 2 (6inch line),6557,Project Spending,file:///Users/simon/Documents/Simon-OB/%E6%9C%AC%E4%BD%93%E8%AE%BA/base/%E5%8D%8A%E5%AF%BC%E4%BD%93/SEMI_WFF_2026_1Q.xlsx
Haiqian Semiconductor - Fab 1 project capital expenditure (SEMI WFF),,资本开支,SEMI WFF 工厂级资本开支观测。,115,USD million,project,project_total_cost,中国,EPI,/Users/simon/Documents/Simon-OB/本体论/base/半导体/SEMI_WFF_2026_1Q.xlsx,Haiqian Semiconductor,,,Haiqian Semiconductor - Fab 1,6556,Company Detail,file:///Users/simon/Documents/Simon-OB/%E6%9C%AC%E4%BD%93%E8%AE%BA/base/%E5%8D%8A%E5%AF%BC%E4%BD%93/SEMI_WFF_2026_1Q.xlsx
Hamamatsu Photonics - Hamamatsu Fab 5 project capital expenditure (SEMI WFF),,资本开支,SEMI WFF 工厂级资本开支观测。,445,USD million,project,project_total_cost,日本,Opto,/Users/simon/Documents/Simon-OB/本体论/base/半导体/SEMI_WFF_2026_1Q.xlsx,Hamamatsu Photonics,,,Hamamatsu Photonics - Hamamatsu Fab 5,6509,Project Spending,file:///Users/simon/Documents/Simon-OB/%E6%9C%AC%E4%BD%93%E8%AE%BA/base/%E5%8D%8A%E5%AF%BC%E4%BD%93/SEMI_WFF_2026_1Q.xlsx
Hamamatsu Photonics - Shingai Fab project capital expenditure (SEMI WFF),,资本开支,SEMI WFF 工厂级资本开支观测。,60,USD million,project,project_total_cost,日本,MEMS,/Users/simon/Documents/Simon-OB/本体论/base/半导体/SEMI_WFF_2026_1Q.xlsx,Hamamatsu Photonics,,,Hamamatsu Photonics - Shingai Fab,5113,Company Detail,file:///Users/simon/Documents/Simon-OB/%E6%9C%AC%E4%BD%93%E8%AE%BA/base/%E5%8D%8A%E5%AF%BC%E4%BD%93/SEMI_WFF_2026_1Q.xlsx
Hamamatsu Photonics - Miyakoda Building #3 project capital expenditure (SEMI WFF),,资本开支,SEMI WFF 工厂级资本开支观测。,25,USD million,project,project_total_cost,日本,Opto,/Users/simon/Documents/Simon-OB/本体论/base/半导体/SEMI_WFF_2026_1Q.xlsx,Hamamatsu Photonics,,,Hamamatsu Photonics - Miyakoda Building #3,3897,Company Detail,file:///Users/simon/Documents/Simon-OB/%E6%9C%AC%E4%BD%93%E8%AE%BA/base/%E5%8D%8A%E5%AF%BC%E4%BD%93/SEMI_WFF_2026_1Q.xlsx
Hamamatsu Photonics - 13th building (Ichino factory) project capital expenditure (SEMI WFF),,资本开支,SEMI WFF 工厂级资本开支观测。,30,USD million,project,project_total_cost,日本,MEMS,/Users/simon/Documents/Simon-OB/本体论/base/半导体/SEMI_WFF_2026_1Q.xlsx,Hamamatsu Photonics,,,Hamamatsu Photonics - 13th building (Ichino factory),3607,Company Detail,file:///Users/simon/Documents/Simon-OB/%E6%9C%AC%E4%BD%93%E8%AE%BA/base/%E5%8D%8A%E5%AF%BC%E4%BD%93/SEMI_WFF_2026_1Q.xlsx
Hamamatsu Photonics - 12th building project capital expenditure (SEMI WFF),,资本开支,SEMI WFF 工厂级资本开支观测。,25,USD million,project,project_total_cost,日本,MEMS,/Users/simon/Documents/Simon-OB/本体论/base/半导体/SEMI_WFF_2026_1Q.xlsx,Hamamatsu Photonics,,,Hamamatsu Photonics - 12th building,2195,Company Detail,file:///Users/simon/Documents/Simon-OB/%E6%9C%AC%E4%BD%93%E8%AE%BA/base/%E5%8D%8A%E5%AF%BC%E4%BD%93/SEMI_WFF_2026_1Q.xlsx
Hangzhou Fullsemi - Hangzhou Analog Fab Phase 2 project capital expenditure (SEMI WFF),,资本开支,SEMI WFF 工厂级资本开支观测。,5315,USD million,project,project_total_cost,中国,Analog,/Users/simon/Documents/Simon-OB/本体论/base/半导体/SEMI_WFF_2026_1Q.xlsx,Hangzhou Fullsemi,,,Hangzhou Fullsemi - Hangzhou Analog Fab Phase 2,6512,Project Spending,file:///Users/simon/Documents/Simon-OB/%E6%9C%AC%E4%BD%93%E8%AE%BA/base/%E5%8D%8A%E5%AF%BC%E4%BD%93/SEMI_WFF_2026_1Q.xlsx
Hangzhou Lion Microelectronics Co. Ltd - GaAs line project capital expenditure (SEMI WFF),,资本开支,SEMI WFF 工厂级资本开支观测。,60,USD million,project,project_total_cost,中国,Discrete,/Users/simon/Documents/Simon-OB/本体论/base/半导体/SEMI_WFF_2026_1Q.xlsx,Hangzhou Lion Microelectronics Co. Ltd,,,Hangzhou Lion Microelectronics Co. Ltd - GaAs line,5075,Company Detail,file:///Users/simon/Documents/Simon-OB/%E6%9C%AC%E4%BD%93%E8%AE%BA/base/%E5%8D%8A%E5%AF%BC%E4%BD%93/SEMI_WFF_2026_1Q.xlsx
"HC SemiTek Co., Ltd. - Yiwu fab (phase 2) project capital expenditure (SEMI WFF)",,资本开支,SEMI WFF 工厂级资本开支观测。,4.8,USD million,project,project_total_cost,中国,Opto,/Users/simon/Documents/Simon-OB/本体论/base/半导体/SEMI_WFF_2026_1Q.xlsx,"HC SemiTek Co., Ltd.",,,"HC SemiTek Co., Ltd. - Yiwu fab (phase 2)",4983,Project Spending,file:///Users/simon/Documents/Simon-OB/%E6%9C%AC%E4%BD%93%E8%AE%BA/base/%E5%8D%8A%E5%AF%BC%E4%BD%93/SEMI_WFF_2026_1Q.xlsx
"HC SemiTek Co., Ltd. - Wuhan fab project capital expenditure (SEMI WFF)",,资本开支,SEMI WFF 工厂级资本开支观测。,8,USD million,project,project_total_cost,中国,Opto,/Users/simon/Documents/Simon-OB/本体论/base/半导体/SEMI_WFF_2026_1Q.xlsx,"HC SemiTek Co., Ltd.",,,"HC SemiTek Co., Ltd. - Wuhan fab",3351,Company Detail,file:///Users/simon/Documents/Simon-OB/%E6%9C%AC%E4%BD%93%E8%AE%BA/base/%E5%8D%8A%E5%AF%BC%E4%BD%93/SEMI_WFF_2026_1Q.xlsx
"Headway Technologies, Inc. - Milpitas fab project capital expenditure (SEMI WFF)",,资本开支,SEMI WFF 工厂级资本开支观测。,36,USD million,project,project_total_cost,美洲,Logic&Micro,/Users/simon/Documents/Simon-OB/本体论/base/半导体/SEMI_WFF_2026_1Q.xlsx,"Headway Technologies, Inc.",,,"Headway Technologies, Inc. - Milpitas fab",3693,Company Detail,file:///Users/simon/Documents/Simon-OB/%E6%9C%AC%E4%BD%93%E8%AE%BA/base/%E5%8D%8A%E5%AF%BC%E4%BD%93/SEMI_WFF_2026_1Q.xlsx
Helios Technology - Wujin fab project capital expenditure (SEMI WFF),,资本开支,SEMI WFF 工厂级资本开支观测。,18,USD million,project,project_total_cost,中国,Opto,/Users/simon/Documents/Simon-OB/本体论/base/半导体/SEMI_WFF_2026_1Q.xlsx,Helios Technology,,,Helios Technology - Wujin fab,3605,Company Detail,file:///Users/simon/Documents/Simon-OB/%E6%9C%AC%E4%BD%93%E8%AE%BA/base/%E5%8D%8A%E5%AF%BC%E4%BD%93/SEMI_WFF_2026_1Q.xlsx
"Henan Xinrui Electronics Technology Co., Ltd. - Fab 1 project capital expenditure (SEMI WFF)",,资本开支,SEMI WFF 工厂级资本开支观测。,50,USD million,project,project_total_cost,中国,Analog,/Users/simon/Documents/Simon-OB/本体论/base/半导体/SEMI_WFF_2026_1Q.xlsx,"Henan Xinrui Electronics Technology Co., Ltd.",,,"Henan Xinrui Electronics Technology Co., Ltd. - Fab 1",6149,Company Detail,file:///Users/simon/Documents/Simon-OB/%E6%9C%AC%E4%BD%93%E8%AE%BA/base/%E5%8D%8A%E5%AF%BC%E4%BD%93/SEMI_WFF_2026_1Q.xlsx
Hewlett-Packard Company - HP Inkjet Wafer Fab II 8-inch line project capital expenditure (SEMI WFF),,资本开支,SEMI WFF 工厂级资本开支观测。,58,USD million,project,project_total_cost,SE Asia,MEMS,/Users/simon/Documents/Simon-OB/本体论/base/半导体/SEMI_WFF_2026_1Q.xlsx,Hewlett-Packard Company,,,Hewlett-Packard Company - HP Inkjet Wafer Fab II 8-inch line,6451,Company Detail,file:///Users/simon/Documents/Simon-OB/%E6%9C%AC%E4%BD%93%E8%AE%BA/base/%E5%8D%8A%E5%AF%BC%E4%BD%93/SEMI_WFF_2026_1Q.xlsx
"Hewlett-Packard Company - Fab 30, Bldg 3 8-inch line (MEMS wafer Fab and Ink Lab) project capital expenditure (SEMI WFF)",,资本开支,SEMI WFF 工厂级资本开支观测。,31,USD million,project,project_total_cost,美洲,MEMS,/Users/simon/Documents/Simon-OB/本体论/base/半导体/SEMI_WFF_2026_1Q.xlsx,Hewlett-Packard Company,,,"Hewlett-Packard Company - Fab 30, Bldg 3 8-inch line (MEMS wafer Fab and Ink Lab)",6449,Company Detail,file:///Users/simon/Documents/Simon-OB/%E6%9C%AC%E4%BD%93%E8%AE%BA/base/%E5%8D%8A%E5%AF%BC%E4%BD%93/SEMI_WFF_2026_1Q.xlsx
"Hewlett-Packard Company - B22, Bldg 2 8-inch line (wafer fab and 3D) project capital expenditure (SEMI WFF)",,资本开支,SEMI WFF 工厂级资本开支观测。,115,USD million,project,project_total_cost,美洲,MEMS,/Users/simon/Documents/Simon-OB/本体论/base/半导体/SEMI_WFF_2026_1Q.xlsx,Hewlett-Packard Company,,,"Hewlett-Packard Company - B22, Bldg 2 8-inch line (wafer fab and 3D)",6450,Project Spending,file:///Users/simon/Documents/Simon-OB/%E6%9C%AC%E4%BD%93%E8%AE%BA/base/%E5%8D%8A%E5%AF%BC%E4%BD%93/SEMI_WFF_2026_1Q.xlsx
Hexalux Optoelectronics Corp. - Yunling fab project capital expenditure (SEMI WFF),,资本开支,SEMI WFF 工厂级资本开支观测。,25,USD million,project,project_total_cost,中国,Opto,/Users/simon/Documents/Simon-OB/本体论/base/半导体/SEMI_WFF_2026_1Q.xlsx,Hexalux Optoelectronics Corp.,,,Hexalux Optoelectronics Corp. - Yunling fab,3423,Company Detail,file:///Users/simon/Documents/Simon-OB/%E6%9C%AC%E4%BD%93%E8%AE%BA/base/%E5%8D%8A%E5%AF%BC%E4%BD%93/SEMI_WFF_2026_1Q.xlsx
Hexatech Inc. - n/a project capital expenditure (SEMI WFF),,资本开支,SEMI WFF 工厂级资本开支观测。,2,USD million,project,project_total_cost,美洲,Opto,/Users/simon/Documents/Simon-OB/本体论/base/半导体/SEMI_WFF_2026_1Q.xlsx,Hexatech Inc.,,,Hexatech Inc. - n/a,3765,Company Detail,file:///Users/simon/Documents/Simon-OB/%E6%9C%AC%E4%BD%93%E8%AE%BA/base/%E5%8D%8A%E5%AF%BC%E4%BD%93/SEMI_WFF_2026_1Q.xlsx
High Power Opto Inc. - HPO HQ project capital expenditure (SEMI WFF),,资本开支,SEMI WFF 工厂级资本开支观测。,85,USD million,project,project_total_cost,中国台湾,Opto,/Users/simon/Documents/Simon-OB/本体论/base/半导体/SEMI_WFF_2026_1Q.xlsx,High Power Opto Inc.,,,High Power Opto Inc. - HPO HQ,3200,Company Detail,file:///Users/simon/Documents/Simon-OB/%E6%9C%AC%E4%BD%93%E8%AE%BA/base/%E5%8D%8A%E5%AF%BC%E4%BD%93/SEMI_WFF_2026_1Q.xlsx
Hitachi Power Device - Rinkai Works project capital expenditure (SEMI WFF),,资本开支,SEMI WFF 工厂级资本开支观测。,24,USD million,project,project_total_cost,日本,Discrete,/Users/simon/Documents/Simon-OB/本体论/base/半导体/SEMI_WFF_2026_1Q.xlsx,Hitachi Power Device,,,Hitachi Power Device - Rinkai Works,268,Company Detail,file:///Users/simon/Documents/Simon-OB/%E6%9C%AC%E4%BD%93%E8%AE%BA/base/%E5%8D%8A%E5%AF%BC%E4%BD%93/SEMI_WFF_2026_1Q.xlsx
Hitachi Power Device - Rinkai Works (expansion Fab) project capital expenditure (SEMI WFF),,资本开支,SEMI WFF 工厂级资本开支观测。,35,USD million,project,project_total_cost,日本,Discrete,/Users/simon/Documents/Simon-OB/本体论/base/半导体/SEMI_WFF_2026_1Q.xlsx,Hitachi Power Device,,,Hitachi Power Device - Rinkai Works (expansion Fab),1502,Company Detail,file:///Users/simon/Documents/Simon-OB/%E6%9C%AC%E4%BD%93%E8%AE%BA/base/%E5%8D%8A%E5%AF%BC%E4%BD%93/SEMI_WFF_2026_1Q.xlsx
"HLJ Technology Co., Ltd - Hukou fab project capital expenditure (SEMI WFF)",,资本开支,SEMI WFF 工厂级资本开支观测。,10,USD million,project,project_total_cost,中国台湾,Opto,/Users/simon/Documents/Simon-OB/本体论/base/半导体/SEMI_WFF_2026_1Q.xlsx,"HLJ Technology Co., Ltd",,,"HLJ Technology Co., Ltd - Hukou fab",5014,Company Detail,file:///Users/simon/Documents/Simon-OB/%E6%9C%AC%E4%BD%93%E8%AE%BA/base/%E5%8D%8A%E5%AF%BC%E4%BD%93/SEMI_WFF_2026_1Q.xlsx
"HLJ Technology Co., Ltd - 6"" line project capital expenditure (SEMI WFF)",,资本开支,SEMI WFF 工厂级资本开支观测。,30.5,USD million,project,project_total_cost,中国台湾,Opto,/Users/simon/Documents/Simon-OB/本体论/base/半导体/SEMI_WFF_2026_1Q.xlsx,"HLJ Technology Co., Ltd",,,"HLJ Technology Co., Ltd - 6"" line",5015,Company Detail,file:///Users/simon/Documents/Simon-OB/%E6%9C%AC%E4%BD%93%E8%AE%BA/base/%E5%8D%8A%E5%AF%BC%E4%BD%93/SEMI_WFF_2026_1Q.xlsx
HL-Planartechnik GmbH - Fab 1 project capital expenditure (SEMI WFF),,资本开支,SEMI WFF 工厂级资本开支观测。,25,USD million,project,project_total_cost,Europe & Mideast,MEMS,/Users/simon/Documents/Simon-OB/本体论/base/半导体/SEMI_WFF_2026_1Q.xlsx,HL-Planartechnik GmbH,,,HL-Planartechnik GmbH - Fab 1,2286,Company Detail,file:///Users/simon/Documents/Simon-OB/%E6%9C%AC%E4%BD%93%E8%AE%BA/base/%E5%8D%8A%E5%AF%BC%E4%BD%93/SEMI_WFF_2026_1Q.xlsx
Honda - Honda R&D Center project capital expenditure (SEMI WFF),,资本开支,SEMI WFF 工厂级资本开支观测。,14,USD million,project,project_total_cost,日本,Other,/Users/simon/Documents/Simon-OB/本体论/base/半导体/SEMI_WFF_2026_1Q.xlsx,Honda,,,Honda - Honda R&D Center,307,Company Detail,file:///Users/simon/Documents/Simon-OB/%E6%9C%AC%E4%BD%93%E8%AE%BA/base/%E5%8D%8A%E5%AF%BC%E4%BD%93/SEMI_WFF_2026_1Q.xlsx
Honeywell Incorporated - Fab 2 project capital expenditure (SEMI WFF),,资本开支,SEMI WFF 工厂级资本开支观测。,102,USD million,project,project_total_cost,美洲,Logic&Micro,/Users/simon/Documents/Simon-OB/本体论/base/半导体/SEMI_WFF_2026_1Q.xlsx,Honeywell Incorporated,,,Honeywell Incorporated - Fab 2,2157,Company Detail,file:///Users/simon/Documents/Simon-OB/%E6%9C%AC%E4%BD%93%E8%AE%BA/base/%E5%8D%8A%E5%AF%BC%E4%BD%93/SEMI_WFF_2026_1Q.xlsx
Honeywell Incorporated - 6-inch MEMS (was 4-inch) project capital expenditure (SEMI WFF),,资本开支,SEMI WFF 工厂级资本开支观测。,10,USD million,project,project_total_cost,美洲,MEMS,/Users/simon/Documents/Simon-OB/本体论/base/半导体/SEMI_WFF_2026_1Q.xlsx,Honeywell Incorporated,,,Honeywell Incorporated - 6-inch MEMS (was 4-inch),2174,Company Detail,file:///Users/simon/Documents/Simon-OB/%E6%9C%AC%E4%BD%93%E8%AE%BA/base/%E5%8D%8A%E5%AF%BC%E4%BD%93/SEMI_WFF_2026_1Q.xlsx
Honeywell Incorporated - Richardson Sensor Fab project capital expenditure (SEMI WFF),,资本开支,SEMI WFF 工厂级资本开支观测。,18,USD million,project,project_total_cost,美洲,MEMS,/Users/simon/Documents/Simon-OB/本体论/base/半导体/SEMI_WFF_2026_1Q.xlsx,Honeywell Incorporated,,,Honeywell Incorporated - Richardson Sensor Fab,3437,Company Detail,file:///Users/simon/Documents/Simon-OB/%E6%9C%AC%E4%BD%93%E8%AE%BA/base/%E5%8D%8A%E5%AF%BC%E4%BD%93/SEMI_WFF_2026_1Q.xlsx
HR-Micro - HR-Micro 150mm Fab project capital expenditure (SEMI WFF),,资本开支,SEMI WFF 工厂级资本开支观测。,138,USD million,project,project_total_cost,中国,Discrete,/Users/simon/Documents/Simon-OB/本体论/base/半导体/SEMI_WFF_2026_1Q.xlsx,HR-Micro,,,HR-Micro - HR-Micro 150mm Fab,6360,Company Detail,file:///Users/simon/Documents/Simon-OB/%E6%9C%AC%E4%BD%93%E8%AE%BA/base/%E5%8D%8A%E5%AF%BC%E4%BD%93/SEMI_WFF_2026_1Q.xlsx
Hua Hong Semiconductor - Fab 9B (Wuxi 2nd Fab Phase 2) project capital expenditure (SEMI WFF),,资本开支,SEMI WFF 工厂级资本开支观测。,7900,USD million,project,project_total_cost,中国,Analog,/Users/simon/Documents/Simon-OB/本体论/base/半导体/SEMI_WFF_2026_1Q.xlsx,Hua Hong Semiconductor,,,Hua Hong Semiconductor - Fab 9B (Wuxi 2nd Fab Phase 2),6662,Project Spending,file:///Users/simon/Documents/Simon-OB/%E6%9C%AC%E4%BD%93%E8%AE%BA/base/%E5%8D%8A%E5%AF%BC%E4%BD%93/SEMI_WFF_2026_1Q.xlsx
Hua Li Microelectronics (HLMC) - HLMC Fab 3 Phase 2 (HH Fab 8-2) project capital expenditure (SEMI WFF),,资本开支,SEMI WFF 工厂级资本开支观测。,7150,USD million,project,project_total_cost,中国,Logic&Micro,/Users/simon/Documents/Simon-OB/本体论/base/半导体/SEMI_WFF_2026_1Q.xlsx,Hua Li Microelectronics (HLMC),,,Hua Li Microelectronics (HLMC) - HLMC Fab 3 Phase 2 (HH Fab 8-2),6660,Project Spending,file:///Users/simon/Documents/Simon-OB/%E6%9C%AC%E4%BD%93%E8%AE%BA/base/%E5%8D%8A%E5%AF%BC%E4%BD%93/SEMI_WFF_2026_1Q.xlsx
Hua Li Microelectronics (HLMC) - Hua Hong Chengdu Phase 2 (HH Fab10) project capital expenditure (SEMI WFF),,资本开支,SEMI WFF 工厂级资本开支观测。,4412,USD million,project,project_total_cost,中国,Logic&Micro,/Users/simon/Documents/Simon-OB/本体论/base/半导体/SEMI_WFF_2026_1Q.xlsx,Hua Li Microelectronics (HLMC),,,Hua Li Microelectronics (HLMC) - Hua Hong Chengdu Phase 2 (HH Fab10),6550,Project Spending,file:///Users/simon/Documents/Simon-OB/%E6%9C%AC%E4%BD%93%E8%AE%BA/base/%E5%8D%8A%E5%AF%BC%E4%BD%93/SEMI_WFF_2026_1Q.xlsx
Hua Li Microelectronics (HLMC) - HLMC Fab 3 Phase 1  (HH Fab 8-1) project capital expenditure (SEMI WFF),,资本开支,SEMI WFF 工厂级资本开支观测。,7067,USD million,project,project_total_cost,中国,Logic&Micro,/Users/simon/Documents/Simon-OB/本体论/base/半导体/SEMI_WFF_2026_1Q.xlsx,Hua Li Microelectronics (HLMC),,,Hua Li Microelectronics (HLMC) - HLMC Fab 3 Phase 1  (HH Fab 8-1),6514,Project Spending,file:///Users/simon/Documents/Simon-OB/%E6%9C%AC%E4%BD%93%E8%AE%BA/base/%E5%8D%8A%E5%AF%BC%E4%BD%93/SEMI_WFF_2026_1Q.xlsx
Huawei - Wuhan HiSilicon fab project capital expenditure (SEMI WFF),,资本开支,SEMI WFF 工厂级资本开支观测。,250,USD million,project,project_total_cost,中国,Opto,/Users/simon/Documents/Simon-OB/本体论/base/半导体/SEMI_WFF_2026_1Q.xlsx,Huawei,,,Huawei - Wuhan HiSilicon fab,6181,Company Detail,file:///Users/simon/Documents/Simon-OB/%E6%9C%AC%E4%BD%93%E8%AE%BA/base/%E5%8D%8A%E5%AF%BC%E4%BD%93/SEMI_WFF_2026_1Q.xlsx
"Huayue Microelectronics Co.,Ltd - Fab 1 project capital expenditure (SEMI WFF)",,资本开支,SEMI WFF 工厂级资本开支观测。,40,USD million,project,project_total_cost,中国,Discrete,/Users/simon/Documents/Simon-OB/本体论/base/半导体/SEMI_WFF_2026_1Q.xlsx,"Huayue Microelectronics Co.,Ltd",,,"Huayue Microelectronics Co.,Ltd - Fab 1",1307,Company Detail,file:///Users/simon/Documents/Simon-OB/%E6%9C%AC%E4%BD%93%E8%AE%BA/base/%E5%8D%8A%E5%AF%BC%E4%BD%93/SEMI_WFF_2026_1Q.xlsx
"Huayue Microelectronics Co.,Ltd - Fab 2 project capital expenditure (SEMI WFF)",,资本开支,SEMI WFF 工厂级资本开支观测。,8,USD million,project,project_total_cost,中国,Discrete,/Users/simon/Documents/Simon-OB/本体论/base/半导体/SEMI_WFF_2026_1Q.xlsx,"Huayue Microelectronics Co.,Ltd",,,"Huayue Microelectronics Co.,Ltd - Fab 2",321,Company Detail,file:///Users/simon/Documents/Simon-OB/%E6%9C%AC%E4%BD%93%E8%AE%BA/base/%E5%8D%8A%E5%AF%BC%E4%BD%93/SEMI_WFF_2026_1Q.xlsx
"Huayue Microelectronics Co.,Ltd - Fab 3 project capital expenditure (SEMI WFF)",,资本开支,SEMI WFF 工厂级资本开支观测。,25,USD million,project,project_total_cost,中国,Discrete,/Users/simon/Documents/Simon-OB/本体论/base/半导体/SEMI_WFF_2026_1Q.xlsx,"Huayue Microelectronics Co.,Ltd",,,"Huayue Microelectronics Co.,Ltd - Fab 3",2994,Company Detail,file:///Users/simon/Documents/Simon-OB/%E6%9C%AC%E4%BD%93%E8%AE%BA/base/%E5%8D%8A%E5%AF%BC%E4%BD%93/SEMI_WFF_2026_1Q.xlsx
HY Electronic Limited - Yangzhou Fab 2 project capital expenditure (SEMI WFF),,资本开支,SEMI WFF 工厂级资本开支观测。,25,USD million,project,project_total_cost,中国,Discrete,/Users/simon/Documents/Simon-OB/本体论/base/半导体/SEMI_WFF_2026_1Q.xlsx,HY Electronic Limited,,,HY Electronic Limited - Yangzhou Fab 2,4972,Company Detail,file:///Users/simon/Documents/Simon-OB/%E6%9C%AC%E4%BD%93%E8%AE%BA/base/%E5%8D%8A%E5%AF%BC%E4%BD%93/SEMI_WFF_2026_1Q.xlsx
IBM Microelectronics - Nanotech Lab Zurich project capital expenditure (SEMI WFF),,资本开支,SEMI WFF 工厂级资本开支观测。,75,USD million,project,project_total_cost,Europe & Mideast,Other,/Users/simon/Documents/Simon-OB/本体论/base/半导体/SEMI_WFF_2026_1Q.xlsx,IBM Microelectronics,,,IBM Microelectronics - Nanotech Lab Zurich,3141,Company Detail,file:///Users/simon/Documents/Simon-OB/%E6%9C%AC%E4%BD%93%E8%AE%BA/base/%E5%8D%8A%E5%AF%BC%E4%BD%93/SEMI_WFF_2026_1Q.xlsx
IHP GmbH - IHP Fraunhofer project capital expenditure (SEMI WFF),,资本开支,SEMI WFF 工厂级资本开支观测。,8.3,USD million,project,project_total_cost,Europe & Mideast,Other,/Users/simon/Documents/Simon-OB/本体论/base/半导体/SEMI_WFF_2026_1Q.xlsx,IHP GmbH,,,IHP GmbH - IHP Fraunhofer,1722,Company Detail,file:///Users/simon/Documents/Simon-OB/%E6%9C%AC%E4%BD%93%E8%AE%BA/base/%E5%8D%8A%E5%AF%BC%E4%BD%93/SEMI_WFF_2026_1Q.xlsx
III-V Lab - Marcoussis lab project capital expenditure (SEMI WFF),,资本开支,SEMI WFF 工厂级资本开支观测。,15,USD million,project,project_total_cost,Europe & Mideast,Opto,/Users/simon/Documents/Simon-OB/本体论/base/半导体/SEMI_WFF_2026_1Q.xlsx,III-V Lab,,,III-V Lab - Marcoussis lab,3488,Company Detail,file:///Users/simon/Documents/Simon-OB/%E6%9C%AC%E4%BD%93%E8%AE%BA/base/%E5%8D%8A%E5%AF%BC%E4%BD%93/SEMI_WFF_2026_1Q.xlsx
III-V Lab - Palaiseau lab project capital expenditure (SEMI WFF),,资本开支,SEMI WFF 工厂级资本开支观测。,15,USD million,project,project_total_cost,Europe & Mideast,Opto,/Users/simon/Documents/Simon-OB/本体论/base/半导体/SEMI_WFF_2026_1Q.xlsx,III-V Lab,,,III-V Lab - Palaiseau lab,3489,Company Detail,file:///Users/simon/Documents/Simon-OB/%E6%9C%AC%E4%BD%93%E8%AE%BA/base/%E5%8D%8A%E5%AF%BC%E4%BD%93/SEMI_WFF_2026_1Q.xlsx
IMEC - 300mm: Fab 3 (was 450mm pilot) project capital expenditure (SEMI WFF),,资本开支,SEMI WFF 工厂级资本开支观测。,1300,USD million,project,project_total_cost,Europe & Mideast,Other,/Users/simon/Documents/Simon-OB/本体论/base/半导体/SEMI_WFF_2026_1Q.xlsx,IMEC,,,IMEC - 300mm: Fab 3 (was 450mm pilot),3441,Company Detail,file:///Users/simon/Documents/Simon-OB/%E6%9C%AC%E4%BD%93%E8%AE%BA/base/%E5%8D%8A%E5%AF%BC%E4%BD%93/SEMI_WFF_2026_1Q.xlsx
IMEC - 200mm: Fab 1 (Silicon Pilot Line) project capital expenditure (SEMI WFF),,资本开支,SEMI WFF 工厂级资本开支观测。,8,USD million,project,project_total_cost,Europe & Mideast,Other,/Users/simon/Documents/Simon-OB/本体论/base/半导体/SEMI_WFF_2026_1Q.xlsx,IMEC,,,IMEC - 200mm: Fab 1 (Silicon Pilot Line),374,Company Detail,file:///Users/simon/Documents/Simon-OB/%E6%9C%AC%E4%BD%93%E8%AE%BA/base/%E5%8D%8A%E5%AF%BC%E4%BD%93/SEMI_WFF_2026_1Q.xlsx
IMEC - 300mm: Fab 2 + Fab 2-300mm extension (Nanoelectronics Lab) project capital expenditure (SEMI WFF),,资本开支,SEMI WFF 工厂级资本开支观测。,384,USD million,project,project_total_cost,Europe & Mideast,Other,/Users/simon/Documents/Simon-OB/本体论/base/半导体/SEMI_WFF_2026_1Q.xlsx,IMEC,,,IMEC - 300mm: Fab 2 + Fab 2-300mm extension (Nanoelectronics Lab),1960,Company Detail,file:///Users/simon/Documents/Simon-OB/%E6%9C%AC%E4%BD%93%E8%AE%BA/base/%E5%8D%8A%E5%AF%BC%E4%BD%93/SEMI_WFF_2026_1Q.xlsx
IMEC - 300mm: Fab 4 (sub-1nm pilot) project capital expenditure (SEMI WFF),,资本开支,SEMI WFF 工厂级资本开支观测。,3300,USD million,project,project_total_cost,Europe & Mideast,Other,/Users/simon/Documents/Simon-OB/本体论/base/半导体/SEMI_WFF_2026_1Q.xlsx,IMEC,,,IMEC - 300mm: Fab 4 (sub-1nm pilot),6564,Project Spending,file:///Users/simon/Documents/Simon-OB/%E6%9C%AC%E4%BD%93%E8%AE%BA/base/%E5%8D%8A%E5%AF%BC%E4%BD%93/SEMI_WFF_2026_1Q.xlsx
IMEC - 300mm: Fab 5 (Chip Innovation Centre) project capital expenditure (SEMI WFF),,资本开支,SEMI WFF 工厂级资本开支观测。,700,USD million,project,project_total_cost,Europe & Mideast,Other,/Users/simon/Documents/Simon-OB/本体论/base/半导体/SEMI_WFF_2026_1Q.xlsx,IMEC,,,IMEC - 300mm: Fab 5 (Chip Innovation Centre),6676,Project Spending,file:///Users/simon/Documents/Simon-OB/%E6%9C%AC%E4%BD%93%E8%AE%BA/base/%E5%8D%8A%E5%AF%BC%E4%BD%93/SEMI_WFF_2026_1Q.xlsx
IMEC - 300mm: NanoIC Pilot Line project capital expenditure (SEMI WFF),,资本开支,SEMI WFF 工厂级资本开支观测。,2600,USD million,project,project_total_cost,Europe & Mideast,Other,/Users/simon/Documents/Simon-OB/本体论/base/半导体/SEMI_WFF_2026_1Q.xlsx,IMEC,,,IMEC - 300mm: NanoIC Pilot Line,6694,Project Spending,file:///Users/simon/Documents/Simon-OB/%E6%9C%AC%E4%BD%93%E8%AE%BA/base/%E5%8D%8A%E5%AF%BC%E4%BD%93/SEMI_WFF_2026_1Q.xlsx
Incotex International Ltd. - Botevgrad facility project capital expenditure (SEMI WFF),,资本开支,SEMI WFF 工厂级资本开支观测。,14,USD million,project,project_total_cost,Europe & Mideast,Opto,/Users/simon/Documents/Simon-OB/本体论/base/半导体/SEMI_WFF_2026_1Q.xlsx,Incotex International Ltd.,,,Incotex International Ltd. - Botevgrad facility,3338,Company Detail,file:///Users/simon/Documents/Simon-OB/%E6%9C%AC%E4%BD%93%E8%AE%BA/base/%E5%8D%8A%E5%AF%BC%E4%BD%93/SEMI_WFF_2026_1Q.xlsx
Infineon - Kulim 2 project capital expenditure (SEMI WFF),,资本开支,SEMI WFF 工厂级资本开支观测。,99.75,USD million,project,project_total_cost,SE Asia,Analog,/Users/simon/Documents/Simon-OB/本体论/base/半导体/SEMI_WFF_2026_1Q.xlsx,Infineon,,,Infineon - Kulim 2,3412,Project Spending,file:///Users/simon/Documents/Simon-OB/%E6%9C%AC%E4%BD%93%E8%AE%BA/base/%E5%8D%8A%E5%AF%BC%E4%BD%93/SEMI_WFF_2026_1Q.xlsx
Infineon - Dresden - Module 3 (former SC300) (building 32) project capital expenditure (SEMI WFF),,资本开支,SEMI WFF 工厂级资本开支观测。,246.5,USD million,project,project_total_cost,Europe & Mideast,Discrete,/Users/simon/Documents/Simon-OB/本体论/base/半导体/SEMI_WFF_2026_1Q.xlsx,Infineon,,,Infineon - Dresden - Module 3 (former SC300) (building 32),1650,Project Spending,file:///Users/simon/Documents/Simon-OB/%E6%9C%AC%E4%BD%93%E8%AE%BA/base/%E5%8D%8A%E5%AF%BC%E4%BD%93/SEMI_WFF_2026_1Q.xlsx
Infineon - Villach Building 17a and 17b (part of Pilot 4.0) project capital expenditure (SEMI WFF),,资本开支,SEMI WFF 工厂级资本开支观测。,110,USD million,project,project_total_cost,Europe & Mideast,Analog,/Users/simon/Documents/Simon-OB/本体论/base/半导体/SEMI_WFF_2026_1Q.xlsx,Infineon,,,Infineon - Villach Building 17a and 17b (part of Pilot 4.0),3826,Company Detail,file:///Users/simon/Documents/Simon-OB/%E6%9C%AC%E4%BD%93%E8%AE%BA/base/%E5%8D%8A%E5%AF%BC%E4%BD%93/SEMI_WFF_2026_1Q.xlsx
Infineon - Regensburg-West project capital expenditure (SEMI WFF),,资本开支,SEMI WFF 工厂级资本开支观测。,45,USD million,project,project_total_cost,Europe & Mideast,Discrete,/Users/simon/Documents/Simon-OB/本体论/base/半导体/SEMI_WFF_2026_1Q.xlsx,Infineon,,,Infineon - Regensburg-West,976,Project Spending,file:///Users/simon/Documents/Simon-OB/%E6%9C%AC%E4%BD%93%E8%AE%BA/base/%E5%8D%8A%E5%AF%BC%E4%BD%93/SEMI_WFF_2026_1Q.xlsx
Infineon - Dresden 200 - Module 1 (building 34) project capital expenditure (SEMI WFF),,资本开支,SEMI WFF 工厂级资本开支观测。,80.85,USD million,project,project_total_cost,Europe & Mideast,Logic&Micro,/Users/simon/Documents/Simon-OB/本体论/base/半导体/SEMI_WFF_2026_1Q.xlsx,Infineon,,,Infineon - Dresden 200 - Module 1 (building 34),969,Project Spending,file:///Users/simon/Documents/Simon-OB/%E6%9C%AC%E4%BD%93%E8%AE%BA/base/%E5%8D%8A%E5%AF%BC%E4%BD%93/SEMI_WFF_2026_1Q.xlsx
Infineon - Dresden 200 - Module 2 (building 36) project capital expenditure (SEMI WFF),,资本开支,SEMI WFF 工厂级资本开支观测。,80.85,USD million,project,project_total_cost,Europe & Mideast,Logic&Micro,/Users/simon/Documents/Simon-OB/本体论/base/半导体/SEMI_WFF_2026_1Q.xlsx,Infineon,,,Infineon - Dresden 200 - Module 2 (building 36),2201,Project Spending,file:///Users/simon/Documents/Simon-OB/%E6%9C%AC%E4%BD%93%E8%AE%BA/base/%E5%8D%8A%E5%AF%BC%E4%BD%93/SEMI_WFF_2026_1Q.xlsx
Infineon - Kulim 1 project capital expenditure (SEMI WFF),,资本开支,SEMI WFF 工厂级资本开支观测。,171.5,USD million,project,project_total_cost,SE Asia,Analog,/Users/simon/Documents/Simon-OB/本体论/base/半导体/SEMI_WFF_2026_1Q.xlsx,Infineon,,,Infineon - Kulim 1,2130,Project Spending,file:///Users/simon/Documents/Simon-OB/%E6%9C%AC%E4%BD%93%E8%AE%BA/base/%E5%8D%8A%E5%AF%BC%E4%BD%93/SEMI_WFF_2026_1Q.xlsx
Infineon - Villach 200mm Line (Building 17) project capital expenditure (SEMI WFF),,资本开支,SEMI WFF 工厂级资本开支观测。,37.5,USD million,project,project_total_cost,Europe & Mideast,Analog,/Users/simon/Documents/Simon-OB/本体论/base/半导体/SEMI_WFF_2026_1Q.xlsx,Infineon,,,Infineon - Villach 200mm Line (Building 17),978,Project Spending,file:///Users/simon/Documents/Simon-OB/%E6%9C%AC%E4%BD%93%E8%AE%BA/base/%E5%8D%8A%E5%AF%BC%E4%BD%93/SEMI_WFF_2026_1Q.xlsx
Infineon - Kulim 3 Phase 2 project capital expenditure (SEMI WFF),,资本开支,SEMI WFF 工厂级资本开支观测。,3000,USD million,project,project_total_cost,SE Asia,Analog,/Users/simon/Documents/Simon-OB/本体论/base/半导体/SEMI_WFF_2026_1Q.xlsx,Infineon,,,Infineon - Kulim 3 Phase 2,6474,Project Spending,file:///Users/simon/Documents/Simon-OB/%E6%9C%AC%E4%BD%93%E8%AE%BA/base/%E5%8D%8A%E5%AF%BC%E4%BD%93/SEMI_WFF_2026_1Q.xlsx
Infineon - Dresden - Module 4 (Smart Power Fab) project capital expenditure (SEMI WFF),,资本开支,SEMI WFF 工厂级资本开支观测。,7995,USD million,project,project_total_cost,Europe & Mideast,Analog,/Users/simon/Documents/Simon-OB/本体论/base/半导体/SEMI_WFF_2026_1Q.xlsx,Infineon,,,Infineon - Dresden - Module 4 (Smart Power Fab),6228,Project Spending,file:///Users/simon/Documents/Simon-OB/%E6%9C%AC%E4%BD%93%E8%AE%BA/base/%E5%8D%8A%E5%AF%BC%E4%BD%93/SEMI_WFF_2026_1Q.xlsx
InnoScience Inc. - Suzhou fab (Phase 1) project capital expenditure (SEMI WFF),,资本开支,SEMI WFF 工厂级资本开支观测。,725,USD million,project,project_total_cost,中国,Discrete,/Users/simon/Documents/Simon-OB/本体论/base/半导体/SEMI_WFF_2026_1Q.xlsx,InnoScience Inc.,,,InnoScience Inc. - Suzhou fab (Phase 1),5022,Project Spending,file:///Users/simon/Documents/Simon-OB/%E6%9C%AC%E4%BD%93%E8%AE%BA/base/%E5%8D%8A%E5%AF%BC%E4%BD%93/SEMI_WFF_2026_1Q.xlsx
Institute for Photonics and Nanotechnologies (IFN) - IFN-CNR Rome project capital expenditure (SEMI WFF),,资本开支,SEMI WFF 工厂级资本开支观测。,8,USD million,project,project_total_cost,Europe & Mideast,Opto,/Users/simon/Documents/Simon-OB/本体论/base/半导体/SEMI_WFF_2026_1Q.xlsx,Institute for Photonics and Nanotechnologies (IFN),,,Institute for Photonics and Nanotechnologies (IFN) - IFN-CNR Rome,3090,Company Detail,file:///Users/simon/Documents/Simon-OB/%E6%9C%AC%E4%BD%93%E8%AE%BA/base/%E5%8D%8A%E5%AF%BC%E4%BD%93/SEMI_WFF_2026_1Q.xlsx
Institute of Semiconductors CAS - Research Center for Semiconductor project capital expenditure (SEMI WFF),,资本开支,SEMI WFF 工厂级资本开支观测。,15,USD million,project,project_total_cost,中国,Other,/Users/simon/Documents/Simon-OB/本体论/base/半导体/SEMI_WFF_2026_1Q.xlsx,Institute of Semiconductors CAS,,,Institute of Semiconductors CAS - Research Center for Semiconductor,3091,Company Detail,file:///Users/simon/Documents/Simon-OB/%E6%9C%AC%E4%BD%93%E8%AE%BA/base/%E5%8D%8A%E5%AF%BC%E4%BD%93/SEMI_WFF_2026_1Q.xlsx
Institute of Semiconductors CAS - Semiconductor Lighting R&D Center project capital expenditure (SEMI WFF),,资本开支,SEMI WFF 工厂级资本开支观测。,10,USD million,project,project_total_cost,中国,Opto,/Users/simon/Documents/Simon-OB/本体论/base/半导体/SEMI_WFF_2026_1Q.xlsx,Institute of Semiconductors CAS,,,Institute of Semiconductors CAS - Semiconductor Lighting R&D Center,3092,Company Detail,file:///Users/simon/Documents/Simon-OB/%E6%9C%AC%E4%BD%93%E8%AE%BA/base/%E5%8D%8A%E5%AF%BC%E4%BD%93/SEMI_WFF_2026_1Q.xlsx
Institute of Technology Georgia - Pettit Microelectronics Center project capital expenditure (SEMI WFF),,资本开支,SEMI WFF 工厂级资本开支观测。,15,USD million,project,project_total_cost,美洲,Other,/Users/simon/Documents/Simon-OB/本体论/base/半导体/SEMI_WFF_2026_1Q.xlsx,Institute of Technology Georgia,,,Institute of Technology Georgia - Pettit Microelectronics Center,2462,Company Detail,file:///Users/simon/Documents/Simon-OB/%E6%9C%AC%E4%BD%93%E8%AE%BA/base/%E5%8D%8A%E5%AF%BC%E4%BD%93/SEMI_WFF_2026_1Q.xlsx
"Integral, Research and Production Corporation - 200mm Pilot project capital expenditure (SEMI WFF)",,资本开支,SEMI WFF 工厂级资本开支观测。,60,USD million,project,project_total_cost,Europe & Mideast,Other,/Users/simon/Documents/Simon-OB/本体论/base/半导体/SEMI_WFF_2026_1Q.xlsx,"Integral, Research and Production Corporation",,,"Integral, Research and Production Corporation - 200mm Pilot",2428,Company Detail,file:///Users/simon/Documents/Simon-OB/%E6%9C%AC%E4%BD%93%E8%AE%BA/base/%E5%8D%8A%E5%AF%BC%E4%BD%93/SEMI_WFF_2026_1Q.xlsx
"Integral, Research and Production Corporation - Semiconductor Device Factory project capital expenditure (SEMI WFF)",,资本开支,SEMI WFF 工厂级资本开支观测。,40,USD million,project,project_total_cost,Europe & Mideast,Discrete,/Users/simon/Documents/Simon-OB/本体论/base/半导体/SEMI_WFF_2026_1Q.xlsx,"Integral, Research and Production Corporation",,,"Integral, Research and Production Corporation - Semiconductor Device Factory",385,Company Detail,file:///Users/simon/Documents/Simon-OB/%E6%9C%AC%E4%BD%93%E8%AE%BA/base/%E5%8D%8A%E5%AF%BC%E4%BD%93/SEMI_WFF_2026_1Q.xlsx
"Integral, Research and Production Corporation - Integrated Circuit (Transistor Plant) project capital expenditure (SEMI WFF)",,资本开支,SEMI WFF 工厂级资本开支观测。,300,USD million,project,project_total_cost,Europe & Mideast,Discrete,/Users/simon/Documents/Simon-OB/本体论/base/半导体/SEMI_WFF_2026_1Q.xlsx,"Integral, Research and Production Corporation",,,"Integral, Research and Production Corporation - Integrated Circuit (Transistor Plant)",1488,Company Detail,file:///Users/simon/Documents/Simon-OB/%E6%9C%AC%E4%BD%93%E8%AE%BA/base/%E5%8D%8A%E5%AF%BC%E4%BD%93/SEMI_WFF_2026_1Q.xlsx
Intel - Fab 10 (was IFO) project capital expenditure (SEMI WFF),,资本开支,SEMI WFF 工厂级资本开支观测。,500,USD million,project,project_total_cost,Europe & Mideast,Logic&Micro,/Users/simon/Documents/Simon-OB/本体论/base/半导体/SEMI_WFF_2026_1Q.xlsx,Intel,,,Intel - Fab 10 (was IFO),404,Company Detail,file:///Users/simon/Documents/Simon-OB/%E6%9C%AC%E4%BD%93%E8%AE%BA/base/%E5%8D%8A%E5%AF%BC%E4%BD%93/SEMI_WFF_2026_1Q.xlsx
Intel - Fab 38 Phase 1 (new Fab Israel) project capital expenditure (SEMI WFF),,资本开支,SEMI WFF 工厂级资本开支观测。,18900,USD million,project,project_total_cost,Europe & Mideast,Logic&Micro,/Users/simon/Documents/Simon-OB/本体论/base/半导体/SEMI_WFF_2026_1Q.xlsx,Intel,,,Intel - Fab 38 Phase 1 (new Fab Israel),5081,Project Spending,file:///Users/simon/Documents/Simon-OB/%E6%9C%AC%E4%BD%93%E8%AE%BA/base/%E5%8D%8A%E5%AF%BC%E4%BD%93/SEMI_WFF_2026_1Q.xlsx
Intel - Fab 34 (Module 1 + 2) Intel-Apollo JV project capital expenditure (SEMI WFF),,资本开支,SEMI WFF 工厂级资本开支观测。,16560,USD million,project,project_total_cost,Europe & Mideast,Logic&Micro,/Users/simon/Documents/Simon-OB/本体论/base/半导体/SEMI_WFF_2026_1Q.xlsx,Intel,,,Intel - Fab 34 (Module 1 + 2) Intel-Apollo JV,3920,Project Spending,file:///Users/simon/Documents/Simon-OB/%E6%9C%AC%E4%BD%93%E8%AE%BA/base/%E5%8D%8A%E5%AF%BC%E4%BD%93/SEMI_WFF_2026_1Q.xlsx
Intel - Fab 24 (+ Fab 14 combined) project capital expenditure (SEMI WFF),,资本开支,SEMI WFF 工厂级资本开支观测。,360,USD million,project,project_total_cost,Europe & Mideast,Logic&Micro,/Users/simon/Documents/Simon-OB/本体论/base/半导体/SEMI_WFF_2026_1Q.xlsx,Intel,,,Intel - Fab 24 (+ Fab 14 combined),1802,Project Spending,file:///Users/simon/Documents/Simon-OB/%E6%9C%AC%E4%BD%93%E8%AE%BA/base/%E5%8D%8A%E5%AF%BC%E4%BD%93/SEMI_WFF_2026_1Q.xlsx
Intel - Fab 9 (3D Advanced Packaging) project capital expenditure (SEMI WFF),,资本开支,SEMI WFF 工厂级资本开支观测。,1000,USD million,project,project_total_cost,美洲,Other,/Users/simon/Documents/Simon-OB/本体论/base/半导体/SEMI_WFF_2026_1Q.xlsx,Intel,,,Intel - Fab 9 (3D Advanced Packaging),387,Company Detail,file:///Users/simon/Documents/Simon-OB/%E6%9C%AC%E4%BD%93%E8%AE%BA/base/%E5%8D%8A%E5%AF%BC%E4%BD%93/SEMI_WFF_2026_1Q.xlsx
Intel - RP1 project capital expenditure (SEMI WFF),,资本开支,SEMI WFF 工厂级资本开支观测。,400,USD million,project,project_total_cost,美洲,Other,/Users/simon/Documents/Simon-OB/本体论/base/半导体/SEMI_WFF_2026_1Q.xlsx,Intel,,,Intel - RP1,1866,Company Detail,file:///Users/simon/Documents/Simon-OB/%E6%9C%AC%E4%BD%93%E8%AE%BA/base/%E5%8D%8A%E5%AF%BC%E4%BD%93/SEMI_WFF_2026_1Q.xlsx
Intel - D1X Module 4 project capital expenditure (SEMI WFF),,资本开支,SEMI WFF 工厂级资本开支观测。,11400,USD million,project,project_total_cost,美洲,Logic&Micro,/Users/simon/Documents/Simon-OB/本体论/base/半导体/SEMI_WFF_2026_1Q.xlsx,Intel,,,Intel - D1X Module 4,6475,Project Spending,file:///Users/simon/Documents/Simon-OB/%E6%9C%AC%E4%BD%93%E8%AE%BA/base/%E5%8D%8A%E5%AF%BC%E4%BD%93/SEMI_WFF_2026_1Q.xlsx
Intel - Fab 52 project capital expenditure (SEMI WFF),,资本开支,SEMI WFF 工厂级资本开支观测。,19300,USD million,project,project_total_cost,美洲,Logic&Micro,/Users/simon/Documents/Simon-OB/本体论/base/半导体/SEMI_WFF_2026_1Q.xlsx,Intel,,,Intel - Fab 52,6219,Project Spending,file:///Users/simon/Documents/Simon-OB/%E6%9C%AC%E4%BD%93%E8%AE%BA/base/%E5%8D%8A%E5%AF%BC%E4%BD%93/SEMI_WFF_2026_1Q.xlsx
Intel - Fab 62 project capital expenditure (SEMI WFF),,资本开支,SEMI WFF 工厂级资本开支观测。,18920,USD million,project,project_total_cost,美洲,Logic&Micro,/Users/simon/Documents/Simon-OB/本体论/base/半导体/SEMI_WFF_2026_1Q.xlsx,Intel,,,Intel - Fab 62,6220,Project Spending,file:///Users/simon/Documents/Simon-OB/%E6%9C%AC%E4%BD%93%E8%AE%BA/base/%E5%8D%8A%E5%AF%BC%E4%BD%93/SEMI_WFF_2026_1Q.xlsx
Intel - Fab 27 - Mod 2 (Ohio) project capital expenditure (SEMI WFF),,资本开支,SEMI WFF 工厂级资本开支观测。,21865,USD million,project,project_total_cost,美洲,Logic&Micro,/Users/simon/Documents/Simon-OB/本体论/base/半导体/SEMI_WFF_2026_1Q.xlsx,Intel,,,Intel - Fab 27 - Mod 2 (Ohio),6272,Project Spending,file:///Users/simon/Documents/Simon-OB/%E6%9C%AC%E4%BD%93%E8%AE%BA/base/%E5%8D%8A%E5%AF%BC%E4%BD%93/SEMI_WFF_2026_1Q.xlsx
Intel - Fab 38 Phase 2 project capital expenditure (SEMI WFF),,资本开支,SEMI WFF 工厂级资本开支观测。,15860,USD million,project,project_total_cost,Europe & Mideast,Logic&Micro,/Users/simon/Documents/Simon-OB/本体论/base/半导体/SEMI_WFF_2026_1Q.xlsx,Intel,,,Intel - Fab 38 Phase 2,6274,Project Spending,file:///Users/simon/Documents/Simon-OB/%E6%9C%AC%E4%BD%93%E8%AE%BA/base/%E5%8D%8A%E5%AF%BC%E4%BD%93/SEMI_WFF_2026_1Q.xlsx
Intel - Fab 27 - Mod 1 (Ohio) project capital expenditure (SEMI WFF),,资本开支,SEMI WFF 工厂级资本开支观测。,22310,USD million,project,project_total_cost,美洲,Logic&Micro,/Users/simon/Documents/Simon-OB/本体论/base/半导体/SEMI_WFF_2026_1Q.xlsx,Intel,,,Intel - Fab 27 - Mod 1 (Ohio),6246,Project Spending,file:///Users/simon/Documents/Simon-OB/%E6%9C%AC%E4%BD%93%E8%AE%BA/base/%E5%8D%8A%E5%AF%BC%E4%BD%93/SEMI_WFF_2026_1Q.xlsx
Intel - D1X Support MSB2 project capital expenditure (SEMI WFF),,资本开支,SEMI WFF 工厂级资本开支观测。,2750,USD million,project,project_total_cost,美洲,Logic&Micro,/Users/simon/Documents/Simon-OB/本体论/base/半导体/SEMI_WFF_2026_1Q.xlsx,Intel,,,Intel - D1X Support MSB2,6562,Project Spending,file:///Users/simon/Documents/Simon-OB/%E6%9C%AC%E4%BD%93%E8%AE%BA/base/%E5%8D%8A%E5%AF%BC%E4%BD%93/SEMI_WFF_2026_1Q.xlsx
IntelliEPI Inc. - Tianjin fab project capital expenditure (SEMI WFF),,资本开支,SEMI WFF 工厂级资本开支观测。,15,USD million,project,project_total_cost,中国,EPI,/Users/simon/Documents/Simon-OB/本体论/base/半导体/SEMI_WFF_2026_1Q.xlsx,IntelliEPI Inc.,,,IntelliEPI Inc. - Tianjin fab,5051,Company Detail,file:///Users/simon/Documents/Simon-OB/%E6%9C%AC%E4%BD%93%E8%AE%BA/base/%E5%8D%8A%E5%AF%BC%E4%BD%93/SEMI_WFF_2026_1Q.xlsx
IntelliEPI Inc. - Ridgemont fab & HQ project capital expenditure (SEMI WFF),,资本开支,SEMI WFF 工厂级资本开支观测。,40,USD million,project,project_total_cost,美洲,EPI,/Users/simon/Documents/Simon-OB/本体论/base/半导体/SEMI_WFF_2026_1Q.xlsx,IntelliEPI Inc.,,,IntelliEPI Inc. - Ridgemont fab & HQ,5050,Company Detail,file:///Users/simon/Documents/Simon-OB/%E6%9C%AC%E4%BD%93%E8%AE%BA/base/%E5%8D%8A%E5%AF%BC%E4%BD%93/SEMI_WFF_2026_1Q.xlsx
IntelliEPI Inc. - Richardson fab project capital expenditure (SEMI WFF),,资本开支,SEMI WFF 工厂级资本开支观测。,30,USD million,project,project_total_cost,美洲,EPI,/Users/simon/Documents/Simon-OB/本体论/base/半导体/SEMI_WFF_2026_1Q.xlsx,IntelliEPI Inc.,,,IntelliEPI Inc. - Richardson fab,3589,Company Detail,file:///Users/simon/Documents/Simon-OB/%E6%9C%AC%E4%BD%93%E8%AE%BA/base/%E5%8D%8A%E5%AF%BC%E4%BD%93/SEMI_WFF_2026_1Q.xlsx
Inventchip Technology - Yiwu Fab1 project capital expenditure (SEMI WFF),,资本开支,SEMI WFF 工厂级资本开支观测。,245,USD million,project,project_total_cost,中国,Discrete,/Users/simon/Documents/Simon-OB/本体论/base/半导体/SEMI_WFF_2026_1Q.xlsx,Inventchip Technology,,,Inventchip Technology - Yiwu Fab1,6576,Project Spending,file:///Users/simon/Documents/Simon-OB/%E6%9C%AC%E4%BD%93%E8%AE%BA/base/%E5%8D%8A%E5%AF%BC%E4%BD%93/SEMI_WFF_2026_1Q.xlsx
IPG - Wafer Fab (4-inch line) project capital expenditure (SEMI WFF),,资本开支,SEMI WFF 工厂级资本开支观测。,44,USD million,project,project_total_cost,美洲,Opto,/Users/simon/Documents/Simon-OB/本体论/base/半导体/SEMI_WFF_2026_1Q.xlsx,IPG,,,IPG - Wafer Fab (4-inch line),6192,Company Detail,file:///Users/simon/Documents/Simon-OB/%E6%9C%AC%E4%BD%93%E8%AE%BA/base/%E5%8D%8A%E5%AF%BC%E4%BD%93/SEMI_WFF_2026_1Q.xlsx
IQE plc - IQE Taiwan project capital expenditure (SEMI WFF),,资本开支,SEMI WFF 工厂级资本开支观测。,23,USD million,project,project_total_cost,中国台湾,EPI,/Users/simon/Documents/Simon-OB/本体论/base/半导体/SEMI_WFF_2026_1Q.xlsx,IQE plc,,,IQE plc - IQE Taiwan,6701,Company Detail,file:///Users/simon/Documents/Simon-OB/%E6%9C%AC%E4%BD%93%E8%AE%BA/base/%E5%8D%8A%E5%AF%BC%E4%BD%93/SEMI_WFF_2026_1Q.xlsx
IQE plc - IQE North Carolina (was RFMD Fab 2 MBE) project capital expenditure (SEMI WFF),,资本开支,SEMI WFF 工厂级资本开支观测。,40,USD million,project,project_total_cost,美洲,EPI,/Users/simon/Documents/Simon-OB/本体论/base/半导体/SEMI_WFF_2026_1Q.xlsx,IQE plc,,,IQE plc - IQE North Carolina (was RFMD Fab 2 MBE),3868,Company Detail,file:///Users/simon/Documents/Simon-OB/%E6%9C%AC%E4%BD%93%E8%AE%BA/base/%E5%8D%8A%E5%AF%BC%E4%BD%93/SEMI_WFF_2026_1Q.xlsx
IQE plc - Somerset (was Emcore) project capital expenditure (SEMI WFF),,资本开支,SEMI WFF 工厂级资本开支观测。,25,USD million,project,project_total_cost,美洲,EPI,/Users/simon/Documents/Simon-OB/本体论/base/半导体/SEMI_WFF_2026_1Q.xlsx,IQE plc,,,IQE plc - Somerset (was Emcore),2333,Company Detail,file:///Users/simon/Documents/Simon-OB/%E6%9C%AC%E4%BD%93%E8%AE%BA/base/%E5%8D%8A%E5%AF%BC%E4%BD%93/SEMI_WFF_2026_1Q.xlsx
IQE plc - Taunton 2 project capital expenditure (SEMI WFF),,资本开支,SEMI WFF 工厂级资本开支观测。,50,USD million,project,project_total_cost,美洲,EPI,/Users/simon/Documents/Simon-OB/本体论/base/半导体/SEMI_WFF_2026_1Q.xlsx,IQE plc,,,IQE plc - Taunton 2,3153,Company Detail,file:///Users/simon/Documents/Simon-OB/%E6%9C%AC%E4%BD%93%E8%AE%BA/base/%E5%8D%8A%E5%AF%BC%E4%BD%93/SEMI_WFF_2026_1Q.xlsx
IQE plc - Taunton project capital expenditure (SEMI WFF),,资本开支,SEMI WFF 工厂级资本开支观测。,50,USD million,project,project_total_cost,美洲,EPI,/Users/simon/Documents/Simon-OB/本体论/base/半导体/SEMI_WFF_2026_1Q.xlsx,IQE plc,,,IQE plc - Taunton,3152,Company Detail,file:///Users/simon/Documents/Simon-OB/%E6%9C%AC%E4%BD%93%E8%AE%BA/base/%E5%8D%8A%E5%AF%BC%E4%BD%93/SEMI_WFF_2026_1Q.xlsx
ISS- Integrated Sensing Systems - Fab (2 cleanrooms) project capital expenditure (SEMI WFF),,资本开支,SEMI WFF 工厂级资本开支观测。,30,USD million,project,project_total_cost,美洲,MEMS,/Users/simon/Documents/Simon-OB/本体论/base/半导体/SEMI_WFF_2026_1Q.xlsx,ISS- Integrated Sensing Systems,,,ISS- Integrated Sensing Systems - Fab (2 cleanrooms),2120,Company Detail,file:///Users/simon/Documents/Simon-OB/%E6%9C%AC%E4%BD%93%E8%AE%BA/base/%E5%8D%8A%E5%AF%BC%E4%BD%93/SEMI_WFF_2026_1Q.xlsx
Istok - 6-inch (new) project capital expenditure (SEMI WFF),,资本开支,SEMI WFF 工厂级资本开支观测。,35,USD million,project,project_total_cost,Europe & Mideast,Discrete,/Users/simon/Documents/Simon-OB/本体论/base/半导体/SEMI_WFF_2026_1Q.xlsx,Istok,,,Istok - 6-inch (new),2481,Company Detail,file:///Users/simon/Documents/Simon-OB/%E6%9C%AC%E4%BD%93%E8%AE%BA/base/%E5%8D%8A%E5%AF%BC%E4%BD%93/SEMI_WFF_2026_1Q.xlsx
IXYS Corporation - Westcode project capital expenditure (SEMI WFF),,资本开支,SEMI WFF 工厂级资本开支观测。,30,USD million,project,project_total_cost,Europe & Mideast,Discrete,/Users/simon/Documents/Simon-OB/本体论/base/半导体/SEMI_WFF_2026_1Q.xlsx,IXYS Corporation,,,IXYS Corporation - Westcode,1196,Company Detail,file:///Users/simon/Documents/Simon-OB/%E6%9C%AC%E4%BD%93%E8%AE%BA/base/%E5%8D%8A%E5%AF%BC%E4%BD%93/SEMI_WFF_2026_1Q.xlsx
IXYS Corporation - Fab 1 project capital expenditure (SEMI WFF),,资本开支,SEMI WFF 工厂级资本开支观测。,20,USD million,project,project_total_cost,Europe & Mideast,Discrete,/Users/simon/Documents/Simon-OB/本体论/base/半导体/SEMI_WFF_2026_1Q.xlsx,IXYS Corporation,,,IXYS Corporation - Fab 1,1,Company Detail,file:///Users/simon/Documents/Simon-OB/%E6%9C%AC%E4%BD%93%E8%AE%BA/base/%E5%8D%8A%E5%AF%BC%E4%BD%93/SEMI_WFF_2026_1Q.xlsx
IXYS Corporation - Fab 2 project capital expenditure (SEMI WFF),,资本开支,SEMI WFF 工厂级资本开支观测。,20,USD million,project,project_total_cost,美洲,Discrete,/Users/simon/Documents/Simon-OB/本体论/base/半导体/SEMI_WFF_2026_1Q.xlsx,IXYS Corporation,,,IXYS Corporation - Fab 2,1558,Company Detail,file:///Users/simon/Documents/Simon-OB/%E6%9C%AC%E4%BD%93%E8%AE%BA/base/%E5%8D%8A%E5%AF%BC%E4%BD%93/SEMI_WFF_2026_1Q.xlsx
Japan Semiconductor - Oita C-Cubed 2 (110 Bldg) project capital expenditure (SEMI WFF),,资本开支,SEMI WFF 工厂级资本开支观测。,75,USD million,project,project_total_cost,日本,Discrete,/Users/simon/Documents/Simon-OB/本体论/base/半导体/SEMI_WFF_2026_1Q.xlsx,Japan Semiconductor,,,Japan Semiconductor - Oita C-Cubed 2 (110 Bldg),1122,Company Detail,file:///Users/simon/Documents/Simon-OB/%E6%9C%AC%E4%BD%93%E8%AE%BA/base/%E5%8D%8A%E5%AF%BC%E4%BD%93/SEMI_WFF_2026_1Q.xlsx
Japan Semiconductor - Oita C-Cubed 4 + OTSS + Annex project capital expenditure (SEMI WFF),,资本开支,SEMI WFF 工厂级资本开支观测。,107.5,USD million,project,project_total_cost,日本,Logic&Micro,/Users/simon/Documents/Simon-OB/本体论/base/半导体/SEMI_WFF_2026_1Q.xlsx,Japan Semiconductor,,,Japan Semiconductor - Oita C-Cubed 4 + OTSS + Annex,1130,Project Spending,file:///Users/simon/Documents/Simon-OB/%E6%9C%AC%E4%BD%93%E8%AE%BA/base/%E5%8D%8A%E5%AF%BC%E4%BD%93/SEMI_WFF_2026_1Q.xlsx
Japan Semiconductor - Oita C-Cubed 3 (110 Bldg) project capital expenditure (SEMI WFF),,资本开支,SEMI WFF 工厂级资本开支观测。,70.5,USD million,project,project_total_cost,日本,Logic&Micro,/Users/simon/Documents/Simon-OB/本体论/base/半导体/SEMI_WFF_2026_1Q.xlsx,Japan Semiconductor,,,Japan Semiconductor - Oita C-Cubed 3 (110 Bldg),1127,Project Spending,file:///Users/simon/Documents/Simon-OB/%E6%9C%AC%E4%BD%93%E8%AE%BA/base/%E5%8D%8A%E5%AF%BC%E4%BD%93/SEMI_WFF_2026_1Q.xlsx
Japan Semiconductor Manufacturing Corporation (JSMC) - JSMC Fab 1 project capital expenditure (SEMI WFF),,资本开支,SEMI WFF 工厂级资本开支观测。,5300,USD million,project,project_total_cost,日本,Logic&Micro,/Users/simon/Documents/Simon-OB/本体论/base/半导体/SEMI_WFF_2026_1Q.xlsx,Japan Semiconductor Manufacturing Corporation (JSMC),,,Japan Semiconductor Manufacturing Corporation (JSMC) - JSMC Fab 1,6500,Project Spending,file:///Users/simon/Documents/Simon-OB/%E6%9C%AC%E4%BD%93%E8%AE%BA/base/%E5%8D%8A%E5%AF%BC%E4%BD%93/SEMI_WFF_2026_1Q.xlsx
JENOPTIK Diode Lab GmbH - Berlin-Adlershof project capital expenditure (SEMI WFF),,资本开支,SEMI WFF 工厂级资本开支观测。,25,USD million,project,project_total_cost,Europe & Mideast,Opto,/Users/simon/Documents/Simon-OB/本体论/base/半导体/SEMI_WFF_2026_1Q.xlsx,JENOPTIK Diode Lab GmbH,,,JENOPTIK Diode Lab GmbH - Berlin-Adlershof,2190,Company Detail,file:///Users/simon/Documents/Simon-OB/%E6%9C%AC%E4%BD%93%E8%AE%BA/base/%E5%8D%8A%E5%AF%BC%E4%BD%93/SEMI_WFF_2026_1Q.xlsx
JENOPTIK Diode Lab GmbH - TESAG project capital expenditure (SEMI WFF),,资本开支,SEMI WFF 工厂级资本开支观测。,10,USD million,project,project_total_cost,Europe & Mideast,EPI,/Users/simon/Documents/Simon-OB/本体论/base/半导体/SEMI_WFF_2026_1Q.xlsx,JENOPTIK Diode Lab GmbH,,,JENOPTIK Diode Lab GmbH - TESAG,2489,Company Detail,file:///Users/simon/Documents/Simon-OB/%E6%9C%AC%E4%BD%93%E8%AE%BA/base/%E5%8D%8A%E5%AF%BC%E4%BD%93/SEMI_WFF_2026_1Q.xlsx
"JENOPTIK Optical Systems, Inc - Fab 1 project capital expenditure (SEMI WFF)",,资本开支,SEMI WFF 工厂级资本开支观测。,75,USD million,project,project_total_cost,美洲,MEMS,/Users/simon/Documents/Simon-OB/本体论/base/半导体/SEMI_WFF_2026_1Q.xlsx,"JENOPTIK Optical Systems, Inc",,,"JENOPTIK Optical Systems, Inc - Fab 1",2119,Company Detail,file:///Users/simon/Documents/Simon-OB/%E6%9C%AC%E4%BD%93%E8%AE%BA/base/%E5%8D%8A%E5%AF%BC%E4%BD%93/SEMI_WFF_2026_1Q.xlsx
Jiangsu Advanced Memory Semiconductor Corp. - PCM fab project capital expenditure (SEMI WFF),,资本开支,SEMI WFF 工厂级资本开支观测。,250,USD million,project,project_total_cost,中国,Memory,/Users/simon/Documents/Simon-OB/本体论/base/半导体/SEMI_WFF_2026_1Q.xlsx,Jiangsu Advanced Memory Semiconductor Corp.,,,Jiangsu Advanced Memory Semiconductor Corp. - PCM fab,4943,Company Detail,file:///Users/simon/Documents/Simon-OB/%E6%9C%AC%E4%BD%93%E8%AE%BA/base/%E5%8D%8A%E5%AF%BC%E4%BD%93/SEMI_WFF_2026_1Q.xlsx
Jiangsu CAS-IGBT Technology - LFoundry S.r.l (was Micron Fab 9 MIT) project capital expenditure (SEMI WFF),,资本开支,SEMI WFF 工厂级资本开支观测。,120,USD million,project,project_total_cost,Europe & Mideast,Analog,/Users/simon/Documents/Simon-OB/本体论/base/半导体/SEMI_WFF_2026_1Q.xlsx,Jiangsu CAS-IGBT Technology,,,Jiangsu CAS-IGBT Technology - LFoundry S.r.l (was Micron Fab 9 MIT),1061,Project Spending,file:///Users/simon/Documents/Simon-OB/%E6%9C%AC%E4%BD%93%E8%AE%BA/base/%E5%8D%8A%E5%AF%BC%E4%BD%93/SEMI_WFF_2026_1Q.xlsx
Jiangsu E-lite Semiconductor - E-lite fab project capital expenditure (SEMI WFF),,资本开支,SEMI WFF 工厂级资本开支观测。,20,USD million,project,project_total_cost,中国,Opto,/Users/simon/Documents/Simon-OB/本体论/base/半导体/SEMI_WFF_2026_1Q.xlsx,Jiangsu E-lite Semiconductor,,,Jiangsu E-lite Semiconductor - E-lite fab,3561,Company Detail,file:///Users/simon/Documents/Simon-OB/%E6%9C%AC%E4%BD%93%E8%AE%BA/base/%E5%8D%8A%E5%AF%BC%E4%BD%93/SEMI_WFF_2026_1Q.xlsx
"Jiangsu JieJie Microelectronics Co.,Ltd. - Fab 2 project capital expenditure (SEMI WFF)",,资本开支,SEMI WFF 工厂级资本开支观测。,32,USD million,project,project_total_cost,中国,Discrete,/Users/simon/Documents/Simon-OB/本体论/base/半导体/SEMI_WFF_2026_1Q.xlsx,"Jiangsu JieJie Microelectronics Co.,Ltd.",,,"Jiangsu JieJie Microelectronics Co.,Ltd. - Fab 2",3357,Company Detail,file:///Users/simon/Documents/Simon-OB/%E6%9C%AC%E4%BD%93%E8%AE%BA/base/%E5%8D%8A%E5%AF%BC%E4%BD%93/SEMI_WFF_2026_1Q.xlsx
"Jiangsu JieJie Microelectronics Co.,Ltd. - Fab 1 project capital expenditure (SEMI WFF)",,资本开支,SEMI WFF 工厂级资本开支观测。,16,USD million,project,project_total_cost,中国,Discrete,/Users/simon/Documents/Simon-OB/本体论/base/半导体/SEMI_WFF_2026_1Q.xlsx,"Jiangsu JieJie Microelectronics Co.,Ltd.",,,"Jiangsu JieJie Microelectronics Co.,Ltd. - Fab 1",3356,Company Detail,file:///Users/simon/Documents/Simon-OB/%E6%9C%AC%E4%BD%93%E8%AE%BA/base/%E5%8D%8A%E5%AF%BC%E4%BD%93/SEMI_WFF_2026_1Q.xlsx
"Jiangsu JieJie Microelectronics Co.,Ltd. - Nantong 150mm line project capital expenditure (SEMI WFF)",,资本开支,SEMI WFF 工厂级资本开支观测。,600,USD million,project,project_total_cost,中国,Discrete,/Users/simon/Documents/Simon-OB/本体论/base/半导体/SEMI_WFF_2026_1Q.xlsx,"Jiangsu JieJie Microelectronics Co.,Ltd.",,,"Jiangsu JieJie Microelectronics Co.,Ltd. - Nantong 150mm line",6226,Project Spending,file:///Users/simon/Documents/Simon-OB/%E6%9C%AC%E4%BD%93%E8%AE%BA/base/%E5%8D%8A%E5%AF%BC%E4%BD%93/SEMI_WFF_2026_1Q.xlsx
"Jiangxi Lianovation Optoelecronics Science & Technology Co.,Ltd. - Sunrise LED project capital expenditure (SEMI WFF)",,资本开支,SEMI WFF 工厂级资本开支观测。,15,USD million,project,project_total_cost,中国,Opto,/Users/simon/Documents/Simon-OB/本体论/base/半导体/SEMI_WFF_2026_1Q.xlsx,"Jiangxi Lianovation Optoelecronics Science & Technology Co.,Ltd.",,,"Jiangxi Lianovation Optoelecronics Science & Technology Co.,Ltd. - Sunrise LED",3156,Company Detail,file:///Users/simon/Documents/Simon-OB/%E6%9C%AC%E4%BD%93%E8%AE%BA/base/%E5%8D%8A%E5%AF%BC%E4%BD%93/SEMI_WFF_2026_1Q.xlsx
Jiangxi Yuhongjin Material Technology (YHJ) - Fab 1 (Fuzhou) project capital expenditure (SEMI WFF),,资本开支,SEMI WFF 工厂级资本开支观测。,100,USD million,project,project_total_cost,中国,Discrete,/Users/simon/Documents/Simon-OB/本体论/base/半导体/SEMI_WFF_2026_1Q.xlsx,Jiangxi Yuhongjin Material Technology (YHJ),,,Jiangxi Yuhongjin Material Technology (YHJ) - Fab 1 (Fuzhou),6528,Company Detail,file:///Users/simon/Documents/Simon-OB/%E6%9C%AC%E4%BD%93%E8%AE%BA/base/%E5%8D%8A%E5%AF%BC%E4%BD%93/SEMI_WFF_2026_1Q.xlsx
Jiaxing Boncom-Semi - Jiaxing project capital expenditure (SEMI WFF),,资本开支,SEMI WFF 工厂级资本开支观测。,20,USD million,project,project_total_cost,中国,Discrete,/Users/simon/Documents/Simon-OB/本体论/base/半导体/SEMI_WFF_2026_1Q.xlsx,Jiaxing Boncom-Semi,,,Jiaxing Boncom-Semi - Jiaxing,6639,Company Detail,file:///Users/simon/Documents/Simon-OB/%E6%9C%AC%E4%BD%93%E8%AE%BA/base/%E5%8D%8A%E5%AF%BC%E4%BD%93/SEMI_WFF_2026_1Q.xlsx
Jilin Sino-Microelectronics Co. Ltd. - 4-inch project capital expenditure (SEMI WFF),,资本开支,SEMI WFF 工厂级资本开支观测。,27.5,USD million,project,project_total_cost,中国,Discrete,/Users/simon/Documents/Simon-OB/本体论/base/半导体/SEMI_WFF_2026_1Q.xlsx,Jilin Sino-Microelectronics Co. Ltd.,,,Jilin Sino-Microelectronics Co. Ltd. - 4-inch,1991,Project Spending,file:///Users/simon/Documents/Simon-OB/%E6%9C%AC%E4%BD%93%E8%AE%BA/base/%E5%8D%8A%E5%AF%BC%E4%BD%93/SEMI_WFF_2026_1Q.xlsx
Jilin Sino-Microelectronics Co. Ltd. - 8-inch project capital expenditure (SEMI WFF),,资本开支,SEMI WFF 工厂级资本开支观测。,135,USD million,project,project_total_cost,中国,Discrete,/Users/simon/Documents/Simon-OB/本体论/base/半导体/SEMI_WFF_2026_1Q.xlsx,Jilin Sino-Microelectronics Co. Ltd.,,,Jilin Sino-Microelectronics Co. Ltd. - 8-inch,5097,Company Detail,file:///Users/simon/Documents/Simon-OB/%E6%9C%AC%E4%BD%93%E8%AE%BA/base/%E5%8D%8A%E5%AF%BC%E4%BD%93/SEMI_WFF_2026_1Q.xlsx
JiuFengShan Lab (JFS Lab) - JFS Lab 8inch line project capital expenditure (SEMI WFF),,资本开支,SEMI WFF 工厂级资本开支观测。,275,USD million,project,project_total_cost,中国,Other,/Users/simon/Documents/Simon-OB/本体论/base/半导体/SEMI_WFF_2026_1Q.xlsx,JiuFengShan Lab (JFS Lab),,,JiuFengShan Lab (JFS Lab) - JFS Lab 8inch line,6496,Company Detail,file:///Users/simon/Documents/Simon-OB/%E6%9C%AC%E4%BD%93%E8%AE%BA/base/%E5%8D%8A%E5%AF%BC%E4%BD%93/SEMI_WFF_2026_1Q.xlsx
JTC Corporation - SemiconSpace Phase 1 (unit 1+2) Wafer processing project capital expenditure (SEMI WFF),,资本开支,SEMI WFF 工厂级资本开支观测。,310,USD million,project,project_total_cost,SE Asia,Discrete,/Users/simon/Documents/Simon-OB/本体论/base/半导体/SEMI_WFF_2026_1Q.xlsx,JTC Corporation,,,JTC Corporation - SemiconSpace Phase 1 (unit 1+2) Wafer processing,6143,Project Spending,file:///Users/simon/Documents/Simon-OB/%E6%9C%AC%E4%BD%93%E8%AE%BA/base/%E5%8D%8A%E5%AF%BC%E4%BD%93/SEMI_WFF_2026_1Q.xlsx
"Kaiam - PLC Fab (was Gemfire, was Avanex, was Alcatel) project capital expenditure (SEMI WFF)",,资本开支,SEMI WFF 工厂级资本开支观测。,65,USD million,project,project_total_cost,Europe & Mideast,MEMS,/Users/simon/Documents/Simon-OB/本体论/base/半导体/SEMI_WFF_2026_1Q.xlsx,Kaiam,,,"Kaiam - PLC Fab (was Gemfire, was Avanex, was Alcatel)",1787,Company Detail,file:///Users/simon/Documents/Simon-OB/%E6%9C%AC%E4%BD%93%E8%AE%BA/base/%E5%8D%8A%E5%AF%BC%E4%BD%93/SEMI_WFF_2026_1Q.xlsx
"KEC Corporation - 5"" Line project capital expenditure (SEMI WFF)",,资本开支,SEMI WFF 工厂级资本开支观测。,45,USD million,project,project_total_cost,韩国,Discrete,/Users/simon/Documents/Simon-OB/本体论/base/半导体/SEMI_WFF_2026_1Q.xlsx,KEC Corporation,,,"KEC Corporation - 5"" Line",444,Company Detail,file:///Users/simon/Documents/Simon-OB/%E6%9C%AC%E4%BD%93%E8%AE%BA/base/%E5%8D%8A%E5%AF%BC%E4%BD%93/SEMI_WFF_2026_1Q.xlsx
KEC Corporation - KEC-C project capital expenditure (SEMI WFF),,资本开支,SEMI WFF 工厂级资本开支观测。,10,USD million,project,project_total_cost,中国,Discrete,/Users/simon/Documents/Simon-OB/本体论/base/半导体/SEMI_WFF_2026_1Q.xlsx,KEC Corporation,,,KEC Corporation - KEC-C,3104,Company Detail,file:///Users/simon/Documents/Simon-OB/%E6%9C%AC%E4%BD%93%E8%AE%BA/base/%E5%8D%8A%E5%AF%BC%E4%BD%93/SEMI_WFF_2026_1Q.xlsx
Kioxia/WD (was Flash Alliance) - Fab 7 Phase 1 project capital expenditure (SEMI WFF),,资本开支,SEMI WFF 工厂级资本开支观测。,4900,USD million,project,project_total_cost,日本,Memory,/Users/simon/Documents/Simon-OB/本体论/base/半导体/SEMI_WFF_2026_1Q.xlsx,Kioxia/WD (was Flash Alliance),,,Kioxia/WD (was Flash Alliance) - Fab 7 Phase 1,5007,Project Spending,file:///Users/simon/Documents/Simon-OB/%E6%9C%AC%E4%BD%93%E8%AE%BA/base/%E5%8D%8A%E5%AF%BC%E4%BD%93/SEMI_WFF_2026_1Q.xlsx
Kioxia/WD (was Flash Alliance) - K1 (P1+P2) project capital expenditure (SEMI WFF),,资本开支,SEMI WFF 工厂级资本开支观测。,11100,USD million,project,project_total_cost,日本,Memory,/Users/simon/Documents/Simon-OB/本体论/base/半导体/SEMI_WFF_2026_1Q.xlsx,Kioxia/WD (was Flash Alliance),,,Kioxia/WD (was Flash Alliance) - K1 (P1+P2),2453,Project Spending,file:///Users/simon/Documents/Simon-OB/%E6%9C%AC%E4%BD%93%E8%AE%BA/base/%E5%8D%8A%E5%AF%BC%E4%BD%93/SEMI_WFF_2026_1Q.xlsx
Kioxia/WD (was Flash Alliance) - Fab 1 project capital expenditure (SEMI WFF),,资本开支,SEMI WFF 工厂级资本开支观测。,450,USD million,project,project_total_cost,日本,Other,/Users/simon/Documents/Simon-OB/本体论/base/半导体/SEMI_WFF_2026_1Q.xlsx,Kioxia/WD (was Flash Alliance),,,Kioxia/WD (was Flash Alliance) - Fab 1,1134,Company Detail,file:///Users/simon/Documents/Simon-OB/%E6%9C%AC%E4%BD%93%E8%AE%BA/base/%E5%8D%8A%E5%AF%BC%E4%BD%93/SEMI_WFF_2026_1Q.xlsx
Kioxia/WD (was Flash Alliance) - K2 (P1+P2) project capital expenditure (SEMI WFF),,资本开支,SEMI WFF 工厂级资本开支观测。,12345,USD million,project,project_total_cost,日本,Memory,/Users/simon/Documents/Simon-OB/本体论/base/半导体/SEMI_WFF_2026_1Q.xlsx,Kioxia/WD (was Flash Alliance),,,Kioxia/WD (was Flash Alliance) - K2 (P1+P2),6162,Project Spending,file:///Users/simon/Documents/Simon-OB/%E6%9C%AC%E4%BD%93%E8%AE%BA/base/%E5%8D%8A%E5%AF%BC%E4%BD%93/SEMI_WFF_2026_1Q.xlsx
Kioxia/WD (was Flash Alliance) - Fab 7 Phase 2 project capital expenditure (SEMI WFF),,资本开支,SEMI WFF 工厂级资本开支观测。,5630,USD million,project,project_total_cost,日本,Memory,/Users/simon/Documents/Simon-OB/本体论/base/半导体/SEMI_WFF_2026_1Q.xlsx,Kioxia/WD (was Flash Alliance),,,Kioxia/WD (was Flash Alliance) - Fab 7 Phase 2,6217,Company Detail,file:///Users/simon/Documents/Simon-OB/%E6%9C%AC%E4%BD%93%E8%AE%BA/base/%E5%8D%8A%E5%AF%BC%E4%BD%93/SEMI_WFF_2026_1Q.xlsx
Knowledge*on Inc. - Fab 1 project capital expenditure (SEMI WFF),,资本开支,SEMI WFF 工厂级资本开支观测。,18,USD million,project,project_total_cost,韩国,Opto,/Users/simon/Documents/Simon-OB/本体论/base/半导体/SEMI_WFF_2026_1Q.xlsx,Knowledge*on Inc.,,,Knowledge*on Inc. - Fab 1,3201,Company Detail,file:///Users/simon/Documents/Simon-OB/%E6%9C%AC%E4%BD%93%E8%AE%BA/base/%E5%8D%8A%E5%AF%BC%E4%BD%93/SEMI_WFF_2026_1Q.xlsx
Knowledge*on Inc. - Fab 2 project capital expenditure (SEMI WFF),,资本开支,SEMI WFF 工厂级资本开支观测。,18,USD million,project,project_total_cost,韩国,Opto,/Users/simon/Documents/Simon-OB/本体论/base/半导体/SEMI_WFF_2026_1Q.xlsx,Knowledge*on Inc.,,,Knowledge*on Inc. - Fab 2,3202,Company Detail,file:///Users/simon/Documents/Simon-OB/%E6%9C%AC%E4%BD%93%E8%AE%BA/base/%E5%8D%8A%E5%AF%BC%E4%BD%93/SEMI_WFF_2026_1Q.xlsx
KoBrite - Dongguan fab project capital expenditure (SEMI WFF),,资本开支,SEMI WFF 工厂级资本开支观测。,25,USD million,project,project_total_cost,中国,Opto,/Users/simon/Documents/Simon-OB/本体论/base/半导体/SEMI_WFF_2026_1Q.xlsx,KoBrite,,,KoBrite - Dongguan fab,3154,Company Detail,file:///Users/simon/Documents/Simon-OB/%E6%9C%AC%E4%BD%93%E8%AE%BA/base/%E5%8D%8A%E5%AF%BC%E4%BD%93/SEMI_WFF_2026_1Q.xlsx
KoBrite - Hsinchu fab project capital expenditure (SEMI WFF),,资本开支,SEMI WFF 工厂级资本开支观测。,20,USD million,project,project_total_cost,中国台湾,Opto,/Users/simon/Documents/Simon-OB/本体论/base/半导体/SEMI_WFF_2026_1Q.xlsx,KoBrite,,,KoBrite - Hsinchu fab,3597,Company Detail,file:///Users/simon/Documents/Simon-OB/%E6%9C%AC%E4%BD%93%E8%AE%BA/base/%E5%8D%8A%E5%AF%BC%E4%BD%93/SEMI_WFF_2026_1Q.xlsx
Kodenshi Corp - Device Technology Center project capital expenditure (SEMI WFF),,资本开支,SEMI WFF 工厂级资本开支观测。,60,USD million,project,project_total_cost,日本,Opto,/Users/simon/Documents/Simon-OB/本体论/base/半导体/SEMI_WFF_2026_1Q.xlsx,Kodenshi Corp,,,Kodenshi Corp - Device Technology Center,3031,Company Detail,file:///Users/simon/Documents/Simon-OB/%E6%9C%AC%E4%BD%93%E8%AE%BA/base/%E5%8D%8A%E5%AF%BC%E4%BD%93/SEMI_WFF_2026_1Q.xlsx
Korea Advanced Nano Fab Center (KANC) - KANC project capital expenditure (SEMI WFF),,资本开支,SEMI WFF 工厂级资本开支观测。,35,USD million,project,project_total_cost,韩国,Other,/Users/simon/Documents/Simon-OB/本体论/base/半导体/SEMI_WFF_2026_1Q.xlsx,Korea Advanced Nano Fab Center (KANC),,,Korea Advanced Nano Fab Center (KANC) - KANC,3135,Company Detail,file:///Users/simon/Documents/Simon-OB/%E6%9C%AC%E4%BD%93%E8%AE%BA/base/%E5%8D%8A%E5%AF%BC%E4%BD%93/SEMI_WFF_2026_1Q.xlsx
Korea National Center for Nanomaterials Technology (NCNT) - NCNT project capital expenditure (SEMI WFF),,资本开支,SEMI WFF 工厂级资本开支观测。,50,USD million,project,project_total_cost,韩国,Other,/Users/simon/Documents/Simon-OB/本体论/base/半导体/SEMI_WFF_2026_1Q.xlsx,Korea National Center for Nanomaterials Technology (NCNT),,,Korea National Center for Nanomaterials Technology (NCNT) - NCNT,3136,Company Detail,file:///Users/simon/Documents/Simon-OB/%E6%9C%AC%E4%BD%93%E8%AE%BA/base/%E5%8D%8A%E5%AF%BC%E4%BD%93/SEMI_WFF_2026_1Q.xlsx
Korea National Nanofab Center - NNFC project capital expenditure (SEMI WFF),,资本开支,SEMI WFF 工厂级资本开支观测。,100,USD million,project,project_total_cost,韩国,Other,/Users/simon/Documents/Simon-OB/本体论/base/半导体/SEMI_WFF_2026_1Q.xlsx,Korea National Nanofab Center,,,Korea National Nanofab Center - NNFC,3048,Company Detail,file:///Users/simon/Documents/Simon-OB/%E6%9C%AC%E4%BD%93%E8%AE%BA/base/%E5%8D%8A%E5%AF%BC%E4%BD%93/SEMI_WFF_2026_1Q.xlsx
Korea Photonics Technology Institute (KOPTI) - Pilot Production Center project capital expenditure (SEMI WFF),,资本开支,SEMI WFF 工厂级资本开支观测。,20,USD million,project,project_total_cost,韩国,Opto,/Users/simon/Documents/Simon-OB/本体论/base/半导体/SEMI_WFF_2026_1Q.xlsx,Korea Photonics Technology Institute (KOPTI),,,Korea Photonics Technology Institute (KOPTI) - Pilot Production Center,3099,Company Detail,file:///Users/simon/Documents/Simon-OB/%E6%9C%AC%E4%BD%93%E8%AE%BA/base/%E5%8D%8A%E5%AF%BC%E4%BD%93/SEMI_WFF_2026_1Q.xlsx
Kyushu Semiconductor KAW - Hiji Factory project capital expenditure (SEMI WFF),,资本开支,SEMI WFF 工厂级资本开支观测。,15,USD million,project,project_total_cost,日本,MEMS,/Users/simon/Documents/Simon-OB/本体论/base/半导体/SEMI_WFF_2026_1Q.xlsx,Kyushu Semiconductor KAW,,,Kyushu Semiconductor KAW - Hiji Factory,3879,Company Detail,file:///Users/simon/Documents/Simon-OB/%E6%9C%AC%E4%BD%93%E8%AE%BA/base/%E5%8D%8A%E5%AF%BC%E4%BD%93/SEMI_WFF_2026_1Q.xlsx
"LA Semiconductor - Pocatello (was onsemi, was AMI, Fab 10) project capital expenditure (SEMI WFF)",,资本开支,SEMI WFF 工厂级资本开支观测。,29,USD million,project,project_total_cost,美洲,Analog,/Users/simon/Documents/Simon-OB/本体论/base/半导体/SEMI_WFF_2026_1Q.xlsx,LA Semiconductor,,,"LA Semiconductor - Pocatello (was onsemi, was AMI, Fab 10)",23,Project Spending,file:///Users/simon/Documents/Simon-OB/%E6%9C%AC%E4%BD%93%E8%AE%BA/base/%E5%8D%8A%E5%AF%BC%E4%BD%93/SEMI_WFF_2026_1Q.xlsx
Lakeside Optoelectronics Technology - R&D Line project capital expenditure (SEMI WFF),,资本开支,SEMI WFF 工厂级资本开支观测。,110,USD million,project,project_total_cost,中国,Opto,/Users/simon/Documents/Simon-OB/本体论/base/半导体/SEMI_WFF_2026_1Q.xlsx,Lakeside Optoelectronics Technology,,,Lakeside Optoelectronics Technology - R&D Line,6605,Company Detail,file:///Users/simon/Documents/Simon-OB/%E6%9C%AC%E4%BD%93%E8%AE%BA/base/%E5%8D%8A%E5%AF%BC%E4%BD%93/SEMI_WFF_2026_1Q.xlsx
LandMark Optoelectronics Corporation - Tainan fab project capital expenditure (SEMI WFF),,资本开支,SEMI WFF 工厂级资本开支观测。,15,USD million,project,project_total_cost,中国台湾,EPI,/Users/simon/Documents/Simon-OB/本体论/base/半导体/SEMI_WFF_2026_1Q.xlsx,LandMark Optoelectronics Corporation,,,LandMark Optoelectronics Corporation - Tainan fab,3816,Company Detail,file:///Users/simon/Documents/Simon-OB/%E6%9C%AC%E4%BD%93%E8%AE%BA/base/%E5%8D%8A%E5%AF%BC%E4%BD%93/SEMI_WFF_2026_1Q.xlsx
LandMark Optoelectronics Corporation - Tainan fab 2 project capital expenditure (SEMI WFF),,资本开支,SEMI WFF 工厂级资本开支观测。,38,USD million,project,project_total_cost,中国台湾,EPI,/Users/simon/Documents/Simon-OB/本体论/base/半导体/SEMI_WFF_2026_1Q.xlsx,LandMark Optoelectronics Corporation,,,LandMark Optoelectronics Corporation - Tainan fab 2,4987,Company Detail,file:///Users/simon/Documents/Simon-OB/%E6%9C%AC%E4%BD%93%E8%AE%BA/base/%E5%8D%8A%E5%AF%BC%E4%BD%93/SEMI_WFF_2026_1Q.xlsx
"LAPIS Semiconductor Co, Ltd - SiC Fab project capital expenditure (SEMI WFF)",,资本开支,SEMI WFF 工厂级资本开支观测。,18,USD million,project,project_total_cost,日本,Discrete,/Users/simon/Documents/Simon-OB/本体论/base/半导体/SEMI_WFF_2026_1Q.xlsx,"LAPIS Semiconductor Co, Ltd",,,"LAPIS Semiconductor Co, Ltd - SiC Fab",5047,Company Detail,file:///Users/simon/Documents/Simon-OB/%E6%9C%AC%E4%BD%93%E8%AE%BA/base/%E5%8D%8A%E5%AF%BC%E4%BD%93/SEMI_WFF_2026_1Q.xlsx
"LAPIS Semiconductor Co, Ltd - S-2 project capital expenditure (SEMI WFF)",,资本开支,SEMI WFF 工厂级资本开支观测。,124.5,USD million,project,project_total_cost,日本,Logic&Micro,/Users/simon/Documents/Simon-OB/本体论/base/半导体/SEMI_WFF_2026_1Q.xlsx,"LAPIS Semiconductor Co, Ltd",,,"LAPIS Semiconductor Co, Ltd - S-2",749,Project Spending,file:///Users/simon/Documents/Simon-OB/%E6%9C%AC%E4%BD%93%E8%AE%BA/base/%E5%8D%8A%E5%AF%BC%E4%BD%93/SEMI_WFF_2026_1Q.xlsx
"LAPIS Semiconductor Co, Ltd - M1 project capital expenditure (SEMI WFF)",,资本开支,SEMI WFF 工厂级资本开支观测。,150,USD million,project,project_total_cost,日本,MEMS,/Users/simon/Documents/Simon-OB/本体论/base/半导体/SEMI_WFF_2026_1Q.xlsx,"LAPIS Semiconductor Co, Ltd",,,"LAPIS Semiconductor Co, Ltd - M1",753,Company Detail,file:///Users/simon/Documents/Simon-OB/%E6%9C%AC%E4%BD%93%E8%AE%BA/base/%E5%8D%8A%E5%AF%BC%E4%BD%93/SEMI_WFF_2026_1Q.xlsx
"LAPIS Semiconductor Co, Ltd - Miyazaki Fab 2 (6 inch SiC Line) project capital expenditure (SEMI WFF)",,资本开支,SEMI WFF 工厂级资本开支观测。,315,USD million,project,project_total_cost,日本,Discrete,/Users/simon/Documents/Simon-OB/本体论/base/半导体/SEMI_WFF_2026_1Q.xlsx,"LAPIS Semiconductor Co, Ltd",,,"LAPIS Semiconductor Co, Ltd - Miyazaki Fab 2 (6 inch SiC Line)",6508,Project Spending,file:///Users/simon/Documents/Simon-OB/%E6%9C%AC%E4%BD%93%E8%AE%BA/base/%E5%8D%8A%E5%AF%BC%E4%BD%93/SEMI_WFF_2026_1Q.xlsx
Lasertel Inc. - Fab 2 (Innovation Park) project capital expenditure (SEMI WFF),,资本开支,SEMI WFF 工厂级资本开支观测。,70,USD million,project,project_total_cost,美洲,Opto,/Users/simon/Documents/Simon-OB/本体论/base/半导体/SEMI_WFF_2026_1Q.xlsx,Lasertel Inc.,,,Lasertel Inc. - Fab 2 (Innovation Park),6269,Project Spending,file:///Users/simon/Documents/Simon-OB/%E6%9C%AC%E4%BD%93%E8%AE%BA/base/%E5%8D%8A%E5%AF%BC%E4%BD%93/SEMI_WFF_2026_1Q.xlsx
Lasertel Inc. - Fab 1 (Casa Grande) project capital expenditure (SEMI WFF),,资本开支,SEMI WFF 工厂级资本开支观测。,10,USD million,project,project_total_cost,美洲,Opto,/Users/simon/Documents/Simon-OB/本体论/base/半导体/SEMI_WFF_2026_1Q.xlsx,Lasertel Inc.,,,Lasertel Inc. - Fab 1 (Casa Grande),3487,Company Detail,file:///Users/simon/Documents/Simon-OB/%E6%9C%AC%E4%BD%93%E8%AE%BA/base/%E5%8D%8A%E5%AF%BC%E4%BD%93/SEMI_WFF_2026_1Q.xlsx
Lattice Power Corporation - Nanchang fab project capital expenditure (SEMI WFF),,资本开支,SEMI WFF 工厂级资本开支观测。,35,USD million,project,project_total_cost,中国,Opto,/Users/simon/Documents/Simon-OB/本体论/base/半导体/SEMI_WFF_2026_1Q.xlsx,Lattice Power Corporation,,,Lattice Power Corporation - Nanchang fab,3155,Company Detail,file:///Users/simon/Documents/Simon-OB/%E6%9C%AC%E4%BD%93%E8%AE%BA/base/%E5%8D%8A%E5%AF%BC%E4%BD%93/SEMI_WFF_2026_1Q.xlsx
Lawrence Livermore Labs - N/A project capital expenditure (SEMI WFF),,资本开支,SEMI WFF 工厂级资本开支观测。,45,USD million,project,project_total_cost,美洲,Other,/Users/simon/Documents/Simon-OB/本体论/base/半导体/SEMI_WFF_2026_1Q.xlsx,Lawrence Livermore Labs,,,Lawrence Livermore Labs - N/A,456,Company Detail,file:///Users/simon/Documents/Simon-OB/%E6%9C%AC%E4%BD%93%E8%AE%BA/base/%E5%8D%8A%E5%AF%BC%E4%BD%93/SEMI_WFF_2026_1Q.xlsx
Leister Process Technologies - Axetris Division - Axetris project capital expenditure (SEMI WFF),,资本开支,SEMI WFF 工厂级资本开支观测。,12,USD million,project,project_total_cost,Europe & Mideast,MEMS,/Users/simon/Documents/Simon-OB/本体论/base/半导体/SEMI_WFF_2026_1Q.xlsx,Leister Process Technologies - Axetris Division,,,Leister Process Technologies - Axetris Division - Axetris,3272,Company Detail,file:///Users/simon/Documents/Simon-OB/%E6%9C%AC%E4%BD%93%E8%AE%BA/base/%E5%8D%8A%E5%AF%BC%E4%BD%93/SEMI_WFF_2026_1Q.xlsx
LETI - PFP (Plate Forme Photonique) project capital expenditure (SEMI WFF),,资本开支,SEMI WFF 工厂级资本开支观测。,45,USD million,project,project_total_cost,Europe & Mideast,Opto,/Users/simon/Documents/Simon-OB/本体论/base/半导体/SEMI_WFF_2026_1Q.xlsx,LETI,,,LETI - PFP (Plate Forme Photonique),3809,Company Detail,file:///Users/simon/Documents/Simon-OB/%E6%9C%AC%E4%BD%93%E8%AE%BA/base/%E5%8D%8A%E5%AF%BC%E4%BD%93/SEMI_WFF_2026_1Q.xlsx
LETI - 200mm CMOS line Building 41 (Nanotec 200&300) project capital expenditure (SEMI WFF),,资本开支,SEMI WFF 工厂级资本开支观测。,75,USD million,project,project_total_cost,Europe & Mideast,Other,/Users/simon/Documents/Simon-OB/本体论/base/半导体/SEMI_WFF_2026_1Q.xlsx,LETI,,,LETI - 200mm CMOS line Building 41 (Nanotec 200&300),1443,Company Detail,file:///Users/simon/Documents/Simon-OB/%E6%9C%AC%E4%BD%93%E8%AE%BA/base/%E5%8D%8A%E5%AF%BC%E4%BD%93/SEMI_WFF_2026_1Q.xlsx
LETI - 3D Integration Building 41 (was 300mm CMOS line) project capital expenditure (SEMI WFF),,资本开支,SEMI WFF 工厂级资本开支观测。,250,USD million,project,project_total_cost,Europe & Mideast,Other,/Users/simon/Documents/Simon-OB/本体论/base/半导体/SEMI_WFF_2026_1Q.xlsx,LETI,,,LETI - 3D Integration Building 41 (was 300mm CMOS line),2091,Company Detail,file:///Users/simon/Documents/Simon-OB/%E6%9C%AC%E4%BD%93%E8%AE%BA/base/%E5%8D%8A%E5%AF%BC%E4%BD%93/SEMI_WFF_2026_1Q.xlsx
LETI - MEMS 200 (Building 52) project capital expenditure (SEMI WFF),,资本开支,SEMI WFF 工厂级资本开支观测。,132,USD million,project,project_total_cost,Europe & Mideast,MEMS,/Users/simon/Documents/Simon-OB/本体论/base/半导体/SEMI_WFF_2026_1Q.xlsx,LETI,,,LETI - MEMS 200 (Building 52),2251,Company Detail,file:///Users/simon/Documents/Simon-OB/%E6%9C%AC%E4%BD%93%E8%AE%BA/base/%E5%8D%8A%E5%AF%BC%E4%BD%93/SEMI_WFF_2026_1Q.xlsx
Linear Integrated Systems - Fab 1 project capital expenditure (SEMI WFF),,资本开支,SEMI WFF 工厂级资本开支观测。,25,USD million,project,project_total_cost,美洲,Discrete,/Users/simon/Documents/Simon-OB/本体论/base/半导体/SEMI_WFF_2026_1Q.xlsx,Linear Integrated Systems,,,Linear Integrated Systems - Fab 1,2461,Company Detail,file:///Users/simon/Documents/Simon-OB/%E6%9C%AC%E4%BD%93%E8%AE%BA/base/%E5%8D%8A%E5%AF%BC%E4%BD%93/SEMI_WFF_2026_1Q.xlsx
"Lishan Microelectronics - 4"" line project capital expenditure (SEMI WFF)",,资本开支,SEMI WFF 工厂级资本开支观测。,20,USD million,project,project_total_cost,中国,Discrete,/Users/simon/Documents/Simon-OB/本体论/base/半导体/SEMI_WFF_2026_1Q.xlsx,Lishan Microelectronics,,,"Lishan Microelectronics - 4"" line",3107,Company Detail,file:///Users/simon/Documents/Simon-OB/%E6%9C%AC%E4%BD%93%E8%AE%BA/base/%E5%8D%8A%E5%AF%BC%E4%BD%93/SEMI_WFF_2026_1Q.xlsx
Littelfuse - Wuxi fab project capital expenditure (SEMI WFF),,资本开支,SEMI WFF 工厂级资本开支观测。,11,USD million,project,project_total_cost,中国,Discrete,/Users/simon/Documents/Simon-OB/本体论/base/半导体/SEMI_WFF_2026_1Q.xlsx,Littelfuse,,,Littelfuse - Wuxi fab,2440,Project Spending,file:///Users/simon/Documents/Simon-OB/%E6%9C%AC%E4%BD%93%E8%AE%BA/base/%E5%8D%8A%E5%AF%BC%E4%BD%93/SEMI_WFF_2026_1Q.xlsx
Littelfuse - Dortmund (will be Littelfuse on 12/31/24) project capital expenditure (SEMI WFF),,资本开支,SEMI WFF 工厂级资本开支观测。,34,USD million,project,project_total_cost,Europe & Mideast,Logic&Micro,/Users/simon/Documents/Simon-OB/本体论/base/半导体/SEMI_WFF_2026_1Q.xlsx,Littelfuse,,,Littelfuse - Dortmund (will be Littelfuse on 12/31/24),148,Company Detail,file:///Users/simon/Documents/Simon-OB/%E6%9C%AC%E4%BD%93%E8%AE%BA/base/%E5%8D%8A%E5%AF%BC%E4%BD%93/SEMI_WFF_2026_1Q.xlsx
Lumentum - Caswell fab project capital expenditure (SEMI WFF),,资本开支,SEMI WFF 工厂级资本开支观测。,26,USD million,project,project_total_cost,Europe & Mideast,Opto,/Users/simon/Documents/Simon-OB/本体论/base/半导体/SEMI_WFF_2026_1Q.xlsx,Lumentum,,,Lumentum - Caswell fab,2007,Project Spending,file:///Users/simon/Documents/Simon-OB/%E6%9C%AC%E4%BD%93%E8%AE%BA/base/%E5%8D%8A%E5%AF%BC%E4%BD%93/SEMI_WFF_2026_1Q.xlsx
LuxNet Corporation - Hejiang fab project capital expenditure (SEMI WFF),,资本开支,SEMI WFF 工厂级资本开支观测。,24,USD million,project,project_total_cost,中国台湾,Opto,/Users/simon/Documents/Simon-OB/本体论/base/半导体/SEMI_WFF_2026_1Q.xlsx,LuxNet Corporation,,,LuxNet Corporation - Hejiang fab,3821,Company Detail,file:///Users/simon/Documents/Simon-OB/%E6%9C%AC%E4%BD%93%E8%AE%BA/base/%E5%8D%8A%E5%AF%BC%E4%BD%93/SEMI_WFF_2026_1Q.xlsx
LuxtalTek Corporation - Dongguan fab (Luxtaltek) project capital expenditure (SEMI WFF),,资本开支,SEMI WFF 工厂级资本开支观测。,14,USD million,project,project_total_cost,中国,Opto,/Users/simon/Documents/Simon-OB/本体论/base/半导体/SEMI_WFF_2026_1Q.xlsx,LuxtalTek Corporation,,,LuxtalTek Corporation - Dongguan fab (Luxtaltek),3598,Company Detail,file:///Users/simon/Documents/Simon-OB/%E6%9C%AC%E4%BD%93%E8%AE%BA/base/%E5%8D%8A%E5%AF%BC%E4%BD%93/SEMI_WFF_2026_1Q.xlsx
LuxtalTek Corporation - Chunan Factory project capital expenditure (SEMI WFF),,资本开支,SEMI WFF 工厂级资本开支观测。,15,USD million,project,project_total_cost,中国台湾,Opto,/Users/simon/Documents/Simon-OB/本体论/base/半导体/SEMI_WFF_2026_1Q.xlsx,LuxtalTek Corporation,,,LuxtalTek Corporation - Chunan Factory,3052,Company Detail,file:///Users/simon/Documents/Simon-OB/%E6%9C%AC%E4%BD%93%E8%AE%BA/base/%E5%8D%8A%E5%AF%BC%E4%BD%93/SEMI_WFF_2026_1Q.xlsx
Lynred (was ULIS) - Development and Production (Was Sofradir) project capital expenditure (SEMI WFF),,资本开支,SEMI WFF 工厂级资本开支观测。,12,USD million,project,project_total_cost,Europe & Mideast,Opto,/Users/simon/Documents/Simon-OB/本体论/base/半导体/SEMI_WFF_2026_1Q.xlsx,Lynred (was ULIS),,,Lynred (was ULIS) - Development and Production (Was Sofradir),3609,Company Detail,file:///Users/simon/Documents/Simon-OB/%E6%9C%AC%E4%BD%93%E8%AE%BA/base/%E5%8D%8A%E5%AF%BC%E4%BD%93/SEMI_WFF_2026_1Q.xlsx
Lynred (was ULIS) - Fab 2  (was ULIS) project capital expenditure (SEMI WFF),,资本开支,SEMI WFF 工厂级资本开支观测。,24,USD million,project,project_total_cost,Europe & Mideast,Opto,/Users/simon/Documents/Simon-OB/本体论/base/半导体/SEMI_WFF_2026_1Q.xlsx,Lynred (was ULIS),,,Lynred (was ULIS) - Fab 2  (was ULIS),3509,Company Detail,file:///Users/simon/Documents/Simon-OB/%E6%9C%AC%E4%BD%93%E8%AE%BA/base/%E5%8D%8A%E5%AF%BC%E4%BD%93/SEMI_WFF_2026_1Q.xlsx
Lynred (was ULIS) - Fab 1 (was ULIS) project capital expenditure (SEMI WFF),,资本开支,SEMI WFF 工厂级资本开支观测。,40,USD million,project,project_total_cost,Europe & Mideast,Opto,/Users/simon/Documents/Simon-OB/本体论/base/半导体/SEMI_WFF_2026_1Q.xlsx,Lynred (was ULIS),,,Lynred (was ULIS) - Fab 1 (was ULIS),3508,Company Detail,file:///Users/simon/Documents/Simon-OB/%E6%9C%AC%E4%BD%93%E8%AE%BA/base/%E5%8D%8A%E5%AF%BC%E4%BD%93/SEMI_WFF_2026_1Q.xlsx
MACOM - RTP Fab (100mm line) project capital expenditure (SEMI WFF),,资本开支,SEMI WFF 工厂级资本开支观测。,20,USD million,project,project_total_cost,美洲,Discrete,/Users/simon/Documents/Simon-OB/本体论/base/半导体/SEMI_WFF_2026_1Q.xlsx,MACOM,,,MACOM - RTP Fab (100mm line),634,Company Detail,file:///Users/simon/Documents/Simon-OB/%E6%9C%AC%E4%BD%93%E8%AE%BA/base/%E5%8D%8A%E5%AF%BC%E4%BD%93/SEMI_WFF_2026_1Q.xlsx
"MACOM - Ann Arbor (was Luna, was Picometrix) project capital expenditure (SEMI WFF)",,资本开支,SEMI WFF 工厂级资本开支观测。,25,USD million,project,project_total_cost,美洲,Opto,/Users/simon/Documents/Simon-OB/本体论/base/半导体/SEMI_WFF_2026_1Q.xlsx,MACOM,,,"MACOM - Ann Arbor (was Luna, was Picometrix)",3148,Company Detail,file:///Users/simon/Documents/Simon-OB/%E6%9C%AC%E4%BD%93%E8%AE%BA/base/%E5%8D%8A%E5%AF%BC%E4%BD%93/SEMI_WFF_2026_1Q.xlsx
"Macronix International Co., Ltd. (MXIC) - Fab 5 (3D NAND) project capital expenditure (SEMI WFF)",,资本开支,SEMI WFF 工厂级资本开支观测。,1867,USD million,project,project_total_cost,中国台湾,Memory,/Users/simon/Documents/Simon-OB/本体论/base/半导体/SEMI_WFF_2026_1Q.xlsx,"Macronix International Co., Ltd. (MXIC)",,,"Macronix International Co., Ltd. (MXIC) - Fab 5 (3D NAND)",5094,Project Spending,file:///Users/simon/Documents/Simon-OB/%E6%9C%AC%E4%BD%93%E8%AE%BA/base/%E5%8D%8A%E5%AF%BC%E4%BD%93/SEMI_WFF_2026_1Q.xlsx
MagnaChip - F 3 project capital expenditure (SEMI WFF),,资本开支,SEMI WFF 工厂级资本开支观测。,20,USD million,project,project_total_cost,韩国,Analog,/Users/simon/Documents/Simon-OB/本体论/base/半导体/SEMI_WFF_2026_1Q.xlsx,MagnaChip,,,MagnaChip - F 3,464,Project Spending,file:///Users/simon/Documents/Simon-OB/%E6%9C%AC%E4%BD%93%E8%AE%BA/base/%E5%8D%8A%E5%AF%BC%E4%BD%93/SEMI_WFF_2026_1Q.xlsx
Masdar Institute of Science and Technology - Micro-fabrication laboratory project capital expenditure (SEMI WFF),,资本开支,SEMI WFF 工厂级资本开支观测。,55,USD million,project,project_total_cost,Europe & Mideast,Other,/Users/simon/Documents/Simon-OB/本体论/base/半导体/SEMI_WFF_2026_1Q.xlsx,Masdar Institute of Science and Technology,,,Masdar Institute of Science and Technology - Micro-fabrication laboratory,3571,Company Detail,file:///Users/simon/Documents/Simon-OB/%E6%9C%AC%E4%BD%93%E8%AE%BA/base/%E5%8D%8A%E5%AF%BC%E4%BD%93/SEMI_WFF_2026_1Q.xlsx
Masimo Semiconductor Inc - Hudson fab project capital expenditure (SEMI WFF),,资本开支,SEMI WFF 工厂级资本开支观测。,15,USD million,project,project_total_cost,美洲,EPI,/Users/simon/Documents/Simon-OB/本体论/base/半导体/SEMI_WFF_2026_1Q.xlsx,Masimo Semiconductor Inc,,,Masimo Semiconductor Inc - Hudson fab,2317,Company Detail,file:///Users/simon/Documents/Simon-OB/%E6%9C%AC%E4%BD%93%E8%AE%BA/base/%E5%8D%8A%E5%AF%BC%E4%BD%93/SEMI_WFF_2026_1Q.xlsx
Measurement Specialties (MEAS) - N/A project capital expenditure (SEMI WFF),,资本开支,SEMI WFF 工厂级资本开支观测。,10,USD million,project,project_total_cost,美洲,MEMS,/Users/simon/Documents/Simon-OB/本体论/base/半导体/SEMI_WFF_2026_1Q.xlsx,Measurement Specialties (MEAS),,,Measurement Specialties (MEAS) - N/A,366,Company Detail,file:///Users/simon/Documents/Simon-OB/%E6%9C%AC%E4%BD%93%E8%AE%BA/base/%E5%8D%8A%E5%AF%BC%E4%BD%93/SEMI_WFF_2026_1Q.xlsx
Memscap S.A. - North Carolina project capital expenditure (SEMI WFF),,资本开支,SEMI WFF 工厂级资本开支观测。,10,USD million,project,project_total_cost,美洲,MEMS,/Users/simon/Documents/Simon-OB/本体论/base/半导体/SEMI_WFF_2026_1Q.xlsx,Memscap S.A.,,,Memscap S.A. - North Carolina,2150,Company Detail,file:///Users/simon/Documents/Simon-OB/%E6%9C%AC%E4%BD%93%E8%AE%BA/base/%E5%8D%8A%E5%AF%BC%E4%BD%93/SEMI_WFF_2026_1Q.xlsx
MEMS-Foundry - MEMS-Foundry (division of HTE-Labs) project capital expenditure (SEMI WFF),,资本开支,SEMI WFF 工厂级资本开支观测。,12,USD million,project,project_total_cost,美洲,MEMS,/Users/simon/Documents/Simon-OB/本体论/base/半导体/SEMI_WFF_2026_1Q.xlsx,MEMS-Foundry,,,MEMS-Foundry - MEMS-Foundry (division of HTE-Labs),5026,Company Detail,file:///Users/simon/Documents/Simon-OB/%E6%9C%AC%E4%BD%93%E8%AE%BA/base/%E5%8D%8A%E5%AF%BC%E4%BD%93/SEMI_WFF_2026_1Q.xlsx
MEMSRight - MEMS Right project capital expenditure (SEMI WFF),,资本开支,SEMI WFF 工厂级资本开支观测。,25,USD million,project,project_total_cost,中国,MEMS,/Users/simon/Documents/Simon-OB/本体论/base/半导体/SEMI_WFF_2026_1Q.xlsx,MEMSRight,,,MEMSRight - MEMS Right,3795,Company Detail,file:///Users/simon/Documents/Simon-OB/%E6%9C%AC%E4%BD%93%E8%AE%BA/base/%E5%8D%8A%E5%AF%BC%E4%BD%93/SEMI_WFF_2026_1Q.xlsx
"Mfab Co. Ltd. - 6"" line project capital expenditure (SEMI WFF)",,资本开支,SEMI WFF 工厂级资本开支观测。,15,USD million,project,project_total_cost,中国,MEMS,/Users/simon/Documents/Simon-OB/本体论/base/半导体/SEMI_WFF_2026_1Q.xlsx,Mfab Co. Ltd.,,,"Mfab Co. Ltd. - 6"" line",6139,Company Detail,file:///Users/simon/Documents/Simon-OB/%E6%9C%AC%E4%BD%93%E8%AE%BA/base/%E5%8D%8A%E5%AF%BC%E4%BD%93/SEMI_WFF_2026_1Q.xlsx
Microchip - Fab 4 (Gresham) (was Fujitsu in 2002) project capital expenditure (SEMI WFF),,资本开支,SEMI WFF 工厂级资本开支观测。,825,USD million,project,project_total_cost,美洲,Logic&Micro,/Users/simon/Documents/Simon-OB/本体论/base/半导体/SEMI_WFF_2026_1Q.xlsx,Microchip,,,Microchip - Fab 4 (Gresham) (was Fujitsu in 2002),184,Project Spending,file:///Users/simon/Documents/Simon-OB/%E6%9C%AC%E4%BD%93%E8%AE%BA/base/%E5%8D%8A%E5%AF%BC%E4%BD%93/SEMI_WFF_2026_1Q.xlsx
"Microchip - Fab 2 (Tempe) (was DEC, was GTE) project capital expenditure (SEMI WFF)",,资本开支,SEMI WFF 工厂级资本开支观测。,25,USD million,project,project_total_cost,美洲,Logic&Micro,/Users/simon/Documents/Simon-OB/本体论/base/半导体/SEMI_WFF_2026_1Q.xlsx,Microchip,,,"Microchip - Fab 2 (Tempe) (was DEC, was GTE)",1605,Company Detail,file:///Users/simon/Documents/Simon-OB/%E6%9C%AC%E4%BD%93%E8%AE%BA/base/%E5%8D%8A%E5%AF%BC%E4%BD%93/SEMI_WFF_2026_1Q.xlsx
"Microchip - Beverly (was Microsemi until 2Q18, was Symmetricom) project capital expenditure (SEMI WFF)",,资本开支,SEMI WFF 工厂级资本开支观测。,30,USD million,project,project_total_cost,美洲,Discrete,/Users/simon/Documents/Simon-OB/本体论/base/半导体/SEMI_WFF_2026_1Q.xlsx,Microchip,,,"Microchip - Beverly (was Microsemi until 2Q18, was Symmetricom)",3805,Company Detail,file:///Users/simon/Documents/Simon-OB/%E6%9C%AC%E4%BD%93%E8%AE%BA/base/%E5%8D%8A%E5%AF%BC%E4%BD%93/SEMI_WFF_2026_1Q.xlsx
"Microchip - Garden Grove (was Microsemi until 2Q18, was Linfinity Microelectronics) project capital expenditure (SEMI WFF)",,资本开支,SEMI WFF 工厂级资本开支观测。,16,USD million,project,project_total_cost,美洲,Opto,/Users/simon/Documents/Simon-OB/本体论/base/半导体/SEMI_WFF_2026_1Q.xlsx,Microchip,,,"Microchip - Garden Grove (was Microsemi until 2Q18, was Linfinity Microelectronics)",983,Company Detail,file:///Users/simon/Documents/Simon-OB/%E6%9C%AC%E4%BD%93%E8%AE%BA/base/%E5%8D%8A%E5%AF%BC%E4%BD%93/SEMI_WFF_2026_1Q.xlsx
Microchip - Lowell (was Microsemi until 2Q18) project capital expenditure (SEMI WFF),,资本开支,SEMI WFF 工厂级资本开支观测。,35,USD million,project,project_total_cost,美洲,Discrete,/Users/simon/Documents/Simon-OB/本体论/base/半导体/SEMI_WFF_2026_1Q.xlsx,Microchip,,,Microchip - Lowell (was Microsemi until 2Q18),3550,Company Detail,file:///Users/simon/Documents/Simon-OB/%E6%9C%AC%E4%BD%93%E8%AE%BA/base/%E5%8D%8A%E5%AF%BC%E4%BD%93/SEMI_WFF_2026_1Q.xlsx
Microchip - SiC Fab Expansion project capital expenditure (SEMI WFF),,资本开支,SEMI WFF 工厂级资本开支观测。,890,USD million,project,project_total_cost,美洲,Logic&Micro,/Users/simon/Documents/Simon-OB/本体论/base/半导体/SEMI_WFF_2026_1Q.xlsx,Microchip,,,Microchip - SiC Fab Expansion,6437,Project Spending,file:///Users/simon/Documents/Simon-OB/%E6%9C%AC%E4%BD%93%E8%AE%BA/base/%E5%8D%8A%E5%AF%BC%E4%BD%93/SEMI_WFF_2026_1Q.xlsx
microFAB - Bremen fab project capital expenditure (SEMI WFF),,资本开支,SEMI WFF 工厂级资本开支观测。,20,USD million,project,project_total_cost,Europe & Mideast,MEMS,/Users/simon/Documents/Simon-OB/本体论/base/半导体/SEMI_WFF_2026_1Q.xlsx,microFAB,,,microFAB - Bremen fab,3798,Company Detail,file:///Users/simon/Documents/Simon-OB/%E6%9C%AC%E4%BD%93%E8%AE%BA/base/%E5%8D%8A%E5%AF%BC%E4%BD%93/SEMI_WFF_2026_1Q.xlsx
Microfabrica - EFAB project capital expenditure (SEMI WFF),,资本开支,SEMI WFF 工厂级资本开支观测。,35,USD million,project,project_total_cost,美洲,MEMS,/Users/simon/Documents/Simon-OB/本体论/base/半导体/SEMI_WFF_2026_1Q.xlsx,Microfabrica,,,Microfabrica - EFAB,2356,Company Detail,file:///Users/simon/Documents/Simon-OB/%E6%9C%AC%E4%BD%93%E8%AE%BA/base/%E5%8D%8A%E5%AF%BC%E4%BD%93/SEMI_WFF_2026_1Q.xlsx
Micron - Fab 6 (MTV DRAM) project capital expenditure (SEMI WFF),,资本开支,SEMI WFF 工厂级资本开支观测。,1800,USD million,project,project_total_cost,美洲,Memory,/Users/simon/Documents/Simon-OB/本体论/base/半导体/SEMI_WFF_2026_1Q.xlsx,Micron,,,Micron - Fab 6 (MTV DRAM),1654,Project Spending,file:///Users/simon/Documents/Simon-OB/%E6%9C%AC%E4%BD%93%E8%AE%BA/base/%E5%8D%8A%E5%AF%BC%E4%BD%93/SEMI_WFF_2026_1Q.xlsx
"Micron - Fab 4 (Bldg. 24 C,D,E) project capital expenditure (SEMI WFF)",,资本开支,SEMI WFF 工厂级资本开支观测。,624,USD million,project,project_total_cost,美洲,Memory,/Users/simon/Documents/Simon-OB/本体论/base/半导体/SEMI_WFF_2026_1Q.xlsx,Micron,,,"Micron - Fab 4 (Bldg. 24 C,D,E)",1286,Project Spending,file:///Users/simon/Documents/Simon-OB/%E6%9C%AC%E4%BD%93%E8%AE%BA/base/%E5%8D%8A%E5%AF%BC%E4%BD%93/SEMI_WFF_2026_1Q.xlsx
"Micron - Fab 6 (MTV Flash, former IMFT) project capital expenditure (SEMI WFF)",,资本开支,SEMI WFF 工厂级资本开支观测。,132,USD million,project,project_total_cost,美洲,Memory,/Users/simon/Documents/Simon-OB/本体论/base/半导体/SEMI_WFF_2026_1Q.xlsx,Micron,,,"Micron - Fab 6 (MTV Flash, former IMFT)",1994,Project Spending,file:///Users/simon/Documents/Simon-OB/%E6%9C%AC%E4%BD%93%E8%AE%BA/base/%E5%8D%8A%E5%AF%BC%E4%BD%93/SEMI_WFF_2026_1Q.xlsx
Micron - Fab 16 A1 (former R1) project capital expenditure (SEMI WFF),,资本开支,SEMI WFF 工厂级资本开支观测。,270,USD million,project,project_total_cost,中国台湾,Memory,/Users/simon/Documents/Simon-OB/本体论/base/半导体/SEMI_WFF_2026_1Q.xlsx,Micron,,,Micron - Fab 16 A1 (former R1),2109,Project Spending,file:///Users/simon/Documents/Simon-OB/%E6%9C%AC%E4%BD%93%E8%AE%BA/base/%E5%8D%8A%E5%AF%BC%E4%BD%93/SEMI_WFF_2026_1Q.xlsx
Micron - Fab 11 (Inotera Fab 2) project capital expenditure (SEMI WFF),,资本开支,SEMI WFF 工厂级资本开支观测。,144,USD million,project,project_total_cost,中国台湾,Memory,/Users/simon/Documents/Simon-OB/本体论/base/半导体/SEMI_WFF_2026_1Q.xlsx,Micron,,,Micron - Fab 11 (Inotera Fab 2),2147,Project Spending,file:///Users/simon/Documents/Simon-OB/%E6%9C%AC%E4%BD%93%E8%AE%BA/base/%E5%8D%8A%E5%AF%BC%E4%BD%93/SEMI_WFF_2026_1Q.xlsx
Micron - Fab 16 A3 (phase 1 + phase 2) project capital expenditure (SEMI WFF),,资本开支,SEMI WFF 工厂级资本开支观测。,500,USD million,project,project_total_cost,中国台湾,Memory,/Users/simon/Documents/Simon-OB/本体论/base/半导体/SEMI_WFF_2026_1Q.xlsx,Micron,,,Micron - Fab 16 A3 (phase 1 + phase 2),2241,Project Spending,file:///Users/simon/Documents/Simon-OB/%E6%9C%AC%E4%BD%93%E8%AE%BA/base/%E5%8D%8A%E5%AF%BC%E4%BD%93/SEMI_WFF_2026_1Q.xlsx
Micron - Fab 11 (Inotera Fab 1) project capital expenditure (SEMI WFF),,资本开支,SEMI WFF 工厂级资本开支观测。,144,USD million,project,project_total_cost,中国台湾,Memory,/Users/simon/Documents/Simon-OB/本体论/base/半导体/SEMI_WFF_2026_1Q.xlsx,Micron,,,Micron - Fab 11 (Inotera Fab 1),1594,Project Spending,file:///Users/simon/Documents/Simon-OB/%E6%9C%AC%E4%BD%93%E8%AE%BA/base/%E5%8D%8A%E5%AF%BC%E4%BD%93/SEMI_WFF_2026_1Q.xlsx
Micron - Fab 15 +B-Bldg+F-Bldg (was Elpida E300) project capital expenditure (SEMI WFF),,资本开支,SEMI WFF 工厂级资本开支观测。,700,USD million,project,project_total_cost,日本,Memory,/Users/simon/Documents/Simon-OB/本体论/base/半导体/SEMI_WFF_2026_1Q.xlsx,Micron,,,Micron - Fab 15 +B-Bldg+F-Bldg (was Elpida E300),1791,Project Spending,file:///Users/simon/Documents/Simon-OB/%E6%9C%AC%E4%BD%93%E8%AE%BA/base/%E5%8D%8A%E5%AF%BC%E4%BD%93/SEMI_WFF_2026_1Q.xlsx
Micron - Fab 4 (Bldg. 51 R&D expansion) project capital expenditure (SEMI WFF),,资本开支,SEMI WFF 工厂级资本开支观测。,1214,USD million,project,project_total_cost,美洲,Memory,/Users/simon/Documents/Simon-OB/本体论/base/半导体/SEMI_WFF_2026_1Q.xlsx,Micron,,,Micron - Fab 4 (Bldg. 51 R&D expansion),3813,Project Spending,file:///Users/simon/Documents/Simon-OB/%E6%9C%AC%E4%BD%93%E8%AE%BA/base/%E5%8D%8A%E5%AF%BC%E4%BD%93/SEMI_WFF_2026_1Q.xlsx
"Micron - Fab 10W 3D-part (former Fab 7, Tech) project capital expenditure (SEMI WFF)",,资本开支,SEMI WFF 工厂级资本开支观测。,80,USD million,project,project_total_cost,SE Asia,Memory,/Users/simon/Documents/Simon-OB/本体论/base/半导体/SEMI_WFF_2026_1Q.xlsx,Micron,,,"Micron - Fab 10W 3D-part (former Fab 7, Tech)",3851,Project Spending,file:///Users/simon/Documents/Simon-OB/%E6%9C%AC%E4%BD%93%E8%AE%BA/base/%E5%8D%8A%E5%AF%BC%E4%BD%93/SEMI_WFF_2026_1Q.xlsx
Micron - Fab 10A (Phase 1 + 2) project capital expenditure (SEMI WFF),,资本开支,SEMI WFF 工厂级资本开支观测。,13615,USD million,project,project_total_cost,SE Asia,Memory,/Users/simon/Documents/Simon-OB/本体论/base/半导体/SEMI_WFF_2026_1Q.xlsx,Micron,,,Micron - Fab 10A (Phase 1 + 2),5003,Project Spending,file:///Users/simon/Documents/Simon-OB/%E6%9C%AC%E4%BD%93%E8%AE%BA/base/%E5%8D%8A%E5%AF%BC%E4%BD%93/SEMI_WFF_2026_1Q.xlsx
Micron - Expansion Fab project capital expenditure (SEMI WFF),,资本开支,SEMI WFF 工厂级资本开支观测。,120,USD million,project,project_total_cost,美洲,Memory,/Users/simon/Documents/Simon-OB/本体论/base/半导体/SEMI_WFF_2026_1Q.xlsx,Micron,,,Micron - Expansion Fab,5037,Project Spending,file:///Users/simon/Documents/Simon-OB/%E6%9C%AC%E4%BD%93%E8%AE%BA/base/%E5%8D%8A%E5%AF%BC%E4%BD%93/SEMI_WFF_2026_1Q.xlsx
Micron - Fab P5 Phase 2 Tongluo (was P6 with PSMC) project capital expenditure (SEMI WFF),,资本开支,SEMI WFF 工厂级资本开支观测。,7295,USD million,project,project_total_cost,中国台湾,Memory,/Users/simon/Documents/Simon-OB/本体论/base/半导体/SEMI_WFF_2026_1Q.xlsx,Micron,,,Micron - Fab P5 Phase 2 Tongluo (was P6 with PSMC),5038,Project Spending,file:///Users/simon/Documents/Simon-OB/%E6%9C%AC%E4%BD%93%E8%AE%BA/base/%E5%8D%8A%E5%AF%BC%E4%BD%93/SEMI_WFF_2026_1Q.xlsx
Micron - Fab 10N - 3D portion project capital expenditure (SEMI WFF),,资本开支,SEMI WFF 工厂级资本开支观测。,45,USD million,project,project_total_cost,SE Asia,Memory,/Users/simon/Documents/Simon-OB/本体论/base/半导体/SEMI_WFF_2026_1Q.xlsx,Micron,,,Micron - Fab 10N - 3D portion,3769,Project Spending,file:///Users/simon/Documents/Simon-OB/%E6%9C%AC%E4%BD%93%E8%AE%BA/base/%E5%8D%8A%E5%AF%BC%E4%BD%93/SEMI_WFF_2026_1Q.xlsx
Micron - Fab 10X (Singapore) project capital expenditure (SEMI WFF),,资本开支,SEMI WFF 工厂级资本开支观测。,290,USD million,project,project_total_cost,SE Asia,Memory,/Users/simon/Documents/Simon-OB/本体论/base/半导体/SEMI_WFF_2026_1Q.xlsx,Micron,,,Micron - Fab 10X (Singapore),3708,Project Spending,file:///Users/simon/Documents/Simon-OB/%E6%9C%AC%E4%BD%93%E8%AE%BA/base/%E5%8D%8A%E5%AF%BC%E4%BD%93/SEMI_WFF_2026_1Q.xlsx
Micron - Fab 16 A2 (former R2) project capital expenditure (SEMI WFF),,资本开支,SEMI WFF 工厂级资本开支观测。,220,USD million,project,project_total_cost,中国台湾,Memory,/Users/simon/Documents/Simon-OB/本体论/base/半导体/SEMI_WFF_2026_1Q.xlsx,Micron,,,Micron - Fab 16 A2 (former R2),2154,Project Spending,file:///Users/simon/Documents/Simon-OB/%E6%9C%AC%E4%BD%93%E8%AE%BA/base/%E5%8D%8A%E5%AF%BC%E4%BD%93/SEMI_WFF_2026_1Q.xlsx
Micron - Fab 4 (Bldg. 50) project capital expenditure (SEMI WFF),,资本开支,SEMI WFF 工厂级资本开支观测。,830,USD million,project,project_total_cost,美洲,Memory,/Users/simon/Documents/Simon-OB/本体论/base/半导体/SEMI_WFF_2026_1Q.xlsx,Micron,,,Micron - Fab 4 (Bldg. 50),3418,Project Spending,file:///Users/simon/Documents/Simon-OB/%E6%9C%AC%E4%BD%93%E8%AE%BA/base/%E5%8D%8A%E5%AF%BC%E4%BD%93/SEMI_WFF_2026_1Q.xlsx
Micron - ID 1 (New Boise Fab 1) project capital expenditure (SEMI WFF),,资本开支,SEMI WFF 工厂级资本开支观测。,16735,USD million,project,project_total_cost,美洲,Memory,/Users/simon/Documents/Simon-OB/本体论/base/半导体/SEMI_WFF_2026_1Q.xlsx,Micron,,,Micron - ID 1 (New Boise Fab 1),6279,Project Spending,file:///Users/simon/Documents/Simon-OB/%E6%9C%AC%E4%BD%93%E8%AE%BA/base/%E5%8D%8A%E5%AF%BC%E4%BD%93/SEMI_WFF_2026_1Q.xlsx
Micron - Clay Fab 1 (Phase 1A) project capital expenditure (SEMI WFF),,资本开支,SEMI WFF 工厂级资本开支观测。,31100,USD million,project,project_total_cost,美洲,Memory,/Users/simon/Documents/Simon-OB/本体论/base/半导体/SEMI_WFF_2026_1Q.xlsx,Micron,,,Micron - Clay Fab 1 (Phase 1A),6390,Project Spending,file:///Users/simon/Documents/Simon-OB/%E6%9C%AC%E4%BD%93%E8%AE%BA/base/%E5%8D%8A%E5%AF%BC%E4%BD%93/SEMI_WFF_2026_1Q.xlsx
Micron - Fab 15 expansion F-Building project capital expenditure (SEMI WFF),,资本开支,SEMI WFF 工厂级资本开支观测。,2910,USD million,project,project_total_cost,日本,Memory,/Users/simon/Documents/Simon-OB/本体论/base/半导体/SEMI_WFF_2026_1Q.xlsx,Micron,,,Micron - Fab 15 expansion F-Building,5112,Project Spending,file:///Users/simon/Documents/Simon-OB/%E6%9C%AC%E4%BD%93%E8%AE%BA/base/%E5%8D%8A%E5%AF%BC%E4%BD%93/SEMI_WFF_2026_1Q.xlsx
Micron - Clay Fab 2 (Phase 1B) project capital expenditure (SEMI WFF),,资本开支,SEMI WFF 工厂级资本开支观测。,30920,USD million,project,project_total_cost,美洲,Memory,/Users/simon/Documents/Simon-OB/本体论/base/半导体/SEMI_WFF_2026_1Q.xlsx,Micron,,,Micron - Clay Fab 2 (Phase 1B),6561,Company Detail,file:///Users/simon/Documents/Simon-OB/%E6%9C%AC%E4%BD%93%E8%AE%BA/base/%E5%8D%8A%E5%AF%BC%E4%BD%93/SEMI_WFF_2026_1Q.xlsx
Micron - Clay Fab 3 (Phase 2A) project capital expenditure (SEMI WFF),,资本开支,SEMI WFF 工厂级资本开支观测。,33930,USD million,project,project_total_cost,美洲,Memory,/Users/simon/Documents/Simon-OB/本体论/base/半导体/SEMI_WFF_2026_1Q.xlsx,Micron,,,Micron - Clay Fab 3 (Phase 2A),6584,Company Detail,file:///Users/simon/Documents/Simon-OB/%E6%9C%AC%E4%BD%93%E8%AE%BA/base/%E5%8D%8A%E5%AF%BC%E4%BD%93/SEMI_WFF_2026_1Q.xlsx
Micron - Clay Fab 4 (Phase 2B) project capital expenditure (SEMI WFF),,资本开支,SEMI WFF 工厂级资本开支观测。,37340,USD million,project,project_total_cost,美洲,Memory,/Users/simon/Documents/Simon-OB/本体论/base/半导体/SEMI_WFF_2026_1Q.xlsx,Micron,,,Micron - Clay Fab 4 (Phase 2B),6585,Company Detail,file:///Users/simon/Documents/Simon-OB/%E6%9C%AC%E4%BD%93%E8%AE%BA/base/%E5%8D%8A%E5%AF%BC%E4%BD%93/SEMI_WFF_2026_1Q.xlsx
Micron - Fab 10B (Phase 1 + 2) project capital expenditure (SEMI WFF),,资本开支,SEMI WFF 工厂级资本开支观测。,23900,USD million,project,project_total_cost,SE Asia,Memory,/Users/simon/Documents/Simon-OB/本体论/base/半导体/SEMI_WFF_2026_1Q.xlsx,Micron,,,Micron - Fab 10B (Phase 1 + 2),6693,Project Spending,file:///Users/simon/Documents/Simon-OB/%E6%9C%AC%E4%BD%93%E8%AE%BA/base/%E5%8D%8A%E5%AF%BC%E4%BD%93/SEMI_WFF_2026_1Q.xlsx
Micron - New DRAM/HBM Hybrid Fab project capital expenditure (SEMI WFF),,资本开支,SEMI WFF 工厂级资本开支观测。,8125,USD million,project,project_total_cost,日本,Memory,/Users/simon/Documents/Simon-OB/本体论/base/半导体/SEMI_WFF_2026_1Q.xlsx,Micron,,,Micron - New DRAM/HBM Hybrid Fab,6260,Project Spending,file:///Users/simon/Documents/Simon-OB/%E6%9C%AC%E4%BD%93%E8%AE%BA/base/%E5%8D%8A%E5%AF%BC%E4%BD%93/SEMI_WFF_2026_1Q.xlsx
Micron - Fab P5 Phase 1 (Tongluo) was Powerchip PSMC project capital expenditure (SEMI WFF),,资本开支,SEMI WFF 工厂级资本开支观测。,6280,USD million,project,project_total_cost,中国台湾,Memory,/Users/simon/Documents/Simon-OB/本体论/base/半导体/SEMI_WFF_2026_1Q.xlsx,Micron,,,Micron - Fab P5 Phase 1 (Tongluo) was Powerchip PSMC,6691,Project Spending,file:///Users/simon/Documents/Simon-OB/%E6%9C%AC%E4%BD%93%E8%AE%BA/base/%E5%8D%8A%E5%AF%BC%E4%BD%93/SEMI_WFF_2026_1Q.xlsx
Micron - ID 2 (New Boise Fab 2) project capital expenditure (SEMI WFF),,资本开支,SEMI WFF 工厂级资本开支观测。,16500,USD million,project,project_total_cost,美洲,Memory,/Users/simon/Documents/Simon-OB/本体论/base/半导体/SEMI_WFF_2026_1Q.xlsx,Micron,,,Micron - ID 2 (New Boise Fab 2),6658,Project Spending,file:///Users/simon/Documents/Simon-OB/%E6%9C%AC%E4%BD%93%E8%AE%BA/base/%E5%8D%8A%E5%AF%BC%E4%BD%93/SEMI_WFF_2026_1Q.xlsx
Midwest MicroDevices (MMD) - MMD fab project capital expenditure (SEMI WFF),,资本开支,SEMI WFF 工厂级资本开支观测。,38,USD million,project,project_total_cost,美洲,MEMS,/Users/simon/Documents/Simon-OB/本体论/base/半导体/SEMI_WFF_2026_1Q.xlsx,Midwest MicroDevices (MMD),,,Midwest MicroDevices (MMD) - MMD fab,3540,Company Detail,file:///Users/simon/Documents/Simon-OB/%E6%9C%AC%E4%BD%93%E8%AE%BA/base/%E5%8D%8A%E5%AF%BC%E4%BD%93/SEMI_WFF_2026_1Q.xlsx
Mikron (JSC Mikron) - 100mm (4-inch) project capital expenditure (SEMI WFF),,资本开支,SEMI WFF 工厂级资本开支观测。,160,USD million,project,project_total_cost,Europe & Mideast,Analog,/Users/simon/Documents/Simon-OB/本体论/base/半导体/SEMI_WFF_2026_1Q.xlsx,Mikron (JSC Mikron),,,Mikron (JSC Mikron) - 100mm (4-inch),562,Company Detail,file:///Users/simon/Documents/Simon-OB/%E6%9C%AC%E4%BD%93%E8%AE%BA/base/%E5%8D%8A%E5%AF%BC%E4%BD%93/SEMI_WFF_2026_1Q.xlsx
Mikron (JSC Mikron) - 150mm (6-inch Corona) project capital expenditure (SEMI WFF),,资本开支,SEMI WFF 工厂级资本开支观测。,200,USD million,project,project_total_cost,Europe & Mideast,Analog,/Users/simon/Documents/Simon-OB/本体论/base/半导体/SEMI_WFF_2026_1Q.xlsx,Mikron (JSC Mikron),,,Mikron (JSC Mikron) - 150mm (6-inch Corona),1475,Company Detail,file:///Users/simon/Documents/Simon-OB/%E6%9C%AC%E4%BD%93%E8%AE%BA/base/%E5%8D%8A%E5%AF%BC%E4%BD%93/SEMI_WFF_2026_1Q.xlsx
Mikron (JSC Mikron) - 200mm project capital expenditure (SEMI WFF),,资本开支,SEMI WFF 工厂级资本开支观测。,220,USD million,project,project_total_cost,Europe & Mideast,Analog,/Users/simon/Documents/Simon-OB/本体论/base/半导体/SEMI_WFF_2026_1Q.xlsx,Mikron (JSC Mikron),,,Mikron (JSC Mikron) - 200mm,2429,Company Detail,file:///Users/simon/Documents/Simon-OB/%E6%9C%AC%E4%BD%93%E8%AE%BA/base/%E5%8D%8A%E5%AF%BC%E4%BD%93/SEMI_WFF_2026_1Q.xlsx
MIMOS Semiconductor (MySem) - Fab 1 project capital expenditure (SEMI WFF),,资本开支,SEMI WFF 工厂级资本开支观测。,6,USD million,project,project_total_cost,SE Asia,MEMS,/Users/simon/Documents/Simon-OB/本体论/base/半导体/SEMI_WFF_2026_1Q.xlsx,MIMOS Semiconductor (MySem),,,MIMOS Semiconductor (MySem) - Fab 1,563,Company Detail,file:///Users/simon/Documents/Simon-OB/%E6%9C%AC%E4%BD%93%E8%AE%BA/base/%E5%8D%8A%E5%AF%BC%E4%BD%93/SEMI_WFF_2026_1Q.xlsx
MIMOS Semiconductor (MySem) - Fab 2 project capital expenditure (SEMI WFF),,资本开支,SEMI WFF 工厂级资本开支观测。,120,USD million,project,project_total_cost,SE Asia,Analog,/Users/simon/Documents/Simon-OB/本体论/base/半导体/SEMI_WFF_2026_1Q.xlsx,MIMOS Semiconductor (MySem),,,MIMOS Semiconductor (MySem) - Fab 2,1305,Company Detail,file:///Users/simon/Documents/Simon-OB/%E6%9C%AC%E4%BD%93%E8%AE%BA/base/%E5%8D%8A%E5%AF%BC%E4%BD%93/SEMI_WFF_2026_1Q.xlsx
Minebea Mitsumi - Yasu Fab (3rd floor) was Omron project capital expenditure (SEMI WFF),,资本开支,SEMI WFF 工厂级资本开支观测。,200,USD million,project,project_total_cost,日本,MEMS,/Users/simon/Documents/Simon-OB/本体论/base/半导体/SEMI_WFF_2026_1Q.xlsx,Minebea Mitsumi,,,Minebea Mitsumi - Yasu Fab (3rd floor) was Omron,361,Company Detail,file:///Users/simon/Documents/Simon-OB/%E6%9C%AC%E4%BD%93%E8%AE%BA/base/%E5%8D%8A%E5%AF%BC%E4%BD%93/SEMI_WFF_2026_1Q.xlsx
Minebea Mitsumi - Yasu Fab (2nd floor) was Omron project capital expenditure (SEMI WFF),,资本开支,SEMI WFF 工厂级资本开支观测。,19.99,USD million,project,project_total_cost,日本,Analog,/Users/simon/Documents/Simon-OB/本体论/base/半导体/SEMI_WFF_2026_1Q.xlsx,Minebea Mitsumi,,,Minebea Mitsumi - Yasu Fab (2nd floor) was Omron,3855,Company Detail,file:///Users/simon/Documents/Simon-OB/%E6%9C%AC%E4%BD%93%E8%AE%BA/base/%E5%8D%8A%E5%AF%BC%E4%BD%93/SEMI_WFF_2026_1Q.xlsx
MiQro Innovation Collaborative Centre (C2MI) - MiQro Innovation Collaborative Centre project capital expenditure (SEMI WFF),,资本开支,SEMI WFF 工厂级资本开支观测。,55,USD million,project,project_total_cost,美洲,MEMS,/Users/simon/Documents/Simon-OB/本体论/base/半导体/SEMI_WFF_2026_1Q.xlsx,MiQro Innovation Collaborative Centre (C2MI),,,MiQro Innovation Collaborative Centre (C2MI) - MiQro Innovation Collaborative Centre,3180,Company Detail,file:///Users/simon/Documents/Simon-OB/%E6%9C%AC%E4%BD%93%E8%AE%BA/base/%E5%8D%8A%E5%AF%BC%E4%BD%93/SEMI_WFF_2026_1Q.xlsx
Mitsubishi Electric - Kumamoto Factory-D Bldg (was Renesas) project capital expenditure (SEMI WFF),,资本开支,SEMI WFF 工厂级资本开支观测。,59,USD million,project,project_total_cost,日本,Discrete,/Users/simon/Documents/Simon-OB/本体论/base/半导体/SEMI_WFF_2026_1Q.xlsx,Mitsubishi Electric,,,Mitsubishi Electric - Kumamoto Factory-D Bldg (was Renesas),582,Project Spending,file:///Users/simon/Documents/Simon-OB/%E6%9C%AC%E4%BD%93%E8%AE%BA/base/%E5%8D%8A%E5%AF%BC%E4%BD%93/SEMI_WFF_2026_1Q.xlsx
Mitsubishi Electric - Power Devices Innovation Center (PI building) project capital expenditure (SEMI WFF),,资本开支,SEMI WFF 工厂级资本开支观测。,23,USD million,project,project_total_cost,日本,Discrete,/Users/simon/Documents/Simon-OB/本体论/base/半导体/SEMI_WFF_2026_1Q.xlsx,Mitsubishi Electric,,,Mitsubishi Electric - Power Devices Innovation Center (PI building),3840,Company Detail,file:///Users/simon/Documents/Simon-OB/%E6%9C%AC%E4%BD%93%E8%AE%BA/base/%E5%8D%8A%E5%AF%BC%E4%BD%93/SEMI_WFF_2026_1Q.xlsx
Mitsubishi Electric - High Frequency & Optical Device Works project capital expenditure (SEMI WFF),,资本开支,SEMI WFF 工厂级资本开支观测。,18,USD million,project,project_total_cost,日本,Opto,/Users/simon/Documents/Simon-OB/本体论/base/半导体/SEMI_WFF_2026_1Q.xlsx,Mitsubishi Electric,,,Mitsubishi Electric - High Frequency & Optical Device Works,1311,Company Detail,file:///Users/simon/Documents/Simon-OB/%E6%9C%AC%E4%BD%93%E8%AE%BA/base/%E5%8D%8A%E5%AF%BC%E4%BD%93/SEMI_WFF_2026_1Q.xlsx
Mitsubishi Electric - Power Device Works project capital expenditure (SEMI WFF),,资本开支,SEMI WFF 工厂级资本开支观测。,40,USD million,project,project_total_cost,日本,Discrete,/Users/simon/Documents/Simon-OB/本体论/base/半导体/SEMI_WFF_2026_1Q.xlsx,Mitsubishi Electric,,,Mitsubishi Electric - Power Device Works,586,Company Detail,file:///Users/simon/Documents/Simon-OB/%E6%9C%AC%E4%BD%93%E8%AE%BA/base/%E5%8D%8A%E5%AF%BC%E4%BD%93/SEMI_WFF_2026_1Q.xlsx
Mitsubishi Electric - SiC power device pilot line project capital expenditure (SEMI WFF),,资本开支,SEMI WFF 工厂级资本开支观测。,200,USD million,project,project_total_cost,日本,Discrete,/Users/simon/Documents/Simon-OB/本体论/base/半导体/SEMI_WFF_2026_1Q.xlsx,Mitsubishi Electric,,,Mitsubishi Electric - SiC power device pilot line,3498,Company Detail,file:///Users/simon/Documents/Simon-OB/%E6%9C%AC%E4%BD%93%E8%AE%BA/base/%E5%8D%8A%E5%AF%BC%E4%BD%93/SEMI_WFF_2026_1Q.xlsx
Mitsubishi Electric - New SiC Power Fab project capital expenditure (SEMI WFF),,资本开支,SEMI WFF 工厂级资本开支观测。,850,USD million,project,project_total_cost,日本,Discrete,/Users/simon/Documents/Simon-OB/本体论/base/半导体/SEMI_WFF_2026_1Q.xlsx,Mitsubishi Electric,,,Mitsubishi Electric - New SiC Power Fab,6270,Project Spending,file:///Users/simon/Documents/Simon-OB/%E6%9C%AC%E4%BD%93%E8%AE%BA/base/%E5%8D%8A%E5%AF%BC%E4%BD%93/SEMI_WFF_2026_1Q.xlsx
Mosel Vitelic - Fab 1 (new IGBT line) project capital expenditure (SEMI WFF),,资本开支,SEMI WFF 工厂级资本开支观测。,30,USD million,project,project_total_cost,中国台湾,Discrete,/Users/simon/Documents/Simon-OB/本体论/base/半导体/SEMI_WFF_2026_1Q.xlsx,Mosel Vitelic,,,Mosel Vitelic - Fab 1 (new IGBT line),6147,Company Detail,file:///Users/simon/Documents/Simon-OB/%E6%9C%AC%E4%BD%93%E8%AE%BA/base/%E5%8D%8A%E5%AF%BC%E4%BD%93/SEMI_WFF_2026_1Q.xlsx
MOSPEC Semiconductor Corp. - n/a project capital expenditure (SEMI WFF),,资本开支,SEMI WFF 工厂级资本开支观测。,15,USD million,project,project_total_cost,中国台湾,Discrete,/Users/simon/Documents/Simon-OB/本体论/base/半导体/SEMI_WFF_2026_1Q.xlsx,MOSPEC Semiconductor Corp.,,,MOSPEC Semiconductor Corp. - n/a,3223,Company Detail,file:///Users/simon/Documents/Simon-OB/%E6%9C%AC%E4%BD%93%E8%AE%BA/base/%E5%8D%8A%E5%AF%BC%E4%BD%93/SEMI_WFF_2026_1Q.xlsx
"MT Microsystems - 6"" fab project capital expenditure (SEMI WFF)",,资本开支,SEMI WFF 工厂级资本开支观测。,85,USD million,project,project_total_cost,中国,MEMS,/Users/simon/Documents/Simon-OB/本体论/base/半导体/SEMI_WFF_2026_1Q.xlsx,MT Microsystems,,,"MT Microsystems - 6"" fab",6138,Company Detail,file:///Users/simon/Documents/Simon-OB/%E6%9C%AC%E4%BD%93%E8%AE%BA/base/%E5%8D%8A%E5%AF%BC%E4%BD%93/SEMI_WFF_2026_1Q.xlsx
"Murata Manufacturing Company, Ltd. - Murata Integrated Passive Solution (was IPDiA Fab 2 6-inch) project capital expenditure (SEMI WFF)",,资本开支,SEMI WFF 工厂级资本开支观测。,60,USD million,project,project_total_cost,Europe & Mideast,Discrete,/Users/simon/Documents/Simon-OB/本体论/base/半导体/SEMI_WFF_2026_1Q.xlsx,"Murata Manufacturing Company, Ltd.",,,"Murata Manufacturing Company, Ltd. - Murata Integrated Passive Solution (was IPDiA Fab 2 6-inch)",771,Company Detail,file:///Users/simon/Documents/Simon-OB/%E6%9C%AC%E4%BD%93%E8%AE%BA/base/%E5%8D%8A%E5%AF%BC%E4%BD%93/SEMI_WFF_2026_1Q.xlsx
"Murata Manufacturing Company, Ltd. - Sendai Fab project capital expenditure (SEMI WFF)",,资本开支,SEMI WFF 工厂级资本开支观测。,85,USD million,project,project_total_cost,日本,MEMS,/Users/simon/Documents/Simon-OB/本体论/base/半导体/SEMI_WFF_2026_1Q.xlsx,"Murata Manufacturing Company, Ltd.",,,"Murata Manufacturing Company, Ltd. - Sendai Fab",3860,Company Detail,file:///Users/simon/Documents/Simon-OB/%E6%9C%AC%E4%BD%93%E8%AE%BA/base/%E5%8D%8A%E5%AF%BC%E4%BD%93/SEMI_WFF_2026_1Q.xlsx
"Murata Manufacturing Company, Ltd. - Kanazawa Fab 2 (Building E) project capital expenditure (SEMI WFF)",,资本开支,SEMI WFF 工厂级资本开支观测。,170,USD million,project,project_total_cost,日本,MEMS,/Users/simon/Documents/Simon-OB/本体论/base/半导体/SEMI_WFF_2026_1Q.xlsx,"Murata Manufacturing Company, Ltd.",,,"Murata Manufacturing Company, Ltd. - Kanazawa Fab 2 (Building E)",3862,Company Detail,file:///Users/simon/Documents/Simon-OB/%E6%9C%AC%E4%BD%93%E8%AE%BA/base/%E5%8D%8A%E5%AF%BC%E4%BD%93/SEMI_WFF_2026_1Q.xlsx
"Murata Manufacturing Company, Ltd. - Vantaa Fab 3 project capital expenditure (SEMI WFF)",,资本开支,SEMI WFF 工厂级资本开支观测。,45,USD million,project,project_total_cost,Europe & Mideast,MEMS,/Users/simon/Documents/Simon-OB/本体论/base/半导体/SEMI_WFF_2026_1Q.xlsx,"Murata Manufacturing Company, Ltd.",,,"Murata Manufacturing Company, Ltd. - Vantaa Fab 3",5032,Company Detail,file:///Users/simon/Documents/Simon-OB/%E6%9C%AC%E4%BD%93%E8%AE%BA/base/%E5%8D%8A%E5%AF%BC%E4%BD%93/SEMI_WFF_2026_1Q.xlsx
"Murata Manufacturing Company, Ltd. - Vantaa Fab 1 project capital expenditure (SEMI WFF)",,资本开支,SEMI WFF 工厂级资本开支观测。,50,USD million,project,project_total_cost,Europe & Mideast,MEMS,/Users/simon/Documents/Simon-OB/本体论/base/半导体/SEMI_WFF_2026_1Q.xlsx,"Murata Manufacturing Company, Ltd.",,,"Murata Manufacturing Company, Ltd. - Vantaa Fab 1",2351,Company Detail,file:///Users/simon/Documents/Simon-OB/%E6%9C%AC%E4%BD%93%E8%AE%BA/base/%E5%8D%8A%E5%AF%BC%E4%BD%93/SEMI_WFF_2026_1Q.xlsx
"Murata Manufacturing Company, Ltd. - Vantaa Fab 2 project capital expenditure (SEMI WFF)",,资本开支,SEMI WFF 工厂级资本开支观测。,90,USD million,project,project_total_cost,Europe & Mideast,MEMS,/Users/simon/Documents/Simon-OB/本体论/base/半导体/SEMI_WFF_2026_1Q.xlsx,"Murata Manufacturing Company, Ltd.",,,"Murata Manufacturing Company, Ltd. - Vantaa Fab 2",2352,Company Detail,file:///Users/simon/Documents/Simon-OB/%E6%9C%AC%E4%BD%93%E8%AE%BA/base/%E5%8D%8A%E5%AF%BC%E4%BD%93/SEMI_WFF_2026_1Q.xlsx
Nanchang Kingsoon - Nanchang fab project capital expenditure (SEMI WFF),,资本开支,SEMI WFF 工厂级资本开支观测。,25,USD million,project,project_total_cost,中国,Opto,/Users/simon/Documents/Simon-OB/本体论/base/半导体/SEMI_WFF_2026_1Q.xlsx,Nanchang Kingsoon,,,Nanchang Kingsoon - Nanchang fab,3884,Company Detail,file:///Users/simon/Documents/Simon-OB/%E6%9C%AC%E4%BD%93%E8%AE%BA/base/%E5%8D%8A%E5%AF%BC%E4%BD%93/SEMI_WFF_2026_1Q.xlsx
Nanjing Gaoxin Semiconductor Corporation (NSMC) - Fab 3 project capital expenditure (SEMI WFF),,资本开支,SEMI WFF 工厂级资本开支观测。,30,USD million,project,project_total_cost,中国,Discrete,/Users/simon/Documents/Simon-OB/本体论/base/半导体/SEMI_WFF_2026_1Q.xlsx,Nanjing Gaoxin Semiconductor Corporation (NSMC),,,Nanjing Gaoxin Semiconductor Corporation (NSMC) - Fab 3,1998,Company Detail,file:///Users/simon/Documents/Simon-OB/%E6%9C%AC%E4%BD%93%E8%AE%BA/base/%E5%8D%8A%E5%AF%BC%E4%BD%93/SEMI_WFF_2026_1Q.xlsx
Nanjing Guozhao Optoelectronics Technology (GZOT) - Fab 1 project capital expenditure (SEMI WFF),,资本开支,SEMI WFF 工厂级资本开支观测。,67,USD million,project,project_total_cost,中国,Opto,/Users/simon/Documents/Simon-OB/本体论/base/半导体/SEMI_WFF_2026_1Q.xlsx,Nanjing Guozhao Optoelectronics Technology (GZOT),,,Nanjing Guozhao Optoelectronics Technology (GZOT) - Fab 1,6607,Company Detail,file:///Users/simon/Documents/Simon-OB/%E6%9C%AC%E4%BD%93%E8%AE%BA/base/%E5%8D%8A%E5%AF%BC%E4%BD%93/SEMI_WFF_2026_1Q.xlsx
Nanjing Guozhao Optoelectronics Technology (GZOT) - Zhaoyi 12inch line project capital expenditure (SEMI WFF),,资本开支,SEMI WFF 工厂级资本开支观测。,60,USD million,project,project_total_cost,中国,Opto,/Users/simon/Documents/Simon-OB/本体论/base/半导体/SEMI_WFF_2026_1Q.xlsx,Nanjing Guozhao Optoelectronics Technology (GZOT),,,Nanjing Guozhao Optoelectronics Technology (GZOT) - Zhaoyi 12inch line,6608,Project Spending,file:///Users/simon/Documents/Simon-OB/%E6%9C%AC%E4%BD%93%E8%AE%BA/base/%E5%8D%8A%E5%AF%BC%E4%BD%93/SEMI_WFF_2026_1Q.xlsx
Nanoshift LLC - Emeryville project capital expenditure (SEMI WFF),,资本开支,SEMI WFF 工厂级资本开支观测。,42,USD million,project,project_total_cost,美洲,MEMS,/Users/simon/Documents/Simon-OB/本体论/base/半导体/SEMI_WFF_2026_1Q.xlsx,Nanoshift LLC,,,Nanoshift LLC - Emeryville,3443,Company Detail,file:///Users/simon/Documents/Simon-OB/%E6%9C%AC%E4%BD%93%E8%AE%BA/base/%E5%8D%8A%E5%AF%BC%E4%BD%93/SEMI_WFF_2026_1Q.xlsx
"Nanostructures, Inc. - Fab 1 project capital expenditure (SEMI WFF)",,资本开支,SEMI WFF 工厂级资本开支观测。,30,USD million,project,project_total_cost,美洲,MEMS,/Users/simon/Documents/Simon-OB/本体论/base/半导体/SEMI_WFF_2026_1Q.xlsx,"Nanostructures, Inc.",,,"Nanostructures, Inc. - Fab 1",2117,Company Detail,file:///Users/simon/Documents/Simon-OB/%E6%9C%AC%E4%BD%93%E8%AE%BA/base/%E5%8D%8A%E5%AF%BC%E4%BD%93/SEMI_WFF_2026_1Q.xlsx
Nanotech - the UCSB Nanofabrication Facility - Nanotech project capital expenditure (SEMI WFF),,资本开支,SEMI WFF 工厂级资本开支观测。,20,USD million,project,project_total_cost,美洲,Opto,/Users/simon/Documents/Simon-OB/本体论/base/半导体/SEMI_WFF_2026_1Q.xlsx,Nanotech - the UCSB Nanofabrication Facility,,,Nanotech - the UCSB Nanofabrication Facility - Nanotech,3222,Company Detail,file:///Users/simon/Documents/Simon-OB/%E6%9C%AC%E4%BD%93%E8%AE%BA/base/%E5%8D%8A%E5%AF%BC%E4%BD%93/SEMI_WFF_2026_1Q.xlsx
Nanovation - n/a project capital expenditure (SEMI WFF),,资本开支,SEMI WFF 工厂级资本开支观测。,12,USD million,project,project_total_cost,Europe & Mideast,EPI,/Users/simon/Documents/Simon-OB/本体论/base/半导体/SEMI_WFF_2026_1Q.xlsx,Nanovation,,,Nanovation - n/a,3670,Company Detail,file:///Users/simon/Documents/Simon-OB/%E6%9C%AC%E4%BD%93%E8%AE%BA/base/%E5%8D%8A%E5%AF%BC%E4%BD%93/SEMI_WFF_2026_1Q.xlsx
Nanox - Nanox project capital expenditure (SEMI WFF),,资本开支,SEMI WFF 工厂级资本开支观测。,42,USD million,project,project_total_cost,韩国,MEMS,/Users/simon/Documents/Simon-OB/本体论/base/半导体/SEMI_WFF_2026_1Q.xlsx,Nanox,,,Nanox - Nanox,6218,Company Detail,file:///Users/simon/Documents/Simon-OB/%E6%9C%AC%E4%BD%93%E8%AE%BA/base/%E5%8D%8A%E5%AF%BC%E4%BD%93/SEMI_WFF_2026_1Q.xlsx
Nanya Technology - Fab 5 Phase 1 project capital expenditure (SEMI WFF),,资本开支,SEMI WFF 工厂级资本开支观测。,3700,USD million,project,project_total_cost,中国台湾,Memory,/Users/simon/Documents/Simon-OB/本体论/base/半导体/SEMI_WFF_2026_1Q.xlsx,Nanya Technology,,,Nanya Technology - Fab 5 Phase 1,6221,Project Spending,file:///Users/simon/Documents/Simon-OB/%E6%9C%AC%E4%BD%93%E8%AE%BA/base/%E5%8D%8A%E5%AF%BC%E4%BD%93/SEMI_WFF_2026_1Q.xlsx
Nanya Technology - Fab 5 Phase 2 project capital expenditure (SEMI WFF),,资本开支,SEMI WFF 工厂级资本开支观测。,3400,USD million,project,project_total_cost,中国台湾,Memory,/Users/simon/Documents/Simon-OB/本体论/base/半导体/SEMI_WFF_2026_1Q.xlsx,Nanya Technology,,,Nanya Technology - Fab 5 Phase 2,6256,Project Spending,file:///Users/simon/Documents/Simon-OB/%E6%9C%AC%E4%BD%93%E8%AE%BA/base/%E5%8D%8A%E5%AF%BC%E4%BD%93/SEMI_WFF_2026_1Q.xlsx
Nanya Technology - Fab 5 (EUV Fab) project capital expenditure (SEMI WFF),,资本开支,SEMI WFF 工厂级资本开支观测。,1400,USD million,project,project_total_cost,中国台湾,Memory,/Users/simon/Documents/Simon-OB/本体论/base/半导体/SEMI_WFF_2026_1Q.xlsx,Nanya Technology,,,Nanya Technology - Fab 5 (EUV Fab),6699,Project Spending,file:///Users/simon/Documents/Simon-OB/%E6%9C%AC%E4%BD%93%E8%AE%BA/base/%E5%8D%8A%E5%AF%BC%E4%BD%93/SEMI_WFF_2026_1Q.xlsx
NASA - Goddard Laboratory - DDL (Detrector Development Lab) project capital expenditure (SEMI WFF),,资本开支,SEMI WFF 工厂级资本开支观测。,25,USD million,project,project_total_cost,美洲,MEMS,/Users/simon/Documents/Simon-OB/本体论/base/半导体/SEMI_WFF_2026_1Q.xlsx,NASA - Goddard Laboratory,,,NASA - Goddard Laboratory - DDL (Detrector Development Lab),1580,Company Detail,file:///Users/simon/Documents/Simon-OB/%E6%9C%AC%E4%BD%93%E8%AE%BA/base/%E5%8D%8A%E5%AF%BC%E4%BD%93/SEMI_WFF_2026_1Q.xlsx
National Institute for Nanotechnology (NINT) - NINT project capital expenditure (SEMI WFF),,资本开支,SEMI WFF 工厂级资本开支观测。,70,USD million,project,project_total_cost,美洲,MEMS,/Users/simon/Documents/Simon-OB/本体论/base/半导体/SEMI_WFF_2026_1Q.xlsx,National Institute for Nanotechnology (NINT),,,National Institute for Nanotechnology (NINT) - NINT,4962,Company Detail,file:///Users/simon/Documents/Simon-OB/%E6%9C%AC%E4%BD%93%E8%AE%BA/base/%E5%8D%8A%E5%AF%BC%E4%BD%93/SEMI_WFF_2026_1Q.xlsx
National Nano Device Laboratories (NDL) - New Nano Fab project capital expenditure (SEMI WFF),,资本开支,SEMI WFF 工厂级资本开支观测。,75,USD million,project,project_total_cost,中国台湾,Other,/Users/simon/Documents/Simon-OB/本体论/base/半导体/SEMI_WFF_2026_1Q.xlsx,National Nano Device Laboratories (NDL),,,National Nano Device Laboratories (NDL) - New Nano Fab,1983,Company Detail,file:///Users/simon/Documents/Simon-OB/%E6%9C%AC%E4%BD%93%E8%AE%BA/base/%E5%8D%8A%E5%AF%BC%E4%BD%93/SEMI_WFF_2026_1Q.xlsx
National Nano Device Laboratories (NDL) - Nano Fab project capital expenditure (SEMI WFF),,资本开支,SEMI WFF 工厂级资本开支观测。,30,USD million,project,project_total_cost,中国台湾,Other,/Users/simon/Documents/Simon-OB/本体论/base/半导体/SEMI_WFF_2026_1Q.xlsx,National Nano Device Laboratories (NDL),,,National Nano Device Laboratories (NDL) - Nano Fab,1982,Company Detail,file:///Users/simon/Documents/Simon-OB/%E6%9C%AC%E4%BD%93%E8%AE%BA/base/%E5%8D%8A%E5%AF%BC%E4%BD%93/SEMI_WFF_2026_1Q.xlsx
NeoPhotonics Corporation - San Jose project capital expenditure (SEMI WFF),,资本开支,SEMI WFF 工厂级资本开支观测。,45,USD million,project,project_total_cost,美洲,Opto,/Users/simon/Documents/Simon-OB/本体论/base/半导体/SEMI_WFF_2026_1Q.xlsx,NeoPhotonics Corporation,,,NeoPhotonics Corporation - San Jose,3151,Company Detail,file:///Users/simon/Documents/Simon-OB/%E6%9C%AC%E4%BD%93%E8%AE%BA/base/%E5%8D%8A%E5%AF%BC%E4%BD%93/SEMI_WFF_2026_1Q.xlsx
New Jersey Institute of Technology - N/A project capital expenditure (SEMI WFF),,资本开支,SEMI WFF 工厂级资本开支观测。,7,USD million,project,project_total_cost,美洲,Other,/Users/simon/Documents/Simon-OB/本体论/base/半导体/SEMI_WFF_2026_1Q.xlsx,New Jersey Institute of Technology,,,New Jersey Institute of Technology - N/A,1313,Company Detail,file:///Users/simon/Documents/Simon-OB/%E6%9C%AC%E4%BD%93%E8%AE%BA/base/%E5%8D%8A%E5%AF%BC%E4%BD%93/SEMI_WFF_2026_1Q.xlsx
Nexchip - N1(A3+A4) project capital expenditure (SEMI WFF),,资本开支,SEMI WFF 工厂级资本开支观测。,5140,USD million,project,project_total_cost,中国,Analog,/Users/simon/Documents/Simon-OB/本体论/base/半导体/SEMI_WFF_2026_1Q.xlsx,Nexchip,,,Nexchip - N1(A3+A4),5045,Project Spending,file:///Users/simon/Documents/Simon-OB/%E6%9C%AC%E4%BD%93%E8%AE%BA/base/%E5%8D%8A%E5%AF%BC%E4%BD%93/SEMI_WFF_2026_1Q.xlsx
NexGen Power Systems - Avogy project capital expenditure (SEMI WFF),,资本开支,SEMI WFF 工厂级资本开支观测。,20,USD million,project,project_total_cost,美洲,Discrete,/Users/simon/Documents/Simon-OB/本体论/base/半导体/SEMI_WFF_2026_1Q.xlsx,NexGen Power Systems,,,NexGen Power Systems - Avogy,3842,Company Detail,file:///Users/simon/Documents/Simon-OB/%E6%9C%AC%E4%BD%93%E8%AE%BA/base/%E5%8D%8A%E5%AF%BC%E4%BD%93/SEMI_WFF_2026_1Q.xlsx
NEXIC Technology - Jiangyin 6inch Fab project capital expenditure (SEMI WFF),,资本开支,SEMI WFF 工厂级资本开支观测。,270,USD million,project,project_total_cost,中国,Discrete,/Users/simon/Documents/Simon-OB/本体论/base/半导体/SEMI_WFF_2026_1Q.xlsx,NEXIC Technology,,,NEXIC Technology - Jiangyin 6inch Fab,6575,Project Spending,file:///Users/simon/Documents/Simon-OB/%E6%9C%AC%E4%BD%93%E8%AE%BA/base/%E5%8D%8A%E5%AF%BC%E4%BD%93/SEMI_WFF_2026_1Q.xlsx
Nexperia - Hamburg 8-inch project capital expenditure (SEMI WFF),,资本开支,SEMI WFF 工厂级资本开支观测。,360,USD million,project,project_total_cost,Europe & Mideast,Analog,/Users/simon/Documents/Simon-OB/本体论/base/半导体/SEMI_WFF_2026_1Q.xlsx,Nexperia,,,Nexperia - Hamburg 8-inch,6666,Project Spending,file:///Users/simon/Documents/Simon-OB/%E6%9C%AC%E4%BD%93%E8%AE%BA/base/%E5%8D%8A%E5%AF%BC%E4%BD%93/SEMI_WFF_2026_1Q.xlsx
Nexperia - Hamburg 8-inch GaN and SiC project capital expenditure (SEMI WFF),,资本开支,SEMI WFF 工厂级资本开支观测。,240,USD million,project,project_total_cost,Europe & Mideast,Analog,/Users/simon/Documents/Simon-OB/本体论/base/半导体/SEMI_WFF_2026_1Q.xlsx,Nexperia,,,Nexperia - Hamburg 8-inch GaN and SiC,6667,Project Spending,file:///Users/simon/Documents/Simon-OB/%E6%9C%AC%E4%BD%93%E8%AE%BA/base/%E5%8D%8A%E5%AF%BC%E4%BD%93/SEMI_WFF_2026_1Q.xlsx
Nexperia - Manchester 6-inch (was Nexperia) project capital expenditure (SEMI WFF),,资本开支,SEMI WFF 工厂级资本开支观测。,225,USD million,project,project_total_cost,Europe & Mideast,Discrete,/Users/simon/Documents/Simon-OB/本体论/base/半导体/SEMI_WFF_2026_1Q.xlsx,Nexperia,,,Nexperia - Manchester 6-inch (was Nexperia),1525,Company Detail,file:///Users/simon/Documents/Simon-OB/%E6%9C%AC%E4%BD%93%E8%AE%BA/base/%E5%8D%8A%E5%AF%BC%E4%BD%93/SEMI_WFF_2026_1Q.xlsx
Nexperia - Hamburg 6-inch project capital expenditure (SEMI WFF),,资本开支,SEMI WFF 工厂级资本开支观测。,60,USD million,project,project_total_cost,Europe & Mideast,Analog,/Users/simon/Documents/Simon-OB/本体论/base/半导体/SEMI_WFF_2026_1Q.xlsx,Nexperia,,,Nexperia - Hamburg 6-inch,773,Company Detail,file:///Users/simon/Documents/Simon-OB/%E6%9C%AC%E4%BD%93%E8%AE%BA/base/%E5%8D%8A%E5%AF%BC%E4%BD%93/SEMI_WFF_2026_1Q.xlsx
Nichia Corporation - TN-Plant (Tatsumi Fab 1 and Fab 2) project capital expenditure (SEMI WFF),,资本开支,SEMI WFF 工厂级资本开支观测。,30,USD million,project,project_total_cost,日本,Opto,/Users/simon/Documents/Simon-OB/本体论/base/半导体/SEMI_WFF_2026_1Q.xlsx,Nichia Corporation,,,Nichia Corporation - TN-Plant (Tatsumi Fab 1 and Fab 2),3078,Company Detail,file:///Users/simon/Documents/Simon-OB/%E6%9C%AC%E4%BD%93%E8%AE%BA/base/%E5%8D%8A%E5%AF%BC%E4%BD%93/SEMI_WFF_2026_1Q.xlsx
Nichia Corporation - Kaminaka R&D project capital expenditure (SEMI WFF),,资本开支,SEMI WFF 工厂级资本开支观测。,30,USD million,project,project_total_cost,日本,Opto,/Users/simon/Documents/Simon-OB/本体论/base/半导体/SEMI_WFF_2026_1Q.xlsx,Nichia Corporation,,,Nichia Corporation - Kaminaka R&D,3922,Company Detail,file:///Users/simon/Documents/Simon-OB/%E6%9C%AC%E4%BD%93%E8%AE%BA/base/%E5%8D%8A%E5%AF%BC%E4%BD%93/SEMI_WFF_2026_1Q.xlsx
Nichia Corporation - K6 (was LD fab HQ) project capital expenditure (SEMI WFF),,资本开支,SEMI WFF 工厂级资本开支观测。,2.4,USD million,project,project_total_cost,日本,Opto,/Users/simon/Documents/Simon-OB/本体论/base/半导体/SEMI_WFF_2026_1Q.xlsx,Nichia Corporation,,,Nichia Corporation - K6 (was LD fab HQ),4949,Project Spending,file:///Users/simon/Documents/Simon-OB/%E6%9C%AC%E4%BD%93%E8%AE%BA/base/%E5%8D%8A%E5%AF%BC%E4%BD%93/SEMI_WFF_2026_1Q.xlsx
Nichia Corporation - Kaminaka Fab (HQ) project capital expenditure (SEMI WFF),,资本开支,SEMI WFF 工厂级资本开支观测。,290,USD million,project,project_total_cost,日本,Opto,/Users/simon/Documents/Simon-OB/本体论/base/半导体/SEMI_WFF_2026_1Q.xlsx,Nichia Corporation,,,Nichia Corporation - Kaminaka Fab (HQ),3077,Company Detail,file:///Users/simon/Documents/Simon-OB/%E6%9C%AC%E4%BD%93%E8%AE%BA/base/%E5%8D%8A%E5%AF%BC%E4%BD%93/SEMI_WFF_2026_1Q.xlsx
NIIIS - Research Institute of Measuring Systems - NIIIS project capital expenditure (SEMI WFF),,资本开支,SEMI WFF 工厂级资本开支观测。,38,USD million,project,project_total_cost,Europe & Mideast,Discrete,/Users/simon/Documents/Simon-OB/本体论/base/半导体/SEMI_WFF_2026_1Q.xlsx,NIIIS - Research Institute of Measuring Systems,,,NIIIS - Research Institute of Measuring Systems - NIIIS,3216,Company Detail,file:///Users/simon/Documents/Simon-OB/%E6%9C%AC%E4%BD%93%E8%AE%BA/base/%E5%8D%8A%E5%AF%BC%E4%BD%93/SEMI_WFF_2026_1Q.xlsx
"NIKKISO CO., LTD - Nikkiso Hakusan plant project capital expenditure (SEMI WFF)",,资本开支,SEMI WFF 工厂级资本开支观测。,22,USD million,project,project_total_cost,日本,Opto,/Users/simon/Documents/Simon-OB/本体论/base/半导体/SEMI_WFF_2026_1Q.xlsx,"NIKKISO CO., LTD",,,"NIKKISO CO., LTD - Nikkiso Hakusan plant",3622,Company Detail,file:///Users/simon/Documents/Simon-OB/%E6%9C%AC%E4%BD%93%E8%AE%BA/base/%E5%8D%8A%E5%AF%BC%E4%BD%93/SEMI_WFF_2026_1Q.xlsx
Nisshinbo - Yashiro Fab 1 (Ricoh Electro Device) project capital expenditure (SEMI WFF),,资本开支,SEMI WFF 工厂级资本开支观测。,200,USD million,project,project_total_cost,日本,Logic&Micro,/Users/simon/Documents/Simon-OB/本体论/base/半导体/SEMI_WFF_2026_1Q.xlsx,Nisshinbo,,,Nisshinbo - Yashiro Fab 1 (Ricoh Electro Device),832,Company Detail,file:///Users/simon/Documents/Simon-OB/%E6%9C%AC%E4%BD%93%E8%AE%BA/base/%E5%8D%8A%E5%AF%BC%E4%BD%93/SEMI_WFF_2026_1Q.xlsx
Nisshinbo - Ikeda (was Ricoh) project capital expenditure (SEMI WFF),,资本开支,SEMI WFF 工厂级资本开支观测。,100,USD million,project,project_total_cost,日本,MEMS,/Users/simon/Documents/Simon-OB/本体论/base/半导体/SEMI_WFF_2026_1Q.xlsx,Nisshinbo,,,Nisshinbo - Ikeda (was Ricoh),830,Company Detail,file:///Users/simon/Documents/Simon-OB/%E6%9C%AC%E4%BD%93%E8%AE%BA/base/%E5%8D%8A%E5%AF%BC%E4%BD%93/SEMI_WFF_2026_1Q.xlsx
Nisshinbo - Yashiro Fab 2 (Ricoh Electro Device) project capital expenditure (SEMI WFF),,资本开支,SEMI WFF 工厂级资本开支观测。,260,USD million,project,project_total_cost,日本,Logic&Micro,/Users/simon/Documents/Simon-OB/本体论/base/半导体/SEMI_WFF_2026_1Q.xlsx,Nisshinbo,,,Nisshinbo - Yashiro Fab 2 (Ricoh Electro Device),831,Company Detail,file:///Users/simon/Documents/Simon-OB/%E6%9C%AC%E4%BD%93%E8%AE%BA/base/%E5%8D%8A%E5%AF%BC%E4%BD%93/SEMI_WFF_2026_1Q.xlsx
"Nitride Semiconductors Co., Ltd. - HQ Fab project capital expenditure (SEMI WFF)",,资本开支,SEMI WFF 工厂级资本开支观测。,30,USD million,project,project_total_cost,日本,Opto,/Users/simon/Documents/Simon-OB/本体论/base/半导体/SEMI_WFF_2026_1Q.xlsx,"Nitride Semiconductors Co., Ltd.",,,"Nitride Semiconductors Co., Ltd. - HQ Fab",3452,Company Detail,file:///Users/simon/Documents/Simon-OB/%E6%9C%AC%E4%BD%93%E8%AE%BA/base/%E5%8D%8A%E5%AF%BC%E4%BD%93/SEMI_WFF_2026_1Q.xlsx
Nitronex Corporation - Durham Fab project capital expenditure (SEMI WFF),,资本开支,SEMI WFF 工厂级资本开支观测。,24,USD million,project,project_total_cost,美洲,Discrete,/Users/simon/Documents/Simon-OB/本体论/base/半导体/SEMI_WFF_2026_1Q.xlsx,Nitronex Corporation,,,Nitronex Corporation - Durham Fab,2446,Company Detail,file:///Users/simon/Documents/Simon-OB/%E6%9C%AC%E4%BD%93%E8%AE%BA/base/%E5%8D%8A%E5%AF%BC%E4%BD%93/SEMI_WFF_2026_1Q.xlsx
Norcada Inc. - Fab 1 project capital expenditure (SEMI WFF),,资本开支,SEMI WFF 工厂级资本开支观测。,50,USD million,project,project_total_cost,美洲,MEMS,/Users/simon/Documents/Simon-OB/本体论/base/半导体/SEMI_WFF_2026_1Q.xlsx,Norcada Inc.,,,Norcada Inc. - Fab 1,2116,Company Detail,file:///Users/simon/Documents/Simon-OB/%E6%9C%AC%E4%BD%93%E8%AE%BA/base/%E5%8D%8A%E5%AF%BC%E4%BD%93/SEMI_WFF_2026_1Q.xlsx
Northrop Grumman - Manhattan Beach project capital expenditure (SEMI WFF),,资本开支,SEMI WFF 工厂级资本开支观测。,30,USD million,project,project_total_cost,美洲,Other,/Users/simon/Documents/Simon-OB/本体论/base/半导体/SEMI_WFF_2026_1Q.xlsx,Northrop Grumman,,,Northrop Grumman - Manhattan Beach,1141,Company Detail,file:///Users/simon/Documents/Simon-OB/%E6%9C%AC%E4%BD%93%E8%AE%BA/base/%E5%8D%8A%E5%AF%BC%E4%BD%93/SEMI_WFF_2026_1Q.xlsx
Northrop Grumman - D1 (Space Park) (Redondo Beach) project capital expenditure (SEMI WFF),,资本开支,SEMI WFF 工厂级资本开支观测。,100,USD million,project,project_total_cost,美洲,Analog,/Users/simon/Documents/Simon-OB/本体论/base/半导体/SEMI_WFF_2026_1Q.xlsx,Northrop Grumman,,,Northrop Grumman - D1 (Space Park) (Redondo Beach),1820,Company Detail,file:///Users/simon/Documents/Simon-OB/%E6%9C%AC%E4%BD%93%E8%AE%BA/base/%E5%8D%8A%E5%AF%BC%E4%BD%93/SEMI_WFF_2026_1Q.xlsx
Northrop Grumman - ATL Baltimore (1 to 6 inch lines) project capital expenditure (SEMI WFF),,资本开支,SEMI WFF 工厂级资本开支观测。,20,USD million,project,project_total_cost,美洲,Analog,/Users/simon/Documents/Simon-OB/本体论/base/半导体/SEMI_WFF_2026_1Q.xlsx,Northrop Grumman,,,Northrop Grumman - ATL Baltimore (1 to 6 inch lines),1199,Company Detail,file:///Users/simon/Documents/Simon-OB/%E6%9C%AC%E4%BD%93%E8%AE%BA/base/%E5%8D%8A%E5%AF%BC%E4%BD%93/SEMI_WFF_2026_1Q.xlsx
Northrop Grumman - ATL Baltimore (8 inch line) project capital expenditure (SEMI WFF),,资本开支,SEMI WFF 工厂级资本开支观测。,30,USD million,project,project_total_cost,美洲,Analog,/Users/simon/Documents/Simon-OB/本体论/base/半导体/SEMI_WFF_2026_1Q.xlsx,Northrop Grumman,,,Northrop Grumman - ATL Baltimore (8 inch line),3849,Company Detail,file:///Users/simon/Documents/Simon-OB/%E6%9C%AC%E4%BD%93%E8%AE%BA/base/%E5%8D%8A%E5%AF%BC%E4%BD%93/SEMI_WFF_2026_1Q.xlsx
Novel Crystal Technology - Sayama fab project capital expenditure (SEMI WFF),,资本开支,SEMI WFF 工厂级资本开支观测。,12,USD million,project,project_total_cost,日本,EPI,/Users/simon/Documents/Simon-OB/本体论/base/半导体/SEMI_WFF_2026_1Q.xlsx,Novel Crystal Technology,,,Novel Crystal Technology - Sayama fab,6230,Company Detail,file:///Users/simon/Documents/Simon-OB/%E6%9C%AC%E4%BD%93%E8%AE%BA/base/%E5%8D%8A%E5%AF%BC%E4%BD%93/SEMI_WFF_2026_1Q.xlsx
Nuvoton Technology - Fab D (was Panasonic) project capital expenditure (SEMI WFF),,资本开支,SEMI WFF 工厂级资本开支观测。,200,USD million,project,project_total_cost,日本,Logic&Micro,/Users/simon/Documents/Simon-OB/本体论/base/半导体/SEMI_WFF_2026_1Q.xlsx,Nuvoton Technology,,,Nuvoton Technology - Fab D (was Panasonic),1844,Company Detail,file:///Users/simon/Documents/Simon-OB/%E6%9C%AC%E4%BD%93%E8%AE%BA/base/%E5%8D%8A%E5%AF%BC%E4%BD%93/SEMI_WFF_2026_1Q.xlsx
Nuvoton Technology - Techno Center (was Panasonic) project capital expenditure (SEMI WFF),,资本开支,SEMI WFF 工厂级资本开支观测。,300,USD million,project,project_total_cost,日本,Other,/Users/simon/Documents/Simon-OB/本体论/base/半导体/SEMI_WFF_2026_1Q.xlsx,Nuvoton Technology,,,Nuvoton Technology - Techno Center (was Panasonic),507,Company Detail,file:///Users/simon/Documents/Simon-OB/%E6%9C%AC%E4%BD%93%E8%AE%BA/base/%E5%8D%8A%E5%AF%BC%E4%BD%93/SEMI_WFF_2026_1Q.xlsx
Nuvotronics - Virginia Fab project capital expenditure (SEMI WFF),,资本开支,SEMI WFF 工厂级资本开支观测。,25,USD million,project,project_total_cost,美洲,MEMS,/Users/simon/Documents/Simon-OB/本体论/base/半导体/SEMI_WFF_2026_1Q.xlsx,Nuvotronics,,,Nuvotronics - Virginia Fab,3012,Company Detail,file:///Users/simon/Documents/Simon-OB/%E6%9C%AC%E4%BD%93%E8%AE%BA/base/%E5%8D%8A%E5%AF%BC%E4%BD%93/SEMI_WFF_2026_1Q.xlsx
Nuvotronics - Durham Fab project capital expenditure (SEMI WFF),,资本开支,SEMI WFF 工厂级资本开支观测。,21,USD million,project,project_total_cost,美洲,MEMS,/Users/simon/Documents/Simon-OB/本体论/base/半导体/SEMI_WFF_2026_1Q.xlsx,Nuvotronics,,,Nuvotronics - Durham Fab,3916,Company Detail,file:///Users/simon/Documents/Simon-OB/%E6%9C%AC%E4%BD%93%E8%AE%BA/base/%E5%8D%8A%E5%AF%BC%E4%BD%93/SEMI_WFF_2026_1Q.xlsx
NXP - Expansion Dan Noble Center project capital expenditure (SEMI WFF),,资本开支,SEMI WFF 工厂级资本开支观测。,140,USD million,project,project_total_cost,美洲,Logic&Micro,/Users/simon/Documents/Simon-OB/本体论/base/半导体/SEMI_WFF_2026_1Q.xlsx,NXP,,,NXP - Expansion Dan Noble Center,6379,Project Spending,file:///Users/simon/Documents/Simon-OB/%E6%9C%AC%E4%BD%93%E8%AE%BA/base/%E5%8D%8A%E5%AF%BC%E4%BD%93/SEMI_WFF_2026_1Q.xlsx
"NXP - ATMC (used also by Everspin) (was Freescale, Austin Technology & Manufacturing Center) project capital expenditure (SEMI WFF)",,资本开支,SEMI WFF 工厂级资本开支观测。,77,USD million,project,project_total_cost,美洲,Logic&Micro,/Users/simon/Documents/Simon-OB/本体论/base/半导体/SEMI_WFF_2026_1Q.xlsx,NXP,,,"NXP - ATMC (used also by Everspin) (was Freescale, Austin Technology & Manufacturing Center)",605,Project Spending,file:///Users/simon/Documents/Simon-OB/%E6%9C%AC%E4%BD%93%E8%AE%BA/base/%E5%8D%8A%E5%AF%BC%E4%BD%93/SEMI_WFF_2026_1Q.xlsx
NXP - ICN8 project capital expenditure (SEMI WFF),,资本开支,SEMI WFF 工厂级资本开支观测。,77,USD million,project,project_total_cost,Europe & Mideast,Analog,/Users/simon/Documents/Simon-OB/本体论/base/半导体/SEMI_WFF_2026_1Q.xlsx,NXP,,,NXP - ICN8,776,Project Spending,file:///Users/simon/Documents/Simon-OB/%E6%9C%AC%E4%BD%93%E8%AE%BA/base/%E5%8D%8A%E5%AF%BC%E4%BD%93/SEMI_WFF_2026_1Q.xlsx
"NXP - CHD (used also by Everspin, was Freescale) project capital expenditure (SEMI WFF)",,资本开支,SEMI WFF 工厂级资本开支观测。,59.4,USD million,project,project_total_cost,美洲,Logic&Micro,/Users/simon/Documents/Simon-OB/本体论/base/半导体/SEMI_WFF_2026_1Q.xlsx,NXP,,,"NXP - CHD (used also by Everspin, was Freescale)",614,Project Spending,file:///Users/simon/Documents/Simon-OB/%E6%9C%AC%E4%BD%93%E8%AE%BA/base/%E5%8D%8A%E5%AF%BC%E4%BD%93/SEMI_WFF_2026_1Q.xlsx
NXP - ECHO (GaN & SiC Fab new expansion in Chandler) project capital expenditure (SEMI WFF),,资本开支,SEMI WFF 工厂级资本开支观测。,110,USD million,project,project_total_cost,美洲,Analog,/Users/simon/Documents/Simon-OB/本体论/base/半导体/SEMI_WFF_2026_1Q.xlsx,NXP,,,NXP - ECHO (GaN & SiC Fab new expansion in Chandler),6170,Company Detail,file:///Users/simon/Documents/Simon-OB/%E6%9C%AC%E4%BD%93%E8%AE%BA/base/%E5%8D%8A%E5%AF%BC%E4%BD%93/SEMI_WFF_2026_1Q.xlsx
Odyssey - Ithaca project capital expenditure (SEMI WFF),,资本开支,SEMI WFF 工厂级资本开支观测。,5,USD million,project,project_total_cost,美洲,Opto,/Users/simon/Documents/Simon-OB/本体论/base/半导体/SEMI_WFF_2026_1Q.xlsx,Odyssey,,,Odyssey - Ithaca,3700,Company Detail,file:///Users/simon/Documents/Simon-OB/%E6%9C%AC%E4%BD%93%E8%AE%BA/base/%E5%8D%8A%E5%AF%BC%E4%BD%93/SEMI_WFF_2026_1Q.xlsx
OEPIC Inc. - N/A project capital expenditure (SEMI WFF),,资本开支,SEMI WFF 工厂级资本开支观测。,30,USD million,project,project_total_cost,美洲,Opto,/Users/simon/Documents/Simon-OB/本体论/base/半导体/SEMI_WFF_2026_1Q.xlsx,OEPIC Inc.,,,OEPIC Inc. - N/A,1917,Company Detail,file:///Users/simon/Documents/Simon-OB/%E6%9C%AC%E4%BD%93%E8%AE%BA/base/%E5%8D%8A%E5%AF%BC%E4%BD%93/SEMI_WFF_2026_1Q.xlsx
"Oita Device Technology Co., Ltd - ODT fab project capital expenditure (SEMI WFF)",,资本开支,SEMI WFF 工厂级资本开支观测。,35,USD million,project,project_total_cost,日本,MEMS,/Users/simon/Documents/Simon-OB/本体论/base/半导体/SEMI_WFF_2026_1Q.xlsx,"Oita Device Technology Co., Ltd",,,"Oita Device Technology Co., Ltd - ODT fab",3880,Company Detail,file:///Users/simon/Documents/Simon-OB/%E6%9C%AC%E4%BD%93%E8%AE%BA/base/%E5%8D%8A%E5%AF%BC%E4%BD%93/SEMI_WFF_2026_1Q.xlsx
OKI Data Corporation - OKI Digital Imaging (ODI) project capital expenditure (SEMI WFF),,资本开支,SEMI WFF 工厂级资本开支观测。,10,USD million,project,project_total_cost,日本,Opto,/Users/simon/Documents/Simon-OB/本体论/base/半导体/SEMI_WFF_2026_1Q.xlsx,OKI Data Corporation,,,OKI Data Corporation - OKI Digital Imaging (ODI),1712,Company Detail,file:///Users/simon/Documents/Simon-OB/%E6%9C%AC%E4%BD%93%E8%AE%BA/base/%E5%8D%8A%E5%AF%BC%E4%BD%93/SEMI_WFF_2026_1Q.xlsx
Olympus Corporation - Corporate R&D Center - Tatsuno plant project capital expenditure (SEMI WFF),,资本开支,SEMI WFF 工厂级资本开支观测。,25,USD million,project,project_total_cost,日本,MEMS,/Users/simon/Documents/Simon-OB/本体论/base/半导体/SEMI_WFF_2026_1Q.xlsx,Olympus Corporation,,,Olympus Corporation - Corporate R&D Center - Tatsuno plant,756,Company Detail,file:///Users/simon/Documents/Simon-OB/%E6%9C%AC%E4%BD%93%E8%AE%BA/base/%E5%8D%8A%E5%AF%BC%E4%BD%93/SEMI_WFF_2026_1Q.xlsx
"OnChip Devices, Inc. - N/A project capital expenditure (SEMI WFF)",,资本开支,SEMI WFF 工厂级资本开支观测。,10,USD million,project,project_total_cost,美洲,Discrete,/Users/simon/Documents/Simon-OB/本体论/base/半导体/SEMI_WFF_2026_1Q.xlsx,"OnChip Devices, Inc.",,,"OnChip Devices, Inc. - N/A",3570,Company Detail,file:///Users/simon/Documents/Simon-OB/%E6%9C%AC%E4%BD%93%E8%AE%BA/base/%E5%8D%8A%E5%AF%BC%E4%BD%93/SEMI_WFF_2026_1Q.xlsx
OnMicro Electronics (HunterSun) - Hangzhou MEMS fab project capital expenditure (SEMI WFF),,资本开支,SEMI WFF 工厂级资本开支观测。,295,USD million,project,project_total_cost,中国,MEMS,/Users/simon/Documents/Simon-OB/本体论/base/半导体/SEMI_WFF_2026_1Q.xlsx,OnMicro Electronics (HunterSun),,,OnMicro Electronics (HunterSun) - Hangzhou MEMS fab,6227,Project Spending,file:///Users/simon/Documents/Simon-OB/%E6%9C%AC%E4%BD%93%E8%AE%BA/base/%E5%8D%8A%E5%AF%BC%E4%BD%93/SEMI_WFF_2026_1Q.xlsx
onsemi - Si/EPI Fab project capital expenditure (SEMI WFF),,资本开支,SEMI WFF 工厂级资本开支观测。,85,USD million,project,project_total_cost,Europe & Mideast,EPI,/Users/simon/Documents/Simon-OB/本体论/base/半导体/SEMI_WFF_2026_1Q.xlsx,onsemi,,,onsemi - Si/EPI Fab,6393,Company Detail,file:///Users/simon/Documents/Simon-OB/%E6%9C%AC%E4%BD%93%E8%AE%BA/base/%E5%8D%8A%E5%AF%BC%E4%BD%93/SEMI_WFF_2026_1Q.xlsx
onsemi - Roznov Expansion Phase 1 for SiC / EPI project capital expenditure (SEMI WFF),,资本开支,SEMI WFF 工厂级资本开支观测。,22,USD million,project,project_total_cost,Europe & Mideast,EPI,/Users/simon/Documents/Simon-OB/本体论/base/半导体/SEMI_WFF_2026_1Q.xlsx,onsemi,,,onsemi - Roznov Expansion Phase 1 for SiC / EPI,6394,Company Detail,file:///Users/simon/Documents/Simon-OB/%E6%9C%AC%E4%BD%93%E8%AE%BA/base/%E5%8D%8A%E5%AF%BC%E4%BD%93/SEMI_WFF_2026_1Q.xlsx
onsemi - Hudson SiC Fab (was GTAT) project capital expenditure (SEMI WFF),,资本开支,SEMI WFF 工厂级资本开支观测。,127,USD million,project,project_total_cost,美洲,EPI,/Users/simon/Documents/Simon-OB/本体论/base/半导体/SEMI_WFF_2026_1Q.xlsx,onsemi,,,onsemi - Hudson SiC Fab (was GTAT),6397,Company Detail,file:///Users/simon/Documents/Simon-OB/%E6%9C%AC%E4%BD%93%E8%AE%BA/base/%E5%8D%8A%E5%AF%BC%E4%BD%93/SEMI_WFF_2026_1Q.xlsx
onsemi - DeWitt fab project capital expenditure (SEMI WFF),,资本开支,SEMI WFF 工厂级资本开支观测。,160,USD million,project,project_total_cost,美洲,EPI,/Users/simon/Documents/Simon-OB/本体论/base/半导体/SEMI_WFF_2026_1Q.xlsx,onsemi,,,onsemi - DeWitt fab,3820,Project Spending,file:///Users/simon/Documents/Simon-OB/%E6%9C%AC%E4%BD%93%E8%AE%BA/base/%E5%8D%8A%E5%AF%BC%E4%BD%93/SEMI_WFF_2026_1Q.xlsx
onsemi - Roznov SiC Wafer & EPI 200mm project capital expenditure (SEMI WFF),,资本开支,SEMI WFF 工厂级资本开支观测。,685,USD million,project,project_total_cost,Europe & Mideast,EPI,/Users/simon/Documents/Simon-OB/本体论/base/半导体/SEMI_WFF_2026_1Q.xlsx,onsemi,,,onsemi - Roznov SiC Wafer & EPI 200mm,6602,Project Spending,file:///Users/simon/Documents/Simon-OB/%E6%9C%AC%E4%BD%93%E8%AE%BA/base/%E5%8D%8A%E5%AF%BC%E4%BD%93/SEMI_WFF_2026_1Q.xlsx
onsemi - Roznov SiC Device 200mm project capital expenditure (SEMI WFF),,资本开支,SEMI WFF 工厂级资本开支观测。,1240,USD million,project,project_total_cost,Europe & Mideast,Discrete,/Users/simon/Documents/Simon-OB/本体论/base/半导体/SEMI_WFF_2026_1Q.xlsx,onsemi,,,onsemi - Roznov SiC Device 200mm,6603,Project Spending,file:///Users/simon/Documents/Simon-OB/%E6%9C%AC%E4%BD%93%E8%AE%BA/base/%E5%8D%8A%E5%AF%BC%E4%BD%93/SEMI_WFF_2026_1Q.xlsx
onsemi - Bucheon 200mm (was Fairchild) project capital expenditure (SEMI WFF),,资本开支,SEMI WFF 工厂级资本开支观测。,32,USD million,project,project_total_cost,韩国,Discrete,/Users/simon/Documents/Simon-OB/本体论/base/半导体/SEMI_WFF_2026_1Q.xlsx,onsemi,,,onsemi - Bucheon 200mm (was Fairchild),3593,Project Spending,file:///Users/simon/Documents/Simon-OB/%E6%9C%AC%E4%BD%93%E8%AE%BA/base/%E5%8D%8A%E5%AF%BC%E4%BD%93/SEMI_WFF_2026_1Q.xlsx
"onsemi - Aizu fab (was Aizu Fujitsu) was FASL 1A, was JV1 project capital expenditure (SEMI WFF)",,资本开支,SEMI WFF 工厂级资本开支观测。,54,USD million,project,project_total_cost,日本,Analog,/Users/simon/Documents/Simon-OB/本体论/base/半导体/SEMI_WFF_2026_1Q.xlsx,onsemi,,,"onsemi - Aizu fab (was Aizu Fujitsu) was FASL 1A, was JV1",200,Project Spending,file:///Users/simon/Documents/Simon-OB/%E6%9C%AC%E4%BD%93%E8%AE%BA/base/%E5%8D%8A%E5%AF%BC%E4%BD%93/SEMI_WFF_2026_1Q.xlsx
onsemi - Gresham project capital expenditure (SEMI WFF),,资本开支,SEMI WFF 工厂级资本开支观测。,66,USD million,project,project_total_cost,美洲,Analog,/Users/simon/Documents/Simon-OB/本体论/base/半导体/SEMI_WFF_2026_1Q.xlsx,onsemi,,,onsemi - Gresham,483,Project Spending,file:///Users/simon/Documents/Simon-OB/%E6%9C%AC%E4%BD%93%E8%AE%BA/base/%E5%8D%8A%E5%AF%BC%E4%BD%93/SEMI_WFF_2026_1Q.xlsx
"onsemi - Fab 10 (was Glofo Fab 10, was IBM Bldg. 323 plus Annex) project capital expenditure (SEMI WFF)",,资本开支,SEMI WFF 工厂级资本开支观测。,88,USD million,project,project_total_cost,美洲,Analog,/Users/simon/Documents/Simon-OB/本体论/base/半导体/SEMI_WFF_2026_1Q.xlsx,onsemi,,,"onsemi - Fab 10 (was Glofo Fab 10, was IBM Bldg. 323 plus Annex)",1825,Project Spending,file:///Users/simon/Documents/Simon-OB/%E6%9C%AC%E4%BD%93%E8%AE%BA/base/%E5%8D%8A%E5%AF%BC%E4%BD%93/SEMI_WFF_2026_1Q.xlsx
onsemi - Nampa project capital expenditure (SEMI WFF),,资本开支,SEMI WFF 工厂级资本开支观测。,200,USD million,project,project_total_cost,美洲,Opto,/Users/simon/Documents/Simon-OB/本体论/base/半导体/SEMI_WFF_2026_1Q.xlsx,onsemi,,,onsemi - Nampa,1222,Company Detail,file:///Users/simon/Documents/Simon-OB/%E6%9C%AC%E4%BD%93%E8%AE%BA/base/%E5%8D%8A%E5%AF%BC%E4%BD%93/SEMI_WFF_2026_1Q.xlsx
onsemi - Pennsylvania (was Fairchild) project capital expenditure (SEMI WFF),,资本开支,SEMI WFF 工厂级资本开支观测。,17.6,USD million,project,project_total_cost,美洲,Discrete,/Users/simon/Documents/Simon-OB/本体论/base/半导体/SEMI_WFF_2026_1Q.xlsx,onsemi,,,onsemi - Pennsylvania (was Fairchild),1284,Project Spending,file:///Users/simon/Documents/Simon-OB/%E6%9C%AC%E4%BD%93%E8%AE%BA/base/%E5%8D%8A%E5%AF%BC%E4%BD%93/SEMI_WFF_2026_1Q.xlsx
Optimal Perenni - Fab 2 project capital expenditure (SEMI WFF),,资本开支,SEMI WFF 工厂级资本开支观测。,8000,USD million,project,project_total_cost,中国,Logic&Micro,/Users/simon/Documents/Simon-OB/本体论/base/半导体/SEMI_WFF_2026_1Q.xlsx,Optimal Perenni,,,Optimal Perenni - Fab 2,6623,Project Spending,file:///Users/simon/Documents/Simon-OB/%E6%9C%AC%E4%BD%93%E8%AE%BA/base/%E5%8D%8A%E5%AF%BC%E4%BD%93/SEMI_WFF_2026_1Q.xlsx
Opto Diode Corporation - Newbury Park fab project capital expenditure (SEMI WFF),,资本开支,SEMI WFF 工厂级资本开支观测。,40,USD million,project,project_total_cost,美洲,Opto,/Users/simon/Documents/Simon-OB/本体论/base/半导体/SEMI_WFF_2026_1Q.xlsx,Opto Diode Corporation,,,Opto Diode Corporation - Newbury Park fab,3669,Company Detail,file:///Users/simon/Documents/Simon-OB/%E6%9C%AC%E4%BD%93%E8%AE%BA/base/%E5%8D%8A%E5%AF%BC%E4%BD%93/SEMI_WFF_2026_1Q.xlsx
Optoenergy - Sakura plant project capital expenditure (SEMI WFF),,资本开支,SEMI WFF 工厂级资本开支观测。,20,USD million,project,project_total_cost,日本,Opto,/Users/simon/Documents/Simon-OB/本体论/base/半导体/SEMI_WFF_2026_1Q.xlsx,Optoenergy,,,Optoenergy - Sakura plant,3256,Company Detail,file:///Users/simon/Documents/Simon-OB/%E6%9C%AC%E4%BD%93%E8%AE%BA/base/%E5%8D%8A%E5%AF%BC%E4%BD%93/SEMI_WFF_2026_1Q.xlsx
OptoGaN - Optogan Oy project capital expenditure (SEMI WFF),,资本开支,SEMI WFF 工厂级资本开支观测。,6,USD million,project,project_total_cost,Europe & Mideast,Opto,/Users/simon/Documents/Simon-OB/本体论/base/半导体/SEMI_WFF_2026_1Q.xlsx,OptoGaN,,,OptoGaN - Optogan Oy,3231,Company Detail,file:///Users/simon/Documents/Simon-OB/%E6%9C%AC%E4%BD%93%E8%AE%BA/base/%E5%8D%8A%E5%AF%BC%E4%BD%93/SEMI_WFF_2026_1Q.xlsx
OptoGaN - Optogan GmbH project capital expenditure (SEMI WFF),,资本开支,SEMI WFF 工厂级资本开支观测。,25,USD million,project,project_total_cost,Europe & Mideast,Opto,/Users/simon/Documents/Simon-OB/本体论/base/半导体/SEMI_WFF_2026_1Q.xlsx,OptoGaN,,,OptoGaN - Optogan GmbH,3232,Company Detail,file:///Users/simon/Documents/Simon-OB/%E6%9C%AC%E4%BD%93%E8%AE%BA/base/%E5%8D%8A%E5%AF%BC%E4%BD%93/SEMI_WFF_2026_1Q.xlsx
OptoGaN - Landshut project capital expenditure (SEMI WFF),,资本开支,SEMI WFF 工厂级资本开支观测。,35,USD million,project,project_total_cost,Europe & Mideast,Opto,/Users/simon/Documents/Simon-OB/本体论/base/半导体/SEMI_WFF_2026_1Q.xlsx,OptoGaN,,,OptoGaN - Landshut,3442,Company Detail,file:///Users/simon/Documents/Simon-OB/%E6%9C%AC%E4%BD%93%E8%AE%BA/base/%E5%8D%8A%E5%AF%BC%E4%BD%93/SEMI_WFF_2026_1Q.xlsx
Orient Opto - Shenzhen fab project capital expenditure (SEMI WFF),,资本开支,SEMI WFF 工厂级资本开支观测。,20,USD million,project,project_total_cost,中国,Opto,/Users/simon/Documents/Simon-OB/本体论/base/半导体/SEMI_WFF_2026_1Q.xlsx,Orient Opto,,,Orient Opto - Shenzhen fab,3421,Company Detail,file:///Users/simon/Documents/Simon-OB/%E6%9C%AC%E4%BD%93%E8%AE%BA/base/%E5%8D%8A%E5%AF%BC%E4%BD%93/SEMI_WFF_2026_1Q.xlsx
Orient Opto - Jiangmen fab project capital expenditure (SEMI WFF),,资本开支,SEMI WFF 工厂级资本开支观测。,65,USD million,project,project_total_cost,中国,Opto,/Users/simon/Documents/Simon-OB/本体论/base/半导体/SEMI_WFF_2026_1Q.xlsx,Orient Opto,,,Orient Opto - Jiangmen fab,3422,Company Detail,file:///Users/simon/Documents/Simon-OB/%E6%9C%AC%E4%BD%93%E8%AE%BA/base/%E5%8D%8A%E5%AF%BC%E4%BD%93/SEMI_WFF_2026_1Q.xlsx
Panjit International - Fab 2 project capital expenditure (SEMI WFF),,资本开支,SEMI WFF 工厂级资本开支观测。,188,USD million,project,project_total_cost,中国,Discrete,/Users/simon/Documents/Simon-OB/本体论/base/半导体/SEMI_WFF_2026_1Q.xlsx,Panjit International,,,Panjit International - Fab 2,6628,Company Detail,file:///Users/simon/Documents/Simon-OB/%E6%9C%AC%E4%BD%93%E8%AE%BA/base/%E5%8D%8A%E5%AF%BC%E4%BD%93/SEMI_WFF_2026_1Q.xlsx
Panjit International - Pynmax Fab (Fab 1 EPI line) project capital expenditure (SEMI WFF),,资本开支,SEMI WFF 工厂级资本开支观测。,75,USD million,project,project_total_cost,中国台湾,EPI,/Users/simon/Documents/Simon-OB/本体论/base/半导体/SEMI_WFF_2026_1Q.xlsx,Panjit International,,,Panjit International - Pynmax Fab (Fab 1 EPI line),6629,Company Detail,file:///Users/simon/Documents/Simon-OB/%E6%9C%AC%E4%BD%93%E8%AE%BA/base/%E5%8D%8A%E5%AF%BC%E4%BD%93/SEMI_WFF_2026_1Q.xlsx
Panjit International - Pynmax Fab (Fab 3 8-inch line) project capital expenditure (SEMI WFF),,资本开支,SEMI WFF 工厂级资本开支观测。,156,USD million,project,project_total_cost,中国台湾,Discrete,/Users/simon/Documents/Simon-OB/本体论/base/半导体/SEMI_WFF_2026_1Q.xlsx,Panjit International,,,Panjit International - Pynmax Fab (Fab 3 8-inch line),6630,Company Detail,file:///Users/simon/Documents/Simon-OB/%E6%9C%AC%E4%BD%93%E8%AE%BA/base/%E5%8D%8A%E5%AF%BC%E4%BD%93/SEMI_WFF_2026_1Q.xlsx
Phenitec Semicondcutor - 1st Factory (125mm) project capital expenditure (SEMI WFF),,资本开支,SEMI WFF 工厂级资本开支观测。,4,USD million,project,project_total_cost,日本,Discrete,/Users/simon/Documents/Simon-OB/本体论/base/半导体/SEMI_WFF_2026_1Q.xlsx,Phenitec Semicondcutor,,,Phenitec Semicondcutor - 1st Factory (125mm),1099,Company Detail,file:///Users/simon/Documents/Simon-OB/%E6%9C%AC%E4%BD%93%E8%AE%BA/base/%E5%8D%8A%E5%AF%BC%E4%BD%93/SEMI_WFF_2026_1Q.xlsx
Photonic Corporation - Photonic Fab project capital expenditure (SEMI WFF),,资本开支,SEMI WFF 工厂级资本开支观测。,55,USD million,project,project_total_cost,美洲,Opto,/Users/simon/Documents/Simon-OB/本体论/base/半导体/SEMI_WFF_2026_1Q.xlsx,Photonic Corporation,,,Photonic Corporation - Photonic Fab,2467,Company Detail,file:///Users/simon/Documents/Simon-OB/%E6%9C%AC%E4%BD%93%E8%AE%BA/base/%E5%8D%8A%E5%AF%BC%E4%BD%93/SEMI_WFF_2026_1Q.xlsx
Pioneer Micro Technology Corporation - Kofu plant project capital expenditure (SEMI WFF),,资本开支,SEMI WFF 工厂级资本开支观测。,10,USD million,project,project_total_cost,日本,Analog,/Users/simon/Documents/Simon-OB/本体论/base/半导体/SEMI_WFF_2026_1Q.xlsx,Pioneer Micro Technology Corporation,,,Pioneer Micro Technology Corporation - Kofu plant,797,Company Detail,file:///Users/simon/Documents/Simon-OB/%E6%9C%AC%E4%BD%93%E8%AE%BA/base/%E5%8D%8A%E5%AF%BC%E4%BD%93/SEMI_WFF_2026_1Q.xlsx
Plessey (owned by Haylo Labs) - Plessey 8-inch line project capital expenditure (SEMI WFF),,资本开支,SEMI WFF 工厂级资本开支观测。,160,USD million,project,project_total_cost,Europe & Mideast,Opto,/Users/simon/Documents/Simon-OB/本体论/base/半导体/SEMI_WFF_2026_1Q.xlsx,Plessey (owned by Haylo Labs),,,Plessey (owned by Haylo Labs) - Plessey 8-inch line,210,Company Detail,file:///Users/simon/Documents/Simon-OB/%E6%9C%AC%E4%BD%93%E8%AE%BA/base/%E5%8D%8A%E5%AF%BC%E4%BD%93/SEMI_WFF_2026_1Q.xlsx
"Polar Semiconductor, Inc (PSI) (Polarfab) - PolarFab 2 project capital expenditure (SEMI WFF)",,资本开支,SEMI WFF 工厂级资本开支观测。,100,USD million,project,project_total_cost,美洲,Analog,/Users/simon/Documents/Simon-OB/本体论/base/半导体/SEMI_WFF_2026_1Q.xlsx,"Polar Semiconductor, Inc (PSI) (Polarfab)",,,"Polar Semiconductor, Inc (PSI) (Polarfab) - PolarFab 2",1888,Company Detail,file:///Users/simon/Documents/Simon-OB/%E6%9C%AC%E4%BD%93%E8%AE%BA/base/%E5%8D%8A%E5%AF%BC%E4%BD%93/SEMI_WFF_2026_1Q.xlsx
"Polar Semiconductor, Inc (PSI) (Polarfab) - PolarFab 1 (8-inch) project capital expenditure (SEMI WFF)",,资本开支,SEMI WFF 工厂级资本开支观测。,205,USD million,project,project_total_cost,美洲,Analog,/Users/simon/Documents/Simon-OB/本体论/base/半导体/SEMI_WFF_2026_1Q.xlsx,"Polar Semiconductor, Inc (PSI) (Polarfab)",,,"Polar Semiconductor, Inc (PSI) (Polarfab) - PolarFab 1 (8-inch)",6286,Project Spending,file:///Users/simon/Documents/Simon-OB/%E6%9C%AC%E4%BD%93%E8%AE%BA/base/%E5%8D%8A%E5%AF%BC%E4%BD%93/SEMI_WFF_2026_1Q.xlsx
Poseico - Genova project capital expenditure (SEMI WFF),,资本开支,SEMI WFF 工厂级资本开支观测。,10,USD million,project,project_total_cost,Europe & Mideast,Discrete,/Users/simon/Documents/Simon-OB/本体论/base/半导体/SEMI_WFF_2026_1Q.xlsx,Poseico,,,Poseico - Genova,34,Company Detail,file:///Users/simon/Documents/Simon-OB/%E6%9C%AC%E4%BD%93%E8%AE%BA/base/%E5%8D%8A%E5%AF%BC%E4%BD%93/SEMI_WFF_2026_1Q.xlsx
Power Master Semiconductor - Cheongju Epi Line project capital expenditure (SEMI WFF),,资本开支,SEMI WFF 工厂级资本开支观测。,30,USD million,project,project_total_cost,韩国,EPI,/Users/simon/Documents/Simon-OB/本体论/base/半导体/SEMI_WFF_2026_1Q.xlsx,Power Master Semiconductor,,,Power Master Semiconductor - Cheongju Epi Line,6617,Company Detail,file:///Users/simon/Documents/Simon-OB/%E6%9C%AC%E4%BD%93%E8%AE%BA/base/%E5%8D%8A%E5%AF%BC%E4%BD%93/SEMI_WFF_2026_1Q.xlsx
Power Master Semiconductor - Cheongju SiC 6inch Line project capital expenditure (SEMI WFF),,资本开支,SEMI WFF 工厂级资本开支观测。,36,USD million,project,project_total_cost,韩国,Discrete,/Users/simon/Documents/Simon-OB/本体论/base/半导体/SEMI_WFF_2026_1Q.xlsx,Power Master Semiconductor,,,Power Master Semiconductor - Cheongju SiC 6inch Line,6618,Company Detail,file:///Users/simon/Documents/Simon-OB/%E6%9C%AC%E4%BD%93%E8%AE%BA/base/%E5%8D%8A%E5%AF%BC%E4%BD%93/SEMI_WFF_2026_1Q.xlsx
Powerchip Semiconductor Manufacturing Corp (PSMC) - Fab 8A (was Maxchip) project capital expenditure (SEMI WFF),,资本开支,SEMI WFF 工厂级资本开支观测。,144,USD million,project,project_total_cost,中国台湾,Analog,/Users/simon/Documents/Simon-OB/本体论/base/半导体/SEMI_WFF_2026_1Q.xlsx,Powerchip Semiconductor Manufacturing Corp (PSMC),,,Powerchip Semiconductor Manufacturing Corp (PSMC) - Fab 8A (was Maxchip),802,Project Spending,file:///Users/simon/Documents/Simon-OB/%E6%9C%AC%E4%BD%93%E8%AE%BA/base/%E5%8D%8A%E5%AF%BC%E4%BD%93/SEMI_WFF_2026_1Q.xlsx
Powerchip Semiconductor Manufacturing Corp (PSMC) - Fab 8A-D (200mm line inside Episil Duxing fab) project capital expenditure (SEMI WFF),,资本开支,SEMI WFF 工厂级资本开支观测。,52,USD million,project,project_total_cost,中国台湾,Analog,/Users/simon/Documents/Simon-OB/本体论/base/半导体/SEMI_WFF_2026_1Q.xlsx,Powerchip Semiconductor Manufacturing Corp (PSMC),,,Powerchip Semiconductor Manufacturing Corp (PSMC) - Fab 8A-D (200mm line inside Episil Duxing fab),3870,Project Spending,file:///Users/simon/Documents/Simon-OB/%E6%9C%AC%E4%BD%93%E8%AE%BA/base/%E5%8D%8A%E5%AF%BC%E4%BD%93/SEMI_WFF_2026_1Q.xlsx
Powerchip Semiconductor Manufacturing Corp (PSMC) - Fab P5 (Tongluo) project capital expenditure (SEMI WFF),,资本开支,SEMI WFF 工厂级资本开支观测。,2070,USD million,project,project_total_cost,中国台湾,Analog,/Users/simon/Documents/Simon-OB/本体论/base/半导体/SEMI_WFF_2026_1Q.xlsx,Powerchip Semiconductor Manufacturing Corp (PSMC),,,Powerchip Semiconductor Manufacturing Corp (PSMC) - Fab P5 (Tongluo),5006,Project Spending,file:///Users/simon/Documents/Simon-OB/%E6%9C%AC%E4%BD%93%E8%AE%BA/base/%E5%8D%8A%E5%AF%BC%E4%BD%93/SEMI_WFF_2026_1Q.xlsx
Powerchip Technology Corporation - LED fab project capital expenditure (SEMI WFF),,资本开支,SEMI WFF 工厂级资本开支观测。,43,USD million,project,project_total_cost,中国,Opto,/Users/simon/Documents/Simon-OB/本体论/base/半导体/SEMI_WFF_2026_1Q.xlsx,Powerchip Technology Corporation,,,Powerchip Technology Corporation - LED fab,2115,Company Detail,file:///Users/simon/Documents/Simon-OB/%E6%9C%AC%E4%BD%93%E8%AE%BA/base/%E5%8D%8A%E5%AF%BC%E4%BD%93/SEMI_WFF_2026_1Q.xlsx
PREMA Semiconductor GmbH - Prema project capital expenditure (SEMI WFF),,资本开支,SEMI WFF 工厂级资本开支观测。,70,USD million,project,project_total_cost,Europe & Mideast,Analog,/Users/simon/Documents/Simon-OB/本体论/base/半导体/SEMI_WFF_2026_1Q.xlsx,PREMA Semiconductor GmbH,,,PREMA Semiconductor GmbH - Prema,1661,Company Detail,file:///Users/simon/Documents/Simon-OB/%E6%9C%AC%E4%BD%93%E8%AE%BA/base/%E5%8D%8A%E5%AF%BC%E4%BD%93/SEMI_WFF_2026_1Q.xlsx
Pulsar (Scientific Research Institute) - 6-inch project capital expenditure (SEMI WFF),,资本开支,SEMI WFF 工厂级资本开支观测。,30,USD million,project,project_total_cost,Europe & Mideast,Discrete,/Users/simon/Documents/Simon-OB/本体论/base/半导体/SEMI_WFF_2026_1Q.xlsx,Pulsar (Scientific Research Institute),,,Pulsar (Scientific Research Institute) - 6-inch,2482,Company Detail,file:///Users/simon/Documents/Simon-OB/%E6%9C%AC%E4%BD%93%E8%AE%BA/base/%E5%8D%8A%E5%AF%BC%E4%BD%93/SEMI_WFF_2026_1Q.xlsx
Pure Wafer - Campbell (was Noel Technologies) project capital expenditure (SEMI WFF),,资本开支,SEMI WFF 工厂级资本开支观测。,20,USD million,project,project_total_cost,美洲,Other,/Users/simon/Documents/Simon-OB/本体论/base/半导体/SEMI_WFF_2026_1Q.xlsx,Pure Wafer,,,Pure Wafer - Campbell (was Noel Technologies),3626,Company Detail,file:///Users/simon/Documents/Simon-OB/%E6%9C%AC%E4%BD%93%E8%AE%BA/base/%E5%8D%8A%E5%AF%BC%E4%BD%93/SEMI_WFF_2026_1Q.xlsx
"Qidong Jilai Electronics Co., Ltd. - Fab 1 project capital expenditure (SEMI WFF)",,资本开支,SEMI WFF 工厂级资本开支观测。,10,USD million,project,project_total_cost,中国,Discrete,/Users/simon/Documents/Simon-OB/本体论/base/半导体/SEMI_WFF_2026_1Q.xlsx,"Qidong Jilai Electronics Co., Ltd.",,,"Qidong Jilai Electronics Co., Ltd. - Fab 1",3483,Company Detail,file:///Users/simon/Documents/Simon-OB/%E6%9C%AC%E4%BD%93%E8%AE%BA/base/%E5%8D%8A%E5%AF%BC%E4%BD%93/SEMI_WFF_2026_1Q.xlsx
"Qingdao Jason Electric Co., Ltd. - QD Jason project capital expenditure (SEMI WFF)",,资本开支,SEMI WFF 工厂级资本开支观测。,20,USD million,project,project_total_cost,中国,Opto,/Users/simon/Documents/Simon-OB/本体论/base/半导体/SEMI_WFF_2026_1Q.xlsx,"Qingdao Jason Electric Co., Ltd.",,,"Qingdao Jason Electric Co., Ltd. - QD Jason",3380,Company Detail,file:///Users/simon/Documents/Simon-OB/%E6%9C%AC%E4%BD%93%E8%AE%BA/base/%E5%8D%8A%E5%AF%BC%E4%BD%93/SEMI_WFF_2026_1Q.xlsx
Qinzhou Shenghe Electronic Technology - Kun Yan LED fab project capital expenditure (SEMI WFF),,资本开支,SEMI WFF 工厂级资本开支观测。,5.6,USD million,project,project_total_cost,中国,Opto,/Users/simon/Documents/Simon-OB/本体论/base/半导体/SEMI_WFF_2026_1Q.xlsx,Qinzhou Shenghe Electronic Technology,,,Qinzhou Shenghe Electronic Technology - Kun Yan LED fab,3631,Project Spending,file:///Users/simon/Documents/Simon-OB/%E6%9C%AC%E4%BD%93%E8%AE%BA/base/%E5%8D%8A%E5%AF%BC%E4%BD%93/SEMI_WFF_2026_1Q.xlsx
Qorvo Inc. - Richardson 200mm BAW line project capital expenditure (SEMI WFF),,资本开支,SEMI WFF 工厂级资本开支观测。,7.05000000000001,USD million,project,project_total_cost,美洲,MEMS,/Users/simon/Documents/Simon-OB/本体论/base/半导体/SEMI_WFF_2026_1Q.xlsx,Qorvo Inc.,,,Qorvo Inc. - Richardson 200mm BAW line,3844,Project Spending,file:///Users/simon/Documents/Simon-OB/%E6%9C%AC%E4%BD%93%E8%AE%BA/base/%E5%8D%8A%E5%AF%BC%E4%BD%93/SEMI_WFF_2026_1Q.xlsx
Qorvo Inc. - Richardson 150mm & 100mm (was Triquint) project capital expenditure (SEMI WFF),,资本开支,SEMI WFF 工厂级资本开支观测。,12,USD million,project,project_total_cost,美洲,MEMS,/Users/simon/Documents/Simon-OB/本体论/base/半导体/SEMI_WFF_2026_1Q.xlsx,Qorvo Inc.,,,Qorvo Inc. - Richardson 150mm & 100mm (was Triquint),1088,Company Detail,file:///Users/simon/Documents/Simon-OB/%E6%9C%AC%E4%BD%93%E8%AE%BA/base/%E5%8D%8A%E5%AF%BC%E4%BD%93/SEMI_WFF_2026_1Q.xlsx
Qorvo Inc. - Apopka (was Triquint) project capital expenditure (SEMI WFF),,资本开支,SEMI WFF 工厂级资本开支观测。,80,USD million,project,project_total_cost,美洲,MEMS,/Users/simon/Documents/Simon-OB/本体论/base/半导体/SEMI_WFF_2026_1Q.xlsx,Qorvo Inc.,,,Qorvo Inc. - Apopka (was Triquint),2083,Company Detail,file:///Users/simon/Documents/Simon-OB/%E6%9C%AC%E4%BD%93%E8%AE%BA/base/%E5%8D%8A%E5%AF%BC%E4%BD%93/SEMI_WFF_2026_1Q.xlsx
"Qorvo Inc. - Design Center (was RF Nitro, then RFMD) project capital expenditure (SEMI WFF)",,资本开支,SEMI WFF 工厂级资本开支观测。,4,USD million,project,project_total_cost,美洲,Discrete,/Users/simon/Documents/Simon-OB/本体论/base/半导体/SEMI_WFF_2026_1Q.xlsx,Qorvo Inc.,,,"Qorvo Inc. - Design Center (was RF Nitro, then RFMD)",1889,Company Detail,file:///Users/simon/Documents/Simon-OB/%E6%9C%AC%E4%BD%93%E8%AE%BA/base/%E5%8D%8A%E5%AF%BC%E4%BD%93/SEMI_WFF_2026_1Q.xlsx
Qorvo Inc. - Hilsboro (was Triquint) project capital expenditure (SEMI WFF),,资本开支,SEMI WFF 工厂级资本开支观测。,150,USD million,project,project_total_cost,美洲,Analog,/Users/simon/Documents/Simon-OB/本体论/base/半导体/SEMI_WFF_2026_1Q.xlsx,Qorvo Inc.,,,Qorvo Inc. - Hilsboro (was Triquint),1376,Company Detail,file:///Users/simon/Documents/Simon-OB/%E6%9C%AC%E4%BD%93%E8%AE%BA/base/%E5%8D%8A%E5%AF%BC%E4%BD%93/SEMI_WFF_2026_1Q.xlsx
Qorvo Inc. - Bend project capital expenditure (SEMI WFF),,资本开支,SEMI WFF 工厂级资本开支观测。,15,USD million,project,project_total_cost,美洲,Other,/Users/simon/Documents/Simon-OB/本体论/base/半导体/SEMI_WFF_2026_1Q.xlsx,Qorvo Inc.,,,Qorvo Inc. - Bend,6169,Company Detail,file:///Users/simon/Documents/Simon-OB/%E6%9C%AC%E4%BD%93%E8%AE%BA/base/%E5%8D%8A%E5%AF%BC%E4%BD%93/SEMI_WFF_2026_1Q.xlsx
Quantum Wafer Inc. - Foshan fab project capital expenditure (SEMI WFF),,资本开支,SEMI WFF 工厂级资本开支观测。,30,USD million,project,project_total_cost,中国,Opto,/Users/simon/Documents/Simon-OB/本体论/base/半导体/SEMI_WFF_2026_1Q.xlsx,Quantum Wafer Inc.,,,Quantum Wafer Inc. - Foshan fab,3477,Company Detail,file:///Users/simon/Documents/Simon-OB/%E6%9C%AC%E4%BD%93%E8%AE%BA/base/%E5%8D%8A%E5%AF%BC%E4%BD%93/SEMI_WFF_2026_1Q.xlsx
Rapidus - IIM-1 (Fab 1: Innovative Integration for Manufacturing) project capital expenditure (SEMI WFF),,资本开支,SEMI WFF 工厂级资本开支观测。,12230,USD million,project,project_total_cost,日本,Logic&Micro,/Users/simon/Documents/Simon-OB/本体论/base/半导体/SEMI_WFF_2026_1Q.xlsx,Rapidus,,,Rapidus - IIM-1 (Fab 1: Innovative Integration for Manufacturing),6444,Project Spending,file:///Users/simon/Documents/Simon-OB/%E6%9C%AC%E4%BD%93%E8%AE%BA/base/%E5%8D%8A%E5%AF%BC%E4%BD%93/SEMI_WFF_2026_1Q.xlsx
Rapidus - IIM-2 (Fab 2) project capital expenditure (SEMI WFF),,资本开支,SEMI WFF 工厂级资本开支观测。,14080,USD million,project,project_total_cost,日本,Logic&Micro,/Users/simon/Documents/Simon-OB/本体论/base/半导体/SEMI_WFF_2026_1Q.xlsx,Rapidus,,,Rapidus - IIM-2 (Fab 2),6445,Project Spending,file:///Users/simon/Documents/Simon-OB/%E6%9C%AC%E4%BD%93%E8%AE%BA/base/%E5%8D%8A%E5%AF%BC%E4%BD%93/SEMI_WFF_2026_1Q.xlsx
RayVio - Hayward fab project capital expenditure (SEMI WFF),,资本开支,SEMI WFF 工厂级资本开支观测。,6,USD million,project,project_total_cost,美洲,Opto,/Users/simon/Documents/Simon-OB/本体论/base/半导体/SEMI_WFF_2026_1Q.xlsx,RayVio,,,RayVio - Hayward fab,3828,Company Detail,file:///Users/simon/Documents/Simon-OB/%E6%9C%AC%E4%BD%93%E8%AE%BA/base/%E5%8D%8A%E5%AF%BC%E4%BD%93/SEMI_WFF_2026_1Q.xlsx
RCL Semiconductors Ltd. - HQ Factory project capital expenditure (SEMI WFF),,资本开支,SEMI WFF 工厂级资本开支观测。,33,USD million,project,project_total_cost,中国,Logic&Micro,/Users/simon/Documents/Simon-OB/本体论/base/半导体/SEMI_WFF_2026_1Q.xlsx,RCL Semiconductors Ltd.,,,RCL Semiconductors Ltd. - HQ Factory,827,Company Detail,file:///Users/simon/Documents/Simon-OB/%E6%9C%AC%E4%BD%93%E8%AE%BA/base/%E5%8D%8A%E5%AF%BC%E4%BD%93/SEMI_WFF_2026_1Q.xlsx
Redlen Technologies - CZT Fab project capital expenditure (SEMI WFF),,资本开支,SEMI WFF 工厂级资本开支观测。,25,USD million,project,project_total_cost,美洲,Discrete,/Users/simon/Documents/Simon-OB/本体论/base/半导体/SEMI_WFF_2026_1Q.xlsx,Redlen Technologies,,,Redlen Technologies - CZT Fab,3678,Company Detail,file:///Users/simon/Documents/Simon-OB/%E6%9C%AC%E4%BD%93%E8%AE%BA/base/%E5%8D%8A%E5%AF%BC%E4%BD%93/SEMI_WFF_2026_1Q.xlsx
Renesas - Saijo Factory project capital expenditure (SEMI WFF),,资本开支,SEMI WFF 工厂级资本开支观测。,81.7,USD million,project,project_total_cost,日本,Logic&Micro,/Users/simon/Documents/Simon-OB/本体论/base/半导体/SEMI_WFF_2026_1Q.xlsx,Renesas,,,Renesas - Saijo Factory,1310,Project Spending,file:///Users/simon/Documents/Simon-OB/%E6%9C%AC%E4%BD%93%E8%AE%BA/base/%E5%8D%8A%E5%AF%BC%E4%BD%93/SEMI_WFF_2026_1Q.xlsx
Renesas - Naka 200mm line (Bldg. N2) project capital expenditure (SEMI WFF),,资本开支,SEMI WFF 工厂级资本开支观测。,60.2,USD million,project,project_total_cost,日本,Logic&Micro,/Users/simon/Documents/Simon-OB/本体论/base/半导体/SEMI_WFF_2026_1Q.xlsx,Renesas,,,Renesas - Naka 200mm line (Bldg. N2),1340,Project Spending,file:///Users/simon/Documents/Simon-OB/%E6%9C%AC%E4%BD%93%E8%AE%BA/base/%E5%8D%8A%E5%AF%BC%E4%BD%93/SEMI_WFF_2026_1Q.xlsx
Renesas - New 300mm Fab (reopened closed 200mm and 150m line) project capital expenditure (SEMI WFF),,资本开支,SEMI WFF 工厂级资本开支观测。,898,USD million,project,project_total_cost,日本,Discrete,/Users/simon/Documents/Simon-OB/本体论/base/半导体/SEMI_WFF_2026_1Q.xlsx,Renesas,,,Renesas - New 300mm Fab (reopened closed 200mm and 150m line),6361,Project Spending,file:///Users/simon/Documents/Simon-OB/%E6%9C%AC%E4%BD%93%E8%AE%BA/base/%E5%8D%8A%E5%AF%BC%E4%BD%93/SEMI_WFF_2026_1Q.xlsx
Renesas - Takasaki SiC Line project capital expenditure (SEMI WFF),,资本开支,SEMI WFF 工厂级资本开支观测。,480,USD million,project,project_total_cost,日本,Discrete,/Users/simon/Documents/Simon-OB/本体论/base/半导体/SEMI_WFF_2026_1Q.xlsx,Renesas,,,Renesas - Takasaki SiC Line,6506,Project Spending,file:///Users/simon/Documents/Simon-OB/%E6%9C%AC%E4%BD%93%E8%AE%BA/base/%E5%8D%8A%E5%AF%BC%E4%BD%93/SEMI_WFF_2026_1Q.xlsx
Resonac - Chichibu plant (was Showa Denko) project capital expenditure (SEMI WFF),,资本开支,SEMI WFF 工厂级资本开支观测。,30,USD million,project,project_total_cost,日本,Opto,/Users/simon/Documents/Simon-OB/本体论/base/半导体/SEMI_WFF_2026_1Q.xlsx,Resonac,,,Resonac - Chichibu plant (was Showa Denko),3457,Company Detail,file:///Users/simon/Documents/Simon-OB/%E6%9C%AC%E4%BD%93%E8%AE%BA/base/%E5%8D%8A%E5%AF%BC%E4%BD%93/SEMI_WFF_2026_1Q.xlsx
Retina Implant AG - Retina Implant project capital expenditure (SEMI WFF),,资本开支,SEMI WFF 工厂级资本开支观测。,8,USD million,project,project_total_cost,Europe & Mideast,Opto,/Users/simon/Documents/Simon-OB/本体论/base/半导体/SEMI_WFF_2026_1Q.xlsx,Retina Implant AG,,,Retina Implant AG - Retina Implant,3333,Company Detail,file:///Users/simon/Documents/Simon-OB/%E6%9C%AC%E4%BD%93%E8%AE%BA/base/%E5%8D%8A%E5%AF%BC%E4%BD%93/SEMI_WFF_2026_1Q.xlsx
Rogue Valley Microdevices - Fab 1 (wafer processing) project capital expenditure (SEMI WFF),,资本开支,SEMI WFF 工厂级资本开支观测。,14,USD million,project,project_total_cost,美洲,MEMS,/Users/simon/Documents/Simon-OB/本体论/base/半导体/SEMI_WFF_2026_1Q.xlsx,Rogue Valley Microdevices,,,Rogue Valley Microdevices - Fab 1 (wafer processing),3271,Company Detail,file:///Users/simon/Documents/Simon-OB/%E6%9C%AC%E4%BD%93%E8%AE%BA/base/%E5%8D%8A%E5%AF%BC%E4%BD%93/SEMI_WFF_2026_1Q.xlsx
Rogue Valley Microdevices - Fab 2 (wafer processing) project capital expenditure (SEMI WFF),,资本开支,SEMI WFF 工厂级资本开支观测。,30,USD million,project,project_total_cost,美洲,MEMS,/Users/simon/Documents/Simon-OB/本体论/base/半导体/SEMI_WFF_2026_1Q.xlsx,Rogue Valley Microdevices,,,Rogue Valley Microdevices - Fab 2 (wafer processing),6136,Project Spending,file:///Users/simon/Documents/Simon-OB/%E6%9C%AC%E4%BD%93%E8%AE%BA/base/%E5%8D%8A%E5%AF%BC%E4%BD%93/SEMI_WFF_2026_1Q.xlsx
Rohm - Chikugo SiC 6-inch line project capital expenditure (SEMI WFF),,资本开支,SEMI WFF 工厂级资本开支观测。,195,USD million,project,project_total_cost,日本,Discrete,/Users/simon/Documents/Simon-OB/本体论/base/半导体/SEMI_WFF_2026_1Q.xlsx,Rohm,,,Rohm - Chikugo SiC 6-inch line,5004,Company Detail,file:///Users/simon/Documents/Simon-OB/%E6%9C%AC%E4%BD%93%E8%AE%BA/base/%E5%8D%8A%E5%AF%BC%E4%BD%93/SEMI_WFF_2026_1Q.xlsx
Rohm - Rohm Shiga (was Renesas) project capital expenditure (SEMI WFF),,资本开支,SEMI WFF 工厂级资本开支观测。,24,USD million,project,project_total_cost,日本,Discrete,/Users/simon/Documents/Simon-OB/本体论/base/半导体/SEMI_WFF_2026_1Q.xlsx,Rohm,,,Rohm - Rohm Shiga (was Renesas),698,Project Spending,file:///Users/simon/Documents/Simon-OB/%E6%9C%AC%E4%BD%93%E8%AE%BA/base/%E5%8D%8A%E5%AF%BC%E4%BD%93/SEMI_WFF_2026_1Q.xlsx
Rohm - LED Research project capital expenditure (SEMI WFF),,资本开支,SEMI WFF 工厂级资本开支观测。,80,USD million,project,project_total_cost,日本,Opto,/Users/simon/Documents/Simon-OB/本体论/base/半导体/SEMI_WFF_2026_1Q.xlsx,Rohm,,,Rohm - LED Research,843,Company Detail,file:///Users/simon/Documents/Simon-OB/%E6%9C%AC%E4%BD%93%E8%AE%BA/base/%E5%8D%8A%E5%AF%BC%E4%BD%93/SEMI_WFF_2026_1Q.xlsx
Rohm - Hamamatsu (200mm Line) project capital expenditure (SEMI WFF),,资本开支,SEMI WFF 工厂级资本开支观测。,236,USD million,project,project_total_cost,日本,Logic&Micro,/Users/simon/Documents/Simon-OB/本体论/base/半导体/SEMI_WFF_2026_1Q.xlsx,Rohm,,,Rohm - Hamamatsu (200mm Line),1409,Company Detail,file:///Users/simon/Documents/Simon-OB/%E6%9C%AC%E4%BD%93%E8%AE%BA/base/%E5%8D%8A%E5%AF%BC%E4%BD%93/SEMI_WFF_2026_1Q.xlsx
Rohm (Kionix Inc.) - Kyoto MEMS fab project capital expenditure (SEMI WFF),,资本开支,SEMI WFF 工厂级资本开支观测。,80,USD million,project,project_total_cost,日本,MEMS,/Users/simon/Documents/Simon-OB/本体论/base/半导体/SEMI_WFF_2026_1Q.xlsx,Rohm (Kionix Inc.),,,Rohm (Kionix Inc.) - Kyoto MEMS fab,3682,Company Detail,file:///Users/simon/Documents/Simon-OB/%E6%9C%AC%E4%BD%93%E8%AE%BA/base/%E5%8D%8A%E5%AF%BC%E4%BD%93/SEMI_WFF_2026_1Q.xlsx
Rong Semi (former HIDM Tacoma) - Ningbo New 300mm Fab project capital expenditure (SEMI WFF),,资本开支,SEMI WFF 工厂级资本开支观测。,2910,USD million,project,project_total_cost,中国,Opto,/Users/simon/Documents/Simon-OB/本体论/base/半导体/SEMI_WFF_2026_1Q.xlsx,Rong Semi (former HIDM Tacoma),,,Rong Semi (former HIDM Tacoma) - Ningbo New 300mm Fab,6422,Project Spending,file:///Users/simon/Documents/Simon-OB/%E6%9C%AC%E4%BD%93%E8%AE%BA/base/%E5%8D%8A%E5%AF%BC%E4%BD%93/SEMI_WFF_2026_1Q.xlsx
RTX (former Raytheon Company) - Collins Aerospace - Cedar Rapids facility project capital expenditure (SEMI WFF),,资本开支,SEMI WFF 工厂级资本开支观测。,17,USD million,project,project_total_cost,美洲,Analog,/Users/simon/Documents/Simon-OB/本体论/base/半导体/SEMI_WFF_2026_1Q.xlsx,RTX (former Raytheon Company),,,RTX (former Raytheon Company) - Collins Aerospace - Cedar Rapids facility,6686,Project Spending,file:///Users/simon/Documents/Simon-OB/%E6%9C%AC%E4%BD%93%E8%AE%BA/base/%E5%8D%8A%E5%AF%BC%E4%BD%93/SEMI_WFF_2026_1Q.xlsx
RTX (former Raytheon Company) - Glenrothes facility project capital expenditure (SEMI WFF),,资本开支,SEMI WFF 工厂级资本开支观测。,6,USD million,project,project_total_cost,Europe & Mideast,Analog,/Users/simon/Documents/Simon-OB/本体论/base/半导体/SEMI_WFF_2026_1Q.xlsx,RTX (former Raytheon Company),,,RTX (former Raytheon Company) - Glenrothes facility,323,Company Detail,file:///Users/simon/Documents/Simon-OB/%E6%9C%AC%E4%BD%93%E8%AE%BA/base/%E5%8D%8A%E5%AF%BC%E4%BD%93/SEMI_WFF_2026_1Q.xlsx
RTX (former Raytheon Company) - RF Components (RRFC) project capital expenditure (SEMI WFF),,资本开支,SEMI WFF 工厂级资本开支观测。,150,USD million,project,project_total_cost,美洲,Discrete,/Users/simon/Documents/Simon-OB/本体论/base/半导体/SEMI_WFF_2026_1Q.xlsx,RTX (former Raytheon Company),,,RTX (former Raytheon Company) - RF Components (RRFC),817,Company Detail,file:///Users/simon/Documents/Simon-OB/%E6%9C%AC%E4%BD%93%E8%AE%BA/base/%E5%8D%8A%E5%AF%BC%E4%BD%93/SEMI_WFF_2026_1Q.xlsx
Ruttonsha International Rectifier - Fab 1 project capital expenditure (SEMI WFF),,资本开支,SEMI WFF 工厂级资本开支观测。,10,USD million,project,project_total_cost,SE Asia,Discrete,/Users/simon/Documents/Simon-OB/本体论/base/半导体/SEMI_WFF_2026_1Q.xlsx,Ruttonsha International Rectifier,,,Ruttonsha International Rectifier - Fab 1,2168,Company Detail,file:///Users/simon/Documents/Simon-OB/%E6%9C%AC%E4%BD%93%E8%AE%BA/base/%E5%8D%8A%E5%AF%BC%E4%BD%93/SEMI_WFF_2026_1Q.xlsx
Samsung - San Jose project capital expenditure (SEMI WFF),,资本开支,SEMI WFF 工厂级资本开支观测。,215,USD million,project,project_total_cost,美洲,Other,/Users/simon/Documents/Simon-OB/本体论/base/半导体/SEMI_WFF_2026_1Q.xlsx,Samsung,,,Samsung - San Jose,3599,Company Detail,file:///Users/simon/Documents/Simon-OB/%E6%9C%AC%E4%BD%93%E8%AE%BA/base/%E5%8D%8A%E5%AF%BC%E4%BD%93/SEMI_WFF_2026_1Q.xlsx
Samsung - Xian R&D Center project capital expenditure (SEMI WFF),,资本开支,SEMI WFF 工厂级资本开支观测。,695,USD million,project,project_total_cost,中国,Other,/Users/simon/Documents/Simon-OB/本体论/base/半导体/SEMI_WFF_2026_1Q.xlsx,Samsung,,,Samsung - Xian R&D Center,3697,Company Detail,file:///Users/simon/Documents/Simon-OB/%E6%9C%AC%E4%BD%93%E8%AE%BA/base/%E5%8D%8A%E5%AF%BC%E4%BD%93/SEMI_WFF_2026_1Q.xlsx
"Samsung - Line 4 (LED, was System LSI) project capital expenditure (SEMI WFF)",,资本开支,SEMI WFF 工厂级资本开支观测。,6.39999999999999,USD million,project,project_total_cost,韩国,Opto,/Users/simon/Documents/Simon-OB/本体论/base/半导体/SEMI_WFF_2026_1Q.xlsx,Samsung,,,"Samsung - Line 4 (LED, was System LSI)",859,Project Spending,file:///Users/simon/Documents/Simon-OB/%E6%9C%AC%E4%BD%93%E8%AE%BA/base/%E5%8D%8A%E5%AF%BC%E4%BD%93/SEMI_WFF_2026_1Q.xlsx
Samsung - Line 5 (LED line) 8-inch project capital expenditure (SEMI WFF),,资本开支,SEMI WFF 工厂级资本开支观测。,40,USD million,project,project_total_cost,韩国,Opto,/Users/simon/Documents/Simon-OB/本体论/base/半导体/SEMI_WFF_2026_1Q.xlsx,Samsung,,,Samsung - Line 5 (LED line) 8-inch,3634,Company Detail,file:///Users/simon/Documents/Simon-OB/%E6%9C%AC%E4%BD%93%E8%AE%BA/base/%E5%8D%8A%E5%AF%BC%E4%BD%93/SEMI_WFF_2026_1Q.xlsx
"Samsung - Copper fab (Austin 1, BEOL) project capital expenditure (SEMI WFF)",,资本开支,SEMI WFF 工厂级资本开支观测。,425,USD million,project,project_total_cost,美洲,Logic&Micro,/Users/simon/Documents/Simon-OB/本体论/base/半导体/SEMI_WFF_2026_1Q.xlsx,Samsung,,,"Samsung - Copper fab (Austin 1, BEOL)",1283,Company Detail,file:///Users/simon/Documents/Simon-OB/%E6%9C%AC%E4%BD%93%E8%AE%BA/base/%E5%8D%8A%E5%AF%BC%E4%BD%93/SEMI_WFF_2026_1Q.xlsx
Samsung - Line 15-Cu processing project capital expenditure (SEMI WFF),,资本开支,SEMI WFF 工厂级资本开支观测。,440,USD million,project,project_total_cost,韩国,Memory,/Users/simon/Documents/Simon-OB/本体论/base/半导体/SEMI_WFF_2026_1Q.xlsx,Samsung,,,Samsung - Line 15-Cu processing,3453,Company Detail,file:///Users/simon/Documents/Simon-OB/%E6%9C%AC%E4%BD%93%E8%AE%BA/base/%E5%8D%8A%E5%AF%BC%E4%BD%93/SEMI_WFF_2026_1Q.xlsx
Samsung - S1-B Line BEOL (former Line 9 & Line 8) project capital expenditure (SEMI WFF),,资本开支,SEMI WFF 工厂级资本开支观测。,775,USD million,project,project_total_cost,韩国,Logic&Micro,/Users/simon/Documents/Simon-OB/本体论/base/半导体/SEMI_WFF_2026_1Q.xlsx,Samsung,,,Samsung - S1-B Line BEOL (former Line 9 & Line 8),1393,Company Detail,file:///Users/simon/Documents/Simon-OB/%E6%9C%AC%E4%BD%93%E8%AE%BA/base/%E5%8D%8A%E5%AF%BC%E4%BD%93/SEMI_WFF_2026_1Q.xlsx
Samsung - TSV (was N Line) project capital expenditure (SEMI WFF),,资本开支,SEMI WFF 工厂级资本开支观测。,750,USD million,project,project_total_cost,韩国,Other,/Users/simon/Documents/Simon-OB/本体论/base/半导体/SEMI_WFF_2026_1Q.xlsx,Samsung,,,Samsung - TSV (was N Line),860,Company Detail,file:///Users/simon/Documents/Simon-OB/%E6%9C%AC%E4%BD%93%E8%AE%BA/base/%E5%8D%8A%E5%AF%BC%E4%BD%93/SEMI_WFF_2026_1Q.xlsx
Samsung - R Square project capital expenditure (SEMI WFF),,资本开支,SEMI WFF 工厂级资本开支观测。,225,USD million,project,project_total_cost,韩国,Memory,/Users/simon/Documents/Simon-OB/本体论/base/半导体/SEMI_WFF_2026_1Q.xlsx,Samsung,,,Samsung - R Square,2100,Company Detail,file:///Users/simon/Documents/Simon-OB/%E6%9C%AC%E4%BD%93%E8%AE%BA/base/%E5%8D%8A%E5%AF%BC%E4%BD%93/SEMI_WFF_2026_1Q.xlsx
Samsung - NRD Line project capital expenditure (SEMI WFF),,资本开支,SEMI WFF 工厂级资本开支观测。,775,USD million,project,project_total_cost,韩国,Other,/Users/simon/Documents/Simon-OB/本体论/base/半导体/SEMI_WFF_2026_1Q.xlsx,Samsung,,,Samsung - NRD Line,2185,Company Detail,file:///Users/simon/Documents/Simon-OB/%E6%9C%AC%E4%BD%93%E8%AE%BA/base/%E5%8D%8A%E5%AF%BC%E4%BD%93/SEMI_WFF_2026_1Q.xlsx
Samsung - Line 10 project capital expenditure (SEMI WFF),,资本开支,SEMI WFF 工厂级资本开支观测。,330,USD million,project,project_total_cost,韩国,Memory,/Users/simon/Documents/Simon-OB/本体论/base/半导体/SEMI_WFF_2026_1Q.xlsx,Samsung,,,Samsung - Line 10,1719,Company Detail,file:///Users/simon/Documents/Simon-OB/%E6%9C%AC%E4%BD%93%E8%AE%BA/base/%E5%8D%8A%E5%AF%BC%E4%BD%93/SEMI_WFF_2026_1Q.xlsx
Samsung - Taylor R&D Facility project capital expenditure (SEMI WFF),,资本开支,SEMI WFF 工厂级资本开支观测。,3000,USD million,project,project_total_cost,美洲,Logic&Micro,/Users/simon/Documents/Simon-OB/本体论/base/半导体/SEMI_WFF_2026_1Q.xlsx,Samsung,,,Samsung - Taylor R&D Facility,6582,Project Spending,file:///Users/simon/Documents/Simon-OB/%E6%9C%AC%E4%BD%93%E8%AE%BA/base/%E5%8D%8A%E5%AF%BC%E4%BD%93/SEMI_WFF_2026_1Q.xlsx
Samsung - Line 5 (SiC and GaN Line) project capital expenditure (SEMI WFF),,资本开支,SEMI WFF 工厂级资本开支观测。,145,USD million,project,project_total_cost,韩国,Discrete,/Users/simon/Documents/Simon-OB/本体论/base/半导体/SEMI_WFF_2026_1Q.xlsx,Samsung,,,Samsung - Line 5 (SiC and GaN Line),6452,Company Detail,file:///Users/simon/Documents/Simon-OB/%E6%9C%AC%E4%BD%93%E8%AE%BA/base/%E5%8D%8A%E5%AF%BC%E4%BD%93/SEMI_WFF_2026_1Q.xlsx
Samsung - Taylor Phase 2 (was S6 Phase 2) project capital expenditure (SEMI WFF),,资本开支,SEMI WFF 工厂级资本开支观测。,19405,USD million,project,project_total_cost,美洲,Logic&Micro,/Users/simon/Documents/Simon-OB/本体论/base/半导体/SEMI_WFF_2026_1Q.xlsx,Samsung,,,Samsung - Taylor Phase 2 (was S6 Phase 2),6442,Project Spending,file:///Users/simon/Documents/Simon-OB/%E6%9C%AC%E4%BD%93%E8%AE%BA/base/%E5%8D%8A%E5%AF%BC%E4%BD%93/SEMI_WFF_2026_1Q.xlsx
Samsung - P5 Phase 1 (3D NAND was DRAM) project capital expenditure (SEMI WFF),,资本开支,SEMI WFF 工厂级资本开支观测。,20860,USD million,project,project_total_cost,韩国,Memory,/Users/simon/Documents/Simon-OB/本体论/base/半导体/SEMI_WFF_2026_1Q.xlsx,Samsung,,,Samsung - P5 Phase 1 (3D NAND was DRAM),6371,Project Spending,file:///Users/simon/Documents/Simon-OB/%E6%9C%AC%E4%BD%93%E8%AE%BA/base/%E5%8D%8A%E5%AF%BC%E4%BD%93/SEMI_WFF_2026_1Q.xlsx
Samsung - P5 Phase 2 (DRAM was 3D NAND) project capital expenditure (SEMI WFF),,资本开支,SEMI WFF 工厂级资本开支观测。,24320,USD million,project,project_total_cost,韩国,Memory,/Users/simon/Documents/Simon-OB/本体论/base/半导体/SEMI_WFF_2026_1Q.xlsx,Samsung,,,Samsung - P5 Phase 2 (DRAM was 3D NAND),6372,Project Spending,file:///Users/simon/Documents/Simon-OB/%E6%9C%AC%E4%BD%93%E8%AE%BA/base/%E5%8D%8A%E5%AF%BC%E4%BD%93/SEMI_WFF_2026_1Q.xlsx
"Samsung - S6 (in P3, 8th floor) (was S5 Phase 2) project capital expenditure (SEMI WFF)",,资本开支,SEMI WFF 工厂级资本开支观测。,10100,USD million,project,project_total_cost,韩国,Logic&Micro,/Users/simon/Documents/Simon-OB/本体论/base/半导体/SEMI_WFF_2026_1Q.xlsx,Samsung,,,"Samsung - S6 (in P3, 8th floor) (was S5 Phase 2)",6171,Project Spending,file:///Users/simon/Documents/Simon-OB/%E6%9C%AC%E4%BD%93%E8%AE%BA/base/%E5%8D%8A%E5%AF%BC%E4%BD%93/SEMI_WFF_2026_1Q.xlsx
Samsung - Taylor Phase 1 (was S6 Phase 1) project capital expenditure (SEMI WFF),,资本开支,SEMI WFF 工厂级资本开支观测。,18285,USD million,project,project_total_cost,美洲,Logic&Micro,/Users/simon/Documents/Simon-OB/本体论/base/半导体/SEMI_WFF_2026_1Q.xlsx,Samsung,,,Samsung - Taylor Phase 1 (was S6 Phase 1),6212,Project Spending,file:///Users/simon/Documents/Simon-OB/%E6%9C%AC%E4%BD%93%E8%AE%BA/base/%E5%8D%8A%E5%AF%BC%E4%BD%93/SEMI_WFF_2026_1Q.xlsx
Samsung - P4 Phase 2 Support (was planned for 3D NAND) project capital expenditure (SEMI WFF),,资本开支,SEMI WFF 工厂级资本开支观测。,5915,USD million,project,project_total_cost,韩国,Memory,/Users/simon/Documents/Simon-OB/本体论/base/半导体/SEMI_WFF_2026_1Q.xlsx,Samsung,,,Samsung - P4 Phase 2 Support (was planned for 3D NAND),6213,Project Spending,file:///Users/simon/Documents/Simon-OB/%E6%9C%AC%E4%BD%93%E8%AE%BA/base/%E5%8D%8A%E5%AF%BC%E4%BD%93/SEMI_WFF_2026_1Q.xlsx
Samsung - P4 Phase 1 (DRAM) project capital expenditure (SEMI WFF),,资本开支,SEMI WFF 工厂级资本开支观测。,18915,USD million,project,project_total_cost,韩国,Memory,/Users/simon/Documents/Simon-OB/本体论/base/半导体/SEMI_WFF_2026_1Q.xlsx,Samsung,,,Samsung - P4 Phase 1 (DRAM),6214,Project Spending,file:///Users/simon/Documents/Simon-OB/%E6%9C%AC%E4%BD%93%E8%AE%BA/base/%E5%8D%8A%E5%AF%BC%E4%BD%93/SEMI_WFF_2026_1Q.xlsx
Sanan Optoelectronics - Sanan-ST SiC Device JV (Phase 1+2) project capital expenditure (SEMI WFF),,资本开支,SEMI WFF 工厂级资本开支观测。,2450,USD million,project,project_total_cost,中国,Discrete,/Users/simon/Documents/Simon-OB/本体论/base/半导体/SEMI_WFF_2026_1Q.xlsx,Sanan Optoelectronics,,,Sanan Optoelectronics - Sanan-ST SiC Device JV (Phase 1+2),6501,Project Spending,file:///Users/simon/Documents/Simon-OB/%E6%9C%AC%E4%BD%93%E8%AE%BA/base/%E5%8D%8A%E5%AF%BC%E4%BD%93/SEMI_WFF_2026_1Q.xlsx
Sanan Optoelectronics - Sanan SiC Wafer Fab (Phase 1+2) project capital expenditure (SEMI WFF),,资本开支,SEMI WFF 工厂级资本开支观测。,980,USD million,project,project_total_cost,中国,EPI,/Users/simon/Documents/Simon-OB/本体论/base/半导体/SEMI_WFF_2026_1Q.xlsx,Sanan Optoelectronics,,,Sanan Optoelectronics - Sanan SiC Wafer Fab (Phase 1+2),6502,Project Spending,file:///Users/simon/Documents/Simon-OB/%E6%9C%AC%E4%BD%93%E8%AE%BA/base/%E5%8D%8A%E5%AF%BC%E4%BD%93/SEMI_WFF_2026_1Q.xlsx
Sanan Optoelectronics - Xiamen fab project capital expenditure (SEMI WFF),,资本开支,SEMI WFF 工厂级资本开支观测。,42,USD million,project,project_total_cost,中国,Opto,/Users/simon/Documents/Simon-OB/本体论/base/半导体/SEMI_WFF_2026_1Q.xlsx,Sanan Optoelectronics,,,Sanan Optoelectronics - Xiamen fab,3111,Company Detail,file:///Users/simon/Documents/Simon-OB/%E6%9C%AC%E4%BD%93%E8%AE%BA/base/%E5%8D%8A%E5%AF%BC%E4%BD%93/SEMI_WFF_2026_1Q.xlsx
Sanan Optoelectronics - Tianjin fab project capital expenditure (SEMI WFF),,资本开支,SEMI WFF 工厂级资本开支观测。,12,USD million,project,project_total_cost,中国,Opto,/Users/simon/Documents/Simon-OB/本体论/base/半导体/SEMI_WFF_2026_1Q.xlsx,Sanan Optoelectronics,,,Sanan Optoelectronics - Tianjin fab,3112,Company Detail,file:///Users/simon/Documents/Simon-OB/%E6%9C%AC%E4%BD%93%E8%AE%BA/base/%E5%8D%8A%E5%AF%BC%E4%BD%93/SEMI_WFF_2026_1Q.xlsx
Sandia National Labs - SiFab (former MDL) project capital expenditure (SEMI WFF),,资本开支,SEMI WFF 工厂级资本开支观测。,20,USD million,project,project_total_cost,美洲,MEMS,/Users/simon/Documents/Simon-OB/本体论/base/半导体/SEMI_WFF_2026_1Q.xlsx,Sandia National Labs,,,Sandia National Labs - SiFab (former MDL),865,Company Detail,file:///Users/simon/Documents/Simon-OB/%E6%9C%AC%E4%BD%93%E8%AE%BA/base/%E5%8D%8A%E5%AF%BC%E4%BD%93/SEMI_WFF_2026_1Q.xlsx
Sandia National Labs - MicroFab project capital expenditure (SEMI WFF),,资本开支,SEMI WFF 工厂级资本开支观测。,8,USD million,project,project_total_cost,美洲,MEMS,/Users/simon/Documents/Simon-OB/本体论/base/半导体/SEMI_WFF_2026_1Q.xlsx,Sandia National Labs,,,Sandia National Labs - MicroFab,2020,Company Detail,file:///Users/simon/Documents/Simon-OB/%E6%9C%AC%E4%BD%93%E8%AE%BA/base/%E5%8D%8A%E5%AF%BC%E4%BD%93/SEMI_WFF_2026_1Q.xlsx
"Sanken Electric Co., Ltd. - Fab 2-Line 2 (1st floor) project capital expenditure (SEMI WFF)",,资本开支,SEMI WFF 工厂级资本开支观测。,5.9,USD million,project,project_total_cost,日本,Discrete,/Users/simon/Documents/Simon-OB/本体论/base/半导体/SEMI_WFF_2026_1Q.xlsx,"Sanken Electric Co., Ltd.",,,"Sanken Electric Co., Ltd. - Fab 2-Line 2 (1st floor)",1526,Project Spending,file:///Users/simon/Documents/Simon-OB/%E6%9C%AC%E4%BD%93%E8%AE%BA/base/%E5%8D%8A%E5%AF%BC%E4%BD%93/SEMI_WFF_2026_1Q.xlsx
"Sanken Electric Co., Ltd. - Fukushima Sanken project capital expenditure (SEMI WFF)",,资本开支,SEMI WFF 工厂级资本开支观测。,20,USD million,project,project_total_cost,日本,Opto,/Users/simon/Documents/Simon-OB/本体论/base/半导体/SEMI_WFF_2026_1Q.xlsx,"Sanken Electric Co., Ltd.",,,"Sanken Electric Co., Ltd. - Fukushima Sanken",5024,Company Detail,file:///Users/simon/Documents/Simon-OB/%E6%9C%AC%E4%BD%93%E8%AE%BA/base/%E5%8D%8A%E5%AF%BC%E4%BD%93/SEMI_WFF_2026_1Q.xlsx
SCL (Semiconductor Laboratory) - MEMS Line project capital expenditure (SEMI WFF),,资本开支,SEMI WFF 工厂级资本开支观测。,6,USD million,project,project_total_cost,SE Asia,MEMS,/Users/simon/Documents/Simon-OB/本体论/base/半导体/SEMI_WFF_2026_1Q.xlsx,SCL (Semiconductor Laboratory),,,SCL (Semiconductor Laboratory) - MEMS Line,3846,Company Detail,file:///Users/simon/Documents/Simon-OB/%E6%9C%AC%E4%BD%93%E8%AE%BA/base/%E5%8D%8A%E5%AF%BC%E4%BD%93/SEMI_WFF_2026_1Q.xlsx
SCL (Semiconductor Laboratory) - Silicon Fab (CMOS) project capital expenditure (SEMI WFF),,资本开支,SEMI WFF 工厂级资本开支观测。,35,USD million,project,project_total_cost,SE Asia,Discrete,/Users/simon/Documents/Simon-OB/本体论/base/半导体/SEMI_WFF_2026_1Q.xlsx,SCL (Semiconductor Laboratory),,,SCL (Semiconductor Laboratory) - Silicon Fab (CMOS),903,Company Detail,file:///Users/simon/Documents/Simon-OB/%E6%9C%AC%E4%BD%93%E8%AE%BA/base/%E5%8D%8A%E5%AF%BC%E4%BD%93/SEMI_WFF_2026_1Q.xlsx
SCL (Semiconductor Laboratory) - New 28nm Line project capital expenditure (SEMI WFF),,资本开支,SEMI WFF 工厂级资本开支观测。,1050,USD million,project,project_total_cost,SE Asia,Logic&Micro,/Users/simon/Documents/Simon-OB/本体论/base/半导体/SEMI_WFF_2026_1Q.xlsx,SCL (Semiconductor Laboratory),,,SCL (Semiconductor Laboratory) - New 28nm Line,6454,Project Spending,file:///Users/simon/Documents/Simon-OB/%E6%9C%AC%E4%BD%93%E8%AE%BA/base/%E5%8D%8A%E5%AF%BC%E4%BD%93/SEMI_WFF_2026_1Q.xlsx
Scottish Microelectronics Centre - Scottish Microelectronics Centre project capital expenditure (SEMI WFF),,资本开支,SEMI WFF 工厂级资本开支观测。,48,USD million,project,project_total_cost,Europe & Mideast,Other,/Users/simon/Documents/Simon-OB/本体论/base/半导体/SEMI_WFF_2026_1Q.xlsx,Scottish Microelectronics Centre,,,Scottish Microelectronics Centre - Scottish Microelectronics Centre,2358,Company Detail,file:///Users/simon/Documents/Simon-OB/%E6%9C%AC%E4%BD%93%E8%AE%BA/base/%E5%8D%8A%E5%AF%BC%E4%BD%93/SEMI_WFF_2026_1Q.xlsx
Seagate - Bloomington Wafer Fab 2 project capital expenditure (SEMI WFF),,资本开支,SEMI WFF 工厂级资本开支观测。,95,USD million,project,project_total_cost,美洲,MEMS,/Users/simon/Documents/Simon-OB/本体论/base/半导体/SEMI_WFF_2026_1Q.xlsx,Seagate,,,Seagate - Bloomington Wafer Fab 2,3637,Company Detail,file:///Users/simon/Documents/Simon-OB/%E6%9C%AC%E4%BD%93%E8%AE%BA/base/%E5%8D%8A%E5%AF%BC%E4%BD%93/SEMI_WFF_2026_1Q.xlsx
Seagate - Bloomington R&D project capital expenditure (SEMI WFF),,资本开支,SEMI WFF 工厂级资本开支观测。,25,USD million,project,project_total_cost,美洲,MEMS,/Users/simon/Documents/Simon-OB/本体论/base/半导体/SEMI_WFF_2026_1Q.xlsx,Seagate,,,Seagate - Bloomington R&D,3639,Company Detail,file:///Users/simon/Documents/Simon-OB/%E6%9C%AC%E4%BD%93%E8%AE%BA/base/%E5%8D%8A%E5%AF%BC%E4%BD%93/SEMI_WFF_2026_1Q.xlsx
Seiko Epson Corporation - T-Wing (8-inch) project capital expenditure (SEMI WFF),,资本开支,SEMI WFF 工厂级资本开支观测。,71.4999999999999,USD million,project,project_total_cost,日本,Logic&Micro,/Users/simon/Documents/Simon-OB/本体论/base/半导体/SEMI_WFF_2026_1Q.xlsx,Seiko Epson Corporation,,,Seiko Epson Corporation - T-Wing (8-inch),1397,Project Spending,file:///Users/simon/Documents/Simon-OB/%E6%9C%AC%E4%BD%93%E8%AE%BA/base/%E5%8D%8A%E5%AF%BC%E4%BD%93/SEMI_WFF_2026_1Q.xlsx
Seiko Epson Corporation - Miyazaki plant (Epson Toyocom) project capital expenditure (SEMI WFF),,资本开支,SEMI WFF 工厂级资本开支观测。,30,USD million,project,project_total_cost,日本,MEMS,/Users/simon/Documents/Simon-OB/本体论/base/半导体/SEMI_WFF_2026_1Q.xlsx,Seiko Epson Corporation,,,Seiko Epson Corporation - Miyazaki plant (Epson Toyocom),3481,Company Detail,file:///Users/simon/Documents/Simon-OB/%E6%9C%AC%E4%BD%93%E8%AE%BA/base/%E5%8D%8A%E5%AF%BC%E4%BD%93/SEMI_WFF_2026_1Q.xlsx
Seiko Epson Corporation - Ina plant project capital expenditure (SEMI WFF),,资本开支,SEMI WFF 工厂级资本开支观测。,25,USD million,project,project_total_cost,日本,MEMS,/Users/simon/Documents/Simon-OB/本体论/base/半导体/SEMI_WFF_2026_1Q.xlsx,Seiko Epson Corporation,,,Seiko Epson Corporation - Ina plant,3482,Company Detail,file:///Users/simon/Documents/Simon-OB/%E6%9C%AC%E4%BD%93%E8%AE%BA/base/%E5%8D%8A%E5%AF%BC%E4%BD%93/SEMI_WFF_2026_1Q.xlsx
Seiko Epson Corporation - Hirooka Plant project capital expenditure (SEMI WFF),,资本开支,SEMI WFF 工厂级资本开支观测。,140,USD million,project,project_total_cost,日本,MEMS,/Users/simon/Documents/Simon-OB/本体论/base/半导体/SEMI_WFF_2026_1Q.xlsx,Seiko Epson Corporation,,,Seiko Epson Corporation - Hirooka Plant,4942,Company Detail,file:///Users/simon/Documents/Simon-OB/%E6%9C%AC%E4%BD%93%E8%AE%BA/base/%E5%8D%8A%E5%AF%BC%E4%BD%93/SEMI_WFF_2026_1Q.xlsx
Semefab Ltd. - Fab 3 (CMOS3) project capital expenditure (SEMI WFF),,资本开支,SEMI WFF 工厂级资本开支观测。,11,USD million,project,project_total_cost,Europe & Mideast,MEMS,/Users/simon/Documents/Simon-OB/本体论/base/半导体/SEMI_WFF_2026_1Q.xlsx,Semefab Ltd.,,,Semefab Ltd. - Fab 3 (CMOS3),2437,Company Detail,file:///Users/simon/Documents/Simon-OB/%E6%9C%AC%E4%BD%93%E8%AE%BA/base/%E5%8D%8A%E5%AF%BC%E4%BD%93/SEMI_WFF_2026_1Q.xlsx
Semefab Ltd. - Fab 2 (new MEMS 2) project capital expenditure (SEMI WFF),,资本开支,SEMI WFF 工厂级资本开支观测。,13,USD million,project,project_total_cost,Europe & Mideast,MEMS,/Users/simon/Documents/Simon-OB/本体论/base/半导体/SEMI_WFF_2026_1Q.xlsx,Semefab Ltd.,,,Semefab Ltd. - Fab 2 (new MEMS 2),2897,Company Detail,file:///Users/simon/Documents/Simon-OB/%E6%9C%AC%E4%BD%93%E8%AE%BA/base/%E5%8D%8A%E5%AF%BC%E4%BD%93/SEMI_WFF_2026_1Q.xlsx
Semikron Elektronik GmbH & Co. KG - SEMIKRON Vrbove project capital expenditure (SEMI WFF),,资本开支,SEMI WFF 工厂级资本开支观测。,18,USD million,project,project_total_cost,Europe & Mideast,Discrete,/Users/simon/Documents/Simon-OB/本体论/base/半导体/SEMI_WFF_2026_1Q.xlsx,Semikron Elektronik GmbH & Co. KG,,,Semikron Elektronik GmbH & Co. KG - SEMIKRON Vrbove,3554,Company Detail,file:///Users/simon/Documents/Simon-OB/%E6%9C%AC%E4%BD%93%E8%AE%BA/base/%E5%8D%8A%E5%AF%BC%E4%BD%93/SEMI_WFF_2026_1Q.xlsx
Semikron Elektronik GmbH & Co. KG - SEMICELL project capital expenditure (SEMI WFF),,资本开支,SEMI WFF 工厂级资本开支观测。,22,USD million,project,project_total_cost,Europe & Mideast,Discrete,/Users/simon/Documents/Simon-OB/本体论/base/半导体/SEMI_WFF_2026_1Q.xlsx,Semikron Elektronik GmbH & Co. KG,,,Semikron Elektronik GmbH & Co. KG - SEMICELL,3549,Company Detail,file:///Users/simon/Documents/Simon-OB/%E6%9C%AC%E4%BD%93%E8%AE%BA/base/%E5%8D%8A%E5%AF%BC%E4%BD%93/SEMI_WFF_2026_1Q.xlsx
SemiLEDs - Chu-Nan Fab project capital expenditure (SEMI WFF),,资本开支,SEMI WFF 工厂级资本开支观测。,36,USD million,project,project_total_cost,中国台湾,Opto,/Users/simon/Documents/Simon-OB/本体论/base/半导体/SEMI_WFF_2026_1Q.xlsx,SemiLEDs,,,SemiLEDs - Chu-Nan Fab,2557,Company Detail,file:///Users/simon/Documents/Simon-OB/%E6%9C%AC%E4%BD%93%E8%AE%BA/base/%E5%8D%8A%E5%AF%BC%E4%BD%93/SEMI_WFF_2026_1Q.xlsx
"SemiSouth Laboratories, Inc. - N/A project capital expenditure (SEMI WFF)",,资本开支,SEMI WFF 工厂级资本开支观测。,45,USD million,project,project_total_cost,美洲,Discrete,/Users/simon/Documents/Simon-OB/本体论/base/半导体/SEMI_WFF_2026_1Q.xlsx,"SemiSouth Laboratories, Inc.",,,"SemiSouth Laboratories, Inc. - N/A",2173,Company Detail,file:///Users/simon/Documents/Simon-OB/%E6%9C%AC%E4%BD%93%E8%AE%BA/base/%E5%8D%8A%E5%AF%BC%E4%BD%93/SEMI_WFF_2026_1Q.xlsx
Sensera - Woburn (inside Agiltron fab) project capital expenditure (SEMI WFF),,资本开支,SEMI WFF 工厂级资本开支观测。,5,USD million,project,project_total_cost,美洲,MEMS,/Users/simon/Documents/Simon-OB/本体论/base/半导体/SEMI_WFF_2026_1Q.xlsx,Sensera,,,Sensera - Woburn (inside Agiltron fab),5005,Company Detail,file:///Users/simon/Documents/Simon-OB/%E6%9C%AC%E4%BD%93%E8%AE%BA/base/%E5%8D%8A%E5%AF%BC%E4%BD%93/SEMI_WFF_2026_1Q.xlsx
SensFab Pte. Ltd. - Fab 1 project capital expenditure (SEMI WFF),,资本开支,SEMI WFF 工厂级资本开支观测。,30,USD million,project,project_total_cost,SE Asia,MEMS,/Users/simon/Documents/Simon-OB/本体论/base/半导体/SEMI_WFF_2026_1Q.xlsx,SensFab Pte. Ltd.,,,SensFab Pte. Ltd. - Fab 1,1906,Company Detail,file:///Users/simon/Documents/Simon-OB/%E6%9C%AC%E4%BD%93%E8%AE%BA/base/%E5%8D%8A%E5%AF%BC%E4%BD%93/SEMI_WFF_2026_1Q.xlsx
Sensitron Semiconductor - N/A project capital expenditure (SEMI WFF),,资本开支,SEMI WFF 工厂级资本开支观测。,25,USD million,project,project_total_cost,美洲,Discrete,/Users/simon/Documents/Simon-OB/本体论/base/半导体/SEMI_WFF_2026_1Q.xlsx,Sensitron Semiconductor,,,Sensitron Semiconductor - N/A,1641,Company Detail,file:///Users/simon/Documents/Simon-OB/%E6%9C%AC%E4%BD%93%E8%AE%BA/base/%E5%8D%8A%E5%AF%BC%E4%BD%93/SEMI_WFF_2026_1Q.xlsx
Sensonor - Horten project capital expenditure (SEMI WFF),,资本开支,SEMI WFF 工厂级资本开支观测。,12,USD million,project,project_total_cost,Europe & Mideast,MEMS,/Users/simon/Documents/Simon-OB/本体论/base/半导体/SEMI_WFF_2026_1Q.xlsx,Sensonor,,,Sensonor - Horten,2359,Company Detail,file:///Users/simon/Documents/Simon-OB/%E6%9C%AC%E4%BD%93%E8%AE%BA/base/%E5%8D%8A%E5%AF%BC%E4%BD%93/SEMI_WFF_2026_1Q.xlsx
"Sensor Electronic Technology, Inc. - SETi 2 project capital expenditure (SEMI WFF)",,资本开支,SEMI WFF 工厂级资本开支观测。,20,USD million,project,project_total_cost,美洲,Opto,/Users/simon/Documents/Simon-OB/本体论/base/半导体/SEMI_WFF_2026_1Q.xlsx,"Sensor Electronic Technology, Inc.",,,"Sensor Electronic Technology, Inc. - SETi 2",3764,Company Detail,file:///Users/simon/Documents/Simon-OB/%E6%9C%AC%E4%BD%93%E8%AE%BA/base/%E5%8D%8A%E5%AF%BC%E4%BD%93/SEMI_WFF_2026_1Q.xlsx
"Sensor Electronic Technology, Inc. - Nitek fab project capital expenditure (SEMI WFF)",,资本开支,SEMI WFF 工厂级资本开支观测。,8,USD million,project,project_total_cost,美洲,Opto,/Users/simon/Documents/Simon-OB/本体论/base/半导体/SEMI_WFF_2026_1Q.xlsx,"Sensor Electronic Technology, Inc.",,,"Sensor Electronic Technology, Inc. - Nitek fab",3838,Company Detail,file:///Users/simon/Documents/Simon-OB/%E6%9C%AC%E4%BD%93%E8%AE%BA/base/%E5%8D%8A%E5%AF%BC%E4%BD%93/SEMI_WFF_2026_1Q.xlsx
Sercalo - MEMS Facility project capital expenditure (SEMI WFF),,资本开支,SEMI WFF 工厂级资本开支观测。,20,USD million,project,project_total_cost,Europe & Mideast,MEMS,/Users/simon/Documents/Simon-OB/本体论/base/半导体/SEMI_WFF_2026_1Q.xlsx,Sercalo,,,Sercalo - MEMS Facility,5074,Company Detail,file:///Users/simon/Documents/Simon-OB/%E6%9C%AC%E4%BD%93%E8%AE%BA/base/%E5%8D%8A%E5%AF%BC%E4%BD%93/SEMI_WFF_2026_1Q.xlsx
Shaanxi Electronic Core Industry Times Technology - Fab 1 project capital expenditure (SEMI WFF),,资本开支,SEMI WFF 工厂级资本开支观测。,920,USD million,project,project_total_cost,中国,Discrete,/Users/simon/Documents/Simon-OB/本体论/base/半导体/SEMI_WFF_2026_1Q.xlsx,Shaanxi Electronic Core Industry Times Technology,,,Shaanxi Electronic Core Industry Times Technology - Fab 1,6649,Project Spending,file:///Users/simon/Documents/Simon-OB/%E6%9C%AC%E4%BD%93%E8%AE%BA/base/%E5%8D%8A%E5%AF%BC%E4%BD%93/SEMI_WFF_2026_1Q.xlsx
Shaanxi Electronic Information Group (SEC) - Xian Walsin United Technology project capital expenditure (SEMI WFF),,资本开支,SEMI WFF 工厂级资本开支观测。,7.19999999999999,USD million,project,project_total_cost,中国,Opto,/Users/simon/Documents/Simon-OB/本体论/base/半导体/SEMI_WFF_2026_1Q.xlsx,Shaanxi Electronic Information Group (SEC),,,Shaanxi Electronic Information Group (SEC) - Xian Walsin United Technology,3239,Project Spending,file:///Users/simon/Documents/Simon-OB/%E6%9C%AC%E4%BD%93%E8%AE%BA/base/%E5%8D%8A%E5%AF%BC%E4%BD%93/SEMI_WFF_2026_1Q.xlsx
Shaanxi New Light Source Technology - New Light Source Technology project capital expenditure (SEMI WFF),,资本开支,SEMI WFF 工厂级资本开支观测。,12,USD million,project,project_total_cost,中国,Opto,/Users/simon/Documents/Simon-OB/本体论/base/半导体/SEMI_WFF_2026_1Q.xlsx,Shaanxi New Light Source Technology,,,Shaanxi New Light Source Technology - New Light Source Technology,3662,Company Detail,file:///Users/simon/Documents/Simon-OB/%E6%9C%AC%E4%BD%93%E8%AE%BA/base/%E5%8D%8A%E5%AF%BC%E4%BD%93/SEMI_WFF_2026_1Q.xlsx
Shandong Inspur Huaguang Optoelectronics - Fab 1 project capital expenditure (SEMI WFF),,资本开支,SEMI WFF 工厂级资本开支观测。,10,USD million,project,project_total_cost,中国,Opto,/Users/simon/Documents/Simon-OB/本体论/base/半导体/SEMI_WFF_2026_1Q.xlsx,Shandong Inspur Huaguang Optoelectronics,,,Shandong Inspur Huaguang Optoelectronics - Fab 1,3123,Company Detail,file:///Users/simon/Documents/Simon-OB/%E6%9C%AC%E4%BD%93%E8%AE%BA/base/%E5%8D%8A%E5%AF%BC%E4%BD%93/SEMI_WFF_2026_1Q.xlsx
Shanghai Advanced Micro Semiconductors - Fab 1 project capital expenditure (SEMI WFF),,资本开支,SEMI WFF 工厂级资本开支观测。,189,USD million,project,project_total_cost,中国,Other,/Users/simon/Documents/Simon-OB/本体论/base/半导体/SEMI_WFF_2026_1Q.xlsx,Shanghai Advanced Micro Semiconductors,,,Shanghai Advanced Micro Semiconductors - Fab 1,6539,Company Detail,file:///Users/simon/Documents/Simon-OB/%E6%9C%AC%E4%BD%93%E8%AE%BA/base/%E5%8D%8A%E5%AF%BC%E4%BD%93/SEMI_WFF_2026_1Q.xlsx
Shanghai Advanced Micro Semiconductors - Fab 2 project capital expenditure (SEMI WFF),,资本开支,SEMI WFF 工厂级资本开支观测。,243,USD million,project,project_total_cost,中国,Discrete,/Users/simon/Documents/Simon-OB/本体论/base/半导体/SEMI_WFF_2026_1Q.xlsx,Shanghai Advanced Micro Semiconductors,,,Shanghai Advanced Micro Semiconductors - Fab 2,6540,Project Spending,file:///Users/simon/Documents/Simon-OB/%E6%9C%AC%E4%BD%93%E8%AE%BA/base/%E5%8D%8A%E5%AF%BC%E4%BD%93/SEMI_WFF_2026_1Q.xlsx
Shanghai Industrial Technology Institute (SITRI) - 1st floor Silicon Photonics project capital expenditure (SEMI WFF),,资本开支,SEMI WFF 工厂级资本开支观测。,20,USD million,project,project_total_cost,中国,Opto,/Users/simon/Documents/Simon-OB/本体论/base/半导体/SEMI_WFF_2026_1Q.xlsx,Shanghai Industrial Technology Institute (SITRI),,,Shanghai Industrial Technology Institute (SITRI) - 1st floor Silicon Photonics,4956,Company Detail,file:///Users/simon/Documents/Simon-OB/%E6%9C%AC%E4%BD%93%E8%AE%BA/base/%E5%8D%8A%E5%AF%BC%E4%BD%93/SEMI_WFF_2026_1Q.xlsx
Shanghai Institute of Microsystem and Information Technology (SIMIT) - SIMIT Lab for Transducer Development project capital expenditure (SEMI WFF),,资本开支,SEMI WFF 工厂级资本开支观测。,18,USD million,project,project_total_cost,中国,MEMS,/Users/simon/Documents/Simon-OB/本体论/base/半导体/SEMI_WFF_2026_1Q.xlsx,Shanghai Institute of Microsystem and Information Technology (SIMIT),,,Shanghai Institute of Microsystem and Information Technology (SIMIT) - SIMIT Lab for Transducer Development,3792,Company Detail,file:///Users/simon/Documents/Simon-OB/%E6%9C%AC%E4%BD%93%E8%AE%BA/base/%E5%8D%8A%E5%AF%BC%E4%BD%93/SEMI_WFF_2026_1Q.xlsx
"Shanghai PN-Stone Optoelectronics Co.,Ltd. - LDX project capital expenditure (SEMI WFF)",,资本开支,SEMI WFF 工厂级资本开支观测。,60,USD million,project,project_total_cost,中国,Opto,/Users/simon/Documents/Simon-OB/本体论/base/半导体/SEMI_WFF_2026_1Q.xlsx,"Shanghai PN-Stone Optoelectronics Co.,Ltd.",,,"Shanghai PN-Stone Optoelectronics Co.,Ltd. - LDX",3282,Company Detail,file:///Users/simon/Documents/Simon-OB/%E6%9C%AC%E4%BD%93%E8%AE%BA/base/%E5%8D%8A%E5%AF%BC%E4%BD%93/SEMI_WFF_2026_1Q.xlsx
Shenzhen MTC LED - Nanchang project capital expenditure (SEMI WFF),,资本开支,SEMI WFF 工厂级资本开支观测。,2.4,USD million,project,project_total_cost,中国,Opto,/Users/simon/Documents/Simon-OB/本体论/base/半导体/SEMI_WFF_2026_1Q.xlsx,Shenzhen MTC LED,,,Shenzhen MTC LED - Nanchang,4970,Project Spending,file:///Users/simon/Documents/Simon-OB/%E6%9C%AC%E4%BD%93%E8%AE%BA/base/%E5%8D%8A%E5%AF%BC%E4%BD%93/SEMI_WFF_2026_1Q.xlsx
Shenzhen Sitan Technology - Xiamen Phase 1 project capital expenditure (SEMI WFF),,资本开支,SEMI WFF 工厂级资本开支观测。,180,USD million,project,project_total_cost,中国,Opto,/Users/simon/Documents/Simon-OB/本体论/base/半导体/SEMI_WFF_2026_1Q.xlsx,Shenzhen Sitan Technology,,,Shenzhen Sitan Technology - Xiamen Phase 1,6590,Project Spending,file:///Users/simon/Documents/Simon-OB/%E6%9C%AC%E4%BD%93%E8%AE%BA/base/%E5%8D%8A%E5%AF%BC%E4%BD%93/SEMI_WFF_2026_1Q.xlsx
Shenzhen Sitan Technology - Shenzhen Pilot line project capital expenditure (SEMI WFF),,资本开支,SEMI WFF 工厂级资本开支观测。,45,USD million,project,project_total_cost,中国,Opto,/Users/simon/Documents/Simon-OB/本体论/base/半导体/SEMI_WFF_2026_1Q.xlsx,Shenzhen Sitan Technology,,,Shenzhen Sitan Technology - Shenzhen Pilot line,6591,Company Detail,file:///Users/simon/Documents/Simon-OB/%E6%9C%AC%E4%BD%93%E8%AE%BA/base/%E5%8D%8A%E5%AF%BC%E4%BD%93/SEMI_WFF_2026_1Q.xlsx
"Shindengen Electric Manufacturing Co., Ltd. - Ooura Bldg #2 and #3 project capital expenditure (SEMI WFF)",,资本开支,SEMI WFF 工厂级资本开支观测。,20,USD million,project,project_total_cost,日本,Other,/Users/simon/Documents/Simon-OB/本体论/base/半导体/SEMI_WFF_2026_1Q.xlsx,"Shindengen Electric Manufacturing Co., Ltd.",,,"Shindengen Electric Manufacturing Co., Ltd. - Ooura Bldg #2 and #3",961,Company Detail,file:///Users/simon/Documents/Simon-OB/%E6%9C%AC%E4%BD%93%E8%AE%BA/base/%E5%8D%8A%E5%AF%BC%E4%BD%93/SEMI_WFF_2026_1Q.xlsx
"Shindengen Electric Manufacturing Co., Ltd. - Ooura Bldg#5 project capital expenditure (SEMI WFF)",,资本开支,SEMI WFF 工厂级资本开支观测。,50,USD million,project,project_total_cost,日本,Other,/Users/simon/Documents/Simon-OB/本体论/base/半导体/SEMI_WFF_2026_1Q.xlsx,"Shindengen Electric Manufacturing Co., Ltd.",,,"Shindengen Electric Manufacturing Co., Ltd. - Ooura Bldg#5",3613,Company Detail,file:///Users/simon/Documents/Simon-OB/%E6%9C%AC%E4%BD%93%E8%AE%BA/base/%E5%8D%8A%E5%AF%BC%E4%BD%93/SEMI_WFF_2026_1Q.xlsx
"Shindengen Electric Manufacturing Co., Ltd. - Ooura Bldg # 4 project capital expenditure (SEMI WFF)",,资本开支,SEMI WFF 工厂级资本开支观测。,38,USD million,project,project_total_cost,日本,Other,/Users/simon/Documents/Simon-OB/本体论/base/半导体/SEMI_WFF_2026_1Q.xlsx,"Shindengen Electric Manufacturing Co., Ltd.",,,"Shindengen Electric Manufacturing Co., Ltd. - Ooura Bldg # 4",1648,Company Detail,file:///Users/simon/Documents/Simon-OB/%E6%9C%AC%E4%BD%93%E8%AE%BA/base/%E5%8D%8A%E5%AF%BC%E4%BD%93/SEMI_WFF_2026_1Q.xlsx
"Shindengen Electric Manufacturing Co., Ltd. - Higashine Bldg #3-2 project capital expenditure (SEMI WFF)",,资本开支,SEMI WFF 工厂级资本开支观测。,35,USD million,project,project_total_cost,日本,Discrete,/Users/simon/Documents/Simon-OB/本体论/base/半导体/SEMI_WFF_2026_1Q.xlsx,"Shindengen Electric Manufacturing Co., Ltd.",,,"Shindengen Electric Manufacturing Co., Ltd. - Higashine Bldg #3-2",957,Company Detail,file:///Users/simon/Documents/Simon-OB/%E6%9C%AC%E4%BD%93%E8%AE%BA/base/%E5%8D%8A%E5%AF%BC%E4%BD%93/SEMI_WFF_2026_1Q.xlsx
"Shindengen Electric Manufacturing Co., Ltd. - Higashine Bldg #4 project capital expenditure (SEMI WFF)",,资本开支,SEMI WFF 工厂级资本开支观测。,60,USD million,project,project_total_cost,日本,Discrete,/Users/simon/Documents/Simon-OB/本体论/base/半导体/SEMI_WFF_2026_1Q.xlsx,"Shindengen Electric Manufacturing Co., Ltd.",,,"Shindengen Electric Manufacturing Co., Ltd. - Higashine Bldg #4",3213,Company Detail,file:///Users/simon/Documents/Simon-OB/%E6%9C%AC%E4%BD%93%E8%AE%BA/base/%E5%8D%8A%E5%AF%BC%E4%BD%93/SEMI_WFF_2026_1Q.xlsx
"Shindengen Electric Manufacturing Co., Ltd. - Ooura Bldg #1 project capital expenditure (SEMI WFF)",,资本开支,SEMI WFF 工厂级资本开支观测。,60,USD million,project,project_total_cost,日本,Other,/Users/simon/Documents/Simon-OB/本体论/base/半导体/SEMI_WFF_2026_1Q.xlsx,"Shindengen Electric Manufacturing Co., Ltd.",,,"Shindengen Electric Manufacturing Co., Ltd. - Ooura Bldg #1",3215,Company Detail,file:///Users/simon/Documents/Simon-OB/%E6%9C%AC%E4%BD%93%E8%AE%BA/base/%E5%8D%8A%E5%AF%BC%E4%BD%93/SEMI_WFF_2026_1Q.xlsx
Shougang - Front End Fab 1 project capital expenditure (SEMI WFF),,资本开支,SEMI WFF 工厂级资本开支观测。,2,USD million,project,project_total_cost,中国,Analog,/Users/simon/Documents/Simon-OB/本体论/base/半导体/SEMI_WFF_2026_1Q.xlsx,Shougang,,,Shougang - Front End Fab 1,1391,Company Detail,file:///Users/simon/Documents/Simon-OB/%E6%9C%AC%E4%BD%93%E8%AE%BA/base/%E5%8D%8A%E5%AF%BC%E4%BD%93/SEMI_WFF_2026_1Q.xlsx
SiCamore Semi - Main Fab (cleanroom 1) Silicon (was Microsemi) project capital expenditure (SEMI WFF),,资本开支,SEMI WFF 工厂级资本开支观测。,35,USD million,project,project_total_cost,美洲,Analog,/Users/simon/Documents/Simon-OB/本体论/base/半导体/SEMI_WFF_2026_1Q.xlsx,SiCamore Semi,,,SiCamore Semi - Main Fab (cleanroom 1) Silicon (was Microsemi),5,Company Detail,file:///Users/simon/Documents/Simon-OB/%E6%9C%AC%E4%BD%93%E8%AE%BA/base/%E5%8D%8A%E5%AF%BC%E4%BD%93/SEMI_WFF_2026_1Q.xlsx
SiCamore Semi - Main Fab 6-inch line expansion project capital expenditure (SEMI WFF),,资本开支,SEMI WFF 工厂级资本开支观测。,5,USD million,project,project_total_cost,美洲,Analog,/Users/simon/Documents/Simon-OB/本体论/base/半导体/SEMI_WFF_2026_1Q.xlsx,SiCamore Semi,,,SiCamore Semi - Main Fab 6-inch line expansion,6132,Company Detail,file:///Users/simon/Documents/Simon-OB/%E6%9C%AC%E4%BD%93%E8%AE%BA/base/%E5%8D%8A%E5%AF%BC%E4%BD%93/SEMI_WFF_2026_1Q.xlsx
SiCrystal GmbH - Nürnberg Fab project capital expenditure (SEMI WFF),,资本开支,SEMI WFF 工厂级资本开支观测。,21,USD million,project,project_total_cost,Europe & Mideast,EPI,/Users/simon/Documents/Simon-OB/本体论/base/半导体/SEMI_WFF_2026_1Q.xlsx,SiCrystal GmbH,,,SiCrystal GmbH - Nürnberg Fab,6156,Company Detail,file:///Users/simon/Documents/Simon-OB/%E6%9C%AC%E4%BD%93%E8%AE%BA/base/%E5%8D%8A%E5%AF%BC%E4%BD%93/SEMI_WFF_2026_1Q.xlsx
"SiEn Integrated Circuits Co., Ltd. - Fab 1 (300mm line) project capital expenditure (SEMI WFF)",,资本开支,SEMI WFF 工厂级资本开支观测。,475,USD million,project,project_total_cost,中国,Analog,/Users/simon/Documents/Simon-OB/本体论/base/半导体/SEMI_WFF_2026_1Q.xlsx,"SiEn Integrated Circuits Co., Ltd.",,,"SiEn Integrated Circuits Co., Ltd. - Fab 1 (300mm line)",6504,Company Detail,file:///Users/simon/Documents/Simon-OB/%E6%9C%AC%E4%BD%93%E8%AE%BA/base/%E5%8D%8A%E5%AF%BC%E4%BD%93/SEMI_WFF_2026_1Q.xlsx
"Silan Microelectronics Co., Ltd. - Chengdu EPI fab project capital expenditure (SEMI WFF)",,资本开支,SEMI WFF 工厂级资本开支观测。,75,USD million,project,project_total_cost,中国,Discrete,/Users/simon/Documents/Simon-OB/本体论/base/半导体/SEMI_WFF_2026_1Q.xlsx,"Silan Microelectronics Co., Ltd.",,,"Silan Microelectronics Co., Ltd. - Chengdu EPI fab",3354,Company Detail,file:///Users/simon/Documents/Simon-OB/%E6%9C%AC%E4%BD%93%E8%AE%BA/base/%E5%8D%8A%E5%AF%BC%E4%BD%93/SEMI_WFF_2026_1Q.xlsx
"Silan Microelectronics Co., Ltd. - Xiamen Compound SiC Line (Phase 2) project capital expenditure (SEMI WFF)",,资本开支,SEMI WFF 工厂级资本开支观测。,145,USD million,project,project_total_cost,中国,Discrete,/Users/simon/Documents/Simon-OB/本体论/base/半导体/SEMI_WFF_2026_1Q.xlsx,"Silan Microelectronics Co., Ltd.",,,"Silan Microelectronics Co., Ltd. - Xiamen Compound SiC Line (Phase 2)",6416,Project Spending,file:///Users/simon/Documents/Simon-OB/%E6%9C%AC%E4%BD%93%E8%AE%BA/base/%E5%8D%8A%E5%AF%BC%E4%BD%93/SEMI_WFF_2026_1Q.xlsx
"Silan Microelectronics Co., Ltd. - Xiamen 300mm Fab 2 project capital expenditure (SEMI WFF)",,资本开支,SEMI WFF 工厂级资本开支观测。,2495,USD million,project,project_total_cost,中国,Discrete,/Users/simon/Documents/Simon-OB/本体论/base/半导体/SEMI_WFF_2026_1Q.xlsx,"Silan Microelectronics Co., Ltd.",,,"Silan Microelectronics Co., Ltd. - Xiamen 300mm Fab 2",5125,Project Spending,file:///Users/simon/Documents/Simon-OB/%E6%9C%AC%E4%BD%93%E8%AE%BA/base/%E5%8D%8A%E5%AF%BC%E4%BD%93/SEMI_WFF_2026_1Q.xlsx
Silanna (was Sapphicon) - Fab 3 Compound R&D Facility project capital expenditure (SEMI WFF),,资本开支,SEMI WFF 工厂级资本开支观测。,30,USD million,project,project_total_cost,SE Asia,Other,/Users/simon/Documents/Simon-OB/本体论/base/半导体/SEMI_WFF_2026_1Q.xlsx,Silanna (was Sapphicon),,,Silanna (was Sapphicon) - Fab 3 Compound R&D Facility,3511,Company Detail,file:///Users/simon/Documents/Simon-OB/%E6%9C%AC%E4%BD%93%E8%AE%BA/base/%E5%8D%8A%E5%AF%BC%E4%BD%93/SEMI_WFF_2026_1Q.xlsx
Silanna (was Sapphicon) - Fab 1 project capital expenditure (SEMI WFF),,资本开支,SEMI WFF 工厂级资本开支观测。,30,USD million,project,project_total_cost,SE Asia,Discrete,/Users/simon/Documents/Simon-OB/本体论/base/半导体/SEMI_WFF_2026_1Q.xlsx,Silanna (was Sapphicon),,,Silanna (was Sapphicon) - Fab 1,3623,Company Detail,file:///Users/simon/Documents/Simon-OB/%E6%9C%AC%E4%BD%93%E8%AE%BA/base/%E5%8D%8A%E5%AF%BC%E4%BD%93/SEMI_WFF_2026_1Q.xlsx
Silanna (was Sapphicon) - Fab 2 (upgrade of Fab 1) project capital expenditure (SEMI WFF),,资本开支,SEMI WFF 工厂级资本开支观测。,30,USD million,project,project_total_cost,SE Asia,Discrete,/Users/simon/Documents/Simon-OB/本体论/base/半导体/SEMI_WFF_2026_1Q.xlsx,Silanna (was Sapphicon),,,Silanna (was Sapphicon) - Fab 2 (upgrade of Fab 1),3579,Company Detail,file:///Users/simon/Documents/Simon-OB/%E6%9C%AC%E4%BD%93%E8%AE%BA/base/%E5%8D%8A%E5%AF%BC%E4%BD%93/SEMI_WFF_2026_1Q.xlsx
Silex Microsystems AB - Fab 3 (Beijing) project capital expenditure (SEMI WFF),,资本开支,SEMI WFF 工厂级资本开支观测。,319.5,USD million,project,project_total_cost,中国,MEMS,/Users/simon/Documents/Simon-OB/本体论/base/半导体/SEMI_WFF_2026_1Q.xlsx,Silex Microsystems AB,,,Silex Microsystems AB - Fab 3 (Beijing),3818,Project Spending,file:///Users/simon/Documents/Simon-OB/%E6%9C%AC%E4%BD%93%E8%AE%BA/base/%E5%8D%8A%E5%AF%BC%E4%BD%93/SEMI_WFF_2026_1Q.xlsx
"Silex Microsystems AB - Fab 1&2 (was Fab 2, Jarfalla 8-inch MEMS) project capital expenditure (SEMI WFF)",,资本开支,SEMI WFF 工厂级资本开支观测。,33,USD million,project,project_total_cost,Europe & Mideast,MEMS,/Users/simon/Documents/Simon-OB/本体论/base/半导体/SEMI_WFF_2026_1Q.xlsx,Silex Microsystems AB,,,"Silex Microsystems AB - Fab 1&2 (was Fab 2, Jarfalla 8-inch MEMS)",3140,Company Detail,file:///Users/simon/Documents/Simon-OB/%E6%9C%AC%E4%BD%93%E8%AE%BA/base/%E5%8D%8A%E5%AF%BC%E4%BD%93/SEMI_WFF_2026_1Q.xlsx
Silicon Sensing - Silicon Sensing Systems Japan project capital expenditure (SEMI WFF),,资本开支,SEMI WFF 工厂级资本开支观测。,15,USD million,project,project_total_cost,日本,MEMS,/Users/simon/Documents/Simon-OB/本体论/base/半导体/SEMI_WFF_2026_1Q.xlsx,Silicon Sensing,,,Silicon Sensing - Silicon Sensing Systems Japan,4948,Company Detail,file:///Users/simon/Documents/Simon-OB/%E6%9C%AC%E4%BD%93%E8%AE%BA/base/%E5%8D%8A%E5%AF%BC%E4%BD%93/SEMI_WFF_2026_1Q.xlsx
SilTerra Malaysia Sdn. Bhd. - Fab 1 project capital expenditure (SEMI WFF),,资本开支,SEMI WFF 工厂级资本开支观测。,87,USD million,project,project_total_cost,SE Asia,Discrete,/Users/simon/Documents/Simon-OB/本体论/base/半导体/SEMI_WFF_2026_1Q.xlsx,SilTerra Malaysia Sdn. Bhd.,,,SilTerra Malaysia Sdn. Bhd. - Fab 1,1521,Project Spending,file:///Users/simon/Documents/Simon-OB/%E6%9C%AC%E4%BD%93%E8%AE%BA/base/%E5%8D%8A%E5%AF%BC%E4%BD%93/SEMI_WFF_2026_1Q.xlsx
Sino Nitride Semiconductor - Dongguan and HQ fab project capital expenditure (SEMI WFF),,资本开支,SEMI WFF 工厂级资本开支观测。,6,USD million,project,project_total_cost,中国,EPI,/Users/simon/Documents/Simon-OB/本体论/base/半导体/SEMI_WFF_2026_1Q.xlsx,Sino Nitride Semiconductor,,,Sino Nitride Semiconductor - Dongguan and HQ fab,6153,Company Detail,file:///Users/simon/Documents/Simon-OB/%E6%9C%AC%E4%BD%93%E8%AE%BA/base/%E5%8D%8A%E5%AF%BC%E4%BD%93/SEMI_WFF_2026_1Q.xlsx
Sino-Semiconductor - Zhuhai Fab project capital expenditure (SEMI WFF),,资本开支,SEMI WFF 工厂级资本开支观测。,350,USD million,project,project_total_cost,中国,Opto,/Users/simon/Documents/Simon-OB/本体论/base/半导体/SEMI_WFF_2026_1Q.xlsx,Sino-Semiconductor,,,Sino-Semiconductor - Zhuhai Fab,6531,Project Spending,file:///Users/simon/Documents/Simon-OB/%E6%9C%AC%E4%BD%93%E8%AE%BA/base/%E5%8D%8A%E5%AF%BC%E4%BD%93/SEMI_WFF_2026_1Q.xlsx
Sino-Semiconductor - Taizhou fab project capital expenditure (SEMI WFF),,资本开支,SEMI WFF 工厂级资本开支观测。,18,USD million,project,project_total_cost,中国,Opto,/Users/simon/Documents/Simon-OB/本体论/base/半导体/SEMI_WFF_2026_1Q.xlsx,Sino-Semiconductor,,,Sino-Semiconductor - Taizhou fab,5039,Company Detail,file:///Users/simon/Documents/Simon-OB/%E6%9C%AC%E4%BD%93%E8%AE%BA/base/%E5%8D%8A%E5%AF%BC%E4%BD%93/SEMI_WFF_2026_1Q.xlsx
SINTEF - NiNaLab project capital expenditure (SEMI WFF),,资本开支,SEMI WFF 工厂级资本开支观测。,15,USD million,project,project_total_cost,Europe & Mideast,Other,/Users/simon/Documents/Simon-OB/本体论/base/半导体/SEMI_WFF_2026_1Q.xlsx,SINTEF,,,SINTEF - NiNaLab,3142,Company Detail,file:///Users/simon/Documents/Simon-OB/%E6%9C%AC%E4%BD%93%E8%AE%BA/base/%E5%8D%8A%E5%AF%BC%E4%BD%93/SEMI_WFF_2026_1Q.xlsx
SITAR (Bangalore & Hyderabad) - GAETEC - GaAs Foundry project capital expenditure (SEMI WFF),,资本开支,SEMI WFF 工厂级资本开支观测。,30,USD million,project,project_total_cost,SE Asia,Other,/Users/simon/Documents/Simon-OB/本体论/base/半导体/SEMI_WFF_2026_1Q.xlsx,SITAR (Bangalore & Hyderabad),,,SITAR (Bangalore & Hyderabad) - GAETEC - GaAs Foundry,2427,Company Detail,file:///Users/simon/Documents/Simon-OB/%E6%9C%AC%E4%BD%93%E8%AE%BA/base/%E5%8D%8A%E5%AF%BC%E4%BD%93/SEMI_WFF_2026_1Q.xlsx
SITAR (Bangalore & Hyderabad) - STARC (MEMS was ASIC) project capital expenditure (SEMI WFF),,资本开支,SEMI WFF 工厂级资本开支观测。,3,USD million,project,project_total_cost,SE Asia,MEMS,/Users/simon/Documents/Simon-OB/本体论/base/半导体/SEMI_WFF_2026_1Q.xlsx,SITAR (Bangalore & Hyderabad),,,SITAR (Bangalore & Hyderabad) - STARC (MEMS was ASIC),2170,Company Detail,file:///Users/simon/Documents/Simon-OB/%E6%9C%AC%E4%BD%93%E8%AE%BA/base/%E5%8D%8A%E5%AF%BC%E4%BD%93/SEMI_WFF_2026_1Q.xlsx
SK Hynix - M14 Phase 2 (DRAM support) project capital expenditure (SEMI WFF),,资本开支,SEMI WFF 工厂级资本开支观测。,550,USD million,project,project_total_cost,韩国,Memory,/Users/simon/Documents/Simon-OB/本体论/base/半导体/SEMI_WFF_2026_1Q.xlsx,SK Hynix,,,SK Hynix - M14 Phase 2 (DRAM support),6443,Project Spending,file:///Users/simon/Documents/Simon-OB/%E6%9C%AC%E4%BD%93%E8%AE%BA/base/%E5%8D%8A%E5%AF%BC%E4%BD%93/SEMI_WFF_2026_1Q.xlsx
SK Hynix - Solidigm Fab 3 (New Fab) project capital expenditure (SEMI WFF),,资本开支,SEMI WFF 工厂级资本开支观测。,8120,USD million,project,project_total_cost,中国,Memory,/Users/simon/Documents/Simon-OB/本体论/base/半导体/SEMI_WFF_2026_1Q.xlsx,SK Hynix,,,SK Hynix - Solidigm Fab 3 (New Fab),6363,Company Detail,file:///Users/simon/Documents/Simon-OB/%E6%9C%AC%E4%BD%93%E8%AE%BA/base/%E5%8D%8A%E5%AF%BC%E4%BD%93/SEMI_WFF_2026_1Q.xlsx
SK Hynix - Y1 DRAM was M17 (phase 2) project capital expenditure (SEMI WFF),,资本开支,SEMI WFF 工厂级资本开支观测。,28660,USD million,project,project_total_cost,韩国,Memory,/Users/simon/Documents/Simon-OB/本体论/base/半导体/SEMI_WFF_2026_1Q.xlsx,SK Hynix,,,SK Hynix - Y1 DRAM was M17 (phase 2),5114,Project Spending,file:///Users/simon/Documents/Simon-OB/%E6%9C%AC%E4%BD%93%E8%AE%BA/base/%E5%8D%8A%E5%AF%BC%E4%BD%93/SEMI_WFF_2026_1Q.xlsx
SK Hynix - M16 (EUV) project capital expenditure (SEMI WFF),,资本开支,SEMI WFF 工厂级资本开支观测。,4100,USD million,project,project_total_cost,韩国,Memory,/Users/simon/Documents/Simon-OB/本体论/base/半导体/SEMI_WFF_2026_1Q.xlsx,SK Hynix,,,SK Hynix - M16 (EUV),6656,Project Spending,file:///Users/simon/Documents/Simon-OB/%E6%9C%AC%E4%BD%93%E8%AE%BA/base/%E5%8D%8A%E5%AF%BC%E4%BD%93/SEMI_WFF_2026_1Q.xlsx
SK Hynix - M14 Phase 2 (3D NAND) project capital expenditure (SEMI WFF),,资本开支,SEMI WFF 工厂级资本开支观测。,5175,USD million,project,project_total_cost,韩国,Memory,/Users/simon/Documents/Simon-OB/本体论/base/半导体/SEMI_WFF_2026_1Q.xlsx,SK Hynix,,,SK Hynix - M14 Phase 2 (3D NAND),3823,Company Detail,file:///Users/simon/Documents/Simon-OB/%E6%9C%AC%E4%BD%93%E8%AE%BA/base/%E5%8D%8A%E5%AF%BC%E4%BD%93/SEMI_WFF_2026_1Q.xlsx
SK Hynix - Y1 3D NAND was M17 (phase 1) project capital expenditure (SEMI WFF),,资本开支,SEMI WFF 工厂级资本开支观测。,22160,USD million,project,project_total_cost,韩国,Memory,/Users/simon/Documents/Simon-OB/本体论/base/半导体/SEMI_WFF_2026_1Q.xlsx,SK Hynix,,,SK Hynix - Y1 3D NAND was M17 (phase 1),5089,Project Spending,file:///Users/simon/Documents/Simon-OB/%E6%9C%AC%E4%BD%93%E8%AE%BA/base/%E5%8D%8A%E5%AF%BC%E4%BD%93/SEMI_WFF_2026_1Q.xlsx
SK Hynix - Y2 DRAM project capital expenditure (SEMI WFF),,资本开支,SEMI WFF 工厂级资本开支观测。,31095,USD million,project,project_total_cost,韩国,Memory,/Users/simon/Documents/Simon-OB/本体论/base/半导体/SEMI_WFF_2026_1Q.xlsx,SK Hynix,,,SK Hynix - Y2 DRAM,5090,Company Detail,file:///Users/simon/Documents/Simon-OB/%E6%9C%AC%E4%BD%93%E8%AE%BA/base/%E5%8D%8A%E5%AF%BC%E4%BD%93/SEMI_WFF_2026_1Q.xlsx
SK Hynix - Y2 3D NAND project capital expenditure (SEMI WFF),,资本开支,SEMI WFF 工厂级资本开支观测。,24700,USD million,project,project_total_cost,韩国,Memory,/Users/simon/Documents/Simon-OB/本体论/base/半导体/SEMI_WFF_2026_1Q.xlsx,SK Hynix,,,SK Hynix - Y2 3D NAND,5091,Company Detail,file:///Users/simon/Documents/Simon-OB/%E6%9C%AC%E4%BD%93%E8%AE%BA/base/%E5%8D%8A%E5%AF%BC%E4%BD%93/SEMI_WFF_2026_1Q.xlsx
SK Hynix - Y3 P1+P2 project capital expenditure (SEMI WFF),,资本开支,SEMI WFF 工厂级资本开支观测。,55600,USD million,project,project_total_cost,韩国,Memory,/Users/simon/Documents/Simon-OB/本体论/base/半导体/SEMI_WFF_2026_1Q.xlsx,SK Hynix,,,SK Hynix - Y3 P1+P2,5092,Company Detail,file:///Users/simon/Documents/Simon-OB/%E6%9C%AC%E4%BD%93%E8%AE%BA/base/%E5%8D%8A%E5%AF%BC%E4%BD%93/SEMI_WFF_2026_1Q.xlsx
SK Hynix - Y4 P1+P2 project capital expenditure (SEMI WFF),,资本开支,SEMI WFF 工厂级资本开支观测。,61200,USD million,project,project_total_cost,韩国,Memory,/Users/simon/Documents/Simon-OB/本体论/base/半导体/SEMI_WFF_2026_1Q.xlsx,SK Hynix,,,SK Hynix - Y4 P1+P2,5093,Company Detail,file:///Users/simon/Documents/Simon-OB/%E6%9C%AC%E4%BD%93%E8%AE%BA/base/%E5%8D%8A%E5%AF%BC%E4%BD%93/SEMI_WFF_2026_1Q.xlsx
SK Hynix - M11+M12 (2D NAND) CF project capital expenditure (SEMI WFF),,资本开支,SEMI WFF 工厂级资本开支观测。,1700,USD million,project,project_total_cost,韩国,Memory,/Users/simon/Documents/Simon-OB/本体论/base/半导体/SEMI_WFF_2026_1Q.xlsx,SK Hynix,,,SK Hynix - M11+M12 (2D NAND) CF,2394,Company Detail,file:///Users/simon/Documents/Simon-OB/%E6%9C%AC%E4%BD%93%E8%AE%BA/base/%E5%8D%8A%E5%AF%BC%E4%BD%93/SEMI_WFF_2026_1Q.xlsx
SK Siltron - Gumi Plant 3 (Head Office) project capital expenditure (SEMI WFF),,资本开支,SEMI WFF 工厂级资本开支观测。,28,USD million,project,project_total_cost,韩国,EPI,/Users/simon/Documents/Simon-OB/本体论/base/半导体/SEMI_WFF_2026_1Q.xlsx,SK Siltron,,,SK Siltron - Gumi Plant 3 (Head Office),6210,Company Detail,file:///Users/simon/Documents/Simon-OB/%E6%9C%AC%E4%BD%93%E8%AE%BA/base/%E5%8D%8A%E5%AF%BC%E4%BD%93/SEMI_WFF_2026_1Q.xlsx
"Skorpios - Austin Fab (was Novati, was ATDF) project capital expenditure (SEMI WFF)",,资本开支,SEMI WFF 工厂级资本开支观测。,75,USD million,project,project_total_cost,美洲,MEMS,/Users/simon/Documents/Simon-OB/本体论/base/半导体/SEMI_WFF_2026_1Q.xlsx,Skorpios,,,"Skorpios - Austin Fab (was Novati, was ATDF)",900,Company Detail,file:///Users/simon/Documents/Simon-OB/%E6%9C%AC%E4%BD%93%E8%AE%BA/base/%E5%8D%8A%E5%AF%BC%E4%BD%93/SEMI_WFF_2026_1Q.xlsx
Skyworks Solutions Inc. - Kadoma fab 4-inch line project capital expenditure (SEMI WFF),,资本开支,SEMI WFF 工厂级资本开支观测。,12,USD million,project,project_total_cost,日本,MEMS,/Users/simon/Documents/Simon-OB/本体论/base/半导体/SEMI_WFF_2026_1Q.xlsx,Skyworks Solutions Inc.,,,Skyworks Solutions Inc. - Kadoma fab 4-inch line,6196,Company Detail,file:///Users/simon/Documents/Simon-OB/%E6%9C%AC%E4%BD%93%E8%AE%BA/base/%E5%8D%8A%E5%AF%BC%E4%BD%93/SEMI_WFF_2026_1Q.xlsx
Skyworks Solutions Inc. - Osaka fab 6-inch line project capital expenditure (SEMI WFF),,资本开支,SEMI WFF 工厂级资本开支观测。,38,USD million,project,project_total_cost,日本,MEMS,/Users/simon/Documents/Simon-OB/本体论/base/半导体/SEMI_WFF_2026_1Q.xlsx,Skyworks Solutions Inc.,,,Skyworks Solutions Inc. - Osaka fab 6-inch line,6197,Company Detail,file:///Users/simon/Documents/Simon-OB/%E6%9C%AC%E4%BD%93%E8%AE%BA/base/%E5%8D%8A%E5%AF%BC%E4%BD%93/SEMI_WFF_2026_1Q.xlsx
Skyworks Solutions Inc. - Osaka fab 8-inch line project capital expenditure (SEMI WFF),,资本开支,SEMI WFF 工厂级资本开支观测。,35,USD million,project,project_total_cost,日本,MEMS,/Users/simon/Documents/Simon-OB/本体论/base/半导体/SEMI_WFF_2026_1Q.xlsx,Skyworks Solutions Inc.,,,Skyworks Solutions Inc. - Osaka fab 8-inch line,6200,Company Detail,file:///Users/simon/Documents/Simon-OB/%E6%9C%AC%E4%BD%93%E8%AE%BA/base/%E5%8D%8A%E5%AF%BC%E4%BD%93/SEMI_WFF_2026_1Q.xlsx
Skyworks Solutions Inc. - Newbury Park (GaAs) project capital expenditure (SEMI WFF),,资本开支,SEMI WFF 工厂级资本开支观测。,23,USD million,project,project_total_cost,美洲,Discrete,/Users/simon/Documents/Simon-OB/本体论/base/半导体/SEMI_WFF_2026_1Q.xlsx,Skyworks Solutions Inc.,,,Skyworks Solutions Inc. - Newbury Park (GaAs),838,Project Spending,file:///Users/simon/Documents/Simon-OB/%E6%9C%AC%E4%BD%93%E8%AE%BA/base/%E5%8D%8A%E5%AF%BC%E4%BD%93/SEMI_WFF_2026_1Q.xlsx
Skyworks Solutions Inc. - Woburn fab phase 2 Expansion 6-inch project capital expenditure (SEMI WFF),,资本开支,SEMI WFF 工厂级资本开支观测。,30,USD million,project,project_total_cost,美洲,Discrete,/Users/simon/Documents/Simon-OB/本体论/base/半导体/SEMI_WFF_2026_1Q.xlsx,Skyworks Solutions Inc.,,,Skyworks Solutions Inc. - Woburn fab phase 2 Expansion 6-inch,1724,Company Detail,file:///Users/simon/Documents/Simon-OB/%E6%9C%AC%E4%BD%93%E8%AE%BA/base/%E5%8D%8A%E5%AF%BC%E4%BD%93/SEMI_WFF_2026_1Q.xlsx
Skyworks Solutions Inc. - Woburn fab 6-inch project capital expenditure (SEMI WFF),,资本开支,SEMI WFF 工厂级资本开支观测。,24,USD million,project,project_total_cost,美洲,Discrete,/Users/simon/Documents/Simon-OB/本体论/base/半导体/SEMI_WFF_2026_1Q.xlsx,Skyworks Solutions Inc.,,,Skyworks Solutions Inc. - Woburn fab 6-inch,15,Company Detail,file:///Users/simon/Documents/Simon-OB/%E6%9C%AC%E4%BD%93%E8%AE%BA/base/%E5%8D%8A%E5%AF%BC%E4%BD%93/SEMI_WFF_2026_1Q.xlsx
SMIC - MegaFab (Fab 3 B-C) project capital expenditure (SEMI WFF),,资本开支,SEMI WFF 工厂级资本开支观测。,300,USD million,project,project_total_cost,中国,Other,/Users/simon/Documents/Simon-OB/本体论/base/半导体/SEMI_WFF_2026_1Q.xlsx,SMIC,,,SMIC - MegaFab (Fab 3 B-C),2053,Company Detail,file:///Users/simon/Documents/Simon-OB/%E6%9C%AC%E4%BD%93%E8%AE%BA/base/%E5%8D%8A%E5%AF%BC%E4%BD%93/SEMI_WFF_2026_1Q.xlsx
SMIC - MegaFab Fab 6 project capital expenditure (SEMI WFF),,资本开支,SEMI WFF 工厂级资本开支观测。,190,USD million,project,project_total_cost,中国,Other,/Users/simon/Documents/Simon-OB/本体论/base/半导体/SEMI_WFF_2026_1Q.xlsx,SMIC,,,SMIC - MegaFab Fab 6,1976,Company Detail,file:///Users/simon/Documents/Simon-OB/%E6%9C%AC%E4%BD%93%E8%AE%BA/base/%E5%8D%8A%E5%AF%BC%E4%BD%93/SEMI_WFF_2026_1Q.xlsx
SMIC - Fab 9 Phase 2 (Lingang P2) project capital expenditure (SEMI WFF),,资本开支,SEMI WFF 工厂级资本开支观测。,6720,USD million,project,project_total_cost,中国,Logic&Micro,/Users/simon/Documents/Simon-OB/本体论/base/半导体/SEMI_WFF_2026_1Q.xlsx,SMIC,,,SMIC - Fab 9 Phase 2 (Lingang P2),6255,Project Spending,file:///Users/simon/Documents/Simon-OB/%E6%9C%AC%E4%BD%93%E8%AE%BA/base/%E5%8D%8A%E5%AF%BC%E4%BD%93/SEMI_WFF_2026_1Q.xlsx
SMIC - Fab 10 Phase 1 (SMTC P1) project capital expenditure (SEMI WFF),,资本开支,SEMI WFF 工厂级资本开支观测。,6775,USD million,project,project_total_cost,中国,Analog,/Users/simon/Documents/Simon-OB/本体论/base/半导体/SEMI_WFF_2026_1Q.xlsx,SMIC,,,SMIC - Fab 10 Phase 1 (SMTC P1),6384,Project Spending,file:///Users/simon/Documents/Simon-OB/%E6%9C%AC%E4%BD%93%E8%AE%BA/base/%E5%8D%8A%E5%AF%BC%E4%BD%93/SEMI_WFF_2026_1Q.xlsx
SMIC - Fab 9 Phase 3 (Lingang P3) project capital expenditure (SEMI WFF),,资本开支,SEMI WFF 工厂级资本开支观测。,6990,USD million,project,project_total_cost,中国,Logic&Micro,/Users/simon/Documents/Simon-OB/本体论/base/半导体/SEMI_WFF_2026_1Q.xlsx,SMIC,,,SMIC - Fab 9 Phase 3 (Lingang P3),6516,Project Spending,file:///Users/simon/Documents/Simon-OB/%E6%9C%AC%E4%BD%93%E8%AE%BA/base/%E5%8D%8A%E5%AF%BC%E4%BD%93/SEMI_WFF_2026_1Q.xlsx
SMIC - Fab 9 Phase 4 (Lingang P4) project capital expenditure (SEMI WFF),,资本开支,SEMI WFF 工厂级资本开支观测。,6930,USD million,project,project_total_cost,中国,Logic&Micro,/Users/simon/Documents/Simon-OB/本体论/base/半导体/SEMI_WFF_2026_1Q.xlsx,SMIC,,,SMIC - Fab 9 Phase 4 (Lingang P4),6517,Company Detail,file:///Users/simon/Documents/Simon-OB/%E6%9C%AC%E4%BD%93%E8%AE%BA/base/%E5%8D%8A%E5%AF%BC%E4%BD%93/SEMI_WFF_2026_1Q.xlsx
SMIC - Fab 3 Phase 3 (SMBC P3) project capital expenditure (SEMI WFF),,资本开支,SEMI WFF 工厂级资本开支观测。,6869,USD million,project,project_total_cost,中国,Logic&Micro,/Users/simon/Documents/Simon-OB/本体论/base/半导体/SEMI_WFF_2026_1Q.xlsx,SMIC,,,SMIC - Fab 3 Phase 3 (SMBC P3),6518,Project Spending,file:///Users/simon/Documents/Simon-OB/%E6%9C%AC%E4%BD%93%E8%AE%BA/base/%E5%8D%8A%E5%AF%BC%E4%BD%93/SEMI_WFF_2026_1Q.xlsx
SMIC - Fab 3 Phase 4 (SMBC P4) project capital expenditure (SEMI WFF),,资本开支,SEMI WFF 工厂级资本开支观测。,6825,USD million,project,project_total_cost,中国,Logic&Micro,/Users/simon/Documents/Simon-OB/本体论/base/半导体/SEMI_WFF_2026_1Q.xlsx,SMIC,,,SMIC - Fab 3 Phase 4 (SMBC P4),6519,Company Detail,file:///Users/simon/Documents/Simon-OB/%E6%9C%AC%E4%BD%93%E8%AE%BA/base/%E5%8D%8A%E5%AF%BC%E4%BD%93/SEMI_WFF_2026_1Q.xlsx
SMIC - Fab 3 Phase 2 (SMBC P2) project capital expenditure (SEMI WFF),,资本开支,SEMI WFF 工厂级资本开支观测。,6600,USD million,project,project_total_cost,中国,Logic&Micro,/Users/simon/Documents/Simon-OB/本体论/base/半导体/SEMI_WFF_2026_1Q.xlsx,SMIC,,,SMIC - Fab 3 Phase 2 (SMBC P2),6490,Project Spending,file:///Users/simon/Documents/Simon-OB/%E6%9C%AC%E4%BD%93%E8%AE%BA/base/%E5%8D%8A%E5%AF%BC%E4%BD%93/SEMI_WFF_2026_1Q.xlsx
SMIC - Fab 10 Phase 2 (SMTC P2) project capital expenditure (SEMI WFF),,资本开支,SEMI WFF 工厂级资本开支观测。,6450,USD million,project,project_total_cost,中国,Analog,/Users/simon/Documents/Simon-OB/本体论/base/半导体/SEMI_WFF_2026_1Q.xlsx,SMIC,,,SMIC - Fab 10 Phase 2 (SMTC P2),6491,Project Spending,file:///Users/simon/Documents/Simon-OB/%E6%9C%AC%E4%BD%93%E8%AE%BA/base/%E5%8D%8A%E5%AF%BC%E4%BD%93/SEMI_WFF_2026_1Q.xlsx
SOITEC Silicon On Insulator Technologies - Pasir Ris Extension project capital expenditure (SEMI WFF),,资本开支,SEMI WFF 工厂级资本开支观测。,710,USD million,project,project_total_cost,SE Asia,EPI,/Users/simon/Documents/Simon-OB/本体论/base/半导体/SEMI_WFF_2026_1Q.xlsx,SOITEC Silicon On Insulator Technologies,,,SOITEC Silicon On Insulator Technologies - Pasir Ris Extension,6382,Project Spending,file:///Users/simon/Documents/Simon-OB/%E6%9C%AC%E4%BD%93%E8%AE%BA/base/%E5%8D%8A%E5%AF%BC%E4%BD%93/SEMI_WFF_2026_1Q.xlsx
SOITEC Silicon On Insulator Technologies - Bernin 3 - 200mm Pilot project capital expenditure (SEMI WFF),,资本开支,SEMI WFF 工厂级资本开支观测。,30,USD million,project,project_total_cost,Europe & Mideast,EPI,/Users/simon/Documents/Simon-OB/本体论/base/半导体/SEMI_WFF_2026_1Q.xlsx,SOITEC Silicon On Insulator Technologies,,,SOITEC Silicon On Insulator Technologies - Bernin 3 - 200mm Pilot,6249,Company Detail,file:///Users/simon/Documents/Simon-OB/%E6%9C%AC%E4%BD%93%E8%AE%BA/base/%E5%8D%8A%E5%AF%BC%E4%BD%93/SEMI_WFF_2026_1Q.xlsx
SOITEC Silicon On Insulator Technologies - Bernin 1 project capital expenditure (SEMI WFF),,资本开支,SEMI WFF 工厂级资本开支观测。,7.05000000000001,USD million,project,project_total_cost,Europe & Mideast,EPI,/Users/simon/Documents/Simon-OB/本体论/base/半导体/SEMI_WFF_2026_1Q.xlsx,SOITEC Silicon On Insulator Technologies,,,SOITEC Silicon On Insulator Technologies - Bernin 1,2361,Project Spending,file:///Users/simon/Documents/Simon-OB/%E6%9C%AC%E4%BD%93%E8%AE%BA/base/%E5%8D%8A%E5%AF%BC%E4%BD%93/SEMI_WFF_2026_1Q.xlsx
SOITEC Silicon On Insulator Technologies - Belgium - Hasselt fab (former EPIGaN) project capital expenditure (SEMI WFF),,资本开支,SEMI WFF 工厂级资本开支观测。,30,USD million,project,project_total_cost,Europe & Mideast,EPI,/Users/simon/Documents/Simon-OB/本体论/base/半导体/SEMI_WFF_2026_1Q.xlsx,SOITEC Silicon On Insulator Technologies,,,SOITEC Silicon On Insulator Technologies - Belgium - Hasselt fab (former EPIGaN),3510,Company Detail,file:///Users/simon/Documents/Simon-OB/%E6%9C%AC%E4%BD%93%E8%AE%BA/base/%E5%8D%8A%E5%AF%BC%E4%BD%93/SEMI_WFF_2026_1Q.xlsx
SOITEC Silicon On Insulator Technologies - Pasir Ris (was Fab 3) project capital expenditure (SEMI WFF),,资本开支,SEMI WFF 工厂级资本开支观测。,11.5,USD million,project,project_total_cost,SE Asia,EPI,/Users/simon/Documents/Simon-OB/本体论/base/半导体/SEMI_WFF_2026_1Q.xlsx,SOITEC Silicon On Insulator Technologies,,,SOITEC Silicon On Insulator Technologies - Pasir Ris (was Fab 3),2363,Project Spending,file:///Users/simon/Documents/Simon-OB/%E6%9C%AC%E4%BD%93%E8%AE%BA/base/%E5%8D%8A%E5%AF%BC%E4%BD%93/SEMI_WFF_2026_1Q.xlsx
SOITEC Silicon On Insulator Technologies - Simgui (fab owned by Shanghai Simgui Technology Co) project capital expenditure (SEMI WFF),,资本开支,SEMI WFF 工厂级资本开支观测。,1.75,USD million,project,project_total_cost,中国,EPI,/Users/simon/Documents/Simon-OB/本体论/base/半导体/SEMI_WFF_2026_1Q.xlsx,SOITEC Silicon On Insulator Technologies,,,SOITEC Silicon On Insulator Technologies - Simgui (fab owned by Shanghai Simgui Technology Co),4986,Project Spending,file:///Users/simon/Documents/Simon-OB/%E6%9C%AC%E4%BD%93%E8%AE%BA/base/%E5%8D%8A%E5%AF%BC%E4%BD%93/SEMI_WFF_2026_1Q.xlsx
Sony - ULSI (Atsugi Technology Center) project capital expenditure (SEMI WFF),,资本开支,SEMI WFF 工厂级资本开支观测。,225,USD million,project,project_total_cost,日本,Other,/Users/simon/Documents/Simon-OB/本体论/base/半导体/SEMI_WFF_2026_1Q.xlsx,Sony,,,Sony - ULSI (Atsugi Technology Center),996,Company Detail,file:///Users/simon/Documents/Simon-OB/%E6%9C%AC%E4%BD%93%E8%AE%BA/base/%E5%8D%8A%E5%AF%BC%E4%BD%93/SEMI_WFF_2026_1Q.xlsx
Sony - Building #6-4F project capital expenditure (SEMI WFF),,资本开支,SEMI WFF 工厂级资本开支观测。,51,USD million,project,project_total_cost,日本,Logic&Micro,/Users/simon/Documents/Simon-OB/本体论/base/半导体/SEMI_WFF_2026_1Q.xlsx,Sony,,,Sony - Building #6-4F,1002,Project Spending,file:///Users/simon/Documents/Simon-OB/%E6%9C%AC%E4%BD%93%E8%AE%BA/base/%E5%8D%8A%E5%AF%BC%E4%BD%93/SEMI_WFF_2026_1Q.xlsx
Sony - Building #6-2F project capital expenditure (SEMI WFF),,资本开支,SEMI WFF 工厂级资本开支观测。,51,USD million,project,project_total_cost,日本,Logic&Micro,/Users/simon/Documents/Simon-OB/本体论/base/半导体/SEMI_WFF_2026_1Q.xlsx,Sony,,,Sony - Building #6-2F,1396,Project Spending,file:///Users/simon/Documents/Simon-OB/%E6%9C%AC%E4%BD%93%E8%AE%BA/base/%E5%8D%8A%E5%AF%BC%E4%BD%93/SEMI_WFF_2026_1Q.xlsx
Sony - Building #7 project capital expenditure (SEMI WFF),,资本开支,SEMI WFF 工厂级资本开支观测。,32.25,USD million,project,project_total_cost,日本,Opto,/Users/simon/Documents/Simon-OB/本体论/base/半导体/SEMI_WFF_2026_1Q.xlsx,Sony,,,Sony - Building #7,2144,Project Spending,file:///Users/simon/Documents/Simon-OB/%E6%9C%AC%E4%BD%93%E8%AE%BA/base/%E5%8D%8A%E5%AF%BC%E4%BD%93/SEMI_WFF_2026_1Q.xlsx
Sony - Kumamoto Koshi New Fab project capital expenditure (SEMI WFF),,资本开支,SEMI WFF 工厂级资本开支观测。,6900,USD million,project,project_total_cost,日本,Opto,/Users/simon/Documents/Simon-OB/本体论/base/半导体/SEMI_WFF_2026_1Q.xlsx,Sony,,,Sony - Kumamoto Koshi New Fab,6470,Project Spending,file:///Users/simon/Documents/Simon-OB/%E6%9C%AC%E4%BD%93%E8%AE%BA/base/%E5%8D%8A%E5%AF%BC%E4%BD%93/SEMI_WFF_2026_1Q.xlsx
Soraa Inc. - Fremont fab project capital expenditure (SEMI WFF),,资本开支,SEMI WFF 工厂级资本开支观测。,15,USD million,project,project_total_cost,美洲,Opto,/Users/simon/Documents/Simon-OB/本体论/base/半导体/SEMI_WFF_2026_1Q.xlsx,Soraa Inc.,,,Soraa Inc. - Fremont fab,3393,Company Detail,file:///Users/simon/Documents/Simon-OB/%E6%9C%AC%E4%BD%93%E8%AE%BA/base/%E5%8D%8A%E5%AF%BC%E4%BD%93/SEMI_WFF_2026_1Q.xlsx
SRI International - SRI - Menlo Park project capital expenditure (SEMI WFF),,资本开支,SEMI WFF 工厂级资本开支观测。,50,USD million,project,project_total_cost,美洲,MEMS,/Users/simon/Documents/Simon-OB/本体论/base/半导体/SEMI_WFF_2026_1Q.xlsx,SRI International,,,SRI International - SRI - Menlo Park,2110,Company Detail,file:///Users/simon/Documents/Simon-OB/%E6%9C%AC%E4%BD%93%E8%AE%BA/base/%E5%8D%8A%E5%AF%BC%E4%BD%93/SEMI_WFF_2026_1Q.xlsx
SRI International - SRI - St Petersburg project capital expenditure (SEMI WFF),,资本开支,SEMI WFF 工厂级资本开支观测。,20,USD million,project,project_total_cost,美洲,MEMS,/Users/simon/Documents/Simon-OB/本体论/base/半导体/SEMI_WFF_2026_1Q.xlsx,SRI International,,,SRI International - SRI - St Petersburg,3522,Company Detail,file:///Users/simon/Documents/Simon-OB/%E6%9C%AC%E4%BD%93%E8%AE%BA/base/%E5%8D%8A%E5%AF%BC%E4%BD%93/SEMI_WFF_2026_1Q.xlsx
SRISA (Russian Academy of Sciences) - N/A project capital expenditure (SEMI WFF),,资本开支,SEMI WFF 工厂级资本开支观测。,40,USD million,project,project_total_cost,Europe & Mideast,Analog,/Users/simon/Documents/Simon-OB/本体论/base/半导体/SEMI_WFF_2026_1Q.xlsx,SRISA (Russian Academy of Sciences),,,SRISA (Russian Academy of Sciences) - N/A,1716,Company Detail,file:///Users/simon/Documents/Simon-OB/%E6%9C%AC%E4%BD%93%E8%AE%BA/base/%E5%8D%8A%E5%AF%BC%E4%BD%93/SEMI_WFF_2026_1Q.xlsx
Stanley Electric - Tsuruoka Works project capital expenditure (SEMI WFF),,资本开支,SEMI WFF 工厂级资本开支观测。,15,USD million,project,project_total_cost,日本,Opto,/Users/simon/Documents/Simon-OB/本体论/base/半导体/SEMI_WFF_2026_1Q.xlsx,Stanley Electric,,,Stanley Electric - Tsuruoka Works,1027,Company Detail,file:///Users/simon/Documents/Simon-OB/%E6%9C%AC%E4%BD%93%E8%AE%BA/base/%E5%8D%8A%E5%AF%BC%E4%BD%93/SEMI_WFF_2026_1Q.xlsx
Stark Semiconductor - Micro LED fab project capital expenditure (SEMI WFF),,资本开支,SEMI WFF 工厂级资本开支观测。,60,USD million,project,project_total_cost,中国,Opto,/Users/simon/Documents/Simon-OB/本体论/base/半导体/SEMI_WFF_2026_1Q.xlsx,Stark Semiconductor,,,Stark Semiconductor - Micro LED fab,6665,Project Spending,file:///Users/simon/Documents/Simon-OB/%E6%9C%AC%E4%BD%93%E8%AE%BA/base/%E5%8D%8A%E5%AF%BC%E4%BD%93/SEMI_WFF_2026_1Q.xlsx
STMicroelectronics - Fab 1 8-inch fab: SiC Line project capital expenditure (SEMI WFF),,资本开支,SEMI WFF 工厂级资本开支观测。,530,USD million,project,project_total_cost,Europe & Mideast,Discrete,/Users/simon/Documents/Simon-OB/本体论/base/半导体/SEMI_WFF_2026_1Q.xlsx,STMicroelectronics,,,STMicroelectronics - Fab 1 8-inch fab: SiC Line,6673,Project Spending,file:///Users/simon/Documents/Simon-OB/%E6%9C%AC%E4%BD%93%E8%AE%BA/base/%E5%8D%8A%E5%AF%BC%E4%BD%93/SEMI_WFF_2026_1Q.xlsx
STMicroelectronics - SiC Substrate and EPI Fab 150mm Line project capital expenditure (SEMI WFF),,资本开支,SEMI WFF 工厂级资本开支观测。,680,USD million,project,project_total_cost,Europe & Mideast,EPI,/Users/simon/Documents/Simon-OB/本体论/base/半导体/SEMI_WFF_2026_1Q.xlsx,STMicroelectronics,,,STMicroelectronics - SiC Substrate and EPI Fab 150mm Line,6283,Project Spending,file:///Users/simon/Documents/Simon-OB/%E6%9C%AC%E4%BD%93%E8%AE%BA/base/%E5%8D%8A%E5%AF%BC%E4%BD%93/SEMI_WFF_2026_1Q.xlsx
STMicroelectronics - SiC Device Fab (Phase 1+2) project capital expenditure (SEMI WFF),,资本开支,SEMI WFF 工厂级资本开支观测。,2100,USD million,project,project_total_cost,Europe & Mideast,Discrete,/Users/simon/Documents/Simon-OB/本体论/base/半导体/SEMI_WFF_2026_1Q.xlsx,STMicroelectronics,,,STMicroelectronics - SiC Device Fab (Phase 1+2),6280,Project Spending,file:///Users/simon/Documents/Simon-OB/%E6%9C%AC%E4%BD%93%E8%AE%BA/base/%E5%8D%8A%E5%AF%BC%E4%BD%93/SEMI_WFF_2026_1Q.xlsx
STMicroelectronics - SiC Fab (8-inch line) project capital expenditure (SEMI WFF),,资本开支,SEMI WFF 工厂级资本开支观测。,70,USD million,project,project_total_cost,Europe & Mideast,EPI,/Users/simon/Documents/Simon-OB/本体论/base/半导体/SEMI_WFF_2026_1Q.xlsx,STMicroelectronics,,,STMicroelectronics - SiC Fab (8-inch line),6245,Project Spending,file:///Users/simon/Documents/Simon-OB/%E6%9C%AC%E4%BD%93%E8%AE%BA/base/%E5%8D%8A%E5%AF%BC%E4%BD%93/SEMI_WFF_2026_1Q.xlsx
STMicroelectronics - Crolles 1 project capital expenditure (SEMI WFF),,资本开支,SEMI WFF 工厂级资本开支观测。,42,USD million,project,project_total_cost,Europe & Mideast,Logic&Micro,/Users/simon/Documents/Simon-OB/本体论/base/半导体/SEMI_WFF_2026_1Q.xlsx,STMicroelectronics,,,STMicroelectronics - Crolles 1,919,Project Spending,file:///Users/simon/Documents/Simon-OB/%E6%9C%AC%E4%BD%93%E8%AE%BA/base/%E5%8D%8A%E5%AF%BC%E4%BD%93/SEMI_WFF_2026_1Q.xlsx
"STMicroelectronics - AG200 (R2-Power), was Fab 14 with Micron project capital expenditure (SEMI WFF)",,资本开支,SEMI WFF 工厂级资本开支观测。,400,USD million,project,project_total_cost,Europe & Mideast,Discrete,/Users/simon/Documents/Simon-OB/本体论/base/半导体/SEMI_WFF_2026_1Q.xlsx,STMicroelectronics,,,"STMicroelectronics - AG200 (R2-Power), was Fab 14 with Micron",1373,Company Detail,file:///Users/simon/Documents/Simon-OB/%E6%9C%AC%E4%BD%93%E8%AE%BA/base/%E5%8D%8A%E5%AF%BC%E4%BD%93/SEMI_WFF_2026_1Q.xlsx
STMicroelectronics - Fab 2 (M9) expansion project capital expenditure (SEMI WFF),,资本开支,SEMI WFF 工厂级资本开支观测。,27,USD million,project,project_total_cost,Europe & Mideast,Discrete,/Users/simon/Documents/Simon-OB/本体论/base/半导体/SEMI_WFF_2026_1Q.xlsx,STMicroelectronics,,,STMicroelectronics - Fab 2 (M9) expansion,5036,Project Spending,file:///Users/simon/Documents/Simon-OB/%E6%9C%AC%E4%BD%93%E8%AE%BA/base/%E5%8D%8A%E5%AF%BC%E4%BD%93/SEMI_WFF_2026_1Q.xlsx
STMicroelectronics - Crolles 2-ext. mod 5 project capital expenditure (SEMI WFF),,资本开支,SEMI WFF 工厂级资本开支观测。,1300,USD million,project,project_total_cost,Europe & Mideast,Logic&Micro,/Users/simon/Documents/Simon-OB/本体论/base/半导体/SEMI_WFF_2026_1Q.xlsx,STMicroelectronics,,,STMicroelectronics - Crolles 2-ext. mod 5,6188,Project Spending,file:///Users/simon/Documents/Simon-OB/%E6%9C%AC%E4%BD%93%E8%AE%BA/base/%E5%8D%8A%E5%AF%BC%E4%BD%93/SEMI_WFF_2026_1Q.xlsx
STMicroelectronics - Crolles 2-ext. mod 6 project capital expenditure (SEMI WFF),,资本开支,SEMI WFF 工厂级资本开支观测。,1360,USD million,project,project_total_cost,Europe & Mideast,Logic&Micro,/Users/simon/Documents/Simon-OB/本体论/base/半导体/SEMI_WFF_2026_1Q.xlsx,STMicroelectronics,,,STMicroelectronics - Crolles 2-ext. mod 6,6695,Project Spending,file:///Users/simon/Documents/Simon-OB/%E6%9C%AC%E4%BD%93%E8%AE%BA/base/%E5%8D%8A%E5%AF%BC%E4%BD%93/SEMI_WFF_2026_1Q.xlsx
STMicroelectronics - SiC Fab (6-inch line) was Norstel project capital expenditure (SEMI WFF),,资本开支,SEMI WFF 工厂级资本开支观测。,26,USD million,project,project_total_cost,Europe & Mideast,EPI,/Users/simon/Documents/Simon-OB/本体论/base/半导体/SEMI_WFF_2026_1Q.xlsx,STMicroelectronics,,,STMicroelectronics - SiC Fab (6-inch line) was Norstel,2355,Company Detail,file:///Users/simon/Documents/Simon-OB/%E6%9C%AC%E4%BD%93%E8%AE%BA/base/%E5%8D%8A%E5%AF%BC%E4%BD%93/SEMI_WFF_2026_1Q.xlsx
"STMicroelectronics - AG200 (AG8-Logic), was Fab 1 project capital expenditure (SEMI WFF)",,资本开支,SEMI WFF 工厂级资本开支观测。,340,USD million,project,project_total_cost,Europe & Mideast,Discrete,/Users/simon/Documents/Simon-OB/本体论/base/半导体/SEMI_WFF_2026_1Q.xlsx,STMicroelectronics,,,"STMicroelectronics - AG200 (AG8-Logic), was Fab 1",911,Company Detail,file:///Users/simon/Documents/Simon-OB/%E6%9C%AC%E4%BD%93%E8%AE%BA/base/%E5%8D%8A%E5%AF%BC%E4%BD%93/SEMI_WFF_2026_1Q.xlsx
STMicroelectronics - AG300 (R3) ST and Tower JV  (phase 1 + phase 2) project capital expenditure (SEMI WFF),,资本开支,SEMI WFF 工厂级资本开支观测。,2226,USD million,project,project_total_cost,Europe & Mideast,Analog,/Users/simon/Documents/Simon-OB/本体论/base/半导体/SEMI_WFF_2026_1Q.xlsx,STMicroelectronics,,,STMicroelectronics - AG300 (R3) ST and Tower JV  (phase 1 + phase 2),3717,Project Spending,file:///Users/simon/Documents/Simon-OB/%E6%9C%AC%E4%BD%93%E8%AE%BA/base/%E5%8D%8A%E5%AF%BC%E4%BD%93/SEMI_WFF_2026_1Q.xlsx
STMicroelectronics - Fab 2 (M9) 8-inch line (was 6-inch called CT 6) project capital expenditure (SEMI WFF),,资本开支,SEMI WFF 工厂级资本开支观测。,44,USD million,project,project_total_cost,Europe & Mideast,Discrete,/Users/simon/Documents/Simon-OB/本体论/base/半导体/SEMI_WFF_2026_1Q.xlsx,STMicroelectronics,,,STMicroelectronics - Fab 2 (M9) 8-inch line (was 6-inch called CT 6),917,Project Spending,file:///Users/simon/Documents/Simon-OB/%E6%9C%AC%E4%BD%93%E8%AE%BA/base/%E5%8D%8A%E5%AF%BC%E4%BD%93/SEMI_WFF_2026_1Q.xlsx
STMicroelectronics - Fab 2 (M5+M5 extension) Catania  (was called CTM 8) project capital expenditure (SEMI WFF),,资本开支,SEMI WFF 工厂级资本开支观测。,72,USD million,project,project_total_cost,Europe & Mideast,Discrete,/Users/simon/Documents/Simon-OB/本体论/base/半导体/SEMI_WFF_2026_1Q.xlsx,STMicroelectronics,,,STMicroelectronics - Fab 2 (M5+M5 extension) Catania  (was called CTM 8),916,Project Spending,file:///Users/simon/Documents/Simon-OB/%E6%9C%AC%E4%BD%93%E8%AE%BA/base/%E5%8D%8A%E5%AF%BC%E4%BD%93/SEMI_WFF_2026_1Q.xlsx
STMicroelectronics - SGFAB-AMK 8 (was Numonyx/Micron Fab 13) project capital expenditure (SEMI WFF),,资本开支,SEMI WFF 工厂级资本开支观测。,40,USD million,project,project_total_cost,SE Asia,Discrete,/Users/simon/Documents/Simon-OB/本体论/base/半导体/SEMI_WFF_2026_1Q.xlsx,STMicroelectronics,,,STMicroelectronics - SGFAB-AMK 8 (was Numonyx/Micron Fab 13),1372,Project Spending,file:///Users/simon/Documents/Simon-OB/%E6%9C%AC%E4%BD%93%E8%AE%BA/base/%E5%8D%8A%E5%AF%BC%E4%BD%93/SEMI_WFF_2026_1Q.xlsx
STMicroelectronics - Fab 1 6-inch fab: SiC Line project capital expenditure (SEMI WFF),,资本开支,SEMI WFF 工厂级资本开支观测。,6,USD million,project,project_total_cost,Europe & Mideast,Discrete,/Users/simon/Documents/Simon-OB/本体论/base/半导体/SEMI_WFF_2026_1Q.xlsx,STMicroelectronics,,,STMicroelectronics - Fab 1 6-inch fab: SiC Line,4955,Project Spending,file:///Users/simon/Documents/Simon-OB/%E6%9C%AC%E4%BD%93%E8%AE%BA/base/%E5%8D%8A%E5%AF%BC%E4%BD%93/SEMI_WFF_2026_1Q.xlsx
STMicroelectronics - Fab 2: 200mm GaN Device Pilot project capital expenditure (SEMI WFF),,资本开支,SEMI WFF 工厂级资本开支观测。,6.4,USD million,project,project_total_cost,Europe & Mideast,Discrete,/Users/simon/Documents/Simon-OB/本体论/base/半导体/SEMI_WFF_2026_1Q.xlsx,STMicroelectronics,,,STMicroelectronics - Fab 2: 200mm GaN Device Pilot,5108,Project Spending,file:///Users/simon/Documents/Simon-OB/%E6%9C%AC%E4%BD%93%E8%AE%BA/base/%E5%8D%8A%E5%AF%BC%E4%BD%93/SEMI_WFF_2026_1Q.xlsx
Sumitomo Electric Device Innovations Inc. - Fab 2 project capital expenditure (SEMI WFF),,资本开支,SEMI WFF 工厂级资本开支观测。,200,USD million,project,project_total_cost,日本,Discrete,/Users/simon/Documents/Simon-OB/本体论/base/半导体/SEMI_WFF_2026_1Q.xlsx,Sumitomo Electric Device Innovations Inc.,,,Sumitomo Electric Device Innovations Inc. - Fab 2,194,Company Detail,file:///Users/simon/Documents/Simon-OB/%E6%9C%AC%E4%BD%93%E8%AE%BA/base/%E5%8D%8A%E5%AF%BC%E4%BD%93/SEMI_WFF_2026_1Q.xlsx
Sumitomo Electric Device Innovations Inc. - Fab 1 project capital expenditure (SEMI WFF),,资本开支,SEMI WFF 工厂级资本开支观测。,38,USD million,project,project_total_cost,日本,Opto,/Users/simon/Documents/Simon-OB/本体论/base/半导体/SEMI_WFF_2026_1Q.xlsx,Sumitomo Electric Device Innovations Inc.,,,Sumitomo Electric Device Innovations Inc. - Fab 1,1492,Company Detail,file:///Users/simon/Documents/Simon-OB/%E6%9C%AC%E4%BD%93%E8%AE%BA/base/%E5%8D%8A%E5%AF%BC%E4%BD%93/SEMI_WFF_2026_1Q.xlsx
Sumitomo Electric Industries - Itami Works project capital expenditure (SEMI WFF),,资本开支,SEMI WFF 工厂级资本开支观测。,30,USD million,project,project_total_cost,日本,Opto,/Users/simon/Documents/Simon-OB/本体论/base/半导体/SEMI_WFF_2026_1Q.xlsx,Sumitomo Electric Industries,,,Sumitomo Electric Industries - Itami Works,6702,Company Detail,file:///Users/simon/Documents/Simon-OB/%E6%9C%AC%E4%BD%93%E8%AE%BA/base/%E5%8D%8A%E5%AF%BC%E4%BD%93/SEMI_WFF_2026_1Q.xlsx
SUNY Polytechnic Institute - NanoFab Reflection (NRF) (NSTC - National Semiconductor Technology Center) project capital expenditure (SEMI WFF),,资本开支,SEMI WFF 工厂级资本开支观测。,2475,USD million,project,project_total_cost,美洲,Other,/Users/simon/Documents/Simon-OB/本体论/base/半导体/SEMI_WFF_2026_1Q.xlsx,SUNY Polytechnic Institute,,,SUNY Polytechnic Institute - NanoFab Reflection (NRF) (NSTC - National Semiconductor Technology Center),6377,Project Spending,file:///Users/simon/Documents/Simon-OB/%E6%9C%AC%E4%BD%93%E8%AE%BA/base/%E5%8D%8A%E5%AF%BC%E4%BD%93/SEMI_WFF_2026_1Q.xlsx
SUNY Polytechnic Institute - NanoFab North (NFN) project capital expenditure (SEMI WFF),,资本开支,SEMI WFF 工厂级资本开支观测。,1175,USD million,project,project_total_cost,美洲,Other,/Users/simon/Documents/Simon-OB/本体论/base/半导体/SEMI_WFF_2026_1Q.xlsx,SUNY Polytechnic Institute,,,SUNY Polytechnic Institute - NanoFab North (NFN),1781,Company Detail,file:///Users/simon/Documents/Simon-OB/%E6%9C%AC%E4%BD%93%E8%AE%BA/base/%E5%8D%8A%E5%AF%BC%E4%BD%93/SEMI_WFF_2026_1Q.xlsx
SUNY Polytechnic Institute - NanoFab 200 (CESTM) project capital expenditure (SEMI WFF),,资本开支,SEMI WFF 工厂级资本开支观测。,35,USD million,project,project_total_cost,美洲,Other,/Users/simon/Documents/Simon-OB/本体论/base/半导体/SEMI_WFF_2026_1Q.xlsx,SUNY Polytechnic Institute,,,SUNY Polytechnic Institute - NanoFab 200 (CESTM),1813,Company Detail,file:///Users/simon/Documents/Simon-OB/%E6%9C%AC%E4%BD%93%E8%AE%BA/base/%E5%8D%8A%E5%AF%BC%E4%BD%93/SEMI_WFF_2026_1Q.xlsx
SUNY Polytechnic Institute - NanoFab South Annex (NFS-Annex) project capital expenditure (SEMI WFF),,资本开支,SEMI WFF 工厂级资本开支观测。,320,USD million,project,project_total_cost,美洲,Other,/Users/simon/Documents/Simon-OB/本体论/base/半导体/SEMI_WFF_2026_1Q.xlsx,SUNY Polytechnic Institute,,,SUNY Polytechnic Institute - NanoFab South Annex (NFS-Annex),2233,Company Detail,file:///Users/simon/Documents/Simon-OB/%E6%9C%AC%E4%BD%93%E8%AE%BA/base/%E5%8D%8A%E5%AF%BC%E4%BD%93/SEMI_WFF_2026_1Q.xlsx
SUNY Polytechnic Institute - NanoFab South (NFS) project capital expenditure (SEMI WFF),,资本开支,SEMI WFF 工厂级资本开支观测。,650,USD million,project,project_total_cost,美洲,Other,/Users/simon/Documents/Simon-OB/本体论/base/半导体/SEMI_WFF_2026_1Q.xlsx,SUNY Polytechnic Institute,,,SUNY Polytechnic Institute - NanoFab South (NFS),1943,Company Detail,file:///Users/simon/Documents/Simon-OB/%E6%9C%AC%E4%BD%93%E8%AE%BA/base/%E5%8D%8A%E5%AF%BC%E4%BD%93/SEMI_WFF_2026_1Q.xlsx
SUNY Polytechnic Institute - NanoFab Xtension (NFX) project capital expenditure (SEMI WFF),,资本开支,SEMI WFF 工厂级资本开支观测。,60,USD million,project,project_total_cost,美洲,Other,/Users/simon/Documents/Simon-OB/本体论/base/半导体/SEMI_WFF_2026_1Q.xlsx,SUNY Polytechnic Institute,,,SUNY Polytechnic Institute - NanoFab Xtension (NFX),3359,Company Detail,file:///Users/simon/Documents/Simon-OB/%E6%9C%AC%E4%BD%93%E8%AE%BA/base/%E5%8D%8A%E5%AF%BC%E4%BD%93/SEMI_WFF_2026_1Q.xlsx
SUNY Polytechnic Institute - NanoFab North (NFN) - SiC Line project capital expenditure (SEMI WFF),,资本开支,SEMI WFF 工厂级资本开支观测。,85,USD million,project,project_total_cost,美洲,Discrete,/Users/simon/Documents/Simon-OB/本体论/base/半导体/SEMI_WFF_2026_1Q.xlsx,SUNY Polytechnic Institute,,,SUNY Polytechnic Institute - NanoFab North (NFN) - SiC Line,3882,Company Detail,file:///Users/simon/Documents/Simon-OB/%E6%9C%AC%E4%BD%93%E8%AE%BA/base/%E5%8D%8A%E5%AF%BC%E4%BD%93/SEMI_WFF_2026_1Q.xlsx
SUNY Polytechnic Institute - NanoFab East (NFE) project capital expenditure (SEMI WFF),,资本开支,SEMI WFF 工厂级资本开支观测。,100,USD million,project,project_total_cost,美洲,Other,/Users/simon/Documents/Simon-OB/本体论/base/半导体/SEMI_WFF_2026_1Q.xlsx,SUNY Polytechnic Institute,,,SUNY Polytechnic Institute - NanoFab East (NFE),3358,Company Detail,file:///Users/simon/Documents/Simon-OB/%E6%9C%AC%E4%BD%93%E8%AE%BA/base/%E5%8D%8A%E5%AF%BC%E4%BD%93/SEMI_WFF_2026_1Q.xlsx
SUNY Polytechnic Institute - NanoFab Central (NFC) project capital expenditure (SEMI WFF),,资本开支,SEMI WFF 工厂级资本开支观测。,150,USD million,project,project_total_cost,美洲,Other,/Users/simon/Documents/Simon-OB/本体论/base/半导体/SEMI_WFF_2026_1Q.xlsx,SUNY Polytechnic Institute,,,SUNY Polytechnic Institute - NanoFab Central (NFC),2231,Company Detail,file:///Users/simon/Documents/Simon-OB/%E6%9C%AC%E4%BD%93%E8%AE%BA/base/%E5%8D%8A%E5%AF%BC%E4%BD%93/SEMI_WFF_2026_1Q.xlsx
Suzhou Etern-Laser - Suzhou project capital expenditure (SEMI WFF),,资本开支,SEMI WFF 工厂级资本开支观测。,13,USD million,project,project_total_cost,中国,Other,/Users/simon/Documents/Simon-OB/本体论/base/半导体/SEMI_WFF_2026_1Q.xlsx,Suzhou Etern-Laser,,,Suzhou Etern-Laser - Suzhou,6532,Company Detail,file:///Users/simon/Documents/Simon-OB/%E6%9C%AC%E4%BD%93%E8%AE%BA/base/%E5%8D%8A%E5%AF%BC%E4%BD%93/SEMI_WFF_2026_1Q.xlsx
Systems on Silicon Manufacturing Co. Pte. Ltd. (SSMC) - SSMC (JV with NXP) project capital expenditure (SEMI WFF),,资本开支,SEMI WFF 工厂级资本开支观测。,224,USD million,project,project_total_cost,SE Asia,Analog,/Users/simon/Documents/Simon-OB/本体论/base/半导体/SEMI_WFF_2026_1Q.xlsx,Systems on Silicon Manufacturing Co. Pte. Ltd. (SSMC),,,Systems on Silicon Manufacturing Co. Pte. Ltd. (SSMC) - SSMC (JV with NXP),1674,Project Spending,file:///Users/simon/Documents/Simon-OB/%E6%9C%AC%E4%BD%93%E8%AE%BA/base/%E5%8D%8A%E5%AF%BC%E4%BD%93/SEMI_WFF_2026_1Q.xlsx
Taiwan Semiconductor - Letzer Fab project capital expenditure (SEMI WFF),,资本开支,SEMI WFF 工厂级资本开支观测。,50,USD million,project,project_total_cost,中国台湾,Discrete,/Users/simon/Documents/Simon-OB/本体论/base/半导体/SEMI_WFF_2026_1Q.xlsx,Taiwan Semiconductor,,,Taiwan Semiconductor - Letzer Fab,2552,Company Detail,file:///Users/simon/Documents/Simon-OB/%E6%9C%AC%E4%BD%93%E8%AE%BA/base/%E5%8D%8A%E5%AF%BC%E4%BD%93/SEMI_WFF_2026_1Q.xlsx
Taiwan Semiconductor - Yilan fab project capital expenditure (SEMI WFF),,资本开支,SEMI WFF 工厂级资本开支观测。,32,USD million,project,project_total_cost,中国台湾,Discrete,/Users/simon/Documents/Simon-OB/本体论/base/半导体/SEMI_WFF_2026_1Q.xlsx,Taiwan Semiconductor,,,Taiwan Semiconductor - Yilan fab,2513,Company Detail,file:///Users/simon/Documents/Simon-OB/%E6%9C%AC%E4%BD%93%E8%AE%BA/base/%E5%8D%8A%E5%AF%BC%E4%BD%93/SEMI_WFF_2026_1Q.xlsx
Taiwan-Asia Semiconductor Corporation (TASC) - Fab 2 SiC Line (ProAsia) project capital expenditure (SEMI WFF),,资本开支,SEMI WFF 工厂级资本开支观测。,93,USD million,project,project_total_cost,中国台湾,Discrete,/Users/simon/Documents/Simon-OB/本体论/base/半导体/SEMI_WFF_2026_1Q.xlsx,Taiwan-Asia Semiconductor Corporation (TASC),,,Taiwan-Asia Semiconductor Corporation (TASC) - Fab 2 SiC Line (ProAsia),6634,Project Spending,file:///Users/simon/Documents/Simon-OB/%E6%9C%AC%E4%BD%93%E8%AE%BA/base/%E5%8D%8A%E5%AF%BC%E4%BD%93/SEMI_WFF_2026_1Q.xlsx
Taiwan-Asia Semiconductor Corporation (TASC) - Fab 2 GaN Line (Champ-Asia) project capital expenditure (SEMI WFF),,资本开支,SEMI WFF 工厂级资本开支观测。,42,USD million,project,project_total_cost,中国台湾,Discrete,/Users/simon/Documents/Simon-OB/本体论/base/半导体/SEMI_WFF_2026_1Q.xlsx,Taiwan-Asia Semiconductor Corporation (TASC),,,Taiwan-Asia Semiconductor Corporation (TASC) - Fab 2 GaN Line (Champ-Asia),6635,Project Spending,file:///Users/simon/Documents/Simon-OB/%E6%9C%AC%E4%BD%93%E8%AE%BA/base/%E5%8D%8A%E5%AF%BC%E4%BD%93/SEMI_WFF_2026_1Q.xlsx
Taiyo Yuden - Tokorozawa Plant project capital expenditure (SEMI WFF),,资本开支,SEMI WFF 工厂级资本开支观测。,40,USD million,project,project_total_cost,日本,MEMS,/Users/simon/Documents/Simon-OB/本体论/base/半导体/SEMI_WFF_2026_1Q.xlsx,Taiyo Yuden,,,Taiyo Yuden - Tokorozawa Plant,3850,Company Detail,file:///Users/simon/Documents/Simon-OB/%E6%9C%AC%E4%BD%93%E8%AE%BA/base/%E5%8D%8A%E5%AF%BC%E4%BD%93/SEMI_WFF_2026_1Q.xlsx
Taiyo Yuden - Ome fab project capital expenditure (SEMI WFF),,资本开支,SEMI WFF 工厂级资本开支观测。,60,USD million,project,project_total_cost,日本,MEMS,/Users/simon/Documents/Simon-OB/本体论/base/半导体/SEMI_WFF_2026_1Q.xlsx,Taiyo Yuden,,,Taiyo Yuden - Ome fab,296,Company Detail,file:///Users/simon/Documents/Simon-OB/%E6%9C%AC%E4%BD%93%E8%AE%BA/base/%E5%8D%8A%E5%AF%BC%E4%BD%93/SEMI_WFF_2026_1Q.xlsx
TankeBlue Semiconductor - Bejing fab project capital expenditure (SEMI WFF),,资本开支,SEMI WFF 工厂级资本开支观测。,22,USD million,project,project_total_cost,中国,EPI,/Users/simon/Documents/Simon-OB/本体论/base/半导体/SEMI_WFF_2026_1Q.xlsx,TankeBlue Semiconductor,,,TankeBlue Semiconductor - Bejing fab,5055,Company Detail,file:///Users/simon/Documents/Simon-OB/%E6%9C%AC%E4%BD%93%E8%AE%BA/base/%E5%8D%8A%E5%AF%BC%E4%BD%93/SEMI_WFF_2026_1Q.xlsx
Tata Electronics - Dholera fab (Phase 1 & 2) project capital expenditure (SEMI WFF),,资本开支,SEMI WFF 工厂级资本开支观测。,10300,USD million,project,project_total_cost,SE Asia,Logic&Micro,/Users/simon/Documents/Simon-OB/本体论/base/半导体/SEMI_WFF_2026_1Q.xlsx,Tata Electronics,,,Tata Electronics - Dholera fab (Phase 1 & 2),6527,Project Spending,file:///Users/simon/Documents/Simon-OB/%E6%9C%AC%E4%BD%93%E8%AE%BA/base/%E5%8D%8A%E5%AF%BC%E4%BD%93/SEMI_WFF_2026_1Q.xlsx
TDK Corporation - Asama Techno Factory project capital expenditure (SEMI WFF),,资本开支,SEMI WFF 工厂级资本开支观测。,42,USD million,project,project_total_cost,日本,MEMS,/Users/simon/Documents/Simon-OB/本体论/base/半导体/SEMI_WFF_2026_1Q.xlsx,TDK Corporation,,,TDK Corporation - Asama Techno Factory,3830,Company Detail,file:///Users/simon/Documents/Simon-OB/%E6%9C%AC%E4%BD%93%E8%AE%BA/base/%E5%8D%8A%E5%AF%BC%E4%BD%93/SEMI_WFF_2026_1Q.xlsx
TDK Corporation - TDK-Tronics Addison project capital expenditure (SEMI WFF),,资本开支,SEMI WFF 工厂级资本开支观测。,33,USD million,project,project_total_cost,美洲,MEMS,/Users/simon/Documents/Simon-OB/本体论/base/半导体/SEMI_WFF_2026_1Q.xlsx,TDK Corporation,,,TDK Corporation - TDK-Tronics Addison,4932,Company Detail,file:///Users/simon/Documents/Simon-OB/%E6%9C%AC%E4%BD%93%E8%AE%BA/base/%E5%8D%8A%E5%AF%BC%E4%BD%93/SEMI_WFF_2026_1Q.xlsx
TDK Corporation - Freiburg fab (was Micronas) project capital expenditure (SEMI WFF),,资本开支,SEMI WFF 工厂级资本开支观测。,13,USD million,project,project_total_cost,Europe & Mideast,Analog,/Users/simon/Documents/Simon-OB/本体论/base/半导体/SEMI_WFF_2026_1Q.xlsx,TDK Corporation,,,TDK Corporation - Freiburg fab (was Micronas),1610,Project Spending,file:///Users/simon/Documents/Simon-OB/%E6%9C%AC%E4%BD%93%E8%AE%BA/base/%E5%8D%8A%E5%AF%BC%E4%BD%93/SEMI_WFF_2026_1Q.xlsx
TDK Corporation - TDK-Tronics Fab 1 (Crolles) project capital expenditure (SEMI WFF),,资本开支,SEMI WFF 工厂级资本开支观测。,3,USD million,project,project_total_cost,Europe & Mideast,MEMS,/Users/simon/Documents/Simon-OB/本体论/base/半导体/SEMI_WFF_2026_1Q.xlsx,TDK Corporation,,,TDK Corporation - TDK-Tronics Fab 1 (Crolles),2008,Company Detail,file:///Users/simon/Documents/Simon-OB/%E6%9C%AC%E4%BD%93%E8%AE%BA/base/%E5%8D%8A%E5%AF%BC%E4%BD%93/SEMI_WFF_2026_1Q.xlsx
Tekcore - Fab 1 project capital expenditure (SEMI WFF),,资本开支,SEMI WFF 工厂级资本开支观测。,65,USD million,project,project_total_cost,中国台湾,Opto,/Users/simon/Documents/Simon-OB/本体论/base/半导体/SEMI_WFF_2026_1Q.xlsx,Tekcore,,,Tekcore - Fab 1,2891,Company Detail,file:///Users/simon/Documents/Simon-OB/%E6%9C%AC%E4%BD%93%E8%AE%BA/base/%E5%8D%8A%E5%AF%BC%E4%BD%93/SEMI_WFF_2026_1Q.xlsx
Tekcore - Fab 2 project capital expenditure (SEMI WFF),,资本开支,SEMI WFF 工厂级资本开支观测。,50,USD million,project,project_total_cost,中国台湾,Opto,/Users/simon/Documents/Simon-OB/本体论/base/半导体/SEMI_WFF_2026_1Q.xlsx,Tekcore,,,Tekcore - Fab 2,2892,Company Detail,file:///Users/simon/Documents/Simon-OB/%E6%9C%AC%E4%BD%93%E8%AE%BA/base/%E5%8D%8A%E5%AF%BC%E4%BD%93/SEMI_WFF_2026_1Q.xlsx
Tekcore - Fab 5 project capital expenditure (SEMI WFF),,资本开支,SEMI WFF 工厂级资本开支观测。,80,USD million,project,project_total_cost,中国台湾,Opto,/Users/simon/Documents/Simon-OB/本体论/base/半导体/SEMI_WFF_2026_1Q.xlsx,Tekcore,,,Tekcore - Fab 5,3396,Company Detail,file:///Users/simon/Documents/Simon-OB/%E6%9C%AC%E4%BD%93%E8%AE%BA/base/%E5%8D%8A%E5%AF%BC%E4%BD%93/SEMI_WFF_2026_1Q.xlsx
Teledyne DALSA - Edmonton fab (8-inch line) - was Micralyne project capital expenditure (SEMI WFF),,资本开支,SEMI WFF 工厂级资本开支观测。,63,USD million,project,project_total_cost,美洲,MEMS,/Users/simon/Documents/Simon-OB/本体论/base/半导体/SEMI_WFF_2026_1Q.xlsx,Teledyne DALSA,,,Teledyne DALSA - Edmonton fab (8-inch line) - was Micralyne,5028,Company Detail,file:///Users/simon/Documents/Simon-OB/%E6%9C%AC%E4%BD%93%E8%AE%BA/base/%E5%8D%8A%E5%AF%BC%E4%BD%93/SEMI_WFF_2026_1Q.xlsx
Teledyne DALSA - Fab 4 - 6-inch line project capital expenditure (SEMI WFF),,资本开支,SEMI WFF 工厂级资本开支观测。,50,USD million,project,project_total_cost,美洲,MEMS,/Users/simon/Documents/Simon-OB/本体论/base/半导体/SEMI_WFF_2026_1Q.xlsx,Teledyne DALSA,,,Teledyne DALSA - Fab 4 - 6-inch line,2895,Company Detail,file:///Users/simon/Documents/Simon-OB/%E6%9C%AC%E4%BD%93%E8%AE%BA/base/%E5%8D%8A%E5%AF%BC%E4%BD%93/SEMI_WFF_2026_1Q.xlsx
Teledyne DALSA - Fab 4 - 8-inch line project capital expenditure (SEMI WFF),,资本开支,SEMI WFF 工厂级资本开支观测。,30,USD million,project,project_total_cost,美洲,MEMS,/Users/simon/Documents/Simon-OB/本体论/base/半导体/SEMI_WFF_2026_1Q.xlsx,Teledyne DALSA,,,Teledyne DALSA - Fab 4 - 8-inch line,3179,Company Detail,file:///Users/simon/Documents/Simon-OB/%E6%9C%AC%E4%BD%93%E8%AE%BA/base/%E5%8D%8A%E5%AF%BC%E4%BD%93/SEMI_WFF_2026_1Q.xlsx
Teledyne DALSA - Fab 1 project capital expenditure (SEMI WFF),,资本开支,SEMI WFF 工厂级资本开支观测。,6,USD million,project,project_total_cost,美洲,Opto,/Users/simon/Documents/Simon-OB/本体论/base/半导体/SEMI_WFF_2026_1Q.xlsx,Teledyne DALSA,,,Teledyne DALSA - Fab 1,1454,Company Detail,file:///Users/simon/Documents/Simon-OB/%E6%9C%AC%E4%BD%93%E8%AE%BA/base/%E5%8D%8A%E5%AF%BC%E4%BD%93/SEMI_WFF_2026_1Q.xlsx
Teledyne DALSA - Edmonton fab (6-inch line) - was Micralyne project capital expenditure (SEMI WFF),,资本开支,SEMI WFF 工厂级资本开支观测。,24,USD million,project,project_total_cost,美洲,MEMS,/Users/simon/Documents/Simon-OB/本体论/base/半导体/SEMI_WFF_2026_1Q.xlsx,Teledyne DALSA,,,Teledyne DALSA - Edmonton fab (6-inch line) - was Micralyne,9,Company Detail,file:///Users/simon/Documents/Simon-OB/%E6%9C%AC%E4%BD%93%E8%AE%BA/base/%E5%8D%8A%E5%AF%BC%E4%BD%93/SEMI_WFF_2026_1Q.xlsx
Texas Instruments - MFab (was National) project capital expenditure (SEMI WFF),,资本开支,SEMI WFF 工厂级资本开支观测。,44,USD million,project,project_total_cost,美洲,Analog,/Users/simon/Documents/Simon-OB/本体论/base/半导体/SEMI_WFF_2026_1Q.xlsx,Texas Instruments,,,Texas Instruments - MFab (was National),1326,Project Spending,file:///Users/simon/Documents/Simon-OB/%E6%9C%AC%E4%BD%93%E8%AE%BA/base/%E5%8D%8A%E5%AF%BC%E4%BD%93/SEMI_WFF_2026_1Q.xlsx
Texas Instruments - Miho 8 (was Miho 6)+ Miho 5 project capital expenditure (SEMI WFF),,资本开支,SEMI WFF 工厂级资本开支观测。,8.8,USD million,project,project_total_cost,日本,MEMS,/Users/simon/Documents/Simon-OB/本体论/base/半导体/SEMI_WFF_2026_1Q.xlsx,Texas Instruments,,,Texas Instruments - Miho 8 (was Miho 6)+ Miho 5,1076,Project Spending,file:///Users/simon/Documents/Simon-OB/%E6%9C%AC%E4%BD%93%E8%AE%BA/base/%E5%8D%8A%E5%AF%BC%E4%BD%93/SEMI_WFF_2026_1Q.xlsx
"Texas Instruments - FFAB (8-inch line, inside former 6-inch) project capital expenditure (SEMI WFF)",,资本开支,SEMI WFF 工厂级资本开支观测。,66,USD million,project,project_total_cost,Europe & Mideast,Analog,/Users/simon/Documents/Simon-OB/本体论/base/半导体/SEMI_WFF_2026_1Q.xlsx,Texas Instruments,,,"Texas Instruments - FFAB (8-inch line, inside former 6-inch)",1793,Project Spending,file:///Users/simon/Documents/Simon-OB/%E6%9C%AC%E4%BD%93%E8%AE%BA/base/%E5%8D%8A%E5%AF%BC%E4%BD%93/SEMI_WFF_2026_1Q.xlsx
"Texas Instruments - LFab 1 (+ Bldg 60), was Fab 2 Micron (3D X Point, part (IMFT) project capital expenditure (SEMI WFF)",,资本开支,SEMI WFF 工厂级资本开支观测。,119,USD million,project,project_total_cost,美洲,Analog,/Users/simon/Documents/Simon-OB/本体论/base/半导体/SEMI_WFF_2026_1Q.xlsx,Texas Instruments,,,"Texas Instruments - LFab 1 (+ Bldg 60), was Fab 2 Micron (3D X Point, part (IMFT)",3834,Project Spending,file:///Users/simon/Documents/Simon-OB/%E6%9C%AC%E4%BD%93%E8%AE%BA/base/%E5%8D%8A%E5%AF%BC%E4%BD%93/SEMI_WFF_2026_1Q.xlsx
Texas Instruments - CFAB (was SMIC Fab 11A) project capital expenditure (SEMI WFF),,资本开支,SEMI WFF 工厂级资本开支观测。,44,USD million,project,project_total_cost,中国,Analog,/Users/simon/Documents/Simon-OB/本体论/base/半导体/SEMI_WFF_2026_1Q.xlsx,Texas Instruments,,,Texas Instruments - CFAB (was SMIC Fab 11A),2298,Project Spending,file:///Users/simon/Documents/Simon-OB/%E6%9C%AC%E4%BD%93%E8%AE%BA/base/%E5%8D%8A%E5%AF%BC%E4%BD%93/SEMI_WFF_2026_1Q.xlsx
Texas Instruments - DFAB 150mm (South building) project capital expenditure (SEMI WFF),,资本开支,SEMI WFF 工厂级资本开支观测。,20,USD million,project,project_total_cost,美洲,Analog,/Users/simon/Documents/Simon-OB/本体论/base/半导体/SEMI_WFF_2026_1Q.xlsx,Texas Instruments,,,Texas Instruments - DFAB 150mm (South building),6668,Company Detail,file:///Users/simon/Documents/Simon-OB/%E6%9C%AC%E4%BD%93%E8%AE%BA/base/%E5%8D%8A%E5%AF%BC%E4%BD%93/SEMI_WFF_2026_1Q.xlsx
Texas Instruments - DHC (Dallas Heater Chip) Line project capital expenditure (SEMI WFF),,资本开支,SEMI WFF 工厂级资本开支观测。,45,USD million,project,project_total_cost,美洲,MEMS,/Users/simon/Documents/Simon-OB/本体论/base/半导体/SEMI_WFF_2026_1Q.xlsx,Texas Instruments,,,Texas Instruments - DHC (Dallas Heater Chip) Line,3610,Company Detail,file:///Users/simon/Documents/Simon-OB/%E6%9C%AC%E4%BD%93%E8%AE%BA/base/%E5%8D%8A%E5%AF%BC%E4%BD%93/SEMI_WFF_2026_1Q.xlsx
Texas Instruments - LFab 2 project capital expenditure (SEMI WFF),,资本开支,SEMI WFF 工厂级资本开支观测。,12500,USD million,project,project_total_cost,美洲,Analog,/Users/simon/Documents/Simon-OB/本体论/base/半导体/SEMI_WFF_2026_1Q.xlsx,Texas Instruments,,,Texas Instruments - LFab 2,6435,Project Spending,file:///Users/simon/Documents/Simon-OB/%E6%9C%AC%E4%BD%93%E8%AE%BA/base/%E5%8D%8A%E5%AF%BC%E4%BD%93/SEMI_WFF_2026_1Q.xlsx
Texas Instruments - SM 1 (was S FAB 2) project capital expenditure (SEMI WFF),,资本开支,SEMI WFF 工厂级资本开支观测。,9310,USD million,project,project_total_cost,美洲,Analog,/Users/simon/Documents/Simon-OB/本体论/base/半导体/SEMI_WFF_2026_1Q.xlsx,Texas Instruments,,,Texas Instruments - SM 1 (was S FAB 2),6266,Project Spending,file:///Users/simon/Documents/Simon-OB/%E6%9C%AC%E4%BD%93%E8%AE%BA/base/%E5%8D%8A%E5%AF%BC%E4%BD%93/SEMI_WFF_2026_1Q.xlsx
Texas Instruments - SM 2 (was S FAB 3) project capital expenditure (SEMI WFF),,资本开支,SEMI WFF 工厂级资本开支观测。,9440,USD million,project,project_total_cost,美洲,Analog,/Users/simon/Documents/Simon-OB/本体论/base/半导体/SEMI_WFF_2026_1Q.xlsx,Texas Instruments,,,Texas Instruments - SM 2 (was S FAB 3),6267,Project Spending,file:///Users/simon/Documents/Simon-OB/%E6%9C%AC%E4%BD%93%E8%AE%BA/base/%E5%8D%8A%E5%AF%BC%E4%BD%93/SEMI_WFF_2026_1Q.xlsx
Texas Instruments - SM 3 project capital expenditure (SEMI WFF),,资本开支,SEMI WFF 工厂级资本开支观测。,11405,USD million,project,project_total_cost,美洲,Analog,/Users/simon/Documents/Simon-OB/本体论/base/半导体/SEMI_WFF_2026_1Q.xlsx,Texas Instruments,,,Texas Instruments - SM 3,6587,Company Detail,file:///Users/simon/Documents/Simon-OB/%E6%9C%AC%E4%BD%93%E8%AE%BA/base/%E5%8D%8A%E5%AF%BC%E4%BD%93/SEMI_WFF_2026_1Q.xlsx
Texas Instruments - SM 4 project capital expenditure (SEMI WFF),,资本开支,SEMI WFF 工厂级资本开支观测。,11350,USD million,project,project_total_cost,美洲,Analog,/Users/simon/Documents/Simon-OB/本体论/base/半导体/SEMI_WFF_2026_1Q.xlsx,Texas Instruments,,,Texas Instruments - SM 4,6588,Company Detail,file:///Users/simon/Documents/Simon-OB/%E6%9C%AC%E4%BD%93%E8%AE%BA/base/%E5%8D%8A%E5%AF%BC%E4%BD%93/SEMI_WFF_2026_1Q.xlsx
Texas Instruments - DMOS 6 300mm GaN Pilot Line project capital expenditure (SEMI WFF),,资本开支,SEMI WFF 工厂级资本开支观测。,200,USD million,project,project_total_cost,美洲,Discrete,/Users/simon/Documents/Simon-OB/本体论/base/半导体/SEMI_WFF_2026_1Q.xlsx,Texas Instruments,,,Texas Instruments - DMOS 6 300mm GaN Pilot Line,6554,Company Detail,file:///Users/simon/Documents/Simon-OB/%E6%9C%AC%E4%BD%93%E8%AE%BA/base/%E5%8D%8A%E5%AF%BC%E4%BD%93/SEMI_WFF_2026_1Q.xlsx
Thai Microelectronics Center (TMEC) - Thai Microeclectronics Center (TMEC) project capital expenditure (SEMI WFF),,资本开支,SEMI WFF 工厂级资本开支观测。,150,USD million,project,project_total_cost,SE Asia,Other,/Users/simon/Documents/Simon-OB/本体论/base/半导体/SEMI_WFF_2026_1Q.xlsx,Thai Microelectronics Center (TMEC),,,Thai Microelectronics Center (TMEC) - Thai Microeclectronics Center (TMEC),2101,Company Detail,file:///Users/simon/Documents/Simon-OB/%E6%9C%AC%E4%BD%93%E8%AE%BA/base/%E5%8D%8A%E5%AF%BC%E4%BD%93/SEMI_WFF_2026_1Q.xlsx
THAT Corporation - N/A project capital expenditure (SEMI WFF),,资本开支,SEMI WFF 工厂级资本开支观测。,5,USD million,project,project_total_cost,美洲,Analog,/Users/simon/Documents/Simon-OB/本体论/base/半导体/SEMI_WFF_2026_1Q.xlsx,THAT Corporation,,,THAT Corporation - N/A,1465,Company Detail,file:///Users/simon/Documents/Simon-OB/%E6%9C%AC%E4%BD%93%E8%AE%BA/base/%E5%8D%8A%E5%AF%BC%E4%BD%93/SEMI_WFF_2026_1Q.xlsx
"The Fox Group, Inc. - Montreal fab project capital expenditure (SEMI WFF)",,资本开支,SEMI WFF 工厂级资本开支观测。,16,USD million,project,project_total_cost,美洲,Opto,/Users/simon/Documents/Simon-OB/本体论/base/半导体/SEMI_WFF_2026_1Q.xlsx,"The Fox Group, Inc.",,,"The Fox Group, Inc. - Montreal fab",3286,Company Detail,file:///Users/simon/Documents/Simon-OB/%E6%9C%AC%E4%BD%93%E8%AE%BA/base/%E5%8D%8A%E5%AF%BC%E4%BD%93/SEMI_WFF_2026_1Q.xlsx
Thorlabs Inc - Thorlabs Quantum Electronics project capital expenditure (SEMI WFF),,资本开支,SEMI WFF 工厂级资本开支观测。,10,USD million,project,project_total_cost,美洲,Opto,/Users/simon/Documents/Simon-OB/本体论/base/半导体/SEMI_WFF_2026_1Q.xlsx,Thorlabs Inc,,,Thorlabs Inc - Thorlabs Quantum Electronics,1941,Company Detail,file:///Users/simon/Documents/Simon-OB/%E6%9C%AC%E4%BD%93%E8%AE%BA/base/%E5%8D%8A%E5%AF%BC%E4%BD%93/SEMI_WFF_2026_1Q.xlsx
Times LED - n/a project capital expenditure (SEMI WFF),,资本开支,SEMI WFF 工厂级资本开支观测。,15,USD million,project,project_total_cost,中国,Opto,/Users/simon/Documents/Simon-OB/本体论/base/半导体/SEMI_WFF_2026_1Q.xlsx,Times LED,,,Times LED - n/a,3301,Company Detail,file:///Users/simon/Documents/Simon-OB/%E6%9C%AC%E4%BD%93%E8%AE%BA/base/%E5%8D%8A%E5%AF%BC%E4%BD%93/SEMI_WFF_2026_1Q.xlsx
"TLC Precision Wafer Technology, Inc. - Fab 1 project capital expenditure (SEMI WFF)",,资本开支,SEMI WFF 工厂级资本开支观测。,20,USD million,project,project_total_cost,美洲,Discrete,/Users/simon/Documents/Simon-OB/本体论/base/半导体/SEMI_WFF_2026_1Q.xlsx,"TLC Precision Wafer Technology, Inc.",,,"TLC Precision Wafer Technology, Inc. - Fab 1",2287,Company Detail,file:///Users/simon/Documents/Simon-OB/%E6%9C%AC%E4%BD%93%E8%AE%BA/base/%E5%8D%8A%E5%AF%BC%E4%BD%93/SEMI_WFF_2026_1Q.xlsx
TNO - Photonic Chip Pilot Line project capital expenditure (SEMI WFF),,资本开支,SEMI WFF 工厂级资本开支观测。,185,USD million,project,project_total_cost,Europe & Mideast,Opto,/Users/simon/Documents/Simon-OB/本体论/base/半导体/SEMI_WFF_2026_1Q.xlsx,TNO,,,TNO - Photonic Chip Pilot Line,6705,Project Spending,file:///Users/simon/Documents/Simon-OB/%E6%9C%AC%E4%BD%93%E8%AE%BA/base/%E5%8D%8A%E5%AF%BC%E4%BD%93/SEMI_WFF_2026_1Q.xlsx
Tonghui Electronics Corporation - Fab 1 project capital expenditure (SEMI WFF),,资本开支,SEMI WFF 工厂级资本开支观测。,70,USD million,project,project_total_cost,中国,Opto,/Users/simon/Documents/Simon-OB/本体论/base/半导体/SEMI_WFF_2026_1Q.xlsx,Tonghui Electronics Corporation,,,Tonghui Electronics Corporation - Fab 1,3496,Company Detail,file:///Users/simon/Documents/Simon-OB/%E6%9C%AC%E4%BD%93%E8%AE%BA/base/%E5%8D%8A%E5%AF%BC%E4%BD%93/SEMI_WFF_2026_1Q.xlsx
Toshiba (TDSC) - Kaga R&D building project capital expenditure (SEMI WFF),,资本开支,SEMI WFF 工厂级资本开支观测。,10,USD million,project,project_total_cost,日本,Discrete,/Users/simon/Documents/Simon-OB/本体论/base/半导体/SEMI_WFF_2026_1Q.xlsx,Toshiba (TDSC),,,Toshiba (TDSC) - Kaga R&D building,3722,Company Detail,file:///Users/simon/Documents/Simon-OB/%E6%9C%AC%E4%BD%93%E8%AE%BA/base/%E5%8D%8A%E5%AF%BC%E4%BD%93/SEMI_WFF_2026_1Q.xlsx
Toshiba (TDSC) - Kaga 300mm Power Fab Third Line (Phase 2) project capital expenditure (SEMI WFF),,资本开支,SEMI WFF 工厂级资本开支观测。,950,USD million,project,project_total_cost,日本,Discrete,/Users/simon/Documents/Simon-OB/本体论/base/半导体/SEMI_WFF_2026_1Q.xlsx,Toshiba (TDSC),,,Toshiba (TDSC) - Kaga 300mm Power Fab Third Line (Phase 2),6276,Project Spending,file:///Users/simon/Documents/Simon-OB/%E6%9C%AC%E4%BD%93%E8%AE%BA/base/%E5%8D%8A%E5%AF%BC%E4%BD%93/SEMI_WFF_2026_1Q.xlsx
"Tower Partners Semiconductor (TPSCo) - Uozo E (was Intel, was Tower Partners TPSCo, was Fab 7) project capital expenditure (SEMI WFF)",,资本开支,SEMI WFF 工厂级资本开支观测。,72,USD million,project,project_total_cost,日本,Analog,/Users/simon/Documents/Simon-OB/本体论/base/半导体/SEMI_WFF_2026_1Q.xlsx,Tower Partners Semiconductor (TPSCo),,,"Tower Partners Semiconductor (TPSCo) - Uozo E (was Intel, was Tower Partners TPSCo, was Fab 7)",2047,Project Spending,file:///Users/simon/Documents/Simon-OB/%E6%9C%AC%E4%BD%93%E8%AE%BA/base/%E5%8D%8A%E5%AF%BC%E4%BD%93/SEMI_WFF_2026_1Q.xlsx
"Tower Partners Semiconductor (TPSCo) - Arai E (was Intel, was Tower Partners TPSCo,, was Fab 6, was Fab E) project capital expenditure (SEMI WFF)",,资本开支,SEMI WFF 工厂级资本开支观测。,16,USD million,project,project_total_cost,日本,Analog,/Users/simon/Documents/Simon-OB/本体论/base/半导体/SEMI_WFF_2026_1Q.xlsx,Tower Partners Semiconductor (TPSCo),,,"Tower Partners Semiconductor (TPSCo) - Arai E (was Intel, was Tower Partners TPSCo,, was Fab 6, was Fab E)",1800,Company Detail,file:///Users/simon/Documents/Simon-OB/%E6%9C%AC%E4%BD%93%E8%AE%BA/base/%E5%8D%8A%E5%AF%BC%E4%BD%93/SEMI_WFF_2026_1Q.xlsx
"TowerJazz Semiconductors Ltd. - Fab 9 (was Intel, was Tower Jazz, was Maxim) project capital expenditure (SEMI WFF)",,资本开支,SEMI WFF 工厂级资本开支观测。,64,USD million,project,project_total_cost,美洲,Analog,/Users/simon/Documents/Simon-OB/本体论/base/半导体/SEMI_WFF_2026_1Q.xlsx,TowerJazz Semiconductors Ltd.,,,"TowerJazz Semiconductors Ltd. - Fab 9 (was Intel, was Tower Jazz, was Maxim)",1191,Project Spending,file:///Users/simon/Documents/Simon-OB/%E6%9C%AC%E4%BD%93%E8%AE%BA/base/%E5%8D%8A%E5%AF%BC%E4%BD%93/SEMI_WFF_2026_1Q.xlsx
"TowerJazz Semiconductors Ltd. - Fab 2 (was Intel, was Tower Jazz Migdal Haemek project capital expenditure (SEMI WFF)",,资本开支,SEMI WFF 工厂级资本开支观测。,108,USD million,project,project_total_cost,Europe & Mideast,Analog,/Users/simon/Documents/Simon-OB/本体论/base/半导体/SEMI_WFF_2026_1Q.xlsx,TowerJazz Semiconductors Ltd.,,,"TowerJazz Semiconductors Ltd. - Fab 2 (was Intel, was Tower Jazz Migdal Haemek",1277,Project Spending,file:///Users/simon/Documents/Simon-OB/%E6%9C%AC%E4%BD%93%E8%AE%BA/base/%E5%8D%8A%E5%AF%BC%E4%BD%93/SEMI_WFF_2026_1Q.xlsx
"TowerJazz Semiconductors Ltd. - Fab 1 (was Intel, was Tower Jazz Migdal Haemek project capital expenditure (SEMI WFF)",,资本开支,SEMI WFF 工厂级资本开支观测。,165,USD million,project,project_total_cost,Europe & Mideast,Analog,/Users/simon/Documents/Simon-OB/本体论/base/半导体/SEMI_WFF_2026_1Q.xlsx,TowerJazz Semiconductors Ltd.,,,"TowerJazz Semiconductors Ltd. - Fab 1 (was Intel, was Tower Jazz Migdal Haemek",1136,Company Detail,file:///Users/simon/Documents/Simon-OB/%E6%9C%AC%E4%BD%93%E8%AE%BA/base/%E5%8D%8A%E5%AF%BC%E4%BD%93/SEMI_WFF_2026_1Q.xlsx
"TowerJazz Semiconductors Ltd. - Fab 3 (was Intel, was Tower Jazz Newport Beach) project capital expenditure (SEMI WFF)",,资本开支,SEMI WFF 工厂级资本开支观测。,98,USD million,project,project_total_cost,美洲,Analog,/Users/simon/Documents/Simon-OB/本体论/base/半导体/SEMI_WFF_2026_1Q.xlsx,TowerJazz Semiconductors Ltd.,,,"TowerJazz Semiconductors Ltd. - Fab 3 (was Intel, was Tower Jazz Newport Beach)",840,Project Spending,file:///Users/simon/Documents/Simon-OB/%E6%9C%AC%E4%BD%93%E8%AE%BA/base/%E5%8D%8A%E5%AF%BC%E4%BD%93/SEMI_WFF_2026_1Q.xlsx
"Toyoda Gosei Co.,Ltd. - Heiwacho Plant project capital expenditure (SEMI WFF)",,资本开支,SEMI WFF 工厂级资本开支观测。,30,USD million,project,project_total_cost,日本,Opto,/Users/simon/Documents/Simon-OB/本体论/base/半导体/SEMI_WFF_2026_1Q.xlsx,"Toyoda Gosei Co.,Ltd.",,,"Toyoda Gosei Co.,Ltd. - Heiwacho Plant",3081,Company Detail,file:///Users/simon/Documents/Simon-OB/%E6%9C%AC%E4%BD%93%E8%AE%BA/base/%E5%8D%8A%E5%AF%BC%E4%BD%93/SEMI_WFF_2026_1Q.xlsx
Transcom Inc. - Fab 1 project capital expenditure (SEMI WFF),,资本开支,SEMI WFF 工厂级资本开支观测。,25,USD million,project,project_total_cost,中国台湾,Discrete,/Users/simon/Documents/Simon-OB/本体论/base/半导体/SEMI_WFF_2026_1Q.xlsx,Transcom Inc.,,,Transcom Inc. - Fab 1,1853,Company Detail,file:///Users/simon/Documents/Simon-OB/%E6%9C%AC%E4%BD%93%E8%AE%BA/base/%E5%8D%8A%E5%AF%BC%E4%BD%93/SEMI_WFF_2026_1Q.xlsx
"Transphorm, Inc. - Goleta fab project capital expenditure (SEMI WFF)",,资本开支,SEMI WFF 工厂级资本开支观测。,20,USD million,project,project_total_cost,美洲,Discrete,/Users/simon/Documents/Simon-OB/本体论/base/半导体/SEMI_WFF_2026_1Q.xlsx,"Transphorm, Inc.",,,"Transphorm, Inc. - Goleta fab",3566,Company Detail,file:///Users/simon/Documents/Simon-OB/%E6%9C%AC%E4%BD%93%E8%AE%BA/base/%E5%8D%8A%E5%AF%BC%E4%BD%93/SEMI_WFF_2026_1Q.xlsx
Transys Electronics - Birmingham fab project capital expenditure (SEMI WFF),,资本开支,SEMI WFF 工厂级资本开支观测。,25,USD million,project,project_total_cost,Europe & Mideast,Discrete,/Users/simon/Documents/Simon-OB/本体论/base/半导体/SEMI_WFF_2026_1Q.xlsx,Transys Electronics,,,Transys Electronics - Birmingham fab,3806,Company Detail,file:///Users/simon/Documents/Simon-OB/%E6%9C%AC%E4%BD%93%E8%AE%BA/base/%E5%8D%8A%E5%AF%BC%E4%BD%93/SEMI_WFF_2026_1Q.xlsx
TrueLight Corporation - Hsinchu fab project capital expenditure (SEMI WFF),,资本开支,SEMI WFF 工厂级资本开支观测。,16,USD million,project,project_total_cost,中国台湾,Opto,/Users/simon/Documents/Simon-OB/本体论/base/半导体/SEMI_WFF_2026_1Q.xlsx,TrueLight Corporation,,,TrueLight Corporation - Hsinchu fab,5098,Company Detail,file:///Users/simon/Documents/Simon-OB/%E6%9C%AC%E4%BD%93%E8%AE%BA/base/%E5%8D%8A%E5%AF%BC%E4%BD%93/SEMI_WFF_2026_1Q.xlsx
TRUMPF Photonics Inc. - TUSP project capital expenditure (SEMI WFF),,资本开支,SEMI WFF 工厂级资本开支观测。,45,USD million,project,project_total_cost,美洲,Opto,/Users/simon/Documents/Simon-OB/本体论/base/半导体/SEMI_WFF_2026_1Q.xlsx,TRUMPF Photonics Inc.,,,TRUMPF Photonics Inc. - TUSP,3516,Company Detail,file:///Users/simon/Documents/Simon-OB/%E6%9C%AC%E4%BD%93%E8%AE%BA/base/%E5%8D%8A%E5%AF%BC%E4%BD%93/SEMI_WFF_2026_1Q.xlsx
TSMC - Fab 12 Phase 9 (was R2) project capital expenditure (SEMI WFF),,资本开支,SEMI WFF 工厂级资本开支观测。,5000,USD million,project,project_total_cost,中国台湾,Other,/Users/simon/Documents/Simon-OB/本体论/base/半导体/SEMI_WFF_2026_1Q.xlsx,TSMC,,,TSMC - Fab 12 Phase 9 (was R2),5087,Project Spending,file:///Users/simon/Documents/Simon-OB/%E6%9C%AC%E4%BD%93%E8%AE%BA/base/%E5%8D%8A%E5%AF%BC%E4%BD%93/SEMI_WFF_2026_1Q.xlsx
TSMC - Fab 10 (Songjiang) project capital expenditure (SEMI WFF),,资本开支,SEMI WFF 工厂级资本开支观测。,261,USD million,project,project_total_cost,中国,Analog,/Users/simon/Documents/Simon-OB/本体论/base/半导体/SEMI_WFF_2026_1Q.xlsx,TSMC,,,TSMC - Fab 10 (Songjiang),1921,Project Spending,file:///Users/simon/Documents/Simon-OB/%E6%9C%AC%E4%BD%93%E8%AE%BA/base/%E5%8D%8A%E5%AF%BC%E4%BD%93/SEMI_WFF_2026_1Q.xlsx
TSMC - Fab 6 Phase 1 project capital expenditure (SEMI WFF),,资本开支,SEMI WFF 工厂级资本开支观测。,306,USD million,project,project_total_cost,中国台湾,Analog,/Users/simon/Documents/Simon-OB/本体论/base/半导体/SEMI_WFF_2026_1Q.xlsx,TSMC,,,TSMC - Fab 6 Phase 1,1535,Project Spending,file:///Users/simon/Documents/Simon-OB/%E6%9C%AC%E4%BD%93%E8%AE%BA/base/%E5%8D%8A%E5%AF%BC%E4%BD%93/SEMI_WFF_2026_1Q.xlsx
TSMC - Fab 5 project capital expenditure (SEMI WFF),,资本开支,SEMI WFF 工厂级资本开支观测。,48,USD million,project,project_total_cost,中国台湾,Analog,/Users/simon/Documents/Simon-OB/本体论/base/半导体/SEMI_WFF_2026_1Q.xlsx,TSMC,,,TSMC - Fab 5,1287,Project Spending,file:///Users/simon/Documents/Simon-OB/%E6%9C%AC%E4%BD%93%E8%AE%BA/base/%E5%8D%8A%E5%AF%BC%E4%BD%93/SEMI_WFF_2026_1Q.xlsx
TSMC - Fab 11 (WaferTech) (used also by Everspin) project capital expenditure (SEMI WFF),,资本开支,SEMI WFF 工厂级资本开支观测。,101.2,USD million,project,project_total_cost,美洲,Analog,/Users/simon/Documents/Simon-OB/本体论/base/半导体/SEMI_WFF_2026_1Q.xlsx,TSMC,,,TSMC - Fab 11 (WaferTech) (used also by Everspin),1330,Project Spending,file:///Users/simon/Documents/Simon-OB/%E6%9C%AC%E4%BD%93%E8%AE%BA/base/%E5%8D%8A%E5%AF%BC%E4%BD%93/SEMI_WFF_2026_1Q.xlsx
TSMC - Fab 22 Phase 2 project capital expenditure (SEMI WFF),,资本开支,SEMI WFF 工厂级资本开支观测。,10210,USD million,project,project_total_cost,中国台湾,Logic&Micro,/Users/simon/Documents/Simon-OB/本体论/base/半导体/SEMI_WFF_2026_1Q.xlsx,TSMC,,,TSMC - Fab 22 Phase 2,6259,Project Spending,file:///Users/simon/Documents/Simon-OB/%E6%9C%AC%E4%BD%93%E8%AE%BA/base/%E5%8D%8A%E5%AF%BC%E4%BD%93/SEMI_WFF_2026_1Q.xlsx
TSMC - Fab 24 - ESMC Phase 1 (22/28nm) project capital expenditure (SEMI WFF),,资本开支,SEMI WFF 工厂级资本开支观测。,5445,USD million,project,project_total_cost,Europe & Mideast,Logic&Micro,/Users/simon/Documents/Simon-OB/本体论/base/半导体/SEMI_WFF_2026_1Q.xlsx,TSMC,,,TSMC - Fab 24 - ESMC Phase 1 (22/28nm),6252,Project Spending,file:///Users/simon/Documents/Simon-OB/%E6%9C%AC%E4%BD%93%E8%AE%BA/base/%E5%8D%8A%E5%AF%BC%E4%BD%93/SEMI_WFF_2026_1Q.xlsx
TSMC - Fab 21 Phase 2 (Arizona) project capital expenditure (SEMI WFF),,资本开支,SEMI WFF 工厂级资本开支观测。,16300,USD million,project,project_total_cost,美洲,Logic&Micro,/Users/simon/Documents/Simon-OB/本体论/base/半导体/SEMI_WFF_2026_1Q.xlsx,TSMC,,,TSMC - Fab 21 Phase 2 (Arizona),6168,Project Spending,file:///Users/simon/Documents/Simon-OB/%E6%9C%AC%E4%BD%93%E8%AE%BA/base/%E5%8D%8A%E5%AF%BC%E4%BD%93/SEMI_WFF_2026_1Q.xlsx
TSMC - Fab 25 Phase 1 project capital expenditure (SEMI WFF),,资本开支,SEMI WFF 工厂级资本开支观测。,12745,USD million,project,project_total_cost,中国台湾,Logic&Micro,/Users/simon/Documents/Simon-OB/本体论/base/半导体/SEMI_WFF_2026_1Q.xlsx,TSMC,,,TSMC - Fab 25 Phase 1,6429,Project Spending,file:///Users/simon/Documents/Simon-OB/%E6%9C%AC%E4%BD%93%E8%AE%BA/base/%E5%8D%8A%E5%AF%BC%E4%BD%93/SEMI_WFF_2026_1Q.xlsx
TSMC - Fab 25 Phase 2 project capital expenditure (SEMI WFF),,资本开支,SEMI WFF 工厂级资本开支观测。,11850,USD million,project,project_total_cost,中国台湾,Logic&Micro,/Users/simon/Documents/Simon-OB/本体论/base/半导体/SEMI_WFF_2026_1Q.xlsx,TSMC,,,TSMC - Fab 25 Phase 2,6430,Project Spending,file:///Users/simon/Documents/Simon-OB/%E6%9C%AC%E4%BD%93%E8%AE%BA/base/%E5%8D%8A%E5%AF%BC%E4%BD%93/SEMI_WFF_2026_1Q.xlsx
TSMC - Fab 21 Phase 3 (Arizona) project capital expenditure (SEMI WFF),,资本开支,SEMI WFF 工厂级资本开支观测。,18910,USD million,project,project_total_cost,美洲,Logic&Micro,/Users/simon/Documents/Simon-OB/本体论/base/半导体/SEMI_WFF_2026_1Q.xlsx,TSMC,,,TSMC - Fab 21 Phase 3 (Arizona),6431,Project Spending,file:///Users/simon/Documents/Simon-OB/%E6%9C%AC%E4%BD%93%E8%AE%BA/base/%E5%8D%8A%E5%AF%BC%E4%BD%93/SEMI_WFF_2026_1Q.xlsx
TSMC - Fab 23 Phase 3 project capital expenditure (SEMI WFF),,资本开支,SEMI WFF 工厂级资本开支观测。,11600,USD million,project,project_total_cost,日本,Logic&Micro,/Users/simon/Documents/Simon-OB/本体论/base/半导体/SEMI_WFF_2026_1Q.xlsx,TSMC,,,TSMC - Fab 23 Phase 3,6433,Company Detail,file:///Users/simon/Documents/Simon-OB/%E6%9C%AC%E4%BD%93%E8%AE%BA/base/%E5%8D%8A%E5%AF%BC%E4%BD%93/SEMI_WFF_2026_1Q.xlsx
TSMC - Fab 20 Phase 3 project capital expenditure (SEMI WFF),,资本开支,SEMI WFF 工厂级资本开支观测。,12220,USD million,project,project_total_cost,中国台湾,Logic&Micro,/Users/simon/Documents/Simon-OB/本体论/base/半导体/SEMI_WFF_2026_1Q.xlsx,TSMC,,,TSMC - Fab 20 Phase 3,6289,Project Spending,file:///Users/simon/Documents/Simon-OB/%E6%9C%AC%E4%BD%93%E8%AE%BA/base/%E5%8D%8A%E5%AF%BC%E4%BD%93/SEMI_WFF_2026_1Q.xlsx
TSMC - Fab 20 Phase 4 project capital expenditure (SEMI WFF),,资本开支,SEMI WFF 工厂级资本开支观测。,12270,USD million,project,project_total_cost,中国台湾,Logic&Micro,/Users/simon/Documents/Simon-OB/本体论/base/半导体/SEMI_WFF_2026_1Q.xlsx,TSMC,,,TSMC - Fab 20 Phase 4,6297,Project Spending,file:///Users/simon/Documents/Simon-OB/%E6%9C%AC%E4%BD%93%E8%AE%BA/base/%E5%8D%8A%E5%AF%BC%E4%BD%93/SEMI_WFF_2026_1Q.xlsx
TSMC - Fab 18 Phase 9 project capital expenditure (SEMI WFF),,资本开支,SEMI WFF 工厂级资本开支观测。,8415,USD million,project,project_total_cost,中国台湾,Logic&Micro,/Users/simon/Documents/Simon-OB/本体论/base/半导体/SEMI_WFF_2026_1Q.xlsx,TSMC,,,TSMC - Fab 18 Phase 9,6288,Project Spending,file:///Users/simon/Documents/Simon-OB/%E6%9C%AC%E4%BD%93%E8%AE%BA/base/%E5%8D%8A%E5%AF%BC%E4%BD%93/SEMI_WFF_2026_1Q.xlsx
TSMC - Fab 23 Phase 2 (JASM P2) project capital expenditure (SEMI WFF),,资本开支,SEMI WFF 工厂级资本开支观测。,16050,USD million,project,project_total_cost,日本,Logic&Micro,/Users/simon/Documents/Simon-OB/本体论/base/半导体/SEMI_WFF_2026_1Q.xlsx,TSMC,,,TSMC - Fab 23 Phase 2 (JASM P2),6524,Project Spending,file:///Users/simon/Documents/Simon-OB/%E6%9C%AC%E4%BD%93%E8%AE%BA/base/%E5%8D%8A%E5%AF%BC%E4%BD%93/SEMI_WFF_2026_1Q.xlsx
TSMC - Fab 22 Phase 3 project capital expenditure (SEMI WFF),,资本开支,SEMI WFF 工厂级资本开支观测。,10880,USD million,project,project_total_cost,中国台湾,Logic&Micro,/Users/simon/Documents/Simon-OB/本体论/base/半导体/SEMI_WFF_2026_1Q.xlsx,TSMC,,,TSMC - Fab 22 Phase 3,6534,Project Spending,file:///Users/simon/Documents/Simon-OB/%E6%9C%AC%E4%BD%93%E8%AE%BA/base/%E5%8D%8A%E5%AF%BC%E4%BD%93/SEMI_WFF_2026_1Q.xlsx
TSMC - Fab 22 Phase 4 project capital expenditure (SEMI WFF),,资本开支,SEMI WFF 工厂级资本开支观测。,12235,USD million,project,project_total_cost,中国台湾,Logic&Micro,/Users/simon/Documents/Simon-OB/本体论/base/半导体/SEMI_WFF_2026_1Q.xlsx,TSMC,,,TSMC - Fab 22 Phase 4,6535,Project Spending,file:///Users/simon/Documents/Simon-OB/%E6%9C%AC%E4%BD%93%E8%AE%BA/base/%E5%8D%8A%E5%AF%BC%E4%BD%93/SEMI_WFF_2026_1Q.xlsx
TSMC - Japan Tsukuba 3D IC R&D Center project capital expenditure (SEMI WFF),,资本开支,SEMI WFF 工厂级资本开支观测。,570,USD million,project,project_total_cost,日本,Other,/Users/simon/Documents/Simon-OB/本体论/base/半导体/SEMI_WFF_2026_1Q.xlsx,TSMC,,,TSMC - Japan Tsukuba 3D IC R&D Center,6536,Company Detail,file:///Users/simon/Documents/Simon-OB/%E6%9C%AC%E4%BD%93%E8%AE%BA/base/%E5%8D%8A%E5%AF%BC%E4%BD%93/SEMI_WFF_2026_1Q.xlsx
TSMC - Fab 24 - ESMC Phase 1 (12/16nm) project capital expenditure (SEMI WFF),,资本开支,SEMI WFF 工厂级资本开支观测。,2765,USD million,project,project_total_cost,Europe & Mideast,Logic&Micro,/Users/simon/Documents/Simon-OB/本体论/base/半导体/SEMI_WFF_2026_1Q.xlsx,TSMC,,,TSMC - Fab 24 - ESMC Phase 1 (12/16nm),6481,Company Detail,file:///Users/simon/Documents/Simon-OB/%E6%9C%AC%E4%BD%93%E8%AE%BA/base/%E5%8D%8A%E5%AF%BC%E4%BD%93/SEMI_WFF_2026_1Q.xlsx
TSMC - Fab 21 Phase 6 (Arizona) project capital expenditure (SEMI WFF),,资本开支,SEMI WFF 工厂级资本开支观测。,25780,USD million,project,project_total_cost,美洲,Logic&Micro,/Users/simon/Documents/Simon-OB/本体论/base/半导体/SEMI_WFF_2026_1Q.xlsx,TSMC,,,TSMC - Fab 21 Phase 6 (Arizona),6687,Company Detail,file:///Users/simon/Documents/Simon-OB/%E6%9C%AC%E4%BD%93%E8%AE%BA/base/%E5%8D%8A%E5%AF%BC%E4%BD%93/SEMI_WFF_2026_1Q.xlsx
TSMC - Fab 25 Phase 3 project capital expenditure (SEMI WFF),,资本开支,SEMI WFF 工厂级资本开支观测。,12485,USD million,project,project_total_cost,中国台湾,Logic&Micro,/Users/simon/Documents/Simon-OB/本体论/base/半导体/SEMI_WFF_2026_1Q.xlsx,TSMC,,,TSMC - Fab 25 Phase 3,6669,Project Spending,file:///Users/simon/Documents/Simon-OB/%E6%9C%AC%E4%BD%93%E8%AE%BA/base/%E5%8D%8A%E5%AF%BC%E4%BD%93/SEMI_WFF_2026_1Q.xlsx
TSMC - Fab 25 Phase 4 project capital expenditure (SEMI WFF),,资本开支,SEMI WFF 工厂级资本开支观测。,12775,USD million,project,project_total_cost,中国台湾,Logic&Micro,/Users/simon/Documents/Simon-OB/本体论/base/半导体/SEMI_WFF_2026_1Q.xlsx,TSMC,,,TSMC - Fab 25 Phase 4,6670,Project Spending,file:///Users/simon/Documents/Simon-OB/%E6%9C%AC%E4%BD%93%E8%AE%BA/base/%E5%8D%8A%E5%AF%BC%E4%BD%93/SEMI_WFF_2026_1Q.xlsx
TSMC - Fab 21 Phase 4 (Arizona) project capital expenditure (SEMI WFF),,资本开支,SEMI WFF 工厂级资本开支观测。,19500,USD million,project,project_total_cost,美洲,Logic&Micro,/Users/simon/Documents/Simon-OB/本体论/base/半导体/SEMI_WFF_2026_1Q.xlsx,TSMC,,,TSMC - Fab 21 Phase 4 (Arizona),6563,Project Spending,file:///Users/simon/Documents/Simon-OB/%E6%9C%AC%E4%BD%93%E8%AE%BA/base/%E5%8D%8A%E5%AF%BC%E4%BD%93/SEMI_WFF_2026_1Q.xlsx
TSMC - Fab 22 Phase 5 project capital expenditure (SEMI WFF),,资本开支,SEMI WFF 工厂级资本开支观测。,12370,USD million,project,project_total_cost,中国台湾,Logic&Micro,/Users/simon/Documents/Simon-OB/本体论/base/半导体/SEMI_WFF_2026_1Q.xlsx,TSMC,,,TSMC - Fab 22 Phase 5,6586,Project Spending,file:///Users/simon/Documents/Simon-OB/%E6%9C%AC%E4%BD%93%E8%AE%BA/base/%E5%8D%8A%E5%AF%BC%E4%BD%93/SEMI_WFF_2026_1Q.xlsx
TSMC - Fab 21 Phase 5 (Arizona) project capital expenditure (SEMI WFF),,资本开支,SEMI WFF 工厂级资本开支观测。,22300,USD million,project,project_total_cost,美洲,Logic&Micro,/Users/simon/Documents/Simon-OB/本体论/base/半导体/SEMI_WFF_2026_1Q.xlsx,TSMC,,,TSMC - Fab 21 Phase 5 (Arizona),6636,Company Detail,file:///Users/simon/Documents/Simon-OB/%E6%9C%AC%E4%BD%93%E8%AE%BA/base/%E5%8D%8A%E5%AF%BC%E4%BD%93/SEMI_WFF_2026_1Q.xlsx
Tyntek Corporation - Hsinchu Fab project capital expenditure (SEMI WFF),,资本开支,SEMI WFF 工厂级资本开支观测。,20,USD million,project,project_total_cost,中国台湾,Opto,/Users/simon/Documents/Simon-OB/本体论/base/半导体/SEMI_WFF_2026_1Q.xlsx,Tyntek Corporation,,,Tyntek Corporation - Hsinchu Fab,2995,Company Detail,file:///Users/simon/Documents/Simon-OB/%E6%9C%AC%E4%BD%93%E8%AE%BA/base/%E5%8D%8A%E5%AF%BC%E4%BD%93/SEMI_WFF_2026_1Q.xlsx
Tyntek Corporation - Kejung Plant (new Chunan fab) project capital expenditure (SEMI WFF),,资本开支,SEMI WFF 工厂级资本开支观测。,3.5,USD million,project,project_total_cost,中国台湾,Opto,/Users/simon/Documents/Simon-OB/本体论/base/半导体/SEMI_WFF_2026_1Q.xlsx,Tyntek Corporation,,,Tyntek Corporation - Kejung Plant (new Chunan fab),4998,Project Spending,file:///Users/simon/Documents/Simon-OB/%E6%9C%AC%E4%BD%93%E8%AE%BA/base/%E5%8D%8A%E5%AF%BC%E4%BD%93/SEMI_WFF_2026_1Q.xlsx
TYSiC - Fab 2 project capital expenditure (SEMI WFF),,资本开支,SEMI WFF 工厂级资本开支观测。,635,USD million,project,project_total_cost,中国,EPI,/Users/simon/Documents/Simon-OB/本体论/base/半导体/SEMI_WFF_2026_1Q.xlsx,TYSiC,,,TYSiC - Fab 2,6642,Project Spending,file:///Users/simon/Documents/Simon-OB/%E6%9C%AC%E4%BD%93%E8%AE%BA/base/%E5%8D%8A%E5%AF%BC%E4%BD%93/SEMI_WFF_2026_1Q.xlsx
UMC - Fab 6A GaN Line (Wavetek) project capital expenditure (SEMI WFF),,资本开支,SEMI WFF 工厂级资本开支观测。,32,USD million,project,project_total_cost,中国台湾,Discrete,/Users/simon/Documents/Simon-OB/本体论/base/半导体/SEMI_WFF_2026_1Q.xlsx,UMC,,,UMC - Fab 6A GaN Line (Wavetek),6374,Company Detail,file:///Users/simon/Documents/Simon-OB/%E6%9C%AC%E4%BD%93%E8%AE%BA/base/%E5%8D%8A%E5%AF%BC%E4%BD%93/SEMI_WFF_2026_1Q.xlsx
UMC - UMC new Japan 300mm Fab project capital expenditure (SEMI WFF),,资本开支,SEMI WFF 工厂级资本开支观测。,6350,USD million,project,project_total_cost,日本,Logic&Micro,/Users/simon/Documents/Simon-OB/本体论/base/半导体/SEMI_WFF_2026_1Q.xlsx,UMC,,,UMC - UMC new Japan 300mm Fab,6436,Company Detail,file:///Users/simon/Documents/Simon-OB/%E6%9C%AC%E4%BD%93%E8%AE%BA/base/%E5%8D%8A%E5%AF%BC%E4%BD%93/SEMI_WFF_2026_1Q.xlsx
UMC - Fab 8S project capital expenditure (SEMI WFF),,资本开支,SEMI WFF 工厂级资本开支观测。,60,USD million,project,project_total_cost,中国台湾,Analog,/Users/simon/Documents/Simon-OB/本体论/base/半导体/SEMI_WFF_2026_1Q.xlsx,UMC,,,UMC - Fab 8S,1710,Project Spending,file:///Users/simon/Documents/Simon-OB/%E6%9C%AC%E4%BD%93%E8%AE%BA/base/%E5%8D%8A%E5%AF%BC%E4%BD%93/SEMI_WFF_2026_1Q.xlsx
UMC - Fab 8D project capital expenditure (SEMI WFF),,资本开支,SEMI WFF 工厂级资本开支观测。,56,USD million,project,project_total_cost,中国台湾,Analog,/Users/simon/Documents/Simon-OB/本体论/base/半导体/SEMI_WFF_2026_1Q.xlsx,UMC,,,UMC - Fab 8D,1296,Project Spending,file:///Users/simon/Documents/Simon-OB/%E6%9C%AC%E4%BD%93%E8%AE%BA/base/%E5%8D%8A%E5%AF%BC%E4%BD%93/SEMI_WFF_2026_1Q.xlsx
UMC - Fab 8C project capital expenditure (SEMI WFF),,资本开支,SEMI WFF 工厂级资本开支观测。,60,USD million,project,project_total_cost,中国台湾,Analog,/Users/simon/Documents/Simon-OB/本体论/base/半导体/SEMI_WFF_2026_1Q.xlsx,UMC,,,UMC - Fab 8C,1270,Project Spending,file:///Users/simon/Documents/Simon-OB/%E6%9C%AC%E4%BD%93%E8%AE%BA/base/%E5%8D%8A%E5%AF%BC%E4%BD%93/SEMI_WFF_2026_1Q.xlsx
UniCompound Semiconductor Corporation - GaAs fab project capital expenditure (SEMI WFF),,资本开支,SEMI WFF 工厂级资本开支观测。,80,USD million,project,project_total_cost,中国,Discrete,/Users/simon/Documents/Simon-OB/本体论/base/半导体/SEMI_WFF_2026_1Q.xlsx,UniCompound Semiconductor Corporation,,,UniCompound Semiconductor Corporation - GaAs fab,5071,Company Detail,file:///Users/simon/Documents/Simon-OB/%E6%9C%AC%E4%BD%93%E8%AE%BA/base/%E5%8D%8A%E5%AF%BC%E4%BD%93/SEMI_WFF_2026_1Q.xlsx
Union Optronics Corporation - Yangmei fab project capital expenditure (SEMI WFF),,资本开支,SEMI WFF 工厂级资本开支观测。,25,USD million,project,project_total_cost,中国台湾,Opto,/Users/simon/Documents/Simon-OB/本体论/base/半导体/SEMI_WFF_2026_1Q.xlsx,Union Optronics Corporation,,,Union Optronics Corporation - Yangmei fab,3529,Company Detail,file:///Users/simon/Documents/Simon-OB/%E6%9C%AC%E4%BD%93%E8%AE%BA/base/%E5%8D%8A%E5%AF%BC%E4%BD%93/SEMI_WFF_2026_1Q.xlsx
Unisonic Technologies - Fushun Gaoxin Fab1 project capital expenditure (SEMI WFF),,资本开支,SEMI WFF 工厂级资本开支观测。,73,USD million,project,project_total_cost,中国,Discrete,/Users/simon/Documents/Simon-OB/本体论/base/半导体/SEMI_WFF_2026_1Q.xlsx,Unisonic Technologies,,,Unisonic Technologies - Fushun Gaoxin Fab1,6530,Project Spending,file:///Users/simon/Documents/Simon-OB/%E6%9C%AC%E4%BD%93%E8%AE%BA/base/%E5%8D%8A%E5%AF%BC%E4%BD%93/SEMI_WFF_2026_1Q.xlsx
"United Nova Technology (UNT, was SMEC, was SMIC Shaoxing) - Fab 1 (UNT Phase 1) project capital expenditure (SEMI WFF)",,资本开支,SEMI WFF 工厂级资本开支观测。,160,USD million,project,project_total_cost,中国,Discrete,/Users/simon/Documents/Simon-OB/本体论/base/半导体/SEMI_WFF_2026_1Q.xlsx,"United Nova Technology (UNT, was SMEC, was SMIC Shaoxing)",,,"United Nova Technology (UNT, was SMEC, was SMIC Shaoxing) - Fab 1 (UNT Phase 1)",5001,Project Spending,file:///Users/simon/Documents/Simon-OB/%E6%9C%AC%E4%BD%93%E8%AE%BA/base/%E5%8D%8A%E5%AF%BC%E4%BD%93/SEMI_WFF_2026_1Q.xlsx
University - Alberta - nanoFAB project capital expenditure (SEMI WFF),,资本开支,SEMI WFF 工厂级资本开支观测。,30,USD million,project,project_total_cost,美洲,MEMS,/Users/simon/Documents/Simon-OB/本体论/base/半导体/SEMI_WFF_2026_1Q.xlsx,University - Alberta,,,University - Alberta - nanoFAB,4960,Company Detail,file:///Users/simon/Documents/Simon-OB/%E6%9C%AC%E4%BD%93%E8%AE%BA/base/%E5%8D%8A%E5%AF%BC%E4%BD%93/SEMI_WFF_2026_1Q.xlsx
University - Bilkent (Ankara) - UNAM cleanroom facility (UCF) project capital expenditure (SEMI WFF),,资本开支,SEMI WFF 工厂级资本开支观测。,40,USD million,project,project_total_cost,Europe & Mideast,Other,/Users/simon/Documents/Simon-OB/本体论/base/半导体/SEMI_WFF_2026_1Q.xlsx,University - Bilkent (Ankara),,,University - Bilkent (Ankara) - UNAM cleanroom facility (UCF),3577,Company Detail,file:///Users/simon/Documents/Simon-OB/%E6%9C%AC%E4%BD%93%E8%AE%BA/base/%E5%8D%8A%E5%AF%BC%E4%BD%93/SEMI_WFF_2026_1Q.xlsx
"University - Cardiff University, School of Physics and Astronomy - Optoelectronics Cleanroom project capital expenditure (SEMI WFF)",,资本开支,SEMI WFF 工厂级资本开支观测。,8,USD million,project,project_total_cost,Europe & Mideast,Other,/Users/simon/Documents/Simon-OB/本体论/base/半导体/SEMI_WFF_2026_1Q.xlsx,"University - Cardiff University, School of Physics and Astronomy",,,"University - Cardiff University, School of Physics and Astronomy - Optoelectronics Cleanroom",3072,Company Detail,file:///Users/simon/Documents/Simon-OB/%E6%9C%AC%E4%BD%93%E8%AE%BA/base/%E5%8D%8A%E5%AF%BC%E4%BD%93/SEMI_WFF_2026_1Q.xlsx
University - Chalmers University of Technology - MC2 project capital expenditure (SEMI WFF),,资本开支,SEMI WFF 工厂级资本开支观测。,70,USD million,project,project_total_cost,Europe & Mideast,MEMS,/Users/simon/Documents/Simon-OB/本体论/base/半导体/SEMI_WFF_2026_1Q.xlsx,University - Chalmers University of Technology,,,University - Chalmers University of Technology - MC2,1728,Company Detail,file:///Users/simon/Documents/Simon-OB/%E6%9C%AC%E4%BD%93%E8%AE%BA/base/%E5%8D%8A%E5%AF%BC%E4%BD%93/SEMI_WFF_2026_1Q.xlsx
University - Cornell University - CNF at Duffield Hall project capital expenditure (SEMI WFF),,资本开支,SEMI WFF 工厂级资本开支观测。,280,USD million,project,project_total_cost,美洲,Other,/Users/simon/Documents/Simon-OB/本体论/base/半导体/SEMI_WFF_2026_1Q.xlsx,University - Cornell University,,,University - Cornell University - CNF at Duffield Hall,6378,Company Detail,file:///Users/simon/Documents/Simon-OB/%E6%9C%AC%E4%BD%93%E8%AE%BA/base/%E5%8D%8A%E5%AF%BC%E4%BD%93/SEMI_WFF_2026_1Q.xlsx
University - Louisiana State University - N/A project capital expenditure (SEMI WFF),,资本开支,SEMI WFF 工厂级资本开支观测。,25,USD million,project,project_total_cost,美洲,Other,/Users/simon/Documents/Simon-OB/本体论/base/半导体/SEMI_WFF_2026_1Q.xlsx,University - Louisiana State University,,,University - Louisiana State University - N/A,481,Company Detail,file:///Users/simon/Documents/Simon-OB/%E6%9C%AC%E4%BD%93%E8%AE%BA/base/%E5%8D%8A%E5%AF%BC%E4%BD%93/SEMI_WFF_2026_1Q.xlsx
University - Meiji University - Nano Technology Lab project capital expenditure (SEMI WFF),,资本开支,SEMI WFF 工厂级资本开支观测。,30,USD million,project,project_total_cost,日本,Other,/Users/simon/Documents/Simon-OB/本体论/base/半导体/SEMI_WFF_2026_1Q.xlsx,University - Meiji University,,,University - Meiji University - Nano Technology Lab,532,Company Detail,file:///Users/simon/Documents/Simon-OB/%E6%9C%AC%E4%BD%93%E8%AE%BA/base/%E5%8D%8A%E5%AF%BC%E4%BD%93/SEMI_WFF_2026_1Q.xlsx
University - MIT (Massachusetts Institute of Technology) - Microelectronics Laboratory (ML) project capital expenditure (SEMI WFF),,资本开支,SEMI WFF 工厂级资本开支观测。,75,USD million,project,project_total_cost,美洲,Other,/Users/simon/Documents/Simon-OB/本体论/base/半导体/SEMI_WFF_2026_1Q.xlsx,University - MIT (Massachusetts Institute of Technology),,,University - MIT (Massachusetts Institute of Technology) - Microelectronics Laboratory (ML),566,Company Detail,file:///Users/simon/Documents/Simon-OB/%E6%9C%AC%E4%BD%93%E8%AE%BA/base/%E5%8D%8A%E5%AF%BC%E4%BD%93/SEMI_WFF_2026_1Q.xlsx
University - MIT (Massachusetts Institute of Technology) - CSL-MIF (Compound Semiconductor Lab / Microelectronics IntegrationFacility) project capital expenditure (SEMI WFF),,资本开支,SEMI WFF 工厂级资本开支观测。,220,USD million,project,project_total_cost,美洲,Other,/Users/simon/Documents/Simon-OB/本体论/base/半导体/SEMI_WFF_2026_1Q.xlsx,University - MIT (Massachusetts Institute of Technology),,,University - MIT (Massachusetts Institute of Technology) - CSL-MIF (Compound Semiconductor Lab / Microelectronics IntegrationFacility),4995,Project Spending,file:///Users/simon/Documents/Simon-OB/%E6%9C%AC%E4%BD%93%E8%AE%BA/base/%E5%8D%8A%E5%AF%BC%E4%BD%93/SEMI_WFF_2026_1Q.xlsx
University - Penn State - Nanofab project capital expenditure (SEMI WFF),,资本开支,SEMI WFF 工厂级资本开支观测。,35,USD million,project,project_total_cost,美洲,Other,/Users/simon/Documents/Simon-OB/本体论/base/半导体/SEMI_WFF_2026_1Q.xlsx,University - Penn State,,,University - Penn State - Nanofab,3506,Company Detail,file:///Users/simon/Documents/Simon-OB/%E6%9C%AC%E4%BD%93%E8%AE%BA/base/%E5%8D%8A%E5%AF%BC%E4%BD%93/SEMI_WFF_2026_1Q.xlsx
University - Politecnico di Milano - PoliFab 150mm (micro and nano technology center) project capital expenditure (SEMI WFF),,资本开支,SEMI WFF 工厂级资本开支观测。,6.7,USD million,project,project_total_cost,Europe & Mideast,Other,/Users/simon/Documents/Simon-OB/本体论/base/半导体/SEMI_WFF_2026_1Q.xlsx,University - Politecnico di Milano,,,University - Politecnico di Milano - PoliFab 150mm (micro and nano technology center),6231,Company Detail,file:///Users/simon/Documents/Simon-OB/%E6%9C%AC%E4%BD%93%E8%AE%BA/base/%E5%8D%8A%E5%AF%BC%E4%BD%93/SEMI_WFF_2026_1Q.xlsx
University - Politecnico di Milano - Research Center for Advanced Sensors project capital expenditure (SEMI WFF),,资本开支,SEMI WFF 工厂级资本开支观测。,23,USD million,project,project_total_cost,Europe & Mideast,MEMS,/Users/simon/Documents/Simon-OB/本体论/base/半导体/SEMI_WFF_2026_1Q.xlsx,University - Politecnico di Milano,,,University - Politecnico di Milano - Research Center for Advanced Sensors,6232,Company Detail,file:///Users/simon/Documents/Simon-OB/%E6%9C%AC%E4%BD%93%E8%AE%BA/base/%E5%8D%8A%E5%AF%BC%E4%BD%93/SEMI_WFF_2026_1Q.xlsx
University - Purdue - Scifres Nanofabrication Laboratory (SNL) project capital expenditure (SEMI WFF),,资本开支,SEMI WFF 工厂级资本开支观测。,95,USD million,project,project_total_cost,美洲,Other,/Users/simon/Documents/Simon-OB/本体论/base/半导体/SEMI_WFF_2026_1Q.xlsx,University - Purdue,,,University - Purdue - Scifres Nanofabrication Laboratory (SNL),3507,Company Detail,file:///Users/simon/Documents/Simon-OB/%E6%9C%AC%E4%BD%93%E8%AE%BA/base/%E5%8D%8A%E5%AF%BC%E4%BD%93/SEMI_WFF_2026_1Q.xlsx
University - Ritsumeikan University - 研发 project capital expenditure (SEMI WFF),,资本开支,SEMI WFF 工厂级资本开支观测。,30,USD million,project,project_total_cost,日本,MEMS,/Users/simon/Documents/Simon-OB/本体论/base/半导体/SEMI_WFF_2026_1Q.xlsx,University - Ritsumeikan University,,,University - Ritsumeikan University - 研发,835,Company Detail,file:///Users/simon/Documents/Simon-OB/%E6%9C%AC%E4%BD%93%E8%AE%BA/base/%E5%8D%8A%E5%AF%BC%E4%BD%93/SEMI_WFF_2026_1Q.xlsx
University - Technical University of Braunschweig - N/A project capital expenditure (SEMI WFF),,资本开支,SEMI WFF 工厂级资本开支观测。,45,USD million,project,project_total_cost,Europe & Mideast,Other,/Users/simon/Documents/Simon-OB/本体论/base/半导体/SEMI_WFF_2026_1Q.xlsx,University - Technical University of Braunschweig,,,University - Technical University of Braunschweig - N/A,3596,Company Detail,file:///Users/simon/Documents/Simon-OB/%E6%9C%AC%E4%BD%93%E8%AE%BA/base/%E5%8D%8A%E5%AF%BC%E4%BD%93/SEMI_WFF_2026_1Q.xlsx
University - Technical University of Denmark - Danchip project capital expenditure (SEMI WFF),,资本开支,SEMI WFF 工厂级资本开支观测。,30,USD million,project,project_total_cost,Europe & Mideast,MEMS,/Users/simon/Documents/Simon-OB/本体论/base/半导体/SEMI_WFF_2026_1Q.xlsx,University - Technical University of Denmark,,,University - Technical University of Denmark - Danchip,2158,Company Detail,file:///Users/simon/Documents/Simon-OB/%E6%9C%AC%E4%BD%93%E8%AE%BA/base/%E5%8D%8A%E5%AF%BC%E4%BD%93/SEMI_WFF_2026_1Q.xlsx
University - Tohoku University - Center for Integrated NanoTechnology Support project capital expenditure (SEMI WFF),,资本开支,SEMI WFF 工厂级资本开支观测。,70,USD million,project,project_total_cost,日本,Other,/Users/simon/Documents/Simon-OB/本体论/base/半导体/SEMI_WFF_2026_1Q.xlsx,University - Tohoku University,,,University - Tohoku University - Center for Integrated NanoTechnology Support,1093,Company Detail,file:///Users/simon/Documents/Simon-OB/%E6%9C%AC%E4%BD%93%E8%AE%BA/base/%E5%8D%8A%E5%AF%BC%E4%BD%93/SEMI_WFF_2026_1Q.xlsx
University - Tohoku University - GINTI project capital expenditure (SEMI WFF),,资本开支,SEMI WFF 工厂级资本开支观测。,35,USD million,project,project_total_cost,日本,Other,/Users/simon/Documents/Simon-OB/本体论/base/半导体/SEMI_WFF_2026_1Q.xlsx,University - Tohoku University,,,University - Tohoku University - GINTI,3606,Company Detail,file:///Users/simon/Documents/Simon-OB/%E6%9C%AC%E4%BD%93%E8%AE%BA/base/%E5%8D%8A%E5%AF%BC%E4%BD%93/SEMI_WFF_2026_1Q.xlsx
University - Tsing Hua University - N/A project capital expenditure (SEMI WFF),,资本开支,SEMI WFF 工厂级资本开支观测。,8,USD million,project,project_total_cost,中国,Other,/Users/simon/Documents/Simon-OB/本体论/base/半导体/SEMI_WFF_2026_1Q.xlsx,University - Tsing Hua University,,,University - Tsing Hua University - N/A,1145,Company Detail,file:///Users/simon/Documents/Simon-OB/%E6%9C%AC%E4%BD%93%E8%AE%BA/base/%E5%8D%8A%E5%AF%BC%E4%BD%93/SEMI_WFF_2026_1Q.xlsx
University - Vanderbilt University - VINSE (Vanderbilt Institute of Nanoscale Science and Engineering) project capital expenditure (SEMI WFF),,资本开支,SEMI WFF 工厂级资本开支观测。,20,USD million,project,project_total_cost,美洲,Opto,/Users/simon/Documents/Simon-OB/本体论/base/半导体/SEMI_WFF_2026_1Q.xlsx,University - Vanderbilt University,,,University - Vanderbilt University - VINSE (Vanderbilt Institute of Nanoscale Science and Engineering),5040,Company Detail,file:///Users/simon/Documents/Simon-OB/%E6%9C%AC%E4%BD%93%E8%AE%BA/base/%E5%8D%8A%E5%AF%BC%E4%BD%93/SEMI_WFF_2026_1Q.xlsx
University of California at Berkeley - Marvell Nanolab project capital expenditure (SEMI WFF),,资本开支,SEMI WFF 工厂级资本开支观测。,30,USD million,project,project_total_cost,美洲,Other,/Users/simon/Documents/Simon-OB/本体论/base/半导体/SEMI_WFF_2026_1Q.xlsx,University of California at Berkeley,,,University of California at Berkeley - Marvell Nanolab,3027,Company Detail,file:///Users/simon/Documents/Simon-OB/%E6%9C%AC%E4%BD%93%E8%AE%BA/base/%E5%8D%8A%E5%AF%BC%E4%BD%93/SEMI_WFF_2026_1Q.xlsx
University of Glasgow - James Watt Nanofabrication Centre project capital expenditure (SEMI WFF),,资本开支,SEMI WFF 工厂级资本开支观测。,40,USD million,project,project_total_cost,Europe & Mideast,Other,/Users/simon/Documents/Simon-OB/本体论/base/半导体/SEMI_WFF_2026_1Q.xlsx,University of Glasgow,,,University of Glasgow - James Watt Nanofabrication Centre,3594,Company Detail,file:///Users/simon/Documents/Simon-OB/%E6%9C%AC%E4%BD%93%E8%AE%BA/base/%E5%8D%8A%E5%AF%BC%E4%BD%93/SEMI_WFF_2026_1Q.xlsx
University of Illinois at Urbana-Champaign - Nano Lab - ECE Illinois project capital expenditure (SEMI WFF),,资本开支,SEMI WFF 工厂级资本开支观测。,12,USD million,project,project_total_cost,美洲,Other,/Users/simon/Documents/Simon-OB/本体论/base/半导体/SEMI_WFF_2026_1Q.xlsx,University of Illinois at Urbana-Champaign,,,University of Illinois at Urbana-Champaign - Nano Lab - ECE Illinois,3841,Company Detail,file:///Users/simon/Documents/Simon-OB/%E6%9C%AC%E4%BD%93%E8%AE%BA/base/%E5%8D%8A%E5%AF%BC%E4%BD%93/SEMI_WFF_2026_1Q.xlsx
University of Michigan - LNF (Lurie Nanofabrication Facility) project capital expenditure (SEMI WFF),,资本开支,SEMI WFF 工厂级资本开支观测。,33,USD million,project,project_total_cost,美洲,Other,/Users/simon/Documents/Simon-OB/本体论/base/半导体/SEMI_WFF_2026_1Q.xlsx,University of Michigan,,,University of Michigan - LNF (Lurie Nanofabrication Facility),3918,Company Detail,file:///Users/simon/Documents/Simon-OB/%E6%9C%AC%E4%BD%93%E8%AE%BA/base/%E5%8D%8A%E5%AF%BC%E4%BD%93/SEMI_WFF_2026_1Q.xlsx
University of Notre Dame - NDNF (Notre Dame Nanofab Facility) project capital expenditure (SEMI WFF),,资本开支,SEMI WFF 工厂级资本开支观测。,40,USD million,project,project_total_cost,美洲,Other,/Users/simon/Documents/Simon-OB/本体论/base/半导体/SEMI_WFF_2026_1Q.xlsx,University of Notre Dame,,,University of Notre Dame - NDNF (Notre Dame Nanofab Facility),3503,Company Detail,file:///Users/simon/Documents/Simon-OB/%E6%9C%AC%E4%BD%93%E8%AE%BA/base/%E5%8D%8A%E5%AF%BC%E4%BD%93/SEMI_WFF_2026_1Q.xlsx
University of Texas at Dallas - Cleanroom Research Laboratory project capital expenditure (SEMI WFF),,资本开支,SEMI WFF 工厂级资本开支观测。,35,USD million,project,project_total_cost,美洲,Other,/Users/simon/Documents/Simon-OB/本体论/base/半导体/SEMI_WFF_2026_1Q.xlsx,University of Texas at Dallas,,,University of Texas at Dallas - Cleanroom Research Laboratory,3504,Company Detail,file:///Users/simon/Documents/Simon-OB/%E6%9C%AC%E4%BD%93%E8%AE%BA/base/%E5%8D%8A%E5%AF%BC%E4%BD%93/SEMI_WFF_2026_1Q.xlsx
University of Tokyo - NANOBIC project capital expenditure (SEMI WFF),,资本开支,SEMI WFF 工厂级资本开支观测。,24.5,USD million,project,project_total_cost,日本,MEMS,/Users/simon/Documents/Simon-OB/本体论/base/半导体/SEMI_WFF_2026_1Q.xlsx,University of Tokyo,,,University of Tokyo - NANOBIC,3891,Company Detail,file:///Users/simon/Documents/Simon-OB/%E6%9C%AC%E4%BD%93%E8%AE%BA/base/%E5%8D%8A%E5%AF%BC%E4%BD%93/SEMI_WFF_2026_1Q.xlsx
University of Trondheim - NTNU NanoLab project capital expenditure (SEMI WFF),,资本开支,SEMI WFF 工厂级资本开支观测。,6,USD million,project,project_total_cost,Europe & Mideast,Other,/Users/simon/Documents/Simon-OB/本体论/base/半导体/SEMI_WFF_2026_1Q.xlsx,University of Trondheim,,,University of Trondheim - NTNU NanoLab,1173,Company Detail,file:///Users/simon/Documents/Simon-OB/%E6%9C%AC%E4%BD%93%E8%AE%BA/base/%E5%8D%8A%E5%AF%BC%E4%BD%93/SEMI_WFF_2026_1Q.xlsx
UTC Aerospace Systems - Goodrich Aerospace project capital expenditure (SEMI WFF),,资本开支,SEMI WFF 工厂级资本开支观测。,15,USD million,project,project_total_cost,美洲,MEMS,/Users/simon/Documents/Simon-OB/本体论/base/半导体/SEMI_WFF_2026_1Q.xlsx,UTC Aerospace Systems,,,UTC Aerospace Systems - Goodrich Aerospace,2285,Company Detail,file:///Users/simon/Documents/Simon-OB/%E6%9C%AC%E4%BD%93%E8%AE%BA/base/%E5%8D%8A%E5%AF%BC%E4%BD%93/SEMI_WFF_2026_1Q.xlsx
"UV Craftory Co., Ltd - Meijo University Lab project capital expenditure (SEMI WFF)",,资本开支,SEMI WFF 工厂级资本开支观测。,5,USD million,project,project_total_cost,日本,Opto,/Users/simon/Documents/Simon-OB/本体论/base/半导体/SEMI_WFF_2026_1Q.xlsx,"UV Craftory Co., Ltd",,,"UV Craftory Co., Ltd - Meijo University Lab",3621,Company Detail,file:///Users/simon/Documents/Simon-OB/%E6%9C%AC%E4%BD%93%E8%AE%BA/base/%E5%8D%8A%E5%AF%BC%E4%BD%93/SEMI_WFF_2026_1Q.xlsx
Vanguard International Semiconductor (VIS) - Fab VS1 (was GF Fab 3E) project capital expenditure (SEMI WFF),,资本开支,SEMI WFF 工厂级资本开支观测。,102,USD million,project,project_total_cost,SE Asia,MEMS,/Users/simon/Documents/Simon-OB/本体论/base/半导体/SEMI_WFF_2026_1Q.xlsx,Vanguard International Semiconductor (VIS),,,Vanguard International Semiconductor (VIS) - Fab VS1 (was GF Fab 3E),1377,Project Spending,file:///Users/simon/Documents/Simon-OB/%E6%9C%AC%E4%BD%93%E8%AE%BA/base/%E5%8D%8A%E5%AF%BC%E4%BD%93/SEMI_WFF_2026_1Q.xlsx
Vanguard International Semiconductor (VIS) - VSMC (VIS & NXP JV) project capital expenditure (SEMI WFF),,资本开支,SEMI WFF 工厂级资本开支观测。,6025,USD million,project,project_total_cost,SE Asia,Analog,/Users/simon/Documents/Simon-OB/本体论/base/半导体/SEMI_WFF_2026_1Q.xlsx,Vanguard International Semiconductor (VIS),,,Vanguard International Semiconductor (VIS) - VSMC (VIS & NXP JV),1731,Project Spending,file:///Users/simon/Documents/Simon-OB/%E6%9C%AC%E4%BD%93%E8%AE%BA/base/%E5%8D%8A%E5%AF%BC%E4%BD%93/SEMI_WFF_2026_1Q.xlsx
Vedanta - Dholera Wafer Fab project capital expenditure (SEMI WFF),,资本开支,SEMI WFF 工厂级资本开支观测。,6460,USD million,project,project_total_cost,SE Asia,Logic&Micro,/Users/simon/Documents/Simon-OB/本体论/base/半导体/SEMI_WFF_2026_1Q.xlsx,Vedanta,,,Vedanta - Dholera Wafer Fab,6453,Project Spending,file:///Users/simon/Documents/Simon-OB/%E6%9C%AC%E4%BD%93%E8%AE%BA/base/%E5%8D%8A%E5%AF%BC%E4%BD%93/SEMI_WFF_2026_1Q.xlsx
"Visual Photonics Epitaxy Co., Ltd. - Pingzhen fab 2 project capital expenditure (SEMI WFF)",,资本开支,SEMI WFF 工厂级资本开支观测。,70,USD million,project,project_total_cost,中国台湾,EPI,/Users/simon/Documents/Simon-OB/本体论/base/半导体/SEMI_WFF_2026_1Q.xlsx,"Visual Photonics Epitaxy Co., Ltd.",,,"Visual Photonics Epitaxy Co., Ltd. - Pingzhen fab 2",4994,Company Detail,file:///Users/simon/Documents/Simon-OB/%E6%9C%AC%E4%BD%93%E8%AE%BA/base/%E5%8D%8A%E5%AF%BC%E4%BD%93/SEMI_WFF_2026_1Q.xlsx
Walsin Lihwa - Yang Mei Plant project capital expenditure (SEMI WFF),,资本开支,SEMI WFF 工厂级资本开支观测。,15,USD million,project,project_total_cost,中国台湾,Opto,/Users/simon/Documents/Simon-OB/本体论/base/半导体/SEMI_WFF_2026_1Q.xlsx,Walsin Lihwa,,,Walsin Lihwa - Yang Mei Plant,3238,Company Detail,file:///Users/simon/Documents/Simon-OB/%E6%9C%AC%E4%BD%93%E8%AE%BA/base/%E5%8D%8A%E5%AF%BC%E4%BD%93/SEMI_WFF_2026_1Q.xlsx
Western Digital - San Jose project capital expenditure (SEMI WFF),,资本开支,SEMI WFF 工厂级资本开支观测。,85,USD million,project,project_total_cost,美洲,MEMS,/Users/simon/Documents/Simon-OB/本体论/base/半导体/SEMI_WFF_2026_1Q.xlsx,Western Digital,,,Western Digital - San Jose,4940,Company Detail,file:///Users/simon/Documents/Simon-OB/%E6%9C%AC%E4%BD%93%E8%AE%BA/base/%E5%8D%8A%E5%AF%BC%E4%BD%93/SEMI_WFF_2026_1Q.xlsx
Win Semiconductor Corp. - Fab B project capital expenditure (SEMI WFF),,资本开支,SEMI WFF 工厂级资本开支观测。,70,USD million,project,project_total_cost,中国台湾,Opto,/Users/simon/Documents/Simon-OB/本体论/base/半导体/SEMI_WFF_2026_1Q.xlsx,Win Semiconductor Corp.,,,Win Semiconductor Corp. - Fab B,3189,Company Detail,file:///Users/simon/Documents/Simon-OB/%E6%9C%AC%E4%BD%93%E8%AE%BA/base/%E5%8D%8A%E5%AF%BC%E4%BD%93/SEMI_WFF_2026_1Q.xlsx
Win Semiconductor Corp. - Fab A project capital expenditure (SEMI WFF),,资本开支,SEMI WFF 工厂级资本开支观测。,100,USD million,project,project_total_cost,中国台湾,Opto,/Users/simon/Documents/Simon-OB/本体论/base/半导体/SEMI_WFF_2026_1Q.xlsx,Win Semiconductor Corp.,,,Win Semiconductor Corp. - Fab A,1819,Company Detail,file:///Users/simon/Documents/Simon-OB/%E6%9C%AC%E4%BD%93%E8%AE%BA/base/%E5%8D%8A%E5%AF%BC%E4%BD%93/SEMI_WFF_2026_1Q.xlsx
Winbond Electronic Corporation - Lujhu fab (Phase 2) project capital expenditure (SEMI WFF),,资本开支,SEMI WFF 工厂级资本开支观测。,3875,USD million,project,project_total_cost,中国台湾,Memory,/Users/simon/Documents/Simon-OB/本体论/base/半导体/SEMI_WFF_2026_1Q.xlsx,Winbond Electronic Corporation,,,Winbond Electronic Corporation - Lujhu fab (Phase 2),5056,Project Spending,file:///Users/simon/Documents/Simon-OB/%E6%9C%AC%E4%BD%93%E8%AE%BA/base/%E5%8D%8A%E5%AF%BC%E4%BD%93/SEMI_WFF_2026_1Q.xlsx
Winbond Electronic Corporation - Lujhu fab (Phase 3) project capital expenditure (SEMI WFF),,资本开支,SEMI WFF 工厂级资本开支观测。,3850,USD million,project,project_total_cost,中国台湾,Memory,/Users/simon/Documents/Simon-OB/本体论/base/半导体/SEMI_WFF_2026_1Q.xlsx,Winbond Electronic Corporation,,,Winbond Electronic Corporation - Lujhu fab (Phase 3),5057,Company Detail,file:///Users/simon/Documents/Simon-OB/%E6%9C%AC%E4%BD%93%E8%AE%BA/base/%E5%8D%8A%E5%AF%BC%E4%BD%93/SEMI_WFF_2026_1Q.xlsx
Wingtech - Shanghai fab project capital expenditure (SEMI WFF),,资本开支,SEMI WFF 工厂级资本开支观测。,4336,USD million,project,project_total_cost,中国,Analog,/Users/simon/Documents/Simon-OB/本体论/base/半导体/SEMI_WFF_2026_1Q.xlsx,Wingtech,,,Wingtech - Shanghai fab,6166,Project Spending,file:///Users/simon/Documents/Simon-OB/%E6%9C%AC%E4%BD%93%E8%AE%BA/base/%E5%8D%8A%E5%AF%BC%E4%BD%93/SEMI_WFF_2026_1Q.xlsx
Wolfspeed - RTP Fab (150mm line) project capital expenditure (SEMI WFF),,资本开支,SEMI WFF 工厂级资本开支观测。,5,USD million,project,project_total_cost,美洲,Discrete,/Users/simon/Documents/Simon-OB/本体论/base/半导体/SEMI_WFF_2026_1Q.xlsx,Wolfspeed,,,Wolfspeed - RTP Fab (150mm line),3293,Company Detail,file:///Users/simon/Documents/Simon-OB/%E6%9C%AC%E4%BD%93%E8%AE%BA/base/%E5%8D%8A%E5%AF%BC%E4%BD%93/SEMI_WFF_2026_1Q.xlsx
Wolfspeed - Fab 1 (Intrinsic) project capital expenditure (SEMI WFF),,资本开支,SEMI WFF 工厂级资本开支观测。,10,USD million,project,project_total_cost,美洲,EPI,/Users/simon/Documents/Simon-OB/本体论/base/半导体/SEMI_WFF_2026_1Q.xlsx,Wolfspeed,,,Wolfspeed - Fab 1 (Intrinsic),2235,Company Detail,file:///Users/simon/Documents/Simon-OB/%E6%9C%AC%E4%BD%93%E8%AE%BA/base/%E5%8D%8A%E5%AF%BC%E4%BD%93/SEMI_WFF_2026_1Q.xlsx
"Wolfspeed - MVF Fab (was Mohawk Valley Fab, was SiC Fab or Utica Fab) project capital expenditure (SEMI WFF)",,资本开支,SEMI WFF 工厂级资本开支观测。,12.1,USD million,project,project_total_cost,美洲,Discrete,/Users/simon/Documents/Simon-OB/本体论/base/半导体/SEMI_WFF_2026_1Q.xlsx,Wolfspeed,,,"Wolfspeed - MVF Fab (was Mohawk Valley Fab, was SiC Fab or Utica Fab)",6130,Project Spending,file:///Users/simon/Documents/Simon-OB/%E6%9C%AC%E4%BD%93%E8%AE%BA/base/%E5%8D%8A%E5%AF%BC%E4%BD%93/SEMI_WFF_2026_1Q.xlsx
Wolfspeed - North Fab (Building 21) project capital expenditure (SEMI WFF),,资本开支,SEMI WFF 工厂级资本开支观测。,140,USD million,project,project_total_cost,美洲,Discrete,/Users/simon/Documents/Simon-OB/本体论/base/半导体/SEMI_WFF_2026_1Q.xlsx,Wolfspeed,,,Wolfspeed - North Fab (Building 21),5102,Company Detail,file:///Users/simon/Documents/Simon-OB/%E6%9C%AC%E4%BD%93%E8%AE%BA/base/%E5%8D%8A%E5%AF%BC%E4%BD%93/SEMI_WFF_2026_1Q.xlsx
Wolfspeed - Mega Fab Phase 2 for SiC 200mm (John Palmour Manufacturing Center) project capital expenditure (SEMI WFF),,资本开支,SEMI WFF 工厂级资本开支观测。,1700,USD million,project,project_total_cost,美洲,EPI,/Users/simon/Documents/Simon-OB/本体论/base/半导体/SEMI_WFF_2026_1Q.xlsx,Wolfspeed,,,Wolfspeed - Mega Fab Phase 2 for SiC 200mm (John Palmour Manufacturing Center),6478,Project Spending,file:///Users/simon/Documents/Simon-OB/%E6%9C%AC%E4%BD%93%E8%AE%BA/base/%E5%8D%8A%E5%AF%BC%E4%BD%93/SEMI_WFF_2026_1Q.xlsx
Wolfspeed - Mega Fab Phase 3 for SiC 200mm (John Palmour Manufacturing Center) project capital expenditure (SEMI WFF),,资本开支,SEMI WFF 工厂级资本开支观测。,1850,USD million,project,project_total_cost,美洲,EPI,/Users/simon/Documents/Simon-OB/本体论/base/半导体/SEMI_WFF_2026_1Q.xlsx,Wolfspeed,,,Wolfspeed - Mega Fab Phase 3 for SiC 200mm (John Palmour Manufacturing Center),6480,Company Detail,file:///Users/simon/Documents/Simon-OB/%E6%9C%AC%E4%BD%93%E8%AE%BA/base/%E5%8D%8A%E5%AF%BC%E4%BD%93/SEMI_WFF_2026_1Q.xlsx
Wolfspeed - Building 10 (SiC Materials Fab) project capital expenditure (SEMI WFF),,资本开支,SEMI WFF 工厂级资本开支观测。,490,USD million,project,project_total_cost,美洲,EPI,/Users/simon/Documents/Simon-OB/本体论/base/半导体/SEMI_WFF_2026_1Q.xlsx,Wolfspeed,,,Wolfspeed - Building 10 (SiC Materials Fab),6593,Company Detail,file:///Users/simon/Documents/Simon-OB/%E6%9C%AC%E4%BD%93%E8%AE%BA/base/%E5%8D%8A%E5%AF%BC%E4%BD%93/SEMI_WFF_2026_1Q.xlsx
Wuhan Chuxing Technology - Fab 2 project capital expenditure (SEMI WFF),,资本开支,SEMI WFF 工厂级资本开支观测。,8150,USD million,project,project_total_cost,中国,Opto,/Users/simon/Documents/Simon-OB/本体论/base/半导体/SEMI_WFF_2026_1Q.xlsx,Wuhan Chuxing Technology,,,Wuhan Chuxing Technology - Fab 2,6511,Project Spending,file:///Users/simon/Documents/Simon-OB/%E6%9C%AC%E4%BD%93%E8%AE%BA/base/%E5%8D%8A%E5%AF%BC%E4%BD%93/SEMI_WFF_2026_1Q.xlsx
Wuxi Bluestar Electronics Corporation - Fab 1 project capital expenditure (SEMI WFF),,资本开支,SEMI WFF 工厂级资本开支观测。,15,USD million,project,project_total_cost,中国,Opto,/Users/simon/Documents/Simon-OB/本体论/base/半导体/SEMI_WFF_2026_1Q.xlsx,Wuxi Bluestar Electronics Corporation,,,Wuxi Bluestar Electronics Corporation - Fab 1,3428,Company Detail,file:///Users/simon/Documents/Simon-OB/%E6%9C%AC%E4%BD%93%E8%AE%BA/base/%E5%8D%8A%E5%AF%BC%E4%BD%93/SEMI_WFF_2026_1Q.xlsx
Wuxi Bluestar Electronics Corporation - JV Fab project capital expenditure (SEMI WFF),,资本开支,SEMI WFF 工厂级资本开支观测。,20,USD million,project,project_total_cost,中国,Opto,/Users/simon/Documents/Simon-OB/本体论/base/半导体/SEMI_WFF_2026_1Q.xlsx,Wuxi Bluestar Electronics Corporation,,,Wuxi Bluestar Electronics Corporation - JV Fab,3436,Company Detail,file:///Users/simon/Documents/Simon-OB/%E6%9C%AC%E4%BD%93%E8%AE%BA/base/%E5%8D%8A%E5%AF%BC%E4%BD%93/SEMI_WFF_2026_1Q.xlsx
Xaar - Huntingdon fab project capital expenditure (SEMI WFF),,资本开支,SEMI WFF 工厂级资本开支观测。,20,USD million,project,project_total_cost,Europe & Mideast,MEMS,/Users/simon/Documents/Simon-OB/本体论/base/半导体/SEMI_WFF_2026_1Q.xlsx,Xaar,,,Xaar - Huntingdon fab,3861,Company Detail,file:///Users/simon/Documents/Simon-OB/%E6%9C%AC%E4%BD%93%E8%AE%BA/base/%E5%8D%8A%E5%AF%BC%E4%BD%93/SEMI_WFF_2026_1Q.xlsx
X-FAB Silicon Foundries - Erfurt MEMS (Fab4Micro) project capital expenditure (SEMI WFF),,资本开支,SEMI WFF 工厂级资本开支观测。,600,USD million,project,project_total_cost,Europe & Mideast,MEMS,/Users/simon/Documents/Simon-OB/本体论/base/半导体/SEMI_WFF_2026_1Q.xlsx,X-FAB Silicon Foundries,,,X-FAB Silicon Foundries - Erfurt MEMS (Fab4Micro),6692,Project Spending,file:///Users/simon/Documents/Simon-OB/%E6%9C%AC%E4%BD%93%E8%AE%BA/base/%E5%8D%8A%E5%AF%BC%E4%BD%93/SEMI_WFF_2026_1Q.xlsx
Xian University of Posts&Telecommunications - Compound R&D project capital expenditure (SEMI WFF),,资本开支,SEMI WFF 工厂级资本开支观测。,9,USD million,project,project_total_cost,中国,Other,/Users/simon/Documents/Simon-OB/本体论/base/半导体/SEMI_WFF_2026_1Q.xlsx,Xian University of Posts&Telecommunications,,,Xian University of Posts&Telecommunications - Compound R&D,6640,Company Detail,file:///Users/simon/Documents/Simon-OB/%E6%9C%AC%E4%BD%93%E8%AE%BA/base/%E5%8D%8A%E5%AF%BC%E4%BD%93/SEMI_WFF_2026_1Q.xlsx
"Xian Weiguang Science & Technology Co., Ltd - Factory 877 project capital expenditure (SEMI WFF)",,资本开支,SEMI WFF 工厂级资本开支观测。,16,USD million,project,project_total_cost,中国,Discrete,/Users/simon/Documents/Simon-OB/本体论/base/半导体/SEMI_WFF_2026_1Q.xlsx,"Xian Weiguang Science & Technology Co., Ltd",,,"Xian Weiguang Science & Technology Co., Ltd - Factory 877",1697,Company Detail,file:///Users/simon/Documents/Simon-OB/%E6%9C%AC%E4%BD%93%E8%AE%BA/base/%E5%8D%8A%E5%AF%BC%E4%BD%93/SEMI_WFF_2026_1Q.xlsx
"Xian Zoomview Optoelectronics and Technology Co., Ltd. - n/a project capital expenditure (SEMI WFF)",,资本开支,SEMI WFF 工厂级资本开支观测。,12,USD million,project,project_total_cost,中国,Opto,/Users/simon/Documents/Simon-OB/本体论/base/半导体/SEMI_WFF_2026_1Q.xlsx,"Xian Zoomview Optoelectronics and Technology Co., Ltd.",,,"Xian Zoomview Optoelectronics and Technology Co., Ltd. - n/a",3261,Company Detail,file:///Users/simon/Documents/Simon-OB/%E6%9C%AC%E4%BD%93%E8%AE%BA/base/%E5%8D%8A%E5%AF%BC%E4%BD%93/SEMI_WFF_2026_1Q.xlsx
Xiver - MiPlaza project capital expenditure (SEMI WFF),,资本开支,SEMI WFF 工厂级资本开支观测。,70,USD million,project,project_total_cost,Europe & Mideast,MEMS,/Users/simon/Documents/Simon-OB/本体论/base/半导体/SEMI_WFF_2026_1Q.xlsx,Xiver,,,Xiver - MiPlaza,2327,Company Detail,file:///Users/simon/Documents/Simon-OB/%E6%9C%AC%E4%BD%93%E8%AE%BA/base/%E5%8D%8A%E5%AF%BC%E4%BD%93/SEMI_WFF_2026_1Q.xlsx
"Xiyue Electronics Technology Co., Ltd. (XETC) - Fab 1 project capital expenditure (SEMI WFF)",,资本开支,SEMI WFF 工厂级资本开支观测。,96,USD million,project,project_total_cost,中国,Analog,/Users/simon/Documents/Simon-OB/本体论/base/半导体/SEMI_WFF_2026_1Q.xlsx,"Xiyue Electronics Technology Co., Ltd. (XETC)",,,"Xiyue Electronics Technology Co., Ltd. (XETC) - Fab 1",2258,Company Detail,file:///Users/simon/Documents/Simon-OB/%E6%9C%AC%E4%BD%93%E8%AE%BA/base/%E5%8D%8A%E5%AF%BC%E4%BD%93/SEMI_WFF_2026_1Q.xlsx
XMC - Fab 12C project capital expenditure (SEMI WFF),,资本开支,SEMI WFF 工厂级资本开支观测。,3570,USD million,project,project_total_cost,中国,Memory,/Users/simon/Documents/Simon-OB/本体论/base/半导体/SEMI_WFF_2026_1Q.xlsx,XMC,,,XMC - Fab 12C,6547,Project Spending,file:///Users/simon/Documents/Simon-OB/%E6%9C%AC%E4%BD%93%E8%AE%BA/base/%E5%8D%8A%E5%AF%BC%E4%BD%93/SEMI_WFF_2026_1Q.xlsx
"Yangzhou Genesis Microelectronics Co., Ltd - 4"" line project capital expenditure (SEMI WFF)",,资本开支,SEMI WFF 工厂级资本开支观测。,34,USD million,project,project_total_cost,中国,Discrete,/Users/simon/Documents/Simon-OB/本体论/base/半导体/SEMI_WFF_2026_1Q.xlsx,"Yangzhou Genesis Microelectronics Co., Ltd",,,"Yangzhou Genesis Microelectronics Co., Ltd - 4"" line",1215,Company Detail,file:///Users/simon/Documents/Simon-OB/%E6%9C%AC%E4%BD%93%E8%AE%BA/base/%E5%8D%8A%E5%AF%BC%E4%BD%93/SEMI_WFF_2026_1Q.xlsx
"Yangzhou Genesis Semiconductor Fabricate Co. Ltd - 4"" line project capital expenditure (SEMI WFF)",,资本开支,SEMI WFF 工厂级资本开支观测。,20,USD million,project,project_total_cost,中国,Discrete,/Users/simon/Documents/Simon-OB/本体论/base/半导体/SEMI_WFF_2026_1Q.xlsx,Yangzhou Genesis Semiconductor Fabricate Co. Ltd,,,"Yangzhou Genesis Semiconductor Fabricate Co. Ltd - 4"" line",3161,Company Detail,file:///Users/simon/Documents/Simon-OB/%E6%9C%AC%E4%BD%93%E8%AE%BA/base/%E5%8D%8A%E5%AF%BC%E4%BD%93/SEMI_WFF_2026_1Q.xlsx
"Yangzhou Genesis Semiconductor Fabricate Co. Ltd - 6"" line project capital expenditure (SEMI WFF)",,资本开支,SEMI WFF 工厂级资本开支观测。,30,USD million,project,project_total_cost,中国,Discrete,/Users/simon/Documents/Simon-OB/本体论/base/半导体/SEMI_WFF_2026_1Q.xlsx,Yangzhou Genesis Semiconductor Fabricate Co. Ltd,,,"Yangzhou Genesis Semiconductor Fabricate Co. Ltd - 6"" line",3162,Company Detail,file:///Users/simon/Documents/Simon-OB/%E6%9C%AC%E4%BD%93%E8%AE%BA/base/%E5%8D%8A%E5%AF%BC%E4%BD%93/SEMI_WFF_2026_1Q.xlsx
Yangzhou Yangjie Electronic Technology - Yixing line project capital expenditure (SEMI WFF),,资本开支,SEMI WFF 工厂级资本开支观测。,22,USD million,project,project_total_cost,中国,Discrete,/Users/simon/Documents/Simon-OB/本体论/base/半导体/SEMI_WFF_2026_1Q.xlsx,Yangzhou Yangjie Electronic Technology,,,Yangzhou Yangjie Electronic Technology - Yixing line,5065,Company Detail,file:///Users/simon/Documents/Simon-OB/%E6%9C%AC%E4%BD%93%E8%AE%BA/base/%E5%8D%8A%E5%AF%BC%E4%BD%93/SEMI_WFF_2026_1Q.xlsx
Yangzhou Yangjie Electronic Technology - Runau Line project capital expenditure (SEMI WFF),,资本开支,SEMI WFF 工厂级资本开支观测。,105,USD million,project,project_total_cost,中国,Discrete,/Users/simon/Documents/Simon-OB/本体论/base/半导体/SEMI_WFF_2026_1Q.xlsx,Yangzhou Yangjie Electronic Technology,,,Yangzhou Yangjie Electronic Technology - Runau Line,6571,Company Detail,file:///Users/simon/Documents/Simon-OB/%E6%9C%AC%E4%BD%93%E8%AE%BA/base/%E5%8D%8A%E5%AF%BC%E4%BD%93/SEMI_WFF_2026_1Q.xlsx
Yangzhou Yangjie Electronic Technology - Jiechuwei 6inch SiC line project capital expenditure (SEMI WFF),,资本开支,SEMI WFF 工厂级资本开支观测。,120,USD million,project,project_total_cost,中国,Discrete,/Users/simon/Documents/Simon-OB/本体论/base/半导体/SEMI_WFF_2026_1Q.xlsx,Yangzhou Yangjie Electronic Technology,,,Yangzhou Yangjie Electronic Technology - Jiechuwei 6inch SiC line,6573,Project Spending,file:///Users/simon/Documents/Simon-OB/%E6%9C%AC%E4%BD%93%E8%AE%BA/base/%E5%8D%8A%E5%AF%BC%E4%BD%93/SEMI_WFF_2026_1Q.xlsx
Yangzhou Zhongke Semiconductor Lighting Center Co. Ltd - Lighting center project capital expenditure (SEMI WFF),,资本开支,SEMI WFF 工厂级资本开支观测。,10,USD million,project,project_total_cost,中国,Opto,/Users/simon/Documents/Simon-OB/本体论/base/半导体/SEMI_WFF_2026_1Q.xlsx,Yangzhou Zhongke Semiconductor Lighting Center Co. Ltd,,,Yangzhou Zhongke Semiconductor Lighting Center Co. Ltd - Lighting center,3236,Company Detail,file:///Users/simon/Documents/Simon-OB/%E6%9C%AC%E4%BD%93%E8%AE%BA/base/%E5%8D%8A%E5%AF%BC%E4%BD%93/SEMI_WFF_2026_1Q.xlsx
Yea Shin Technology - Taoyuan fab project capital expenditure (SEMI WFF),,资本开支,SEMI WFF 工厂级资本开支观测。,40,USD million,project,project_total_cost,中国台湾,Discrete,/Users/simon/Documents/Simon-OB/本体论/base/半导体/SEMI_WFF_2026_1Q.xlsx,Yea Shin Technology,,,Yea Shin Technology - Taoyuan fab,6175,Company Detail,file:///Users/simon/Documents/Simon-OB/%E6%9C%AC%E4%BD%93%E8%AE%BA/base/%E5%8D%8A%E5%AF%BC%E4%BD%93/SEMI_WFF_2026_1Q.xlsx
YES PowerTechnix (YEST) - Research/Manufacturing Center 4-inch line project capital expenditure (SEMI WFF),,资本开支,SEMI WFF 工厂级资本开支观测。,8,USD million,project,project_total_cost,韩国,Discrete,/Users/simon/Documents/Simon-OB/本体论/base/半导体/SEMI_WFF_2026_1Q.xlsx,YES PowerTechnix (YEST),,,YES PowerTechnix (YEST) - Research/Manufacturing Center 4-inch line,6199,Company Detail,file:///Users/simon/Documents/Simon-OB/%E6%9C%AC%E4%BD%93%E8%AE%BA/base/%E5%8D%8A%E5%AF%BC%E4%BD%93/SEMI_WFF_2026_1Q.xlsx
"YMTC (Yangtze Memory Technology Co., Ltd.) - Fab C project capital expenditure (SEMI WFF)",,资本开支,SEMI WFF 工厂级资本开支观测。,9960,USD million,project,project_total_cost,中国,Memory,/Users/simon/Documents/Simon-OB/本体论/base/半导体/SEMI_WFF_2026_1Q.xlsx,"YMTC (Yangtze Memory Technology Co., Ltd.)",,,"YMTC (Yangtze Memory Technology Co., Ltd.) - Fab C",6637,Project Spending,file:///Users/simon/Documents/Simon-OB/%E6%9C%AC%E4%BD%93%E8%AE%BA/base/%E5%8D%8A%E5%AF%BC%E4%BD%93/SEMI_WFF_2026_1Q.xlsx
Yokogawa Electric - YMF Komagane plant project capital expenditure (SEMI WFF),,资本开支,SEMI WFF 工厂级资本开支观测。,8,USD million,project,project_total_cost,日本,MEMS,/Users/simon/Documents/Simon-OB/本体论/base/半导体/SEMI_WFF_2026_1Q.xlsx,Yokogawa Electric,,,Yokogawa Electric - YMF Komagane plant,1217,Company Detail,file:///Users/simon/Documents/Simon-OB/%E6%9C%AC%E4%BD%93%E8%AE%BA/base/%E5%8D%8A%E5%AF%BC%E4%BD%93/SEMI_WFF_2026_1Q.xlsx
Zensemi - Zensemi Fab1 project capital expenditure (SEMI WFF),,资本开支,SEMI WFF 工厂级资本开支观测。,2740,USD million,project,project_total_cost,中国,MEMS,/Users/simon/Documents/Simon-OB/本体论/base/半导体/SEMI_WFF_2026_1Q.xlsx,Zensemi,,,Zensemi - Zensemi Fab1,6492,Project Spending,file:///Users/simon/Documents/Simon-OB/%E6%9C%AC%E4%BD%93%E8%AE%BA/base/%E5%8D%8A%E5%AF%BC%E4%BD%93/SEMI_WFF_2026_1Q.xlsx
Zhejiang Starshine Semiconductor - Fab 1 project capital expenditure (SEMI WFF),,资本开支,SEMI WFF 工厂级资本开支观测。,120,USD million,project,project_total_cost,中国,MEMS,/Users/simon/Documents/Simon-OB/本体论/base/半导体/SEMI_WFF_2026_1Q.xlsx,Zhejiang Starshine Semiconductor,,,Zhejiang Starshine Semiconductor - Fab 1,6592,Project Spending,file:///Users/simon/Documents/Simon-OB/%E6%9C%AC%E4%BD%93%E8%AE%BA/base/%E5%8D%8A%E5%AF%BC%E4%BD%93/SEMI_WFF_2026_1Q.xlsx
Zhuhai Hauxin Microeletronics - HXM Fab1 project capital expenditure (SEMI WFF),,资本开支,SEMI WFF 工厂级资本开支观测。,440,USD million,project,project_total_cost,中国,Opto,/Users/simon/Documents/Simon-OB/本体论/base/半导体/SEMI_WFF_2026_1Q.xlsx,Zhuhai Hauxin Microeletronics,,,Zhuhai Hauxin Microeletronics - HXM Fab1,6597,Project Spending,file:///Users/simon/Documents/Simon-OB/%E6%9C%AC%E4%BD%93%E8%AE%BA/base/%E5%8D%8A%E5%AF%BC%E4%BD%93/SEMI_WFF_2026_1Q.xlsx
Zhuzhou CRRC Times Electric - Zhuzhou new 200mm line project capital expenditure (SEMI WFF),,资本开支,SEMI WFF 工厂级资本开支观测。,580,USD million,project,project_total_cost,中国,Discrete,/Users/simon/Documents/Simon-OB/本体论/base/半导体/SEMI_WFF_2026_1Q.xlsx,Zhuzhou CRRC Times Electric,,,Zhuzhou CRRC Times Electric - Zhuzhou new 200mm line,6401,Project Spending,file:///Users/simon/Documents/Simon-OB/%E6%9C%AC%E4%BD%93%E8%AE%BA/base/%E5%8D%8A%E5%AF%BC%E4%BD%93/SEMI_WFF_2026_1Q.xlsx
Zhuzhou CRRC Times Electric - 6-inch SiC Line project capital expenditure (SEMI WFF),,资本开支,SEMI WFF 工厂级资本开支观测。,6,USD million,project,project_total_cost,中国,Discrete,/Users/simon/Documents/Simon-OB/本体论/base/半导体/SEMI_WFF_2026_1Q.xlsx,Zhuzhou CRRC Times Electric,,,Zhuzhou CRRC Times Electric - 6-inch SiC Line,6271,Company Detail,file:///Users/simon/Documents/Simon-OB/%E6%9C%AC%E4%BD%93%E8%AE%BA/base/%E5%8D%8A%E5%AF%BC%E4%BD%93/SEMI_WFF_2026_1Q.xlsx
Zhuzhou CRRC Times Electric - 8-inch line project capital expenditure (SEMI WFF),,资本开支,SEMI WFF 工厂级资本开支观测。,14,USD million,project,project_total_cost,中国,Discrete,/Users/simon/Documents/Simon-OB/本体论/base/半导体/SEMI_WFF_2026_1Q.xlsx,Zhuzhou CRRC Times Electric,,,Zhuzhou CRRC Times Electric - 8-inch line,3403,Project Spending,file:///Users/simon/Documents/Simon-OB/%E6%9C%AC%E4%BD%93%E8%AE%BA/base/%E5%8D%8A%E5%AF%BC%E4%BD%93/SEMI_WFF_2026_1Q.xlsx
Zhuzhou CRRC Times Electric - 6-inch (Line 3) project capital expenditure (SEMI WFF),,资本开支,SEMI WFF 工厂级资本开支观测。,35,USD million,project,project_total_cost,中国,Discrete,/Users/simon/Documents/Simon-OB/本体论/base/半导体/SEMI_WFF_2026_1Q.xlsx,Zhuzhou CRRC Times Electric,,,Zhuzhou CRRC Times Electric - 6-inch (Line 3),3169,Company Detail,file:///Users/simon/Documents/Simon-OB/%E6%9C%AC%E4%BD%93%E8%AE%BA/base/%E5%8D%8A%E5%AF%BC%E4%BD%93/SEMI_WFF_2026_1Q.xlsx
Intel Corporation gross_capex_guidance FY2025 18.0 USD billion,,资本开支,gross_capex_guidance observation for CPU.,,,,,,,,,,,,,,https://www.intc.com/news-events/press-releases/detail/1745/intel-reports-second-quarter-2025-financial-results
Micron Technology Inc. capex FY2025 13.80 USD billion,,资本开支,capex observation for HBM.,,,,,,,,,,,,,,https://investors.micron.com/news-releases/news-release-details/micron-technology-inc-reports-results-fourth-quarter-and-full-8
Micron Technology Inc. capital_expenditure FY2025 13.80 USD billion,,资本开支,capital_expenditure observation for 资本开支.,,,,,,,,,,,,,,https://investors.micron.com/news-releases/news-release-details/micron-technology-inc-reports-results-fourth-quarter-and-full-8
Taiwan Semiconductor Manufacturing Company Limited capital_expenditure 4Q2025 11.5 USD billion,,资本开支,capital_expenditure observation for 资本开支.,,,,,,,,,,,,,,https://investor.tsmc.com/english/encrypt/files/encrypt_file/reports/2026-01/51d09df96cd89ac19d65af39032b038dc2896a24/TSMC%204Q25%20Transcript.pdf
Semiconductor Manufacturing International Corporation capital_expenditure FY2025 8.1 USD billion,,资本开支,capital_expenditure observation for 晶圆代工.,,,,,,,,,,,,,,https://finance.yahoo.com/news/smic-reports-60-7-increase-091651203.html
