sourceInstance,targetInstance,linkTypeName,sourceObjectType,targetObjectType,linkTypeCategory,source_url
ABB Semiconductor - Lenzburg 2 project capital expenditure (SEMI WFF),ABB Semiconductor - Lenzburg 2,资本开支统计对象晶圆制造工厂,资本开支,晶圆制造工厂,统计对象,SEMI_WFF_2026_1Q.xlsx#Company Detail
ABLIC Inc. - #A project capital expenditure (SEMI WFF),ABLIC Inc. - #A,资本开支统计对象晶圆制造工厂,资本开支,晶圆制造工厂,统计对象,SEMI_WFF_2026_1Q.xlsx#Company Detail
Acenpower - Acenpower 6-inch Line project capital expenditure (SEMI WFF),Acenpower - Acenpower 6-inch Line,资本开支统计对象晶圆制造工厂,资本开支,晶圆制造工厂,统计对象,SEMI_WFF_2026_1Q.xlsx#Company Detail
ACSMC - Fab 1 project capital expenditure (SEMI WFF),ACSMC - Fab 1,资本开支统计对象晶圆制造工厂,资本开支,晶圆制造工厂,统计对象,SEMI_WFF_2026_1Q.xlsx#Company Detail
Agiltron - Woburn (shared with Sensera) project capital expenditure (SEMI WFF),Agiltron - Woburn (shared with Sensera),资本开支统计对象晶圆制造工厂,资本开支,晶圆制造工厂,统计对象,SEMI_WFF_2026_1Q.xlsx#Company Detail
"Akoustis - STC-MEMS (was SUNY Poly, Infotonics)  former XEROX fab project capital expenditure (SEMI WFF)","Akoustis - STC-MEMS (was SUNY Poly, Infotonics)  former XEROX fab",资本开支统计对象晶圆制造工厂,资本开支,晶圆制造工厂,统计对象,SEMI_WFF_2026_1Q.xlsx#Company Detail
Alphion Corporation - Princeton Junction project capital expenditure (SEMI WFF),Alphion Corporation - Princeton Junction,资本开支统计对象晶圆制造工厂,资本开支,晶圆制造工厂,统计对象,SEMI_WFF_2026_1Q.xlsx#Company Detail
ams-OSRAM - AMS 200 (was ams AG) project capital expenditure (SEMI WFF),ams-OSRAM - AMS 200 (was ams AG),资本开支统计对象晶圆制造工厂,资本开支,晶圆制造工厂,统计对象,SEMI_WFF_2026_1Q.xlsx#Project Spending
ams-OSRAM - JTC NanoSpace (was ams AG) project capital expenditure (SEMI WFF),ams-OSRAM - JTC NanoSpace (was ams AG),资本开支统计对象晶圆制造工厂,资本开支,晶圆制造工厂,统计对象,SEMI_WFF_2026_1Q.xlsx#Company Detail
Angstrem - Angstrem Plus (Fab 0) (basic) project capital expenditure (SEMI WFF),Angstrem - Angstrem Plus (Fab 0) (basic),资本开支统计对象晶圆制造工厂,资本开支,晶圆制造工厂,统计对象,SEMI_WFF_2026_1Q.xlsx#Company Detail
Angstrem - Fab 1 project capital expenditure (SEMI WFF),Angstrem - Fab 1,资本开支统计对象晶圆制造工厂,资本开支,晶圆制造工厂,统计对象,SEMI_WFF_2026_1Q.xlsx#Company Detail
"Anhui Anxin Electronic Technology Co., Ltd. - Fab 2 (5inch) project capital expenditure (SEMI WFF)","Anhui Anxin Electronic Technology Co., Ltd. - Fab 2 (5inch)",资本开支统计对象晶圆制造工厂,资本开支,晶圆制造工厂,统计对象,SEMI_WFF_2026_1Q.xlsx#Project Spending
"Anhui Anxin Electronic Technology Co., Ltd. - Fab 3 (6inch line) project capital expenditure (SEMI WFF)","Anhui Anxin Electronic Technology Co., Ltd. - Fab 3 (6inch line)",资本开支统计对象晶圆制造工厂,资本开支,晶圆制造工厂,统计对象,SEMI_WFF_2026_1Q.xlsx#Project Spending
Anhui YOFC Advanced Semiconductor (YASC) - Wuhan Fab project capital expenditure (SEMI WFF),Anhui YOFC Advanced Semiconductor (YASC) - Wuhan Fab,资本开支统计对象晶圆制造工厂,资本开支,晶圆制造工厂,统计对象,SEMI_WFF_2026_1Q.xlsx#Project Spending
Anhui YOFC Advanced Semiconductor (YASC) - Wuhu Fab project capital expenditure (SEMI WFF),Anhui YOFC Advanced Semiconductor (YASC) - Wuhu Fab,资本开支统计对象晶圆制造工厂,资本开支,晶圆制造工厂,统计对象,SEMI_WFF_2026_1Q.xlsx#Company Detail
AOS - Chongqing fab (phase 2) project capital expenditure (SEMI WFF),AOS - Chongqing fab (phase 2),资本开支统计对象晶圆制造工厂,资本开支,晶圆制造工厂,统计对象,SEMI_WFF_2026_1Q.xlsx#Project Spending
Asahi Kasei Microdevices (AKM) - Fab 1 project capital expenditure (SEMI WFF),Asahi Kasei Microdevices (AKM) - Fab 1,资本开支统计对象晶圆制造工厂,资本开支,晶圆制造工厂,统计对象,SEMI_WFF_2026_1Q.xlsx#Company Detail
"Asahi Kasei Microdevices (AKM) - Fab 2 (8"" line) project capital expenditure (SEMI WFF)","Asahi Kasei Microdevices (AKM) - Fab 2 (8"" line)",资本开支统计对象晶圆制造工厂,资本开支,晶圆制造工厂,统计对象,SEMI_WFF_2026_1Q.xlsx#Project Spending
Asahi Kasei Microdevices (AKM) - Fab 3 project capital expenditure (SEMI WFF),Asahi Kasei Microdevices (AKM) - Fab 3,资本开支统计对象晶圆制造工厂,资本开支,晶圆制造工厂,统计对象,SEMI_WFF_2026_1Q.xlsx#Company Detail
"Asahi Kasei Microdevices (AKM) - Fab 2 (6"" line) project capital expenditure (SEMI WFF)","Asahi Kasei Microdevices (AKM) - Fab 2 (6"" line)",资本开支统计对象晶圆制造工厂,资本开支,晶圆制造工厂,统计对象,SEMI_WFF_2026_1Q.xlsx#Company Detail
"Asia Pacific Microsystems, Inc.  (APM) - Fab 1 project capital expenditure (SEMI WFF)","Asia Pacific Microsystems, Inc.  (APM) - Fab 1",资本开支统计对象晶圆制造工厂,资本开支,晶圆制造工厂,统计对象,SEMI_WFF_2026_1Q.xlsx#Company Detail
Atomica (was IMT Innovative Micro Technology) - 6-inch line project capital expenditure (SEMI WFF),Atomica (was IMT Innovative Micro Technology) - 6-inch line,资本开支统计对象晶圆制造工厂,资本开支,晶圆制造工厂,统计对象,SEMI_WFF_2026_1Q.xlsx#Company Detail
Atomica (was IMT Innovative Micro Technology) - 8-inch line project capital expenditure (SEMI WFF),Atomica (was IMT Innovative Micro Technology) - 8-inch line,资本开支统计对象晶圆制造工厂,资本开支,晶圆制造工厂,统计对象,SEMI_WFF_2026_1Q.xlsx#Company Detail
AUK Corporation - A 2 project capital expenditure (SEMI WFF),AUK Corporation - A 2,资本开支统计对象晶圆制造工厂,资本开支,晶圆制造工厂,统计对象,SEMI_WFF_2026_1Q.xlsx#Company Detail
AUK Corporation - D1 and D2 Lines project capital expenditure (SEMI WFF),AUK Corporation - D1 and D2 Lines,资本开支统计对象晶圆制造工厂,资本开支,晶圆制造工厂,统计对象,SEMI_WFF_2026_1Q.xlsx#Company Detail
AVIC Kaimai (Shanghai) - InSb Fab project capital expenditure (SEMI WFF),AVIC Kaimai (Shanghai) - InSb Fab,资本开支统计对象晶圆制造工厂,资本开支,晶圆制造工厂,统计对象,SEMI_WFF_2026_1Q.xlsx#Project Spending
AWSC (Advanced Wireless Semiconductor Co.) - Module 1 project capital expenditure (SEMI WFF),AWSC (Advanced Wireless Semiconductor Co.) - Module 1,资本开支统计对象晶圆制造工厂,资本开支,晶圆制造工厂,统计对象,SEMI_WFF_2026_1Q.xlsx#Company Detail
AWSC (Advanced Wireless Semiconductor Co.) - Module 2 project capital expenditure (SEMI WFF),AWSC (Advanced Wireless Semiconductor Co.) - Module 2,资本开支统计对象晶圆制造工厂,资本开支,晶圆制造工厂,统计对象,SEMI_WFF_2026_1Q.xlsx#Company Detail
BAE Systems - BAE Systems Imaging Solutions project capital expenditure (SEMI WFF),BAE Systems - BAE Systems Imaging Solutions,资本开支统计对象晶圆制造工厂,资本开支,晶圆制造工厂,统计对象,SEMI_WFF_2026_1Q.xlsx#Company Detail
BAE Systems - Advanced Microwave Products (AMP) Center project capital expenditure (SEMI WFF),BAE Systems - Advanced Microwave Products (AMP) Center,资本开支统计对象晶圆制造工厂,资本开支,晶圆制造工厂,统计对象,SEMI_WFF_2026_1Q.xlsx#Company Detail
Beijing MXTronics Corp. - Beijing fab project capital expenditure (SEMI WFF),Beijing MXTronics Corp. - Beijing fab,资本开支统计对象晶圆制造工厂,资本开支,晶圆制造工厂,统计对象,SEMI_WFF_2026_1Q.xlsx#Company Detail
Beijing Yandong (YDME) - new 300mm fab project capital expenditure (SEMI WFF),Beijing Yandong (YDME) - new 300mm fab,资本开支统计对象晶圆制造工厂,资本开支,晶圆制造工厂,统计对象,SEMI_WFF_2026_1Q.xlsx#Project Spending
"BelGaN (Belgium GaN) - Oudenaarde 8-inch (was OnSEMI, before that was AMI Fab 2) project capital expenditure (SEMI WFF)","BelGaN (Belgium GaN) - Oudenaarde 8-inch (was OnSEMI, before that was AMI Fab 2)",资本开支统计对象晶圆制造工厂,资本开支,晶圆制造工厂,统计对象,SEMI_WFF_2026_1Q.xlsx#Project Spending
Bi-CMOS Foundry - Bi-CMOS Foundry project capital expenditure (SEMI WFF),Bi-CMOS Foundry - Bi-CMOS Foundry,资本开支统计对象晶圆制造工厂,资本开支,晶圆制造工厂,统计对象,SEMI_WFF_2026_1Q.xlsx#Company Detail
Bosch - MEMS fab project capital expenditure (SEMI WFF),Bosch - MEMS fab,资本开支统计对象晶圆制造工厂,资本开支,晶圆制造工厂,统计对象,SEMI_WFF_2026_1Q.xlsx#Project Spending
Bosch - 200mm Wafer fab project capital expenditure (SEMI WFF),Bosch - 200mm Wafer fab,资本开支统计对象晶圆制造工厂,资本开支,晶圆制造工厂,统计对象,SEMI_WFF_2026_1Q.xlsx#Project Spending
Bosch - Phase C of expansion plan: 200mm line project capital expenditure (SEMI WFF),Bosch - Phase C of expansion plan: 200mm line,资本开支统计对象晶圆制造工厂,资本开支,晶圆制造工厂,统计对象,SEMI_WFF_2026_1Q.xlsx#Project Spending
Bosch - M-Line + K-Line (merged March 2023) project capital expenditure (SEMI WFF),Bosch - M-Line + K-Line (merged March 2023),资本开支统计对象晶圆制造工厂,资本开支,晶圆制造工厂,统计对象,SEMI_WFF_2026_1Q.xlsx#Project Spending
Bosch - 150mm SiC Line project capital expenditure (SEMI WFF),Bosch - 150mm SiC Line,资本开支统计对象晶圆制造工厂,资本开支,晶圆制造工厂,统计对象,SEMI_WFF_2026_1Q.xlsx#Project Spending
Bourns Ltd. - Fab 1 project capital expenditure (SEMI WFF),Bourns Ltd. - Fab 1,资本开支统计对象晶圆制造工厂,资本开支,晶圆制造工厂,统计对象,SEMI_WFF_2026_1Q.xlsx#Company Detail
Broadcom (was Avago) - 8-inch Lines combined fabs (B2+B3+B4)  (was B2 8-inch FBAR line (was Silicon processing + GaAs line) project capital expenditure (SEMI WFF),Broadcom (was Avago) - 8-inch Lines combined fabs (B2+B3+B4)  (was B2 8-inch FBAR line (was Silicon processing + GaAs line),资本开支统计对象晶圆制造工厂,资本开支,晶圆制造工厂,统计对象,SEMI_WFF_2026_1Q.xlsx#Project Spending
Broadcom (was Avago) - Avago Yishun project capital expenditure (SEMI WFF),Broadcom (was Avago) - Avago Yishun,资本开支统计对象晶圆制造工厂,资本开支,晶圆制造工厂,统计对象,SEMI_WFF_2026_1Q.xlsx#Company Detail
BYD Co. Ltd - Jinan fab (was Jinan Energen) project capital expenditure (SEMI WFF),BYD Co. Ltd - Jinan fab (was Jinan Energen),资本开支统计对象晶圆制造工厂,资本开支,晶圆制造工厂,统计对象,SEMI_WFF_2026_1Q.xlsx#Project Spending
BYD Co. Ltd - Changsha fab (new line in existing fab) project capital expenditure (SEMI WFF),BYD Co. Ltd - Changsha fab (new line in existing fab),资本开支统计对象晶圆制造工厂,资本开支,晶圆制造工厂,统计对象,SEMI_WFF_2026_1Q.xlsx#Project Spending
Cactus Materials - Wafer Processing Fab project capital expenditure (SEMI WFF),Cactus Materials - Wafer Processing Fab,资本开支统计对象晶圆制造工厂,资本开支,晶圆制造工厂,统计对象,SEMI_WFF_2026_1Q.xlsx#Project Spending
Canon - Ayase Plant project capital expenditure (SEMI WFF),Canon - Ayase Plant,资本开支统计对象晶圆制造工厂,资本开支,晶圆制造工厂,统计对象,SEMI_WFF_2026_1Q.xlsx#Company Detail
Canon - Oita plant project capital expenditure (SEMI WFF),Canon - Oita plant,资本开支统计对象晶圆制造工厂,资本开支,晶圆制造工厂,统计对象,SEMI_WFF_2026_1Q.xlsx#Company Detail
CanSemi - Cansemi Phase 4 project capital expenditure (SEMI WFF),CanSemi - Cansemi Phase 4,资本开支统计对象晶圆制造工厂,资本开支,晶圆制造工厂,统计对象,SEMI_WFF_2026_1Q.xlsx#Project Spending
Changzhou Chemsemi - Fab 2 (SAW Line) project capital expenditure (SEMI WFF),Changzhou Chemsemi - Fab 2 (SAW Line),资本开支统计对象晶圆制造工厂,资本开支,晶圆制造工厂,统计对象,SEMI_WFF_2026_1Q.xlsx#Project Spending
Changzhou Chemsemi - Fab 1 (VCSEL Line) project capital expenditure (SEMI WFF),Changzhou Chemsemi - Fab 1 (VCSEL Line),资本开支统计对象晶圆制造工厂,资本开支,晶圆制造工厂,统计对象,SEMI_WFF_2026_1Q.xlsx#Company Detail
Chengdu HiWafer Semiconductor - HiWafer fab project capital expenditure (SEMI WFF),Chengdu HiWafer Semiconductor - HiWafer fab,资本开支统计对象晶圆制造工厂,资本开支,晶圆制造工厂,统计对象,SEMI_WFF_2026_1Q.xlsx#Company Detail
Chongqing Xinling Microelectronics - Chongqing Fab project capital expenditure (SEMI WFF),Chongqing Xinling Microelectronics - Chongqing Fab,资本开支统计对象晶圆制造工厂,资本开支,晶圆制造工厂,统计对象,SEMI_WFF_2026_1Q.xlsx#Project Spending
Chunghwa Leading Photonics Tech (CLPT) - Yangmei fab project capital expenditure (SEMI WFF),Chunghwa Leading Photonics Tech (CLPT) - Yangmei fab,资本开支统计对象晶圆制造工厂,资本开支,晶圆制造工厂,统计对象,SEMI_WFF_2026_1Q.xlsx#Company Detail
Clas-SiC Wafer Fab - Lochgelly fab project capital expenditure (SEMI WFF),Clas-SiC Wafer Fab - Lochgelly fab,资本开支统计对象晶圆制造工厂,资本开支,晶圆制造工厂,统计对象,SEMI_WFF_2026_1Q.xlsx#Company Detail
"Coherent (was II-VI Incorporated) - Fremont (was Finisar, was Genoa) project capital expenditure (SEMI WFF)","Coherent (was II-VI Incorporated) - Fremont (was Finisar, was Genoa)",资本开支统计对象晶圆制造工厂,资本开支,晶圆制造工厂,统计对象,SEMI_WFF_2026_1Q.xlsx#Company Detail
"Coherent (was II-VI Incorporated) - Sherman (was Finisar, was MEMC) project capital expenditure (SEMI WFF)","Coherent (was II-VI Incorporated) - Sherman (was Finisar, was MEMC)",资本开支统计对象晶圆制造工厂,资本开支,晶圆制造工厂,统计对象,SEMI_WFF_2026_1Q.xlsx#Project Spending
Coherent (was II-VI Incorporated) - Zurich project capital expenditure (SEMI WFF),Coherent (was II-VI Incorporated) - Zurich,资本开支统计对象晶圆制造工厂,资本开支,晶圆制造工厂,统计对象,SEMI_WFF_2026_1Q.xlsx#Company Detail
Coherent (was II-VI Incorporated) - Anadigics GaAs fab project capital expenditure (SEMI WFF),Coherent (was II-VI Incorporated) - Anadigics GaAs fab,资本开支统计对象晶圆制造工厂,资本开支,晶圆制造工厂,统计对象,SEMI_WFF_2026_1Q.xlsx#Company Detail
Coherent (was II-VI Incorporated) - Project Device Fab project capital expenditure (SEMI WFF),Coherent (was II-VI Incorporated) - Project Device Fab,资本开支统计对象晶圆制造工厂,资本开支,晶圆制造工厂,统计对象,SEMI_WFF_2026_1Q.xlsx#Project Spending
Colibrys Sa - N/A project capital expenditure (SEMI WFF),Colibrys Sa - N/A,资本开支统计对象晶圆制造工厂,资本开支,晶圆制造工厂,统计对象,SEMI_WFF_2026_1Q.xlsx#Company Detail
Compound Photonics - Madison fab project capital expenditure (SEMI WFF),Compound Photonics - Madison fab,资本开支统计对象晶圆制造工厂,资本开支,晶圆制造工厂,统计对象,SEMI_WFF_2026_1Q.xlsx#Company Detail
CR Microelectronics - Fab 2 project capital expenditure (SEMI WFF),CR Microelectronics - Fab 2,资本开支统计对象晶圆制造工厂,资本开支,晶圆制造工厂,统计对象,SEMI_WFF_2026_1Q.xlsx#Project Spending
CR Microelectronics - Skysilicon (was ProMoS) project capital expenditure (SEMI WFF),CR Microelectronics - Skysilicon (was ProMoS),资本开支统计对象晶圆制造工厂,资本开支,晶圆制造工厂,统计对象,SEMI_WFF_2026_1Q.xlsx#Project Spending
CR Microelectronics - New 200mm line project capital expenditure (SEMI WFF),CR Microelectronics - New 200mm line,资本开支统计对象晶圆制造工厂,资本开支,晶圆制造工厂,统计对象,SEMI_WFF_2026_1Q.xlsx#Project Spending
Crocus Nano Electronics (CNE) - MRAM Fab project capital expenditure (SEMI WFF),Crocus Nano Electronics (CNE) - MRAM Fab,资本开支统计对象晶圆制造工厂,资本开支,晶圆制造工厂,统计对象,SEMI_WFF_2026_1Q.xlsx#Company Detail
CST Global - Hamilton fab (former Intense) project capital expenditure (SEMI WFF),CST Global - Hamilton fab (former Intense),资本开支统计对象晶圆制造工厂,资本开支,晶圆制造工厂,统计对象,SEMI_WFF_2026_1Q.xlsx#Company Detail
CXMT (ChangXin Memory Technologies) - CXMT Beijing Fab 3 project capital expenditure (SEMI WFF),CXMT (ChangXin Memory Technologies) - CXMT Beijing Fab 3,资本开支统计对象晶圆制造工厂,资本开支,晶圆制造工厂,统计对象,SEMI_WFF_2026_1Q.xlsx#Project Spending
CXMT (ChangXin Memory Technologies) - CXMT Shanghai Fab 1 project capital expenditure (SEMI WFF),CXMT (ChangXin Memory Technologies) - CXMT Shanghai Fab 1,资本开支统计对象晶圆制造工厂,资本开支,晶圆制造工厂,统计对象,SEMI_WFF_2026_1Q.xlsx#Project Spending
"Dai Nippon Printing Co., Ltd - MEMS fab project capital expenditure (SEMI WFF)","Dai Nippon Printing Co., Ltd - MEMS fab",资本开支统计对象晶圆制造工厂,资本开支,晶圆制造工厂,统计对象,SEMI_WFF_2026_1Q.xlsx#Company Detail
Dalian Universal Semiconductors - Zhuanghe fab project capital expenditure (SEMI WFF),Dalian Universal Semiconductors - Zhuanghe fab,资本开支统计对象晶圆制造工厂,资本开支,晶圆制造工厂,统计对象,SEMI_WFF_2026_1Q.xlsx#Company Detail
DB HiTek (was Dongbu Hi Tek) - Fab 1 project capital expenditure (SEMI WFF),DB HiTek (was Dongbu Hi Tek) - Fab 1,资本开支统计对象晶圆制造工厂,资本开支,晶圆制造工厂,统计对象,SEMI_WFF_2026_1Q.xlsx#Project Spending
DB HiTek (was Dongbu Hi Tek) - Fab 2 SiC Line project capital expenditure (SEMI WFF),DB HiTek (was Dongbu Hi Tek) - Fab 2 SiC Line,资本开支统计对象晶圆制造工厂,资本开支,晶圆制造工厂,统计对象,SEMI_WFF_2026_1Q.xlsx#Project Spending
Defense Microelectronics Activity (DMEA) - ARMS (Bldg 620) project capital expenditure (SEMI WFF),Defense Microelectronics Activity (DMEA) - ARMS (Bldg 620),资本开支统计对象晶圆制造工厂,资本开支,晶圆制造工厂,统计对象,SEMI_WFF_2026_1Q.xlsx#Company Detail
DenseLight Semiconductors - Fab 1 project capital expenditure (SEMI WFF),DenseLight Semiconductors - Fab 1,资本开支统计对象晶圆制造工厂,资本开支,晶圆制造工厂,统计对象,SEMI_WFF_2026_1Q.xlsx#Company Detail
Denso Corporation - Kota (200mm) project capital expenditure (SEMI WFF),Denso Corporation - Kota (200mm),资本开支统计对象晶圆制造工厂,资本开支,晶圆制造工厂,统计对象,SEMI_WFF_2026_1Q.xlsx#Company Detail
Denso Corporation - Kota (#705 & #702) project capital expenditure (SEMI WFF),Denso Corporation - Kota (#705 & #702),资本开支统计对象晶圆制造工厂,资本开支,晶圆制造工厂,统计对象,SEMI_WFF_2026_1Q.xlsx#Company Detail
Denso Corporation - Building A (was Toyota Industries Corp) project capital expenditure (SEMI WFF),Denso Corporation - Building A (was Toyota Industries Corp),资本开支统计对象晶圆制造工厂,资本开支,晶圆制造工厂,统计对象,SEMI_WFF_2026_1Q.xlsx#Company Detail
Denso Corporation - Building B (was Toyota Industries Corp) project capital expenditure (SEMI WFF),Denso Corporation - Building B (was Toyota Industries Corp),资本开支统计对象晶圆制造工厂,资本开支,晶圆制造工厂,统计对象,SEMI_WFF_2026_1Q.xlsx#Company Detail
Denso Corporation - SiC R&D fab (was Toyota Industries Corp) project capital expenditure (SEMI WFF),Denso Corporation - SiC R&D fab (was Toyota Industries Corp),资本开支统计对象晶圆制造工厂,资本开支,晶圆制造工厂,统计对象,SEMI_WFF_2026_1Q.xlsx#Company Detail
"Denso Corporation - HQ 5"" fab project capital expenditure (SEMI WFF)","Denso Corporation - HQ 5"" fab",资本开支统计对象晶圆制造工厂,资本开支,晶圆制造工厂,统计对象,SEMI_WFF_2026_1Q.xlsx#Company Detail
Denso Corporation - Denso Iwate (was Fujitsu) project capital expenditure (SEMI WFF),Denso Corporation - Denso Iwate (was Fujitsu),资本开支统计对象晶圆制造工厂,资本开支,晶圆制造工厂,统计对象,SEMI_WFF_2026_1Q.xlsx#Project Spending
DiCon - Richmond HQ project capital expenditure (SEMI WFF),DiCon - Richmond HQ,资本开支统计对象晶圆制造工厂,资本开支,晶圆制造工厂,统计对象,SEMI_WFF_2026_1Q.xlsx#Company Detail
Diodes Inc. - Zizhu Fab 1 (8-inch line) project capital expenditure (SEMI WFF),Diodes Inc. - Zizhu Fab 1 (8-inch line),资本开支统计对象晶圆制造工厂,资本开支,晶圆制造工厂,统计对象,SEMI_WFF_2026_1Q.xlsx#Project Spending
"Diodes Inc. - G Fab (8-inch line) (was TI, was National Semi_ project capital expenditure (SEMI WFF)","Diodes Inc. - G Fab (8-inch line) (was TI, was National Semi_",资本开支统计对象晶圆制造工厂,资本开支,晶圆制造工厂,统计对象,SEMI_WFF_2026_1Q.xlsx#Company Detail
"Diodes Inc. - G Fab (6-inch line) (was TI, was National Semi_ project capital expenditure (SEMI WFF)","Diodes Inc. - G Fab (6-inch line) (was TI, was National Semi_",资本开支统计对象晶圆制造工厂,资本开支,晶圆制造工厂,统计对象,SEMI_WFF_2026_1Q.xlsx#Company Detail
Diodes Inc. - Fab 2 (former BCD) project capital expenditure (SEMI WFF),Diodes Inc. - Fab 2 (former BCD),资本开支统计对象晶圆制造工厂,资本开支,晶圆制造工厂,统计对象,SEMI_WFF_2026_1Q.xlsx#Company Detail
Diodes Inc. - Manchester Fab project capital expenditure (SEMI WFF),Diodes Inc. - Manchester Fab,资本开支统计对象晶圆制造工厂,资本开支,晶圆制造工厂,统计对象,SEMI_WFF_2026_1Q.xlsx#Company Detail
"Diodes Inc. - SPFAB (was OnSemi, was Fairchild) project capital expenditure (SEMI WFF)","Diodes Inc. - SPFAB (was OnSemi, was Fairchild)",资本开支统计对象晶圆制造工厂,资本开支,晶圆制造工厂,统计对象,SEMI_WFF_2026_1Q.xlsx#Project Spending
Diotec Semiconductor AG - Heitersheim HQ project capital expenditure (SEMI WFF),Diotec Semiconductor AG - Heitersheim HQ,资本开支统计对象晶圆制造工厂,资本开支,晶圆制造工厂,统计对象,SEMI_WFF_2026_1Q.xlsx#Company Detail
Diotec Semiconductor AG - Semikron d.o.o Slovenia project capital expenditure (SEMI WFF),Diotec Semiconductor AG - Semikron d.o.o Slovenia,资本开支统计对象晶圆制造工厂,资本开支,晶圆制造工厂,统计对象,SEMI_WFF_2026_1Q.xlsx#Company Detail
DRIX - N/A project capital expenditure (SEMI WFF),DRIX - N/A,资本开支统计对象晶圆制造工厂,资本开支,晶圆制造工厂,统计对象,SEMI_WFF_2026_1Q.xlsx#Company Detail
Dynax Semiconductor Inc. - Fab 1 project capital expenditure (SEMI WFF),Dynax Semiconductor Inc. - Fab 1,资本开支统计对象晶圆制造工厂,资本开支,晶圆制造工厂,统计对象,SEMI_WFF_2026_1Q.xlsx#Company Detail
Electronics Industry Public Company (EIC) - EIC Semi project capital expenditure (SEMI WFF),Electronics Industry Public Company (EIC) - EIC Semi,资本开支统计对象晶圆制造工厂,资本开支,晶圆制造工厂,统计对象,SEMI_WFF_2026_1Q.xlsx#Company Detail
EM Microelectronic - Marin SA - Marin fab project capital expenditure (SEMI WFF),EM Microelectronic - Marin SA - Marin fab,资本开支统计对象晶圆制造工厂,资本开支,晶圆制造工厂,统计对象,SEMI_WFF_2026_1Q.xlsx#Company Detail
Emcore Corporation - InP Fab Alhambra project capital expenditure (SEMI WFF),Emcore Corporation - InP Fab Alhambra,资本开支统计对象晶圆制造工厂,资本开支,晶圆制造工厂,统计对象,SEMI_WFF_2026_1Q.xlsx#Company Detail
Enablence Technologies - Fremont fab project capital expenditure (SEMI WFF),Enablence Technologies - Fremont fab,资本开支统计对象晶圆制造工厂,资本开支,晶圆制造工厂,统计对象,SEMI_WFF_2026_1Q.xlsx#Company Detail
Endevco Corporation - MEMS project capital expenditure (SEMI WFF),Endevco Corporation - MEMS,资本开支统计对象晶圆制造工厂,资本开支,晶圆制造工厂,统计对象,SEMI_WFF_2026_1Q.xlsx#Company Detail
Ennostar Corporation - S3 project capital expenditure (SEMI WFF),Ennostar Corporation - S3,资本开支统计对象晶圆制造工厂,资本开支,晶圆制造工厂,统计对象,SEMI_WFF_2026_1Q.xlsx#Project Spending
Ennostar Corporation - N1 project capital expenditure (SEMI WFF),Ennostar Corporation - N1,资本开支统计对象晶圆制造工厂,资本开支,晶圆制造工厂,统计对象,SEMI_WFF_2026_1Q.xlsx#Company Detail
Ennostar Corporation - N7 project capital expenditure (SEMI WFF),Ennostar Corporation - N7,资本开支统计对象晶圆制造工厂,资本开支,晶圆制造工厂,统计对象,SEMI_WFF_2026_1Q.xlsx#Company Detail
Entrepix Inc. - Fab 1 project capital expenditure (SEMI WFF),Entrepix Inc. - Fab 1,资本开支统计对象晶圆制造工厂,资本开支,晶圆制造工厂,统计对象,SEMI_WFF_2026_1Q.xlsx#Company Detail
Episil Technologies Inc. - Fab 6A project capital expenditure (SEMI WFF),Episil Technologies Inc. - Fab 6A,资本开支统计对象晶圆制造工厂,资本开支,晶圆制造工厂,统计对象,SEMI_WFF_2026_1Q.xlsx#Company Detail
Everspin Technology - MRAM Fab project capital expenditure (SEMI WFF),Everspin Technology - MRAM Fab,资本开支统计对象晶圆制造工厂,资本开支,晶圆制造工厂,统计对象,SEMI_WFF_2026_1Q.xlsx#Project Spending
EYEQ Lab - Busan Fab 1 project capital expenditure (SEMI WFF),EYEQ Lab - Busan Fab 1,资本开支统计对象晶圆制造工厂,资本开支,晶圆制造工厂,统计对象,SEMI_WFF_2026_1Q.xlsx#Project Spending
First Sensor AG - Halbleiterwerk project capital expenditure (SEMI WFF),First Sensor AG - Halbleiterwerk,资本开支统计对象晶圆制造工厂,资本开支,晶圆制造工厂,统计对象,SEMI_WFF_2026_1Q.xlsx#Company Detail
FLCT Communication Technology - Fab 2 (Production Line) project capital expenditure (SEMI WFF),FLCT Communication Technology - Fab 2 (Production Line),资本开支统计对象晶圆制造工厂,资本开支,晶圆制造工厂,统计对象,SEMI_WFF_2026_1Q.xlsx#Project Spending
Founder IC (Founder Microelectronics International (FMIC)) - Fab 1 6-inch SiC project capital expenditure (SEMI WFF),Founder IC (Founder Microelectronics International (FMIC)) - Fab 1 6-inch SiC,资本开支统计对象晶圆制造工厂,资本开支,晶圆制造工厂,统计对象,SEMI_WFF_2026_1Q.xlsx#Project Spending
Founder IC (Founder Microelectronics International (FMIC)) - Fab 2 8-inch SiC project capital expenditure (SEMI WFF),Founder IC (Founder Microelectronics International (FMIC)) - Fab 2 8-inch SiC,资本开支统计对象晶圆制造工厂,资本开支,晶圆制造工厂,统计对象,SEMI_WFF_2026_1Q.xlsx#Project Spending
Foxconn / Hon Hai - Fab 1 (Foundry was Macronix) project capital expenditure (SEMI WFF),Foxconn / Hon Hai - Fab 1 (Foundry was Macronix),资本开支统计对象晶圆制造工厂,资本开支,晶圆制造工厂,统计对象,SEMI_WFF_2026_1Q.xlsx#Company Detail
Fraunhofer Heinrich Hertz Institute - Fraunhofer HHI project capital expenditure (SEMI WFF),Fraunhofer Heinrich Hertz Institute - Fraunhofer HHI,资本开支统计对象晶圆制造工厂,资本开支,晶圆制造工厂,统计对象,SEMI_WFF_2026_1Q.xlsx#Company Detail
Fraunhofer Institute for Photonic Microsystems IPMS - MEMS MRR (Building 4) Fraunhofer project capital expenditure (SEMI WFF),Fraunhofer Institute for Photonic Microsystems IPMS - MEMS MRR (Building 4) Fraunhofer,资本开支统计对象晶圆制造工厂,资本开支,晶圆制造工厂,统计对象,SEMI_WFF_2026_1Q.xlsx#Company Detail
Fraunhofer Institute for Silicon Technology (ISIT) - ISIT Itzehoe CMP Cleanroom project capital expenditure (SEMI WFF),Fraunhofer Institute for Silicon Technology (ISIT) - ISIT Itzehoe CMP Cleanroom,资本开支统计对象晶圆制造工厂,资本开支,晶圆制造工厂,统计对象,SEMI_WFF_2026_1Q.xlsx#Company Detail
Fraunhofer Institute for Silicon Technology (ISIT) - ISIT Cleanroom 1: with Vishay (power devices) project capital expenditure (SEMI WFF),Fraunhofer Institute for Silicon Technology (ISIT) - ISIT Cleanroom 1: with Vishay (power devices),资本开支统计对象晶圆制造工厂,资本开支,晶圆制造工厂,统计对象,SEMI_WFF_2026_1Q.xlsx#Project Spending
FT1 - Fab 1 project capital expenditure (SEMI WFF),FT1 - Fab 1,资本开支统计对象晶圆制造工厂,资本开支,晶圆制造工厂,统计对象,SEMI_WFF_2026_1Q.xlsx#Project Spending
Fuji Electric - Matsumoto SiC line project capital expenditure (SEMI WFF),Fuji Electric - Matsumoto SiC line,资本开支统计对象晶圆制造工厂,资本开支,晶圆制造工厂,统计对象,SEMI_WFF_2026_1Q.xlsx#Company Detail
Fuji Electric - Fab 5 (150mm) project capital expenditure (SEMI WFF),Fuji Electric - Fab 5 (150mm),资本开支统计对象晶圆制造工厂,资本开支,晶圆制造工厂,统计对象,SEMI_WFF_2026_1Q.xlsx#Company Detail
Fuji Electric - Tokyo MEMS fab project capital expenditure (SEMI WFF),Fuji Electric - Tokyo MEMS fab,资本开支统计对象晶圆制造工厂,资本开支,晶圆制造工厂,统计对象,SEMI_WFF_2026_1Q.xlsx#Company Detail
"Fujian Angstrem Semiconductor Co. Ltd. - 4"" line project capital expenditure (SEMI WFF)","Fujian Angstrem Semiconductor Co. Ltd. - 4"" line",资本开支统计对象晶圆制造工厂,资本开支,晶圆制造工厂,统计对象,SEMI_WFF_2026_1Q.xlsx#Company Detail
"FujiFilm-Dimatix, Inc - Fab 1 project capital expenditure (SEMI WFF)","FujiFilm-Dimatix, Inc - Fab 1",资本开支统计对象晶圆制造工厂,资本开支,晶圆制造工厂,统计对象,SEMI_WFF_2026_1Q.xlsx#Company Detail
Fujitsu Semiconductor Limited - Aizu No.1 (was Bldg. No.1/No.2) project capital expenditure (SEMI WFF),Fujitsu Semiconductor Limited - Aizu No.1 (was Bldg. No.1/No.2),资本开支统计对象晶圆制造工厂,资本开支,晶圆制造工厂,统计对象,SEMI_WFF_2026_1Q.xlsx#Company Detail
"Galaxy - 4"" fab project capital expenditure (SEMI WFF)","Galaxy - 4"" fab",资本开支统计对象晶圆制造工厂,资本开支,晶圆制造工厂,统计对象,SEMI_WFF_2026_1Q.xlsx#Company Detail
"Galaxy - 3"" fab project capital expenditure (SEMI WFF)","Galaxy - 3"" fab",资本开支统计对象晶圆制造工厂,资本开支,晶圆制造工厂,统计对象,SEMI_WFF_2026_1Q.xlsx#Company Detail
"Galaxy - 6"" Fab project capital expenditure (SEMI WFF)","Galaxy - 6"" Fab",资本开支统计对象晶圆制造工厂,资本开支,晶圆制造工厂,统计对象,SEMI_WFF_2026_1Q.xlsx#Company Detail
"GCS (Global Communication Semiconductors, Inc.) - GCS project capital expenditure (SEMI WFF)","GCS (Global Communication Semiconductors, Inc.) - GCS",资本开支统计对象晶圆制造工厂,资本开支,晶圆制造工厂,统计对象,SEMI_WFF_2026_1Q.xlsx#Company Detail
GeneSiC Semiconductor Inc. - N/A project capital expenditure (SEMI WFF),GeneSiC Semiconductor Inc. - N/A,资本开支统计对象晶圆制造工厂,资本开支,晶圆制造工厂,统计对象,SEMI_WFF_2026_1Q.xlsx#Company Detail
"GF (Globalfoundries) - Giga+ Fab (Fab 2,3,5, was Fab 2) project capital expenditure (SEMI WFF)","GF (Globalfoundries) - Giga+ Fab (Fab 2,3,5, was Fab 2)",资本开支统计对象晶圆制造工厂,资本开支,晶圆制造工厂,统计对象,SEMI_WFF_2026_1Q.xlsx#Project Spending
"GF (Globalfoundries) - Fab 1, Annex project capital expenditure (SEMI WFF)","GF (Globalfoundries) - Fab 1, Annex",资本开支统计对象晶圆制造工厂,资本开支,晶圆制造工厂,统计对象,SEMI_WFF_2026_1Q.xlsx#Company Detail
GF (Globalfoundries) - Fab 8.2 module 1 project capital expenditure (SEMI WFF),GF (Globalfoundries) - Fab 8.2 module 1,资本开支统计对象晶圆制造工厂,资本开支,晶圆制造工厂,统计对象,SEMI_WFF_2026_1Q.xlsx#Project Spending
GF (Globalfoundries) - Fab 7G (Fab 7 + Fab 6) project capital expenditure (SEMI WFF),GF (Globalfoundries) - Fab 7G (Fab 7 + Fab 6),资本开支统计对象晶圆制造工厂,资本开支,晶圆制造工厂,统计对象,SEMI_WFF_2026_1Q.xlsx#Project Spending
GF (Globalfoundries) - Dresden Expansion Phase 1 (SPRINT) project capital expenditure (SEMI WFF),GF (Globalfoundries) - Dresden Expansion Phase 1 (SPRINT),资本开支统计对象晶圆制造工厂,资本开支,晶圆制造工厂,统计对象,SEMI_WFF_2026_1Q.xlsx#Project Spending
GF (Globalfoundries) - Fab 7H (New Fab Singapore) project capital expenditure (SEMI WFF),GF (Globalfoundries) - Fab 7H (New Fab Singapore),资本开支统计对象晶圆制造工厂,资本开支,晶圆制造工厂,统计对象,SEMI_WFF_2026_1Q.xlsx#Project Spending
GF (Globalfoundries) - Fab 8.2 module 2 project capital expenditure (SEMI WFF),GF (Globalfoundries) - Fab 8.2 module 2,资本开支统计对象晶圆制造工厂,资本开支,晶圆制造工厂,统计对象,SEMI_WFF_2026_1Q.xlsx#Project Spending
GF (Globalfoundries) - Dresden Expansion Phase 2 (SPRINT) project capital expenditure (SEMI WFF),GF (Globalfoundries) - Dresden Expansion Phase 2 (SPRINT),资本开支统计对象晶圆制造工厂,资本开支,晶圆制造工厂,统计对象,SEMI_WFF_2026_1Q.xlsx#Company Detail
Global Power Technology - Dongsheng fab project capital expenditure (SEMI WFF),Global Power Technology - Dongsheng fab,资本开支统计对象晶圆制造工厂,资本开支,晶圆制造工厂,统计对象,SEMI_WFF_2026_1Q.xlsx#Company Detail
Global Power Technology - Liuyang fab project capital expenditure (SEMI WFF),Global Power Technology - Liuyang fab,资本开支统计对象晶圆制造工厂,资本开支,晶圆制造工厂,统计对象,SEMI_WFF_2026_1Q.xlsx#Company Detail
Global Power Technology - Beijing 8inch line project capital expenditure (SEMI WFF),Global Power Technology - Beijing 8inch line,资本开支统计对象晶圆制造工厂,资本开支,晶圆制造工厂,统计对象,SEMI_WFF_2026_1Q.xlsx#Project Spending
Green InnoCore - Zibo 150mm fab project capital expenditure (SEMI WFF),Green InnoCore - Zibo 150mm fab,资本开支统计对象晶圆制造工厂,资本开支,晶圆制造工厂,统计对象,SEMI_WFF_2026_1Q.xlsx#Company Detail
Green InnoCore - New Hefei 150mm Fab project capital expenditure (SEMI WFF),Green InnoCore - New Hefei 150mm Fab,资本开支统计对象晶圆制造工厂,资本开支,晶圆制造工厂,统计对象,SEMI_WFF_2026_1Q.xlsx#Project Spending
GTA Semiconductor - Fab 1 project capital expenditure (SEMI WFF),GTA Semiconductor - Fab 1,资本开支统计对象晶圆制造工厂,资本开支,晶圆制造工厂,统计对象,SEMI_WFF_2026_1Q.xlsx#Company Detail
GTA Semiconductor - Fab 3 project capital expenditure (SEMI WFF),GTA Semiconductor - Fab 3,资本开支统计对象晶圆制造工厂,资本开支,晶圆制造工厂,统计对象,SEMI_WFF_2026_1Q.xlsx#Project Spending
GTA Semiconductor - Fab 7 project capital expenditure (SEMI WFF),GTA Semiconductor - Fab 7,资本开支统计对象晶圆制造工厂,资本开支,晶圆制造工厂,统计对象,SEMI_WFF_2026_1Q.xlsx#Project Spending
GTX Semiconductor - GTX Semiconductor Phase 2 (ICRD Phase3) project capital expenditure (SEMI WFF),GTX Semiconductor - GTX Semiconductor Phase 2 (ICRD Phase3),资本开支统计对象晶圆制造工厂,资本开支,晶圆制造工厂,统计对象,SEMI_WFF_2026_1Q.xlsx#Project Spending
Guo Gao MEMS - MEMS line project capital expenditure (SEMI WFF),Guo Gao MEMS - MEMS line,资本开支统计对象晶圆制造工厂,资本开支,晶圆制造工厂,统计对象,SEMI_WFF_2026_1Q.xlsx#Company Detail
Hamamatsu Photonics - Hamamatsu Fab 5 project capital expenditure (SEMI WFF),Hamamatsu Photonics - Hamamatsu Fab 5,资本开支统计对象晶圆制造工厂,资本开支,晶圆制造工厂,统计对象,SEMI_WFF_2026_1Q.xlsx#Project Spending
Hamamatsu Photonics - Shingai Fab project capital expenditure (SEMI WFF),Hamamatsu Photonics - Shingai Fab,资本开支统计对象晶圆制造工厂,资本开支,晶圆制造工厂,统计对象,SEMI_WFF_2026_1Q.xlsx#Company Detail
Hamamatsu Photonics - 13th building (Ichino factory) project capital expenditure (SEMI WFF),Hamamatsu Photonics - 13th building (Ichino factory),资本开支统计对象晶圆制造工厂,资本开支,晶圆制造工厂,统计对象,SEMI_WFF_2026_1Q.xlsx#Company Detail
Hamamatsu Photonics - 12th building project capital expenditure (SEMI WFF),Hamamatsu Photonics - 12th building,资本开支统计对象晶圆制造工厂,资本开支,晶圆制造工厂,统计对象,SEMI_WFF_2026_1Q.xlsx#Company Detail
Hangzhou Fullsemi - Hangzhou Analog Fab Phase 2 project capital expenditure (SEMI WFF),Hangzhou Fullsemi - Hangzhou Analog Fab Phase 2,资本开支统计对象晶圆制造工厂,资本开支,晶圆制造工厂,统计对象,SEMI_WFF_2026_1Q.xlsx#Project Spending
Hangzhou Lion Microelectronics Co. Ltd - GaAs line project capital expenditure (SEMI WFF),Hangzhou Lion Microelectronics Co. Ltd - GaAs line,资本开支统计对象晶圆制造工厂,资本开支,晶圆制造工厂,统计对象,SEMI_WFF_2026_1Q.xlsx#Company Detail
"Headway Technologies, Inc. - Milpitas fab project capital expenditure (SEMI WFF)","Headway Technologies, Inc. - Milpitas fab",资本开支统计对象晶圆制造工厂,资本开支,晶圆制造工厂,统计对象,SEMI_WFF_2026_1Q.xlsx#Company Detail
"Henan Xinrui Electronics Technology Co., Ltd. - Fab 1 project capital expenditure (SEMI WFF)","Henan Xinrui Electronics Technology Co., Ltd. - Fab 1",资本开支统计对象晶圆制造工厂,资本开支,晶圆制造工厂,统计对象,SEMI_WFF_2026_1Q.xlsx#Company Detail
Hewlett-Packard Company - HP Inkjet Wafer Fab II 8-inch line project capital expenditure (SEMI WFF),Hewlett-Packard Company - HP Inkjet Wafer Fab II 8-inch line,资本开支统计对象晶圆制造工厂,资本开支,晶圆制造工厂,统计对象,SEMI_WFF_2026_1Q.xlsx#Company Detail
"Hewlett-Packard Company - Fab 30, Bldg 3 8-inch line (MEMS wafer Fab and Ink Lab) project capital expenditure (SEMI WFF)","Hewlett-Packard Company - Fab 30, Bldg 3 8-inch line (MEMS wafer Fab and Ink Lab)",资本开支统计对象晶圆制造工厂,资本开支,晶圆制造工厂,统计对象,SEMI_WFF_2026_1Q.xlsx#Company Detail
"Hewlett-Packard Company - B22, Bldg 2 8-inch line (wafer fab and 3D) project capital expenditure (SEMI WFF)","Hewlett-Packard Company - B22, Bldg 2 8-inch line (wafer fab and 3D)",资本开支统计对象晶圆制造工厂,资本开支,晶圆制造工厂,统计对象,SEMI_WFF_2026_1Q.xlsx#Project Spending
Hitachi Power Device - Rinkai Works (expansion Fab) project capital expenditure (SEMI WFF),Hitachi Power Device - Rinkai Works (expansion Fab),资本开支统计对象晶圆制造工厂,资本开支,晶圆制造工厂,统计对象,SEMI_WFF_2026_1Q.xlsx#Company Detail
HL-Planartechnik GmbH - Fab 1 project capital expenditure (SEMI WFF),HL-Planartechnik GmbH - Fab 1,资本开支统计对象晶圆制造工厂,资本开支,晶圆制造工厂,统计对象,SEMI_WFF_2026_1Q.xlsx#Company Detail
Honeywell Incorporated - Fab 2 project capital expenditure (SEMI WFF),Honeywell Incorporated - Fab 2,资本开支统计对象晶圆制造工厂,资本开支,晶圆制造工厂,统计对象,SEMI_WFF_2026_1Q.xlsx#Company Detail
Honeywell Incorporated - 6-inch MEMS (was 4-inch) project capital expenditure (SEMI WFF),Honeywell Incorporated - 6-inch MEMS (was 4-inch),资本开支统计对象晶圆制造工厂,资本开支,晶圆制造工厂,统计对象,SEMI_WFF_2026_1Q.xlsx#Company Detail
Honeywell Incorporated - Richardson Sensor Fab project capital expenditure (SEMI WFF),Honeywell Incorporated - Richardson Sensor Fab,资本开支统计对象晶圆制造工厂,资本开支,晶圆制造工厂,统计对象,SEMI_WFF_2026_1Q.xlsx#Company Detail
HR-Micro - HR-Micro 150mm Fab project capital expenditure (SEMI WFF),HR-Micro - HR-Micro 150mm Fab,资本开支统计对象晶圆制造工厂,资本开支,晶圆制造工厂,统计对象,SEMI_WFF_2026_1Q.xlsx#Company Detail
Hua Hong Semiconductor - Fab 9B (Wuxi 2nd Fab Phase 2) project capital expenditure (SEMI WFF),Hua Hong Semiconductor - Fab 9B (Wuxi 2nd Fab Phase 2),资本开支统计对象晶圆制造工厂,资本开支,晶圆制造工厂,统计对象,SEMI_WFF_2026_1Q.xlsx#Project Spending
Hua Li Microelectronics (HLMC) - HLMC Fab 3 Phase 2 (HH Fab 8-2) project capital expenditure (SEMI WFF),Hua Li Microelectronics (HLMC) - HLMC Fab 3 Phase 2 (HH Fab 8-2),资本开支统计对象晶圆制造工厂,资本开支,晶圆制造工厂,统计对象,SEMI_WFF_2026_1Q.xlsx#Project Spending
Hua Li Microelectronics (HLMC) - Hua Hong Chengdu Phase 2 (HH Fab10) project capital expenditure (SEMI WFF),Hua Li Microelectronics (HLMC) - Hua Hong Chengdu Phase 2 (HH Fab10),资本开支统计对象晶圆制造工厂,资本开支,晶圆制造工厂,统计对象,SEMI_WFF_2026_1Q.xlsx#Project Spending
Hua Li Microelectronics (HLMC) - HLMC Fab 3 Phase 1  (HH Fab 8-1) project capital expenditure (SEMI WFF),Hua Li Microelectronics (HLMC) - HLMC Fab 3 Phase 1  (HH Fab 8-1),资本开支统计对象晶圆制造工厂,资本开支,晶圆制造工厂,统计对象,SEMI_WFF_2026_1Q.xlsx#Project Spending
"Huayue Microelectronics Co.,Ltd - Fab 1 project capital expenditure (SEMI WFF)","Huayue Microelectronics Co.,Ltd - Fab 1",资本开支统计对象晶圆制造工厂,资本开支,晶圆制造工厂,统计对象,SEMI_WFF_2026_1Q.xlsx#Company Detail
"Huayue Microelectronics Co.,Ltd - Fab 2 project capital expenditure (SEMI WFF)","Huayue Microelectronics Co.,Ltd - Fab 2",资本开支统计对象晶圆制造工厂,资本开支,晶圆制造工厂,统计对象,SEMI_WFF_2026_1Q.xlsx#Company Detail
"Huayue Microelectronics Co.,Ltd - Fab 3 project capital expenditure (SEMI WFF)","Huayue Microelectronics Co.,Ltd - Fab 3",资本开支统计对象晶圆制造工厂,资本开支,晶圆制造工厂,统计对象,SEMI_WFF_2026_1Q.xlsx#Company Detail
HY Electronic Limited - Yangzhou Fab 2 project capital expenditure (SEMI WFF),HY Electronic Limited - Yangzhou Fab 2,资本开支统计对象晶圆制造工厂,资本开支,晶圆制造工厂,统计对象,SEMI_WFF_2026_1Q.xlsx#Company Detail
Infineon - Kulim 2 project capital expenditure (SEMI WFF),Infineon - Kulim 2,资本开支统计对象晶圆制造工厂,资本开支,晶圆制造工厂,统计对象,SEMI_WFF_2026_1Q.xlsx#Project Spending
Infineon - Dresden - Module 3 (former SC300) (building 32) project capital expenditure (SEMI WFF),Infineon - Dresden - Module 3 (former SC300) (building 32),资本开支统计对象晶圆制造工厂,资本开支,晶圆制造工厂,统计对象,SEMI_WFF_2026_1Q.xlsx#Project Spending
Infineon - Regensburg-West project capital expenditure (SEMI WFF),Infineon - Regensburg-West,资本开支统计对象晶圆制造工厂,资本开支,晶圆制造工厂,统计对象,SEMI_WFF_2026_1Q.xlsx#Project Spending
Infineon - Dresden 200 - Module 1 (building 34) project capital expenditure (SEMI WFF),Infineon - Dresden 200 - Module 1 (building 34),资本开支统计对象晶圆制造工厂,资本开支,晶圆制造工厂,统计对象,SEMI_WFF_2026_1Q.xlsx#Project Spending
Infineon - Dresden 200 - Module 2 (building 36) project capital expenditure (SEMI WFF),Infineon - Dresden 200 - Module 2 (building 36),资本开支统计对象晶圆制造工厂,资本开支,晶圆制造工厂,统计对象,SEMI_WFF_2026_1Q.xlsx#Project Spending
Infineon - Kulim 1 project capital expenditure (SEMI WFF),Infineon - Kulim 1,资本开支统计对象晶圆制造工厂,资本开支,晶圆制造工厂,统计对象,SEMI_WFF_2026_1Q.xlsx#Project Spending
Infineon - Villach 200mm Line (Building 17) project capital expenditure (SEMI WFF),Infineon - Villach 200mm Line (Building 17),资本开支统计对象晶圆制造工厂,资本开支,晶圆制造工厂,统计对象,SEMI_WFF_2026_1Q.xlsx#Project Spending
Infineon - Kulim 3 Phase 2 project capital expenditure (SEMI WFF),Infineon - Kulim 3 Phase 2,资本开支统计对象晶圆制造工厂,资本开支,晶圆制造工厂,统计对象,SEMI_WFF_2026_1Q.xlsx#Project Spending
Infineon - Dresden - Module 4 (Smart Power Fab) project capital expenditure (SEMI WFF),Infineon - Dresden - Module 4 (Smart Power Fab),资本开支统计对象晶圆制造工厂,资本开支,晶圆制造工厂,统计对象,SEMI_WFF_2026_1Q.xlsx#Project Spending
InnoScience Inc. - Suzhou fab (Phase 1) project capital expenditure (SEMI WFF),InnoScience Inc. - Suzhou fab (Phase 1),资本开支统计对象晶圆制造工厂,资本开支,晶圆制造工厂,统计对象,SEMI_WFF_2026_1Q.xlsx#Project Spending
Institute for Photonics and Nanotechnologies (IFN) - IFN-CNR Rome project capital expenditure (SEMI WFF),Institute for Photonics and Nanotechnologies (IFN) - IFN-CNR Rome,资本开支统计对象晶圆制造工厂,资本开支,晶圆制造工厂,统计对象,SEMI_WFF_2026_1Q.xlsx#Company Detail
"Integral, Research and Production Corporation - Semiconductor Device Factory project capital expenditure (SEMI WFF)","Integral, Research and Production Corporation - Semiconductor Device Factory",资本开支统计对象晶圆制造工厂,资本开支,晶圆制造工厂,统计对象,SEMI_WFF_2026_1Q.xlsx#Company Detail
"Integral, Research and Production Corporation - Integrated Circuit (Transistor Plant) project capital expenditure (SEMI WFF)","Integral, Research and Production Corporation - Integrated Circuit (Transistor Plant)",资本开支统计对象晶圆制造工厂,资本开支,晶圆制造工厂,统计对象,SEMI_WFF_2026_1Q.xlsx#Company Detail
Intel - Fab 38 Phase 1 (new Fab Israel) project capital expenditure (SEMI WFF),Intel - Fab 38 Phase 1 (new Fab Israel),资本开支统计对象晶圆制造工厂,资本开支,晶圆制造工厂,统计对象,SEMI_WFF_2026_1Q.xlsx#Project Spending
Intel - Fab 34 (Module 1 + 2) Intel-Apollo JV project capital expenditure (SEMI WFF),Intel - Fab 34 (Module 1 + 2) Intel-Apollo JV,资本开支统计对象晶圆制造工厂,资本开支,晶圆制造工厂,统计对象,SEMI_WFF_2026_1Q.xlsx#Project Spending
Intel - Fab 24 (+ Fab 14 combined) project capital expenditure (SEMI WFF),Intel - Fab 24 (+ Fab 14 combined),资本开支统计对象晶圆制造工厂,资本开支,晶圆制造工厂,统计对象,SEMI_WFF_2026_1Q.xlsx#Project Spending
Intel - D1X Module 4 project capital expenditure (SEMI WFF),Intel - D1X Module 4,资本开支统计对象晶圆制造工厂,资本开支,晶圆制造工厂,统计对象,SEMI_WFF_2026_1Q.xlsx#Project Spending
Intel - Fab 52 project capital expenditure (SEMI WFF),Intel - Fab 52,资本开支统计对象晶圆制造工厂,资本开支,晶圆制造工厂,统计对象,SEMI_WFF_2026_1Q.xlsx#Project Spending
Intel - Fab 62 project capital expenditure (SEMI WFF),Intel - Fab 62,资本开支统计对象晶圆制造工厂,资本开支,晶圆制造工厂,统计对象,SEMI_WFF_2026_1Q.xlsx#Project Spending
Intel - Fab 27 - Mod 2 (Ohio) project capital expenditure (SEMI WFF),Intel - Fab 27 - Mod 2 (Ohio),资本开支统计对象晶圆制造工厂,资本开支,晶圆制造工厂,统计对象,SEMI_WFF_2026_1Q.xlsx#Project Spending
Intel - Fab 38 Phase 2 project capital expenditure (SEMI WFF),Intel - Fab 38 Phase 2,资本开支统计对象晶圆制造工厂,资本开支,晶圆制造工厂,统计对象,SEMI_WFF_2026_1Q.xlsx#Project Spending
Intel - Fab 27 - Mod 1 (Ohio) project capital expenditure (SEMI WFF),Intel - Fab 27 - Mod 1 (Ohio),资本开支统计对象晶圆制造工厂,资本开支,晶圆制造工厂,统计对象,SEMI_WFF_2026_1Q.xlsx#Project Spending
Intel - D1X Support MSB2 project capital expenditure (SEMI WFF),Intel - D1X Support MSB2,资本开支统计对象晶圆制造工厂,资本开支,晶圆制造工厂,统计对象,SEMI_WFF_2026_1Q.xlsx#Project Spending
Inventchip Technology - Yiwu Fab1 project capital expenditure (SEMI WFF),Inventchip Technology - Yiwu Fab1,资本开支统计对象晶圆制造工厂,资本开支,晶圆制造工厂,统计对象,SEMI_WFF_2026_1Q.xlsx#Project Spending
IPG - Wafer Fab (4-inch line) project capital expenditure (SEMI WFF),IPG - Wafer Fab (4-inch line),资本开支统计对象晶圆制造工厂,资本开支,晶圆制造工厂,统计对象,SEMI_WFF_2026_1Q.xlsx#Company Detail
ISS- Integrated Sensing Systems - Fab (2 cleanrooms) project capital expenditure (SEMI WFF),ISS- Integrated Sensing Systems - Fab (2 cleanrooms),资本开支统计对象晶圆制造工厂,资本开支,晶圆制造工厂,统计对象,SEMI_WFF_2026_1Q.xlsx#Company Detail
Istok - 6-inch (new) project capital expenditure (SEMI WFF),Istok - 6-inch (new),资本开支统计对象晶圆制造工厂,资本开支,晶圆制造工厂,统计对象,SEMI_WFF_2026_1Q.xlsx#Company Detail
IXYS Corporation - Westcode project capital expenditure (SEMI WFF),IXYS Corporation - Westcode,资本开支统计对象晶圆制造工厂,资本开支,晶圆制造工厂,统计对象,SEMI_WFF_2026_1Q.xlsx#Company Detail
IXYS Corporation - Fab 1 project capital expenditure (SEMI WFF),IXYS Corporation - Fab 1,资本开支统计对象晶圆制造工厂,资本开支,晶圆制造工厂,统计对象,SEMI_WFF_2026_1Q.xlsx#Company Detail
IXYS Corporation - Fab 2 project capital expenditure (SEMI WFF),IXYS Corporation - Fab 2,资本开支统计对象晶圆制造工厂,资本开支,晶圆制造工厂,统计对象,SEMI_WFF_2026_1Q.xlsx#Company Detail
Japan Semiconductor - Oita C-Cubed 2 (110 Bldg) project capital expenditure (SEMI WFF),Japan Semiconductor - Oita C-Cubed 2 (110 Bldg),资本开支统计对象晶圆制造工厂,资本开支,晶圆制造工厂,统计对象,SEMI_WFF_2026_1Q.xlsx#Company Detail
Japan Semiconductor - Oita C-Cubed 4 + OTSS + Annex project capital expenditure (SEMI WFF),Japan Semiconductor - Oita C-Cubed 4 + OTSS + Annex,资本开支统计对象晶圆制造工厂,资本开支,晶圆制造工厂,统计对象,SEMI_WFF_2026_1Q.xlsx#Project Spending
Japan Semiconductor - Oita C-Cubed 3 (110 Bldg) project capital expenditure (SEMI WFF),Japan Semiconductor - Oita C-Cubed 3 (110 Bldg),资本开支统计对象晶圆制造工厂,资本开支,晶圆制造工厂,统计对象,SEMI_WFF_2026_1Q.xlsx#Project Spending
Japan Semiconductor Manufacturing Corporation (JSMC) - JSMC Fab 1 project capital expenditure (SEMI WFF),Japan Semiconductor Manufacturing Corporation (JSMC) - JSMC Fab 1,资本开支统计对象晶圆制造工厂,资本开支,晶圆制造工厂,统计对象,SEMI_WFF_2026_1Q.xlsx#Project Spending
JENOPTIK Diode Lab GmbH - Berlin-Adlershof project capital expenditure (SEMI WFF),JENOPTIK Diode Lab GmbH - Berlin-Adlershof,资本开支统计对象晶圆制造工厂,资本开支,晶圆制造工厂,统计对象,SEMI_WFF_2026_1Q.xlsx#Company Detail
"JENOPTIK Optical Systems, Inc - Fab 1 project capital expenditure (SEMI WFF)","JENOPTIK Optical Systems, Inc - Fab 1",资本开支统计对象晶圆制造工厂,资本开支,晶圆制造工厂,统计对象,SEMI_WFF_2026_1Q.xlsx#Company Detail
Jiangsu Advanced Memory Semiconductor Corp. - PCM fab project capital expenditure (SEMI WFF),Jiangsu Advanced Memory Semiconductor Corp. - PCM fab,资本开支统计对象晶圆制造工厂,资本开支,晶圆制造工厂,统计对象,SEMI_WFF_2026_1Q.xlsx#Company Detail
Jiangsu CAS-IGBT Technology - LFoundry S.r.l (was Micron Fab 9 MIT) project capital expenditure (SEMI WFF),Jiangsu CAS-IGBT Technology - LFoundry S.r.l (was Micron Fab 9 MIT),资本开支统计对象晶圆制造工厂,资本开支,晶圆制造工厂,统计对象,SEMI_WFF_2026_1Q.xlsx#Project Spending
"Jiangsu JieJie Microelectronics Co.,Ltd. - Fab 2 project capital expenditure (SEMI WFF)","Jiangsu JieJie Microelectronics Co.,Ltd. - Fab 2",资本开支统计对象晶圆制造工厂,资本开支,晶圆制造工厂,统计对象,SEMI_WFF_2026_1Q.xlsx#Company Detail
"Jiangsu JieJie Microelectronics Co.,Ltd. - Fab 1 project capital expenditure (SEMI WFF)","Jiangsu JieJie Microelectronics Co.,Ltd. - Fab 1",资本开支统计对象晶圆制造工厂,资本开支,晶圆制造工厂,统计对象,SEMI_WFF_2026_1Q.xlsx#Company Detail
"Jiangsu JieJie Microelectronics Co.,Ltd. - Nantong 150mm line project capital expenditure (SEMI WFF)","Jiangsu JieJie Microelectronics Co.,Ltd. - Nantong 150mm line",资本开支统计对象晶圆制造工厂,资本开支,晶圆制造工厂,统计对象,SEMI_WFF_2026_1Q.xlsx#Project Spending
Jiangxi Yuhongjin Material Technology (YHJ) - Fab 1 (Fuzhou) project capital expenditure (SEMI WFF),Jiangxi Yuhongjin Material Technology (YHJ) - Fab 1 (Fuzhou),资本开支统计对象晶圆制造工厂,资本开支,晶圆制造工厂,统计对象,SEMI_WFF_2026_1Q.xlsx#Company Detail
Jilin Sino-Microelectronics Co. Ltd. - 4-inch project capital expenditure (SEMI WFF),Jilin Sino-Microelectronics Co. Ltd. - 4-inch,资本开支统计对象晶圆制造工厂,资本开支,晶圆制造工厂,统计对象,SEMI_WFF_2026_1Q.xlsx#Project Spending
Jilin Sino-Microelectronics Co. Ltd. - 8-inch project capital expenditure (SEMI WFF),Jilin Sino-Microelectronics Co. Ltd. - 8-inch,资本开支统计对象晶圆制造工厂,资本开支,晶圆制造工厂,统计对象,SEMI_WFF_2026_1Q.xlsx#Company Detail
JTC Corporation - SemiconSpace Phase 1 (unit 1+2) Wafer processing project capital expenditure (SEMI WFF),JTC Corporation - SemiconSpace Phase 1 (unit 1+2) Wafer processing,资本开支统计对象晶圆制造工厂,资本开支,晶圆制造工厂,统计对象,SEMI_WFF_2026_1Q.xlsx#Project Spending
"Kaiam - PLC Fab (was Gemfire, was Avanex, was Alcatel) project capital expenditure (SEMI WFF)","Kaiam - PLC Fab (was Gemfire, was Avanex, was Alcatel)",资本开支统计对象晶圆制造工厂,资本开支,晶圆制造工厂,统计对象,SEMI_WFF_2026_1Q.xlsx#Company Detail
"KEC Corporation - 5"" Line project capital expenditure (SEMI WFF)","KEC Corporation - 5"" Line",资本开支统计对象晶圆制造工厂,资本开支,晶圆制造工厂,统计对象,SEMI_WFF_2026_1Q.xlsx#Company Detail
KEC Corporation - KEC-C project capital expenditure (SEMI WFF),KEC Corporation - KEC-C,资本开支统计对象晶圆制造工厂,资本开支,晶圆制造工厂,统计对象,SEMI_WFF_2026_1Q.xlsx#Company Detail
Kioxia/WD (was Flash Alliance) - Fab 7 Phase 1 project capital expenditure (SEMI WFF),Kioxia/WD (was Flash Alliance) - Fab 7 Phase 1,资本开支统计对象晶圆制造工厂,资本开支,晶圆制造工厂,统计对象,SEMI_WFF_2026_1Q.xlsx#Project Spending
Kioxia/WD (was Flash Alliance) - K1 (P1+P2) project capital expenditure (SEMI WFF),Kioxia/WD (was Flash Alliance) - K1 (P1+P2),资本开支统计对象晶圆制造工厂,资本开支,晶圆制造工厂,统计对象,SEMI_WFF_2026_1Q.xlsx#Project Spending
Kioxia/WD (was Flash Alliance) - K2 (P1+P2) project capital expenditure (SEMI WFF),Kioxia/WD (was Flash Alliance) - K2 (P1+P2),资本开支统计对象晶圆制造工厂,资本开支,晶圆制造工厂,统计对象,SEMI_WFF_2026_1Q.xlsx#Project Spending
Kioxia/WD (was Flash Alliance) - Fab 7 Phase 2 project capital expenditure (SEMI WFF),Kioxia/WD (was Flash Alliance) - Fab 7 Phase 2,资本开支统计对象晶圆制造工厂,资本开支,晶圆制造工厂,统计对象,SEMI_WFF_2026_1Q.xlsx#Company Detail
Knowledge*on Inc. - Fab 1 project capital expenditure (SEMI WFF),Knowledge*on Inc. - Fab 1,资本开支统计对象晶圆制造工厂,资本开支,晶圆制造工厂,统计对象,SEMI_WFF_2026_1Q.xlsx#Company Detail
Knowledge*on Inc. - Fab 2 project capital expenditure (SEMI WFF),Knowledge*on Inc. - Fab 2,资本开支统计对象晶圆制造工厂,资本开支,晶圆制造工厂,统计对象,SEMI_WFF_2026_1Q.xlsx#Company Detail
Kodenshi Corp - Device Technology Center project capital expenditure (SEMI WFF),Kodenshi Corp - Device Technology Center,资本开支统计对象晶圆制造工厂,资本开支,晶圆制造工厂,统计对象,SEMI_WFF_2026_1Q.xlsx#Company Detail
Korea Advanced Nano Fab Center (KANC) - KANC project capital expenditure (SEMI WFF),Korea Advanced Nano Fab Center (KANC) - KANC,资本开支统计对象晶圆制造工厂,资本开支,晶圆制造工厂,统计对象,SEMI_WFF_2026_1Q.xlsx#Company Detail
Kyushu Semiconductor KAW - Hiji Factory project capital expenditure (SEMI WFF),Kyushu Semiconductor KAW - Hiji Factory,资本开支统计对象晶圆制造工厂,资本开支,晶圆制造工厂,统计对象,SEMI_WFF_2026_1Q.xlsx#Company Detail
"LA Semiconductor - Pocatello (was onsemi, was AMI, Fab 10) project capital expenditure (SEMI WFF)","LA Semiconductor - Pocatello (was onsemi, was AMI, Fab 10)",资本开支统计对象晶圆制造工厂,资本开支,晶圆制造工厂,统计对象,SEMI_WFF_2026_1Q.xlsx#Project Spending
"LAPIS Semiconductor Co, Ltd - SiC Fab project capital expenditure (SEMI WFF)","LAPIS Semiconductor Co, Ltd - SiC Fab",资本开支统计对象晶圆制造工厂,资本开支,晶圆制造工厂,统计对象,SEMI_WFF_2026_1Q.xlsx#Company Detail
"LAPIS Semiconductor Co, Ltd - S-2 project capital expenditure (SEMI WFF)","LAPIS Semiconductor Co, Ltd - S-2",资本开支统计对象晶圆制造工厂,资本开支,晶圆制造工厂,统计对象,SEMI_WFF_2026_1Q.xlsx#Project Spending
"LAPIS Semiconductor Co, Ltd - M1 project capital expenditure (SEMI WFF)","LAPIS Semiconductor Co, Ltd - M1",资本开支统计对象晶圆制造工厂,资本开支,晶圆制造工厂,统计对象,SEMI_WFF_2026_1Q.xlsx#Company Detail
"LAPIS Semiconductor Co, Ltd - Miyazaki Fab 2 (6 inch SiC Line) project capital expenditure (SEMI WFF)","LAPIS Semiconductor Co, Ltd - Miyazaki Fab 2 (6 inch SiC Line)",资本开支统计对象晶圆制造工厂,资本开支,晶圆制造工厂,统计对象,SEMI_WFF_2026_1Q.xlsx#Project Spending
Lasertel Inc. - Fab 2 (Innovation Park) project capital expenditure (SEMI WFF),Lasertel Inc. - Fab 2 (Innovation Park),资本开支统计对象晶圆制造工厂,资本开支,晶圆制造工厂,统计对象,SEMI_WFF_2026_1Q.xlsx#Project Spending
Leister Process Technologies - Axetris Division - Axetris project capital expenditure (SEMI WFF),Leister Process Technologies - Axetris Division - Axetris,资本开支统计对象晶圆制造工厂,资本开支,晶圆制造工厂,统计对象,SEMI_WFF_2026_1Q.xlsx#Company Detail
Linear Integrated Systems - Fab 1 project capital expenditure (SEMI WFF),Linear Integrated Systems - Fab 1,资本开支统计对象晶圆制造工厂,资本开支,晶圆制造工厂,统计对象,SEMI_WFF_2026_1Q.xlsx#Company Detail
"Lishan Microelectronics - 4"" line project capital expenditure (SEMI WFF)","Lishan Microelectronics - 4"" line",资本开支统计对象晶圆制造工厂,资本开支,晶圆制造工厂,统计对象,SEMI_WFF_2026_1Q.xlsx#Company Detail
Littelfuse - Wuxi fab project capital expenditure (SEMI WFF),Littelfuse - Wuxi fab,资本开支统计对象晶圆制造工厂,资本开支,晶圆制造工厂,统计对象,SEMI_WFF_2026_1Q.xlsx#Project Spending
Littelfuse - Dortmund (will be Littelfuse on 12/31/24) project capital expenditure (SEMI WFF),Littelfuse - Dortmund (will be Littelfuse on 12/31/24),资本开支统计对象晶圆制造工厂,资本开支,晶圆制造工厂,统计对象,SEMI_WFF_2026_1Q.xlsx#Company Detail
LuxNet Corporation - Hejiang fab project capital expenditure (SEMI WFF),LuxNet Corporation - Hejiang fab,资本开支统计对象晶圆制造工厂,资本开支,晶圆制造工厂,统计对象,SEMI_WFF_2026_1Q.xlsx#Company Detail
Lynred (was ULIS) - Development and Production (Was Sofradir) project capital expenditure (SEMI WFF),Lynred (was ULIS) - Development and Production (Was Sofradir),资本开支统计对象晶圆制造工厂,资本开支,晶圆制造工厂,统计对象,SEMI_WFF_2026_1Q.xlsx#Company Detail
Lynred (was ULIS) - Fab 2  (was ULIS) project capital expenditure (SEMI WFF),Lynred (was ULIS) - Fab 2  (was ULIS),资本开支统计对象晶圆制造工厂,资本开支,晶圆制造工厂,统计对象,SEMI_WFF_2026_1Q.xlsx#Company Detail
Lynred (was ULIS) - Fab 1 (was ULIS) project capital expenditure (SEMI WFF),Lynred (was ULIS) - Fab 1 (was ULIS),资本开支统计对象晶圆制造工厂,资本开支,晶圆制造工厂,统计对象,SEMI_WFF_2026_1Q.xlsx#Company Detail
MACOM - RTP Fab (100mm line) project capital expenditure (SEMI WFF),MACOM - RTP Fab (100mm line),资本开支统计对象晶圆制造工厂,资本开支,晶圆制造工厂,统计对象,SEMI_WFF_2026_1Q.xlsx#Company Detail
"MACOM - Ann Arbor (was Luna, was Picometrix) project capital expenditure (SEMI WFF)","MACOM - Ann Arbor (was Luna, was Picometrix)",资本开支统计对象晶圆制造工厂,资本开支,晶圆制造工厂,统计对象,SEMI_WFF_2026_1Q.xlsx#Company Detail
"Macronix International Co., Ltd. (MXIC) - Fab 5 (3D NAND) project capital expenditure (SEMI WFF)","Macronix International Co., Ltd. (MXIC) - Fab 5 (3D NAND)",资本开支统计对象晶圆制造工厂,资本开支,晶圆制造工厂,统计对象,SEMI_WFF_2026_1Q.xlsx#Project Spending
MagnaChip - F 3 project capital expenditure (SEMI WFF),MagnaChip - F 3,资本开支统计对象晶圆制造工厂,资本开支,晶圆制造工厂,统计对象,SEMI_WFF_2026_1Q.xlsx#Project Spending
Measurement Specialties (MEAS) - N/A project capital expenditure (SEMI WFF),Measurement Specialties (MEAS) - N/A,资本开支统计对象晶圆制造工厂,资本开支,晶圆制造工厂,统计对象,SEMI_WFF_2026_1Q.xlsx#Company Detail
Memscap S.A. - North Carolina project capital expenditure (SEMI WFF),Memscap S.A. - North Carolina,资本开支统计对象晶圆制造工厂,资本开支,晶圆制造工厂,统计对象,SEMI_WFF_2026_1Q.xlsx#Company Detail
MEMS-Foundry - MEMS-Foundry (division of HTE-Labs) project capital expenditure (SEMI WFF),MEMS-Foundry - MEMS-Foundry (division of HTE-Labs),资本开支统计对象晶圆制造工厂,资本开支,晶圆制造工厂,统计对象,SEMI_WFF_2026_1Q.xlsx#Company Detail
"Mfab Co. Ltd. - 6"" line project capital expenditure (SEMI WFF)","Mfab Co. Ltd. - 6"" line",资本开支统计对象晶圆制造工厂,资本开支,晶圆制造工厂,统计对象,SEMI_WFF_2026_1Q.xlsx#Company Detail
Microchip - Fab 4 (Gresham) (was Fujitsu in 2002) project capital expenditure (SEMI WFF),Microchip - Fab 4 (Gresham) (was Fujitsu in 2002),资本开支统计对象晶圆制造工厂,资本开支,晶圆制造工厂,统计对象,SEMI_WFF_2026_1Q.xlsx#Project Spending
"Microchip - Fab 2 (Tempe) (was DEC, was GTE) project capital expenditure (SEMI WFF)","Microchip - Fab 2 (Tempe) (was DEC, was GTE)",资本开支统计对象晶圆制造工厂,资本开支,晶圆制造工厂,统计对象,SEMI_WFF_2026_1Q.xlsx#Company Detail
"Microchip - Beverly (was Microsemi until 2Q18, was Symmetricom) project capital expenditure (SEMI WFF)","Microchip - Beverly (was Microsemi until 2Q18, was Symmetricom)",资本开支统计对象晶圆制造工厂,资本开支,晶圆制造工厂,统计对象,SEMI_WFF_2026_1Q.xlsx#Company Detail
"Microchip - Garden Grove (was Microsemi until 2Q18, was Linfinity Microelectronics) project capital expenditure (SEMI WFF)","Microchip - Garden Grove (was Microsemi until 2Q18, was Linfinity Microelectronics)",资本开支统计对象晶圆制造工厂,资本开支,晶圆制造工厂,统计对象,SEMI_WFF_2026_1Q.xlsx#Company Detail
Microchip - Lowell (was Microsemi until 2Q18) project capital expenditure (SEMI WFF),Microchip - Lowell (was Microsemi until 2Q18),资本开支统计对象晶圆制造工厂,资本开支,晶圆制造工厂,统计对象,SEMI_WFF_2026_1Q.xlsx#Company Detail
Microchip - SiC Fab Expansion project capital expenditure (SEMI WFF),Microchip - SiC Fab Expansion,资本开支统计对象晶圆制造工厂,资本开支,晶圆制造工厂,统计对象,SEMI_WFF_2026_1Q.xlsx#Project Spending
microFAB - Bremen fab project capital expenditure (SEMI WFF),microFAB - Bremen fab,资本开支统计对象晶圆制造工厂,资本开支,晶圆制造工厂,统计对象,SEMI_WFF_2026_1Q.xlsx#Company Detail
Micron - Fab 6 (MTV DRAM) project capital expenditure (SEMI WFF),Micron - Fab 6 (MTV DRAM),资本开支统计对象晶圆制造工厂,资本开支,晶圆制造工厂,统计对象,SEMI_WFF_2026_1Q.xlsx#Project Spending
"Micron - Fab 4 (Bldg. 24 C,D,E) project capital expenditure (SEMI WFF)","Micron - Fab 4 (Bldg. 24 C,D,E)",资本开支统计对象晶圆制造工厂,资本开支,晶圆制造工厂,统计对象,SEMI_WFF_2026_1Q.xlsx#Project Spending
"Micron - Fab 6 (MTV Flash, former IMFT) project capital expenditure (SEMI WFF)","Micron - Fab 6 (MTV Flash, former IMFT)",资本开支统计对象晶圆制造工厂,资本开支,晶圆制造工厂,统计对象,SEMI_WFF_2026_1Q.xlsx#Project Spending
Micron - Fab 16 A1 (former R1) project capital expenditure (SEMI WFF),Micron - Fab 16 A1 (former R1),资本开支统计对象晶圆制造工厂,资本开支,晶圆制造工厂,统计对象,SEMI_WFF_2026_1Q.xlsx#Project Spending
Micron - Fab 11 (Inotera Fab 2) project capital expenditure (SEMI WFF),Micron - Fab 11 (Inotera Fab 2),资本开支统计对象晶圆制造工厂,资本开支,晶圆制造工厂,统计对象,SEMI_WFF_2026_1Q.xlsx#Project Spending
Micron - Fab 16 A3 (phase 1 + phase 2) project capital expenditure (SEMI WFF),Micron - Fab 16 A3 (phase 1 + phase 2),资本开支统计对象晶圆制造工厂,资本开支,晶圆制造工厂,统计对象,SEMI_WFF_2026_1Q.xlsx#Project Spending
Micron - Fab 11 (Inotera Fab 1) project capital expenditure (SEMI WFF),Micron - Fab 11 (Inotera Fab 1),资本开支统计对象晶圆制造工厂,资本开支,晶圆制造工厂,统计对象,SEMI_WFF_2026_1Q.xlsx#Project Spending
Micron - Fab 15 +B-Bldg+F-Bldg (was Elpida E300) project capital expenditure (SEMI WFF),Micron - Fab 15 +B-Bldg+F-Bldg (was Elpida E300),资本开支统计对象晶圆制造工厂,资本开支,晶圆制造工厂,统计对象,SEMI_WFF_2026_1Q.xlsx#Project Spending
"Micron - Fab 10W 3D-part (former Fab 7, Tech) project capital expenditure (SEMI WFF)","Micron - Fab 10W 3D-part (former Fab 7, Tech)",资本开支统计对象晶圆制造工厂,资本开支,晶圆制造工厂,统计对象,SEMI_WFF_2026_1Q.xlsx#Project Spending
Micron - Fab 10A (Phase 1 + 2) project capital expenditure (SEMI WFF),Micron - Fab 10A (Phase 1 + 2),资本开支统计对象晶圆制造工厂,资本开支,晶圆制造工厂,统计对象,SEMI_WFF_2026_1Q.xlsx#Project Spending
Micron - Expansion Fab project capital expenditure (SEMI WFF),Micron - Expansion Fab,资本开支统计对象晶圆制造工厂,资本开支,晶圆制造工厂,统计对象,SEMI_WFF_2026_1Q.xlsx#Project Spending
Micron - Fab P5 Phase 2 Tongluo (was P6 with PSMC) project capital expenditure (SEMI WFF),Micron - Fab P5 Phase 2 Tongluo (was P6 with PSMC),资本开支统计对象晶圆制造工厂,资本开支,晶圆制造工厂,统计对象,SEMI_WFF_2026_1Q.xlsx#Project Spending
Micron - Fab 10N - 3D portion project capital expenditure (SEMI WFF),Micron - Fab 10N - 3D portion,资本开支统计对象晶圆制造工厂,资本开支,晶圆制造工厂,统计对象,SEMI_WFF_2026_1Q.xlsx#Project Spending
Micron - Fab 10X (Singapore) project capital expenditure (SEMI WFF),Micron - Fab 10X (Singapore),资本开支统计对象晶圆制造工厂,资本开支,晶圆制造工厂,统计对象,SEMI_WFF_2026_1Q.xlsx#Project Spending
Micron - Fab 16 A2 (former R2) project capital expenditure (SEMI WFF),Micron - Fab 16 A2 (former R2),资本开支统计对象晶圆制造工厂,资本开支,晶圆制造工厂,统计对象,SEMI_WFF_2026_1Q.xlsx#Project Spending
Micron - ID 1 (New Boise Fab 1) project capital expenditure (SEMI WFF),Micron - ID 1 (New Boise Fab 1),资本开支统计对象晶圆制造工厂,资本开支,晶圆制造工厂,统计对象,SEMI_WFF_2026_1Q.xlsx#Project Spending
Micron - Clay Fab 1 (Phase 1A) project capital expenditure (SEMI WFF),Micron - Clay Fab 1 (Phase 1A),资本开支统计对象晶圆制造工厂,资本开支,晶圆制造工厂,统计对象,SEMI_WFF_2026_1Q.xlsx#Project Spending
Micron - Fab 15 expansion F-Building project capital expenditure (SEMI WFF),Micron - Fab 15 expansion F-Building,资本开支统计对象晶圆制造工厂,资本开支,晶圆制造工厂,统计对象,SEMI_WFF_2026_1Q.xlsx#Project Spending
Micron - Clay Fab 2 (Phase 1B) project capital expenditure (SEMI WFF),Micron - Clay Fab 2 (Phase 1B),资本开支统计对象晶圆制造工厂,资本开支,晶圆制造工厂,统计对象,SEMI_WFF_2026_1Q.xlsx#Company Detail
Micron - Clay Fab 3 (Phase 2A) project capital expenditure (SEMI WFF),Micron - Clay Fab 3 (Phase 2A),资本开支统计对象晶圆制造工厂,资本开支,晶圆制造工厂,统计对象,SEMI_WFF_2026_1Q.xlsx#Company Detail
Micron - Clay Fab 4 (Phase 2B) project capital expenditure (SEMI WFF),Micron - Clay Fab 4 (Phase 2B),资本开支统计对象晶圆制造工厂,资本开支,晶圆制造工厂,统计对象,SEMI_WFF_2026_1Q.xlsx#Company Detail
Micron - Fab 10B (Phase 1 + 2) project capital expenditure (SEMI WFF),Micron - Fab 10B (Phase 1 + 2),资本开支统计对象晶圆制造工厂,资本开支,晶圆制造工厂,统计对象,SEMI_WFF_2026_1Q.xlsx#Project Spending
Micron - New DRAM/HBM Hybrid Fab project capital expenditure (SEMI WFF),Micron - New DRAM/HBM Hybrid Fab,资本开支统计对象晶圆制造工厂,资本开支,晶圆制造工厂,统计对象,SEMI_WFF_2026_1Q.xlsx#Project Spending
Micron - Fab P5 Phase 1 (Tongluo) was Powerchip PSMC project capital expenditure (SEMI WFF),Micron - Fab P5 Phase 1 (Tongluo) was Powerchip PSMC,资本开支统计对象晶圆制造工厂,资本开支,晶圆制造工厂,统计对象,SEMI_WFF_2026_1Q.xlsx#Project Spending
Micron - ID 2 (New Boise Fab 2) project capital expenditure (SEMI WFF),Micron - ID 2 (New Boise Fab 2),资本开支统计对象晶圆制造工厂,资本开支,晶圆制造工厂,统计对象,SEMI_WFF_2026_1Q.xlsx#Project Spending
Midwest MicroDevices (MMD) - MMD fab project capital expenditure (SEMI WFF),Midwest MicroDevices (MMD) - MMD fab,资本开支统计对象晶圆制造工厂,资本开支,晶圆制造工厂,统计对象,SEMI_WFF_2026_1Q.xlsx#Company Detail
Mikron (JSC Mikron) - 100mm (4-inch) project capital expenditure (SEMI WFF),Mikron (JSC Mikron) - 100mm (4-inch),资本开支统计对象晶圆制造工厂,资本开支,晶圆制造工厂,统计对象,SEMI_WFF_2026_1Q.xlsx#Company Detail
Mikron (JSC Mikron) - 150mm (6-inch Corona) project capital expenditure (SEMI WFF),Mikron (JSC Mikron) - 150mm (6-inch Corona),资本开支统计对象晶圆制造工厂,资本开支,晶圆制造工厂,统计对象,SEMI_WFF_2026_1Q.xlsx#Company Detail
Mikron (JSC Mikron) - 200mm project capital expenditure (SEMI WFF),Mikron (JSC Mikron) - 200mm,资本开支统计对象晶圆制造工厂,资本开支,晶圆制造工厂,统计对象,SEMI_WFF_2026_1Q.xlsx#Company Detail
MIMOS Semiconductor (MySem) - Fab 1 project capital expenditure (SEMI WFF),MIMOS Semiconductor (MySem) - Fab 1,资本开支统计对象晶圆制造工厂,资本开支,晶圆制造工厂,统计对象,SEMI_WFF_2026_1Q.xlsx#Company Detail
MIMOS Semiconductor (MySem) - Fab 2 project capital expenditure (SEMI WFF),MIMOS Semiconductor (MySem) - Fab 2,资本开支统计对象晶圆制造工厂,资本开支,晶圆制造工厂,统计对象,SEMI_WFF_2026_1Q.xlsx#Company Detail
Minebea Mitsumi - Yasu Fab (3rd floor) was Omron project capital expenditure (SEMI WFF),Minebea Mitsumi - Yasu Fab (3rd floor) was Omron,资本开支统计对象晶圆制造工厂,资本开支,晶圆制造工厂,统计对象,SEMI_WFF_2026_1Q.xlsx#Company Detail
Minebea Mitsumi - Yasu Fab (2nd floor) was Omron project capital expenditure (SEMI WFF),Minebea Mitsumi - Yasu Fab (2nd floor) was Omron,资本开支统计对象晶圆制造工厂,资本开支,晶圆制造工厂,统计对象,SEMI_WFF_2026_1Q.xlsx#Company Detail
Mitsubishi Electric - Kumamoto Factory-D Bldg (was Renesas) project capital expenditure (SEMI WFF),Mitsubishi Electric - Kumamoto Factory-D Bldg (was Renesas),资本开支统计对象晶圆制造工厂,资本开支,晶圆制造工厂,统计对象,SEMI_WFF_2026_1Q.xlsx#Project Spending
Mitsubishi Electric - High Frequency & Optical Device Works project capital expenditure (SEMI WFF),Mitsubishi Electric - High Frequency & Optical Device Works,资本开支统计对象晶圆制造工厂,资本开支,晶圆制造工厂,统计对象,SEMI_WFF_2026_1Q.xlsx#Company Detail
Mitsubishi Electric - Power Device Works project capital expenditure (SEMI WFF),Mitsubishi Electric - Power Device Works,资本开支统计对象晶圆制造工厂,资本开支,晶圆制造工厂,统计对象,SEMI_WFF_2026_1Q.xlsx#Company Detail
Mitsubishi Electric - New SiC Power Fab project capital expenditure (SEMI WFF),Mitsubishi Electric - New SiC Power Fab,资本开支统计对象晶圆制造工厂,资本开支,晶圆制造工厂,统计对象,SEMI_WFF_2026_1Q.xlsx#Project Spending
Mosel Vitelic - Fab 1 (new IGBT line) project capital expenditure (SEMI WFF),Mosel Vitelic - Fab 1 (new IGBT line),资本开支统计对象晶圆制造工厂,资本开支,晶圆制造工厂,统计对象,SEMI_WFF_2026_1Q.xlsx#Company Detail
MOSPEC Semiconductor Corp. - n/a project capital expenditure (SEMI WFF),MOSPEC Semiconductor Corp. - n/a,资本开支统计对象晶圆制造工厂,资本开支,晶圆制造工厂,统计对象,SEMI_WFF_2026_1Q.xlsx#Company Detail
"MT Microsystems - 6"" fab project capital expenditure (SEMI WFF)","MT Microsystems - 6"" fab",资本开支统计对象晶圆制造工厂,资本开支,晶圆制造工厂,统计对象,SEMI_WFF_2026_1Q.xlsx#Company Detail
"Murata Manufacturing Company, Ltd. - Murata Integrated Passive Solution (was IPDiA Fab 2 6-inch) project capital expenditure (SEMI WFF)","Murata Manufacturing Company, Ltd. - Murata Integrated Passive Solution (was IPDiA Fab 2 6-inch)",资本开支统计对象晶圆制造工厂,资本开支,晶圆制造工厂,统计对象,SEMI_WFF_2026_1Q.xlsx#Company Detail
"Murata Manufacturing Company, Ltd. - Sendai Fab project capital expenditure (SEMI WFF)","Murata Manufacturing Company, Ltd. - Sendai Fab",资本开支统计对象晶圆制造工厂,资本开支,晶圆制造工厂,统计对象,SEMI_WFF_2026_1Q.xlsx#Company Detail
"Murata Manufacturing Company, Ltd. - Kanazawa Fab 2 (Building E) project capital expenditure (SEMI WFF)","Murata Manufacturing Company, Ltd. - Kanazawa Fab 2 (Building E)",资本开支统计对象晶圆制造工厂,资本开支,晶圆制造工厂,统计对象,SEMI_WFF_2026_1Q.xlsx#Company Detail
"Murata Manufacturing Company, Ltd. - Vantaa Fab 3 project capital expenditure (SEMI WFF)","Murata Manufacturing Company, Ltd. - Vantaa Fab 3",资本开支统计对象晶圆制造工厂,资本开支,晶圆制造工厂,统计对象,SEMI_WFF_2026_1Q.xlsx#Company Detail
"Murata Manufacturing Company, Ltd. - Vantaa Fab 1 project capital expenditure (SEMI WFF)","Murata Manufacturing Company, Ltd. - Vantaa Fab 1",资本开支统计对象晶圆制造工厂,资本开支,晶圆制造工厂,统计对象,SEMI_WFF_2026_1Q.xlsx#Company Detail
"Murata Manufacturing Company, Ltd. - Vantaa Fab 2 project capital expenditure (SEMI WFF)","Murata Manufacturing Company, Ltd. - Vantaa Fab 2",资本开支统计对象晶圆制造工厂,资本开支,晶圆制造工厂,统计对象,SEMI_WFF_2026_1Q.xlsx#Company Detail
Nanjing Gaoxin Semiconductor Corporation (NSMC) - Fab 3 project capital expenditure (SEMI WFF),Nanjing Gaoxin Semiconductor Corporation (NSMC) - Fab 3,资本开支统计对象晶圆制造工厂,资本开支,晶圆制造工厂,统计对象,SEMI_WFF_2026_1Q.xlsx#Company Detail
Nanjing Guozhao Optoelectronics Technology (GZOT) - Fab 1 project capital expenditure (SEMI WFF),Nanjing Guozhao Optoelectronics Technology (GZOT) - Fab 1,资本开支统计对象晶圆制造工厂,资本开支,晶圆制造工厂,统计对象,SEMI_WFF_2026_1Q.xlsx#Company Detail
Nanjing Guozhao Optoelectronics Technology (GZOT) - Zhaoyi 12inch line project capital expenditure (SEMI WFF),Nanjing Guozhao Optoelectronics Technology (GZOT) - Zhaoyi 12inch line,资本开支统计对象晶圆制造工厂,资本开支,晶圆制造工厂,统计对象,SEMI_WFF_2026_1Q.xlsx#Project Spending
"Nanostructures, Inc. - Fab 1 project capital expenditure (SEMI WFF)","Nanostructures, Inc. - Fab 1",资本开支统计对象晶圆制造工厂,资本开支,晶圆制造工厂,统计对象,SEMI_WFF_2026_1Q.xlsx#Company Detail
Nanox - Nanox project capital expenditure (SEMI WFF),Nanox - Nanox,资本开支统计对象晶圆制造工厂,资本开支,晶圆制造工厂,统计对象,SEMI_WFF_2026_1Q.xlsx#Company Detail
Nanya Technology - Fab 5 Phase 1 project capital expenditure (SEMI WFF),Nanya Technology - Fab 5 Phase 1,资本开支统计对象晶圆制造工厂,资本开支,晶圆制造工厂,统计对象,SEMI_WFF_2026_1Q.xlsx#Project Spending
Nanya Technology - Fab 5 Phase 2 project capital expenditure (SEMI WFF),Nanya Technology - Fab 5 Phase 2,资本开支统计对象晶圆制造工厂,资本开支,晶圆制造工厂,统计对象,SEMI_WFF_2026_1Q.xlsx#Project Spending
Nanya Technology - Fab 5 (EUV Fab) project capital expenditure (SEMI WFF),Nanya Technology - Fab 5 (EUV Fab),资本开支统计对象晶圆制造工厂,资本开支,晶圆制造工厂,统计对象,SEMI_WFF_2026_1Q.xlsx#Project Spending
NeoPhotonics Corporation - San Jose project capital expenditure (SEMI WFF),NeoPhotonics Corporation - San Jose,资本开支统计对象晶圆制造工厂,资本开支,晶圆制造工厂,统计对象,SEMI_WFF_2026_1Q.xlsx#Company Detail
Nexchip - N1(A3+A4) project capital expenditure (SEMI WFF),Nexchip - N1(A3+A4),资本开支统计对象晶圆制造工厂,资本开支,晶圆制造工厂,统计对象,SEMI_WFF_2026_1Q.xlsx#Project Spending
NexGen Power Systems - Avogy project capital expenditure (SEMI WFF),NexGen Power Systems - Avogy,资本开支统计对象晶圆制造工厂,资本开支,晶圆制造工厂,统计对象,SEMI_WFF_2026_1Q.xlsx#Company Detail
NEXIC Technology - Jiangyin 6inch Fab project capital expenditure (SEMI WFF),NEXIC Technology - Jiangyin 6inch Fab,资本开支统计对象晶圆制造工厂,资本开支,晶圆制造工厂,统计对象,SEMI_WFF_2026_1Q.xlsx#Project Spending
Nexperia - Hamburg 8-inch project capital expenditure (SEMI WFF),Nexperia - Hamburg 8-inch,资本开支统计对象晶圆制造工厂,资本开支,晶圆制造工厂,统计对象,SEMI_WFF_2026_1Q.xlsx#Project Spending
Nexperia - Hamburg 8-inch GaN and SiC project capital expenditure (SEMI WFF),Nexperia - Hamburg 8-inch GaN and SiC,资本开支统计对象晶圆制造工厂,资本开支,晶圆制造工厂,统计对象,SEMI_WFF_2026_1Q.xlsx#Project Spending
Nexperia - Manchester 6-inch (was Nexperia) project capital expenditure (SEMI WFF),Nexperia - Manchester 6-inch (was Nexperia),资本开支统计对象晶圆制造工厂,资本开支,晶圆制造工厂,统计对象,SEMI_WFF_2026_1Q.xlsx#Company Detail
Nexperia - Hamburg 6-inch project capital expenditure (SEMI WFF),Nexperia - Hamburg 6-inch,资本开支统计对象晶圆制造工厂,资本开支,晶圆制造工厂,统计对象,SEMI_WFF_2026_1Q.xlsx#Company Detail
Nichia Corporation - K6 (was LD fab HQ) project capital expenditure (SEMI WFF),Nichia Corporation - K6 (was LD fab HQ),资本开支统计对象晶圆制造工厂,资本开支,晶圆制造工厂,统计对象,SEMI_WFF_2026_1Q.xlsx#Project Spending
NIIIS - Research Institute of Measuring Systems - NIIIS project capital expenditure (SEMI WFF),NIIIS - Research Institute of Measuring Systems - NIIIS,资本开支统计对象晶圆制造工厂,资本开支,晶圆制造工厂,统计对象,SEMI_WFF_2026_1Q.xlsx#Company Detail
Nisshinbo - Yashiro Fab 1 (Ricoh Electro Device) project capital expenditure (SEMI WFF),Nisshinbo - Yashiro Fab 1 (Ricoh Electro Device),资本开支统计对象晶圆制造工厂,资本开支,晶圆制造工厂,统计对象,SEMI_WFF_2026_1Q.xlsx#Company Detail
Nisshinbo - Yashiro Fab 2 (Ricoh Electro Device) project capital expenditure (SEMI WFF),Nisshinbo - Yashiro Fab 2 (Ricoh Electro Device),资本开支统计对象晶圆制造工厂,资本开支,晶圆制造工厂,统计对象,SEMI_WFF_2026_1Q.xlsx#Company Detail
Nitronex Corporation - Durham Fab project capital expenditure (SEMI WFF),Nitronex Corporation - Durham Fab,资本开支统计对象晶圆制造工厂,资本开支,晶圆制造工厂,统计对象,SEMI_WFF_2026_1Q.xlsx#Company Detail
Northrop Grumman - D1 (Space Park) (Redondo Beach) project capital expenditure (SEMI WFF),Northrop Grumman - D1 (Space Park) (Redondo Beach),资本开支统计对象晶圆制造工厂,资本开支,晶圆制造工厂,统计对象,SEMI_WFF_2026_1Q.xlsx#Company Detail
Northrop Grumman - ATL Baltimore (1 to 6 inch lines) project capital expenditure (SEMI WFF),Northrop Grumman - ATL Baltimore (1 to 6 inch lines),资本开支统计对象晶圆制造工厂,资本开支,晶圆制造工厂,统计对象,SEMI_WFF_2026_1Q.xlsx#Company Detail
Northrop Grumman - ATL Baltimore (8 inch line) project capital expenditure (SEMI WFF),Northrop Grumman - ATL Baltimore (8 inch line),资本开支统计对象晶圆制造工厂,资本开支,晶圆制造工厂,统计对象,SEMI_WFF_2026_1Q.xlsx#Company Detail
Nuvoton Technology - Fab D (was Panasonic) project capital expenditure (SEMI WFF),Nuvoton Technology - Fab D (was Panasonic),资本开支统计对象晶圆制造工厂,资本开支,晶圆制造工厂,统计对象,SEMI_WFF_2026_1Q.xlsx#Company Detail
Nuvotronics - Virginia Fab project capital expenditure (SEMI WFF),Nuvotronics - Virginia Fab,资本开支统计对象晶圆制造工厂,资本开支,晶圆制造工厂,统计对象,SEMI_WFF_2026_1Q.xlsx#Company Detail
NXP - Expansion Dan Noble Center project capital expenditure (SEMI WFF),NXP - Expansion Dan Noble Center,资本开支统计对象晶圆制造工厂,资本开支,晶圆制造工厂,统计对象,SEMI_WFF_2026_1Q.xlsx#Project Spending
"NXP - ATMC (used also by Everspin) (was Freescale, Austin Technology & Manufacturing Center) project capital expenditure (SEMI WFF)","NXP - ATMC (used also by Everspin) (was Freescale, Austin Technology & Manufacturing Center)",资本开支统计对象晶圆制造工厂,资本开支,晶圆制造工厂,统计对象,SEMI_WFF_2026_1Q.xlsx#Project Spending
NXP - ICN8 project capital expenditure (SEMI WFF),NXP - ICN8,资本开支统计对象晶圆制造工厂,资本开支,晶圆制造工厂,统计对象,SEMI_WFF_2026_1Q.xlsx#Project Spending
"NXP - CHD (used also by Everspin, was Freescale) project capital expenditure (SEMI WFF)","NXP - CHD (used also by Everspin, was Freescale)",资本开支统计对象晶圆制造工厂,资本开支,晶圆制造工厂,统计对象,SEMI_WFF_2026_1Q.xlsx#Project Spending
NXP - ECHO (GaN & SiC Fab new expansion in Chandler) project capital expenditure (SEMI WFF),NXP - ECHO (GaN & SiC Fab new expansion in Chandler),资本开支统计对象晶圆制造工厂,资本开支,晶圆制造工厂,统计对象,SEMI_WFF_2026_1Q.xlsx#Company Detail
Odyssey - Ithaca project capital expenditure (SEMI WFF),Odyssey - Ithaca,资本开支统计对象晶圆制造工厂,资本开支,晶圆制造工厂,统计对象,SEMI_WFF_2026_1Q.xlsx#Company Detail
OEPIC Inc. - N/A project capital expenditure (SEMI WFF),OEPIC Inc. - N/A,资本开支统计对象晶圆制造工厂,资本开支,晶圆制造工厂,统计对象,SEMI_WFF_2026_1Q.xlsx#Company Detail
"Oita Device Technology Co., Ltd - ODT fab project capital expenditure (SEMI WFF)","Oita Device Technology Co., Ltd - ODT fab",资本开支统计对象晶圆制造工厂,资本开支,晶圆制造工厂,统计对象,SEMI_WFF_2026_1Q.xlsx#Company Detail
Olympus Corporation - Corporate R&D Center - Tatsuno plant project capital expenditure (SEMI WFF),Olympus Corporation - Corporate R&D Center - Tatsuno plant,资本开支统计对象晶圆制造工厂,资本开支,晶圆制造工厂,统计对象,SEMI_WFF_2026_1Q.xlsx#Company Detail
"OnChip Devices, Inc. - N/A project capital expenditure (SEMI WFF)","OnChip Devices, Inc. - N/A",资本开支统计对象晶圆制造工厂,资本开支,晶圆制造工厂,统计对象,SEMI_WFF_2026_1Q.xlsx#Company Detail
OnMicro Electronics (HunterSun) - Hangzhou MEMS fab project capital expenditure (SEMI WFF),OnMicro Electronics (HunterSun) - Hangzhou MEMS fab,资本开支统计对象晶圆制造工厂,资本开支,晶圆制造工厂,统计对象,SEMI_WFF_2026_1Q.xlsx#Project Spending
onsemi - Roznov SiC Device 200mm project capital expenditure (SEMI WFF),onsemi - Roznov SiC Device 200mm,资本开支统计对象晶圆制造工厂,资本开支,晶圆制造工厂,统计对象,SEMI_WFF_2026_1Q.xlsx#Project Spending
onsemi - Bucheon 200mm (was Fairchild) project capital expenditure (SEMI WFF),onsemi - Bucheon 200mm (was Fairchild),资本开支统计对象晶圆制造工厂,资本开支,晶圆制造工厂,统计对象,SEMI_WFF_2026_1Q.xlsx#Project Spending
"onsemi - Aizu fab (was Aizu Fujitsu) was FASL 1A, was JV1 project capital expenditure (SEMI WFF)","onsemi - Aizu fab (was Aizu Fujitsu) was FASL 1A, was JV1",资本开支统计对象晶圆制造工厂,资本开支,晶圆制造工厂,统计对象,SEMI_WFF_2026_1Q.xlsx#Project Spending
onsemi - Gresham project capital expenditure (SEMI WFF),onsemi - Gresham,资本开支统计对象晶圆制造工厂,资本开支,晶圆制造工厂,统计对象,SEMI_WFF_2026_1Q.xlsx#Project Spending
"onsemi - Fab 10 (was Glofo Fab 10, was IBM Bldg. 323 plus Annex) project capital expenditure (SEMI WFF)","onsemi - Fab 10 (was Glofo Fab 10, was IBM Bldg. 323 plus Annex)",资本开支统计对象晶圆制造工厂,资本开支,晶圆制造工厂,统计对象,SEMI_WFF_2026_1Q.xlsx#Project Spending
onsemi - Pennsylvania (was Fairchild) project capital expenditure (SEMI WFF),onsemi - Pennsylvania (was Fairchild),资本开支统计对象晶圆制造工厂,资本开支,晶圆制造工厂,统计对象,SEMI_WFF_2026_1Q.xlsx#Project Spending
Optimal Perenni - Fab 2 project capital expenditure (SEMI WFF),Optimal Perenni - Fab 2,资本开支统计对象晶圆制造工厂,资本开支,晶圆制造工厂,统计对象,SEMI_WFF_2026_1Q.xlsx#Project Spending
Panjit International - Fab 2 project capital expenditure (SEMI WFF),Panjit International - Fab 2,资本开支统计对象晶圆制造工厂,资本开支,晶圆制造工厂,统计对象,SEMI_WFF_2026_1Q.xlsx#Company Detail
Panjit International - Pynmax Fab (Fab 3 8-inch line) project capital expenditure (SEMI WFF),Panjit International - Pynmax Fab (Fab 3 8-inch line),资本开支统计对象晶圆制造工厂,资本开支,晶圆制造工厂,统计对象,SEMI_WFF_2026_1Q.xlsx#Company Detail
Phenitec Semicondcutor - 1st Factory (125mm) project capital expenditure (SEMI WFF),Phenitec Semicondcutor - 1st Factory (125mm),资本开支统计对象晶圆制造工厂,资本开支,晶圆制造工厂,统计对象,SEMI_WFF_2026_1Q.xlsx#Company Detail
Photonic Corporation - Photonic Fab project capital expenditure (SEMI WFF),Photonic Corporation - Photonic Fab,资本开支统计对象晶圆制造工厂,资本开支,晶圆制造工厂,统计对象,SEMI_WFF_2026_1Q.xlsx#Company Detail
Plessey (owned by Haylo Labs) - Plessey 8-inch line project capital expenditure (SEMI WFF),Plessey (owned by Haylo Labs) - Plessey 8-inch line,资本开支统计对象晶圆制造工厂,资本开支,晶圆制造工厂,统计对象,SEMI_WFF_2026_1Q.xlsx#Company Detail
"Polar Semiconductor, Inc (PSI) (Polarfab) - PolarFab 2 project capital expenditure (SEMI WFF)","Polar Semiconductor, Inc (PSI) (Polarfab) - PolarFab 2",资本开支统计对象晶圆制造工厂,资本开支,晶圆制造工厂,统计对象,SEMI_WFF_2026_1Q.xlsx#Company Detail
"Polar Semiconductor, Inc (PSI) (Polarfab) - PolarFab 1 (8-inch) project capital expenditure (SEMI WFF)","Polar Semiconductor, Inc (PSI) (Polarfab) - PolarFab 1 (8-inch)",资本开支统计对象晶圆制造工厂,资本开支,晶圆制造工厂,统计对象,SEMI_WFF_2026_1Q.xlsx#Project Spending
Poseico - Genova project capital expenditure (SEMI WFF),Poseico - Genova,资本开支统计对象晶圆制造工厂,资本开支,晶圆制造工厂,统计对象,SEMI_WFF_2026_1Q.xlsx#Company Detail
Power Master Semiconductor - Cheongju SiC 6inch Line project capital expenditure (SEMI WFF),Power Master Semiconductor - Cheongju SiC 6inch Line,资本开支统计对象晶圆制造工厂,资本开支,晶圆制造工厂,统计对象,SEMI_WFF_2026_1Q.xlsx#Company Detail
Powerchip Semiconductor Manufacturing Corp (PSMC) - Fab 8A (was Maxchip) project capital expenditure (SEMI WFF),Powerchip Semiconductor Manufacturing Corp (PSMC) - Fab 8A (was Maxchip),资本开支统计对象晶圆制造工厂,资本开支,晶圆制造工厂,统计对象,SEMI_WFF_2026_1Q.xlsx#Project Spending
Powerchip Semiconductor Manufacturing Corp (PSMC) - Fab 8A-D (200mm line inside Episil Duxing fab) project capital expenditure (SEMI WFF),Powerchip Semiconductor Manufacturing Corp (PSMC) - Fab 8A-D (200mm line inside Episil Duxing fab),资本开支统计对象晶圆制造工厂,资本开支,晶圆制造工厂,统计对象,SEMI_WFF_2026_1Q.xlsx#Project Spending
Powerchip Semiconductor Manufacturing Corp (PSMC) - Fab P5 (Tongluo) project capital expenditure (SEMI WFF),Powerchip Semiconductor Manufacturing Corp (PSMC) - Fab P5 (Tongluo),资本开支统计对象晶圆制造工厂,资本开支,晶圆制造工厂,统计对象,SEMI_WFF_2026_1Q.xlsx#Project Spending
PREMA Semiconductor GmbH - Prema project capital expenditure (SEMI WFF),PREMA Semiconductor GmbH - Prema,资本开支统计对象晶圆制造工厂,资本开支,晶圆制造工厂,统计对象,SEMI_WFF_2026_1Q.xlsx#Company Detail
Pure Wafer - Campbell (was Noel Technologies) project capital expenditure (SEMI WFF),Pure Wafer - Campbell (was Noel Technologies),资本开支统计对象晶圆制造工厂,资本开支,晶圆制造工厂,统计对象,SEMI_WFF_2026_1Q.xlsx#Company Detail
"Qidong Jilai Electronics Co., Ltd. - Fab 1 project capital expenditure (SEMI WFF)","Qidong Jilai Electronics Co., Ltd. - Fab 1",资本开支统计对象晶圆制造工厂,资本开支,晶圆制造工厂,统计对象,SEMI_WFF_2026_1Q.xlsx#Company Detail
Qorvo Inc. - Richardson 200mm BAW line project capital expenditure (SEMI WFF),Qorvo Inc. - Richardson 200mm BAW line,资本开支统计对象晶圆制造工厂,资本开支,晶圆制造工厂,统计对象,SEMI_WFF_2026_1Q.xlsx#Project Spending
Qorvo Inc. - Richardson 150mm & 100mm (was Triquint) project capital expenditure (SEMI WFF),Qorvo Inc. - Richardson 150mm & 100mm (was Triquint),资本开支统计对象晶圆制造工厂,资本开支,晶圆制造工厂,统计对象,SEMI_WFF_2026_1Q.xlsx#Company Detail
Qorvo Inc. - Apopka (was Triquint) project capital expenditure (SEMI WFF),Qorvo Inc. - Apopka (was Triquint),资本开支统计对象晶圆制造工厂,资本开支,晶圆制造工厂,统计对象,SEMI_WFF_2026_1Q.xlsx#Company Detail
Qorvo Inc. - Hilsboro (was Triquint) project capital expenditure (SEMI WFF),Qorvo Inc. - Hilsboro (was Triquint),资本开支统计对象晶圆制造工厂,资本开支,晶圆制造工厂,统计对象,SEMI_WFF_2026_1Q.xlsx#Company Detail
Rapidus - IIM-1 (Fab 1: Innovative Integration for Manufacturing) project capital expenditure (SEMI WFF),Rapidus - IIM-1 (Fab 1: Innovative Integration for Manufacturing),资本开支统计对象晶圆制造工厂,资本开支,晶圆制造工厂,统计对象,SEMI_WFF_2026_1Q.xlsx#Project Spending
Rapidus - IIM-2 (Fab 2) project capital expenditure (SEMI WFF),Rapidus - IIM-2 (Fab 2),资本开支统计对象晶圆制造工厂,资本开支,晶圆制造工厂,统计对象,SEMI_WFF_2026_1Q.xlsx#Project Spending
RCL Semiconductors Ltd. - HQ Factory project capital expenditure (SEMI WFF),RCL Semiconductors Ltd. - HQ Factory,资本开支统计对象晶圆制造工厂,资本开支,晶圆制造工厂,统计对象,SEMI_WFF_2026_1Q.xlsx#Company Detail
Redlen Technologies - CZT Fab project capital expenditure (SEMI WFF),Redlen Technologies - CZT Fab,资本开支统计对象晶圆制造工厂,资本开支,晶圆制造工厂,统计对象,SEMI_WFF_2026_1Q.xlsx#Company Detail
Renesas - Saijo Factory project capital expenditure (SEMI WFF),Renesas - Saijo Factory,资本开支统计对象晶圆制造工厂,资本开支,晶圆制造工厂,统计对象,SEMI_WFF_2026_1Q.xlsx#Project Spending
Renesas - Naka 200mm line (Bldg. N2) project capital expenditure (SEMI WFF),Renesas - Naka 200mm line (Bldg. N2),资本开支统计对象晶圆制造工厂,资本开支,晶圆制造工厂,统计对象,SEMI_WFF_2026_1Q.xlsx#Project Spending
Renesas - New 300mm Fab (reopened closed 200mm and 150m line) project capital expenditure (SEMI WFF),Renesas - New 300mm Fab (reopened closed 200mm and 150m line),资本开支统计对象晶圆制造工厂,资本开支,晶圆制造工厂,统计对象,SEMI_WFF_2026_1Q.xlsx#Project Spending
Renesas - Takasaki SiC Line project capital expenditure (SEMI WFF),Renesas - Takasaki SiC Line,资本开支统计对象晶圆制造工厂,资本开支,晶圆制造工厂,统计对象,SEMI_WFF_2026_1Q.xlsx#Project Spending
Retina Implant AG - Retina Implant project capital expenditure (SEMI WFF),Retina Implant AG - Retina Implant,资本开支统计对象晶圆制造工厂,资本开支,晶圆制造工厂,统计对象,SEMI_WFF_2026_1Q.xlsx#Company Detail
Rogue Valley Microdevices - Fab 1 (wafer processing) project capital expenditure (SEMI WFF),Rogue Valley Microdevices - Fab 1 (wafer processing),资本开支统计对象晶圆制造工厂,资本开支,晶圆制造工厂,统计对象,SEMI_WFF_2026_1Q.xlsx#Company Detail
Rogue Valley Microdevices - Fab 2 (wafer processing) project capital expenditure (SEMI WFF),Rogue Valley Microdevices - Fab 2 (wafer processing),资本开支统计对象晶圆制造工厂,资本开支,晶圆制造工厂,统计对象,SEMI_WFF_2026_1Q.xlsx#Project Spending
Rohm - Chikugo SiC 6-inch line project capital expenditure (SEMI WFF),Rohm - Chikugo SiC 6-inch line,资本开支统计对象晶圆制造工厂,资本开支,晶圆制造工厂,统计对象,SEMI_WFF_2026_1Q.xlsx#Company Detail
Rohm - Rohm Shiga (was Renesas) project capital expenditure (SEMI WFF),Rohm - Rohm Shiga (was Renesas),资本开支统计对象晶圆制造工厂,资本开支,晶圆制造工厂,统计对象,SEMI_WFF_2026_1Q.xlsx#Project Spending
Rohm - Hamamatsu (200mm Line) project capital expenditure (SEMI WFF),Rohm - Hamamatsu (200mm Line),资本开支统计对象晶圆制造工厂,资本开支,晶圆制造工厂,统计对象,SEMI_WFF_2026_1Q.xlsx#Company Detail
Rohm (Kionix Inc.) - Kyoto MEMS fab project capital expenditure (SEMI WFF),Rohm (Kionix Inc.) - Kyoto MEMS fab,资本开支统计对象晶圆制造工厂,资本开支,晶圆制造工厂,统计对象,SEMI_WFF_2026_1Q.xlsx#Company Detail
Rong Semi (former HIDM Tacoma) - Ningbo New 300mm Fab project capital expenditure (SEMI WFF),Rong Semi (former HIDM Tacoma) - Ningbo New 300mm Fab,资本开支统计对象晶圆制造工厂,资本开支,晶圆制造工厂,统计对象,SEMI_WFF_2026_1Q.xlsx#Project Spending
RTX (former Raytheon Company) - Collins Aerospace - Cedar Rapids facility project capital expenditure (SEMI WFF),RTX (former Raytheon Company) - Collins Aerospace - Cedar Rapids facility,资本开支统计对象晶圆制造工厂,资本开支,晶圆制造工厂,统计对象,SEMI_WFF_2026_1Q.xlsx#Project Spending
RTX (former Raytheon Company) - Glenrothes facility project capital expenditure (SEMI WFF),RTX (former Raytheon Company) - Glenrothes facility,资本开支统计对象晶圆制造工厂,资本开支,晶圆制造工厂,统计对象,SEMI_WFF_2026_1Q.xlsx#Company Detail
RTX (former Raytheon Company) - RF Components (RRFC) project capital expenditure (SEMI WFF),RTX (former Raytheon Company) - RF Components (RRFC),资本开支统计对象晶圆制造工厂,资本开支,晶圆制造工厂,统计对象,SEMI_WFF_2026_1Q.xlsx#Company Detail
Ruttonsha International Rectifier - Fab 1 project capital expenditure (SEMI WFF),Ruttonsha International Rectifier - Fab 1,资本开支统计对象晶圆制造工厂,资本开支,晶圆制造工厂,统计对象,SEMI_WFF_2026_1Q.xlsx#Company Detail
Samsung - Line 5 (LED line) 8-inch project capital expenditure (SEMI WFF),Samsung - Line 5 (LED line) 8-inch,资本开支统计对象晶圆制造工厂,资本开支,晶圆制造工厂,统计对象,SEMI_WFF_2026_1Q.xlsx#Company Detail
Samsung - Taylor Phase 2 (was S6 Phase 2) project capital expenditure (SEMI WFF),Samsung - Taylor Phase 2 (was S6 Phase 2),资本开支统计对象晶圆制造工厂,资本开支,晶圆制造工厂,统计对象,SEMI_WFF_2026_1Q.xlsx#Project Spending
Samsung - P5 Phase 1 (3D NAND was DRAM) project capital expenditure (SEMI WFF),Samsung - P5 Phase 1 (3D NAND was DRAM),资本开支统计对象晶圆制造工厂,资本开支,晶圆制造工厂,统计对象,SEMI_WFF_2026_1Q.xlsx#Project Spending
Samsung - P5 Phase 2 (DRAM was 3D NAND) project capital expenditure (SEMI WFF),Samsung - P5 Phase 2 (DRAM was 3D NAND),资本开支统计对象晶圆制造工厂,资本开支,晶圆制造工厂,统计对象,SEMI_WFF_2026_1Q.xlsx#Project Spending
"Samsung - S6 (in P3, 8th floor) (was S5 Phase 2) project capital expenditure (SEMI WFF)","Samsung - S6 (in P3, 8th floor) (was S5 Phase 2)",资本开支统计对象晶圆制造工厂,资本开支,晶圆制造工厂,统计对象,SEMI_WFF_2026_1Q.xlsx#Project Spending
Samsung - Taylor Phase 1 (was S6 Phase 1) project capital expenditure (SEMI WFF),Samsung - Taylor Phase 1 (was S6 Phase 1),资本开支统计对象晶圆制造工厂,资本开支,晶圆制造工厂,统计对象,SEMI_WFF_2026_1Q.xlsx#Project Spending
Samsung - P4 Phase 2 Support (was planned for 3D NAND) project capital expenditure (SEMI WFF),Samsung - P4 Phase 2 Support (was planned for 3D NAND),资本开支统计对象晶圆制造工厂,资本开支,晶圆制造工厂,统计对象,SEMI_WFF_2026_1Q.xlsx#Project Spending
Samsung - P4 Phase 1 (DRAM) project capital expenditure (SEMI WFF),Samsung - P4 Phase 1 (DRAM),资本开支统计对象晶圆制造工厂,资本开支,晶圆制造工厂,统计对象,SEMI_WFF_2026_1Q.xlsx#Project Spending
Sanan Optoelectronics - Sanan-ST SiC Device JV (Phase 1+2) project capital expenditure (SEMI WFF),Sanan Optoelectronics - Sanan-ST SiC Device JV (Phase 1+2),资本开支统计对象晶圆制造工厂,资本开支,晶圆制造工厂,统计对象,SEMI_WFF_2026_1Q.xlsx#Project Spending
"Sanken Electric Co., Ltd. - Fab 2-Line 2 (1st floor) project capital expenditure (SEMI WFF)","Sanken Electric Co., Ltd. - Fab 2-Line 2 (1st floor)",资本开支统计对象晶圆制造工厂,资本开支,晶圆制造工厂,统计对象,SEMI_WFF_2026_1Q.xlsx#Project Spending
SCL (Semiconductor Laboratory) - MEMS Line project capital expenditure (SEMI WFF),SCL (Semiconductor Laboratory) - MEMS Line,资本开支统计对象晶圆制造工厂,资本开支,晶圆制造工厂,统计对象,SEMI_WFF_2026_1Q.xlsx#Company Detail
SCL (Semiconductor Laboratory) - Silicon Fab (CMOS) project capital expenditure (SEMI WFF),SCL (Semiconductor Laboratory) - Silicon Fab (CMOS),资本开支统计对象晶圆制造工厂,资本开支,晶圆制造工厂,统计对象,SEMI_WFF_2026_1Q.xlsx#Company Detail
SCL (Semiconductor Laboratory) - New 28nm Line project capital expenditure (SEMI WFF),SCL (Semiconductor Laboratory) - New 28nm Line,资本开支统计对象晶圆制造工厂,资本开支,晶圆制造工厂,统计对象,SEMI_WFF_2026_1Q.xlsx#Project Spending
Seagate - Bloomington Wafer Fab 2 project capital expenditure (SEMI WFF),Seagate - Bloomington Wafer Fab 2,资本开支统计对象晶圆制造工厂,资本开支,晶圆制造工厂,统计对象,SEMI_WFF_2026_1Q.xlsx#Company Detail
Seiko Epson Corporation - T-Wing (8-inch) project capital expenditure (SEMI WFF),Seiko Epson Corporation - T-Wing (8-inch),资本开支统计对象晶圆制造工厂,资本开支,晶圆制造工厂,统计对象,SEMI_WFF_2026_1Q.xlsx#Project Spending
Seiko Epson Corporation - Miyazaki plant (Epson Toyocom) project capital expenditure (SEMI WFF),Seiko Epson Corporation - Miyazaki plant (Epson Toyocom),资本开支统计对象晶圆制造工厂,资本开支,晶圆制造工厂,统计对象,SEMI_WFF_2026_1Q.xlsx#Company Detail
Seiko Epson Corporation - Ina plant project capital expenditure (SEMI WFF),Seiko Epson Corporation - Ina plant,资本开支统计对象晶圆制造工厂,资本开支,晶圆制造工厂,统计对象,SEMI_WFF_2026_1Q.xlsx#Company Detail
Seiko Epson Corporation - Hirooka Plant project capital expenditure (SEMI WFF),Seiko Epson Corporation - Hirooka Plant,资本开支统计对象晶圆制造工厂,资本开支,晶圆制造工厂,统计对象,SEMI_WFF_2026_1Q.xlsx#Company Detail
Semefab Ltd. - Fab 3 (CMOS3) project capital expenditure (SEMI WFF),Semefab Ltd. - Fab 3 (CMOS3),资本开支统计对象晶圆制造工厂,资本开支,晶圆制造工厂,统计对象,SEMI_WFF_2026_1Q.xlsx#Company Detail
Semefab Ltd. - Fab 2 (new MEMS 2) project capital expenditure (SEMI WFF),Semefab Ltd. - Fab 2 (new MEMS 2),资本开支统计对象晶圆制造工厂,资本开支,晶圆制造工厂,统计对象,SEMI_WFF_2026_1Q.xlsx#Company Detail
Semikron Elektronik GmbH & Co. KG - SEMIKRON Vrbove project capital expenditure (SEMI WFF),Semikron Elektronik GmbH & Co. KG - SEMIKRON Vrbove,资本开支统计对象晶圆制造工厂,资本开支,晶圆制造工厂,统计对象,SEMI_WFF_2026_1Q.xlsx#Company Detail
Semikron Elektronik GmbH & Co. KG - SEMICELL project capital expenditure (SEMI WFF),Semikron Elektronik GmbH & Co. KG - SEMICELL,资本开支统计对象晶圆制造工厂,资本开支,晶圆制造工厂,统计对象,SEMI_WFF_2026_1Q.xlsx#Company Detail
"SemiSouth Laboratories, Inc. - N/A project capital expenditure (SEMI WFF)","SemiSouth Laboratories, Inc. - N/A",资本开支统计对象晶圆制造工厂,资本开支,晶圆制造工厂,统计对象,SEMI_WFF_2026_1Q.xlsx#Company Detail
Sensera - Woburn (inside Agiltron fab) project capital expenditure (SEMI WFF),Sensera - Woburn (inside Agiltron fab),资本开支统计对象晶圆制造工厂,资本开支,晶圆制造工厂,统计对象,SEMI_WFF_2026_1Q.xlsx#Company Detail
SensFab Pte. Ltd. - Fab 1 project capital expenditure (SEMI WFF),SensFab Pte. Ltd. - Fab 1,资本开支统计对象晶圆制造工厂,资本开支,晶圆制造工厂,统计对象,SEMI_WFF_2026_1Q.xlsx#Company Detail
Sensitron Semiconductor - N/A project capital expenditure (SEMI WFF),Sensitron Semiconductor - N/A,资本开支统计对象晶圆制造工厂,资本开支,晶圆制造工厂,统计对象,SEMI_WFF_2026_1Q.xlsx#Company Detail
Sensonor - Horten project capital expenditure (SEMI WFF),Sensonor - Horten,资本开支统计对象晶圆制造工厂,资本开支,晶圆制造工厂,统计对象,SEMI_WFF_2026_1Q.xlsx#Company Detail
Sercalo - MEMS Facility project capital expenditure (SEMI WFF),Sercalo - MEMS Facility,资本开支统计对象晶圆制造工厂,资本开支,晶圆制造工厂,统计对象,SEMI_WFF_2026_1Q.xlsx#Company Detail
Shaanxi Electronic Core Industry Times Technology - Fab 1 project capital expenditure (SEMI WFF),Shaanxi Electronic Core Industry Times Technology - Fab 1,资本开支统计对象晶圆制造工厂,资本开支,晶圆制造工厂,统计对象,SEMI_WFF_2026_1Q.xlsx#Project Spending
Shanghai Advanced Micro Semiconductors - Fab 2 project capital expenditure (SEMI WFF),Shanghai Advanced Micro Semiconductors - Fab 2,资本开支统计对象晶圆制造工厂,资本开支,晶圆制造工厂,统计对象,SEMI_WFF_2026_1Q.xlsx#Project Spending
Shenzhen MTC LED - Nanchang project capital expenditure (SEMI WFF),Shenzhen MTC LED - Nanchang,资本开支统计对象晶圆制造工厂,资本开支,晶圆制造工厂,统计对象,SEMI_WFF_2026_1Q.xlsx#Project Spending
Shenzhen Sitan Technology - Xiamen Phase 1 project capital expenditure (SEMI WFF),Shenzhen Sitan Technology - Xiamen Phase 1,资本开支统计对象晶圆制造工厂,资本开支,晶圆制造工厂,统计对象,SEMI_WFF_2026_1Q.xlsx#Project Spending
"Shindengen Electric Manufacturing Co., Ltd. - Higashine Bldg #3-2 project capital expenditure (SEMI WFF)","Shindengen Electric Manufacturing Co., Ltd. - Higashine Bldg #3-2",资本开支统计对象晶圆制造工厂,资本开支,晶圆制造工厂,统计对象,SEMI_WFF_2026_1Q.xlsx#Company Detail
"Shindengen Electric Manufacturing Co., Ltd. - Higashine Bldg #4 project capital expenditure (SEMI WFF)","Shindengen Electric Manufacturing Co., Ltd. - Higashine Bldg #4",资本开支统计对象晶圆制造工厂,资本开支,晶圆制造工厂,统计对象,SEMI_WFF_2026_1Q.xlsx#Company Detail
Shougang - Front End Fab 1 project capital expenditure (SEMI WFF),Shougang - Front End Fab 1,资本开支统计对象晶圆制造工厂,资本开支,晶圆制造工厂,统计对象,SEMI_WFF_2026_1Q.xlsx#Company Detail
SiCamore Semi - Main Fab (cleanroom 1) Silicon (was Microsemi) project capital expenditure (SEMI WFF),SiCamore Semi - Main Fab (cleanroom 1) Silicon (was Microsemi),资本开支统计对象晶圆制造工厂,资本开支,晶圆制造工厂,统计对象,SEMI_WFF_2026_1Q.xlsx#Company Detail
SiCamore Semi - Main Fab 6-inch line expansion project capital expenditure (SEMI WFF),SiCamore Semi - Main Fab 6-inch line expansion,资本开支统计对象晶圆制造工厂,资本开支,晶圆制造工厂,统计对象,SEMI_WFF_2026_1Q.xlsx#Company Detail
"SiEn Integrated Circuits Co., Ltd. - Fab 1 (300mm line) project capital expenditure (SEMI WFF)","SiEn Integrated Circuits Co., Ltd. - Fab 1 (300mm line)",资本开支统计对象晶圆制造工厂,资本开支,晶圆制造工厂,统计对象,SEMI_WFF_2026_1Q.xlsx#Company Detail
"Silan Microelectronics Co., Ltd. - Xiamen Compound SiC Line (Phase 2) project capital expenditure (SEMI WFF)","Silan Microelectronics Co., Ltd. - Xiamen Compound SiC Line (Phase 2)",资本开支统计对象晶圆制造工厂,资本开支,晶圆制造工厂,统计对象,SEMI_WFF_2026_1Q.xlsx#Project Spending
"Silan Microelectronics Co., Ltd. - Xiamen 300mm Fab 2 project capital expenditure (SEMI WFF)","Silan Microelectronics Co., Ltd. - Xiamen 300mm Fab 2",资本开支统计对象晶圆制造工厂,资本开支,晶圆制造工厂,统计对象,SEMI_WFF_2026_1Q.xlsx#Project Spending
Silanna (was Sapphicon) - Fab 3 Compound R&D Facility project capital expenditure (SEMI WFF),Silanna (was Sapphicon) - Fab 3 Compound R&D Facility,资本开支统计对象晶圆制造工厂,资本开支,晶圆制造工厂,统计对象,SEMI_WFF_2026_1Q.xlsx#Company Detail
Silanna (was Sapphicon) - Fab 1 project capital expenditure (SEMI WFF),Silanna (was Sapphicon) - Fab 1,资本开支统计对象晶圆制造工厂,资本开支,晶圆制造工厂,统计对象,SEMI_WFF_2026_1Q.xlsx#Company Detail
Silanna (was Sapphicon) - Fab 2 (upgrade of Fab 1) project capital expenditure (SEMI WFF),Silanna (was Sapphicon) - Fab 2 (upgrade of Fab 1),资本开支统计对象晶圆制造工厂,资本开支,晶圆制造工厂,统计对象,SEMI_WFF_2026_1Q.xlsx#Company Detail
Silex Microsystems AB - Fab 3 (Beijing) project capital expenditure (SEMI WFF),Silex Microsystems AB - Fab 3 (Beijing),资本开支统计对象晶圆制造工厂,资本开支,晶圆制造工厂,统计对象,SEMI_WFF_2026_1Q.xlsx#Project Spending
"Silex Microsystems AB - Fab 1&2 (was Fab 2, Jarfalla 8-inch MEMS) project capital expenditure (SEMI WFF)","Silex Microsystems AB - Fab 1&2 (was Fab 2, Jarfalla 8-inch MEMS)",资本开支统计对象晶圆制造工厂,资本开支,晶圆制造工厂,统计对象,SEMI_WFF_2026_1Q.xlsx#Company Detail
SilTerra Malaysia Sdn. Bhd. - Fab 1 project capital expenditure (SEMI WFF),SilTerra Malaysia Sdn. Bhd. - Fab 1,资本开支统计对象晶圆制造工厂,资本开支,晶圆制造工厂,统计对象,SEMI_WFF_2026_1Q.xlsx#Project Spending
Sino-Semiconductor - Zhuhai Fab project capital expenditure (SEMI WFF),Sino-Semiconductor - Zhuhai Fab,资本开支统计对象晶圆制造工厂,资本开支,晶圆制造工厂,统计对象,SEMI_WFF_2026_1Q.xlsx#Project Spending
SINTEF - NiNaLab project capital expenditure (SEMI WFF),SINTEF - NiNaLab,资本开支统计对象晶圆制造工厂,资本开支,晶圆制造工厂,统计对象,SEMI_WFF_2026_1Q.xlsx#Company Detail
SITAR (Bangalore & Hyderabad) - GAETEC - GaAs Foundry project capital expenditure (SEMI WFF),SITAR (Bangalore & Hyderabad) - GAETEC - GaAs Foundry,资本开支统计对象晶圆制造工厂,资本开支,晶圆制造工厂,统计对象,SEMI_WFF_2026_1Q.xlsx#Company Detail
SITAR (Bangalore & Hyderabad) - STARC (MEMS was ASIC) project capital expenditure (SEMI WFF),SITAR (Bangalore & Hyderabad) - STARC (MEMS was ASIC),资本开支统计对象晶圆制造工厂,资本开支,晶圆制造工厂,统计对象,SEMI_WFF_2026_1Q.xlsx#Company Detail
SK Hynix - M14 Phase 2 (DRAM support) project capital expenditure (SEMI WFF),SK Hynix - M14 Phase 2 (DRAM support),资本开支统计对象晶圆制造工厂,资本开支,晶圆制造工厂,统计对象,SEMI_WFF_2026_1Q.xlsx#Project Spending
SK Hynix - Solidigm Fab 3 (New Fab) project capital expenditure (SEMI WFF),SK Hynix - Solidigm Fab 3 (New Fab),资本开支统计对象晶圆制造工厂,资本开支,晶圆制造工厂,统计对象,SEMI_WFF_2026_1Q.xlsx#Company Detail
SK Hynix - Y1 DRAM was M17 (phase 2) project capital expenditure (SEMI WFF),SK Hynix - Y1 DRAM was M17 (phase 2),资本开支统计对象晶圆制造工厂,资本开支,晶圆制造工厂,统计对象,SEMI_WFF_2026_1Q.xlsx#Project Spending
SK Hynix - M16 (EUV) project capital expenditure (SEMI WFF),SK Hynix - M16 (EUV),资本开支统计对象晶圆制造工厂,资本开支,晶圆制造工厂,统计对象,SEMI_WFF_2026_1Q.xlsx#Project Spending
SK Hynix - M14 Phase 2 (3D NAND) project capital expenditure (SEMI WFF),SK Hynix - M14 Phase 2 (3D NAND),资本开支统计对象晶圆制造工厂,资本开支,晶圆制造工厂,统计对象,SEMI_WFF_2026_1Q.xlsx#Company Detail
SK Hynix - Y1 3D NAND was M17 (phase 1) project capital expenditure (SEMI WFF),SK Hynix - Y1 3D NAND was M17 (phase 1),资本开支统计对象晶圆制造工厂,资本开支,晶圆制造工厂,统计对象,SEMI_WFF_2026_1Q.xlsx#Project Spending
SK Hynix - Y2 DRAM project capital expenditure (SEMI WFF),SK Hynix - Y2 DRAM,资本开支统计对象晶圆制造工厂,资本开支,晶圆制造工厂,统计对象,SEMI_WFF_2026_1Q.xlsx#Company Detail
SK Hynix - Y2 3D NAND project capital expenditure (SEMI WFF),SK Hynix - Y2 3D NAND,资本开支统计对象晶圆制造工厂,资本开支,晶圆制造工厂,统计对象,SEMI_WFF_2026_1Q.xlsx#Company Detail
SK Hynix - Y3 P1+P2 project capital expenditure (SEMI WFF),SK Hynix - Y3 P1+P2,资本开支统计对象晶圆制造工厂,资本开支,晶圆制造工厂,统计对象,SEMI_WFF_2026_1Q.xlsx#Company Detail
SK Hynix - Y4 P1+P2 project capital expenditure (SEMI WFF),SK Hynix - Y4 P1+P2,资本开支统计对象晶圆制造工厂,资本开支,晶圆制造工厂,统计对象,SEMI_WFF_2026_1Q.xlsx#Company Detail
SK Hynix - M11+M12 (2D NAND) CF project capital expenditure (SEMI WFF),SK Hynix - M11+M12 (2D NAND) CF,资本开支统计对象晶圆制造工厂,资本开支,晶圆制造工厂,统计对象,SEMI_WFF_2026_1Q.xlsx#Company Detail
"Skorpios - Austin Fab (was Novati, was ATDF) project capital expenditure (SEMI WFF)","Skorpios - Austin Fab (was Novati, was ATDF)",资本开支统计对象晶圆制造工厂,资本开支,晶圆制造工厂,统计对象,SEMI_WFF_2026_1Q.xlsx#Company Detail
Skyworks Solutions Inc. - Kadoma fab 4-inch line project capital expenditure (SEMI WFF),Skyworks Solutions Inc. - Kadoma fab 4-inch line,资本开支统计对象晶圆制造工厂,资本开支,晶圆制造工厂,统计对象,SEMI_WFF_2026_1Q.xlsx#Company Detail
Skyworks Solutions Inc. - Osaka fab 6-inch line project capital expenditure (SEMI WFF),Skyworks Solutions Inc. - Osaka fab 6-inch line,资本开支统计对象晶圆制造工厂,资本开支,晶圆制造工厂,统计对象,SEMI_WFF_2026_1Q.xlsx#Company Detail
Skyworks Solutions Inc. - Osaka fab 8-inch line project capital expenditure (SEMI WFF),Skyworks Solutions Inc. - Osaka fab 8-inch line,资本开支统计对象晶圆制造工厂,资本开支,晶圆制造工厂,统计对象,SEMI_WFF_2026_1Q.xlsx#Company Detail
Skyworks Solutions Inc. - Newbury Park (GaAs) project capital expenditure (SEMI WFF),Skyworks Solutions Inc. - Newbury Park (GaAs),资本开支统计对象晶圆制造工厂,资本开支,晶圆制造工厂,统计对象,SEMI_WFF_2026_1Q.xlsx#Project Spending
Skyworks Solutions Inc. - Woburn fab phase 2 Expansion 6-inch project capital expenditure (SEMI WFF),Skyworks Solutions Inc. - Woburn fab phase 2 Expansion 6-inch,资本开支统计对象晶圆制造工厂,资本开支,晶圆制造工厂,统计对象,SEMI_WFF_2026_1Q.xlsx#Company Detail
Skyworks Solutions Inc. - Woburn fab 6-inch project capital expenditure (SEMI WFF),Skyworks Solutions Inc. - Woburn fab 6-inch,资本开支统计对象晶圆制造工厂,资本开支,晶圆制造工厂,统计对象,SEMI_WFF_2026_1Q.xlsx#Company Detail
SMIC - MegaFab (Fab 3 B-C) project capital expenditure (SEMI WFF),SMIC - MegaFab (Fab 3 B-C),资本开支统计对象晶圆制造工厂,资本开支,晶圆制造工厂,统计对象,SEMI_WFF_2026_1Q.xlsx#Company Detail
SMIC - MegaFab Fab 6 project capital expenditure (SEMI WFF),SMIC - MegaFab Fab 6,资本开支统计对象晶圆制造工厂,资本开支,晶圆制造工厂,统计对象,SEMI_WFF_2026_1Q.xlsx#Company Detail
SMIC - Fab 9 Phase 2 (Lingang P2) project capital expenditure (SEMI WFF),SMIC - Fab 9 Phase 2 (Lingang P2),资本开支统计对象晶圆制造工厂,资本开支,晶圆制造工厂,统计对象,SEMI_WFF_2026_1Q.xlsx#Project Spending
SMIC - Fab 10 Phase 1 (SMTC P1) project capital expenditure (SEMI WFF),SMIC - Fab 10 Phase 1 (SMTC P1),资本开支统计对象晶圆制造工厂,资本开支,晶圆制造工厂,统计对象,SEMI_WFF_2026_1Q.xlsx#Project Spending
SMIC - Fab 9 Phase 3 (Lingang P3) project capital expenditure (SEMI WFF),SMIC - Fab 9 Phase 3 (Lingang P3),资本开支统计对象晶圆制造工厂,资本开支,晶圆制造工厂,统计对象,SEMI_WFF_2026_1Q.xlsx#Project Spending
SMIC - Fab 9 Phase 4 (Lingang P4) project capital expenditure (SEMI WFF),SMIC - Fab 9 Phase 4 (Lingang P4),资本开支统计对象晶圆制造工厂,资本开支,晶圆制造工厂,统计对象,SEMI_WFF_2026_1Q.xlsx#Company Detail
SMIC - Fab 3 Phase 3 (SMBC P3) project capital expenditure (SEMI WFF),SMIC - Fab 3 Phase 3 (SMBC P3),资本开支统计对象晶圆制造工厂,资本开支,晶圆制造工厂,统计对象,SEMI_WFF_2026_1Q.xlsx#Project Spending
SMIC - Fab 3 Phase 4 (SMBC P4) project capital expenditure (SEMI WFF),SMIC - Fab 3 Phase 4 (SMBC P4),资本开支统计对象晶圆制造工厂,资本开支,晶圆制造工厂,统计对象,SEMI_WFF_2026_1Q.xlsx#Company Detail
SMIC - Fab 3 Phase 2 (SMBC P2) project capital expenditure (SEMI WFF),SMIC - Fab 3 Phase 2 (SMBC P2),资本开支统计对象晶圆制造工厂,资本开支,晶圆制造工厂,统计对象,SEMI_WFF_2026_1Q.xlsx#Project Spending
SMIC - Fab 10 Phase 2 (SMTC P2) project capital expenditure (SEMI WFF),SMIC - Fab 10 Phase 2 (SMTC P2),资本开支统计对象晶圆制造工厂,资本开支,晶圆制造工厂,统计对象,SEMI_WFF_2026_1Q.xlsx#Project Spending
Sony - Building #6-4F project capital expenditure (SEMI WFF),Sony - Building #6-4F,资本开支统计对象晶圆制造工厂,资本开支,晶圆制造工厂,统计对象,SEMI_WFF_2026_1Q.xlsx#Project Spending
Sony - Building #6-2F project capital expenditure (SEMI WFF),Sony - Building #6-2F,资本开支统计对象晶圆制造工厂,资本开支,晶圆制造工厂,统计对象,SEMI_WFF_2026_1Q.xlsx#Project Spending
Sony - Building #7 project capital expenditure (SEMI WFF),Sony - Building #7,资本开支统计对象晶圆制造工厂,资本开支,晶圆制造工厂,统计对象,SEMI_WFF_2026_1Q.xlsx#Project Spending
Sony - Kumamoto Koshi New Fab project capital expenditure (SEMI WFF),Sony - Kumamoto Koshi New Fab,资本开支统计对象晶圆制造工厂,资本开支,晶圆制造工厂,统计对象,SEMI_WFF_2026_1Q.xlsx#Project Spending
SRI International - SRI - Menlo Park project capital expenditure (SEMI WFF),SRI International - SRI - Menlo Park,资本开支统计对象晶圆制造工厂,资本开支,晶圆制造工厂,统计对象,SEMI_WFF_2026_1Q.xlsx#Company Detail
SRI International - SRI - St Petersburg project capital expenditure (SEMI WFF),SRI International - SRI - St Petersburg,资本开支统计对象晶圆制造工厂,资本开支,晶圆制造工厂,统计对象,SEMI_WFF_2026_1Q.xlsx#Company Detail
SRISA (Russian Academy of Sciences) - N/A project capital expenditure (SEMI WFF),SRISA (Russian Academy of Sciences) - N/A,资本开支统计对象晶圆制造工厂,资本开支,晶圆制造工厂,统计对象,SEMI_WFF_2026_1Q.xlsx#Company Detail
Stark Semiconductor - Micro LED fab project capital expenditure (SEMI WFF),Stark Semiconductor - Micro LED fab,资本开支统计对象晶圆制造工厂,资本开支,晶圆制造工厂,统计对象,SEMI_WFF_2026_1Q.xlsx#Project Spending
STMicroelectronics - Fab 1 8-inch fab: SiC Line project capital expenditure (SEMI WFF),STMicroelectronics - Fab 1 8-inch fab: SiC Line,资本开支统计对象晶圆制造工厂,资本开支,晶圆制造工厂,统计对象,SEMI_WFF_2026_1Q.xlsx#Project Spending
STMicroelectronics - SiC Device Fab (Phase 1+2) project capital expenditure (SEMI WFF),STMicroelectronics - SiC Device Fab (Phase 1+2),资本开支统计对象晶圆制造工厂,资本开支,晶圆制造工厂,统计对象,SEMI_WFF_2026_1Q.xlsx#Project Spending
STMicroelectronics - Crolles 1 project capital expenditure (SEMI WFF),STMicroelectronics - Crolles 1,资本开支统计对象晶圆制造工厂,资本开支,晶圆制造工厂,统计对象,SEMI_WFF_2026_1Q.xlsx#Project Spending
"STMicroelectronics - AG200 (R2-Power), was Fab 14 with Micron project capital expenditure (SEMI WFF)","STMicroelectronics - AG200 (R2-Power), was Fab 14 with Micron",资本开支统计对象晶圆制造工厂,资本开支,晶圆制造工厂,统计对象,SEMI_WFF_2026_1Q.xlsx#Company Detail
STMicroelectronics - Fab 2 (M9) expansion project capital expenditure (SEMI WFF),STMicroelectronics - Fab 2 (M9) expansion,资本开支统计对象晶圆制造工厂,资本开支,晶圆制造工厂,统计对象,SEMI_WFF_2026_1Q.xlsx#Project Spending
STMicroelectronics - Crolles 2-ext. mod 5 project capital expenditure (SEMI WFF),STMicroelectronics - Crolles 2-ext. mod 5,资本开支统计对象晶圆制造工厂,资本开支,晶圆制造工厂,统计对象,SEMI_WFF_2026_1Q.xlsx#Project Spending
STMicroelectronics - Crolles 2-ext. mod 6 project capital expenditure (SEMI WFF),STMicroelectronics - Crolles 2-ext. mod 6,资本开支统计对象晶圆制造工厂,资本开支,晶圆制造工厂,统计对象,SEMI_WFF_2026_1Q.xlsx#Project Spending
"STMicroelectronics - AG200 (AG8-Logic), was Fab 1 project capital expenditure (SEMI WFF)","STMicroelectronics - AG200 (AG8-Logic), was Fab 1",资本开支统计对象晶圆制造工厂,资本开支,晶圆制造工厂,统计对象,SEMI_WFF_2026_1Q.xlsx#Company Detail
STMicroelectronics - AG300 (R3) ST and Tower JV  (phase 1 + phase 2) project capital expenditure (SEMI WFF),STMicroelectronics - AG300 (R3) ST and Tower JV  (phase 1 + phase 2),资本开支统计对象晶圆制造工厂,资本开支,晶圆制造工厂,统计对象,SEMI_WFF_2026_1Q.xlsx#Project Spending
STMicroelectronics - Fab 2 (M9) 8-inch line (was 6-inch called CT 6) project capital expenditure (SEMI WFF),STMicroelectronics - Fab 2 (M9) 8-inch line (was 6-inch called CT 6),资本开支统计对象晶圆制造工厂,资本开支,晶圆制造工厂,统计对象,SEMI_WFF_2026_1Q.xlsx#Project Spending
STMicroelectronics - Fab 2 (M5+M5 extension) Catania  (was called CTM 8) project capital expenditure (SEMI WFF),STMicroelectronics - Fab 2 (M5+M5 extension) Catania  (was called CTM 8),资本开支统计对象晶圆制造工厂,资本开支,晶圆制造工厂,统计对象,SEMI_WFF_2026_1Q.xlsx#Project Spending
STMicroelectronics - SGFAB-AMK 8 (was Numonyx/Micron Fab 13) project capital expenditure (SEMI WFF),STMicroelectronics - SGFAB-AMK 8 (was Numonyx/Micron Fab 13),资本开支统计对象晶圆制造工厂,资本开支,晶圆制造工厂,统计对象,SEMI_WFF_2026_1Q.xlsx#Project Spending
STMicroelectronics - Fab 1 6-inch fab: SiC Line project capital expenditure (SEMI WFF),STMicroelectronics - Fab 1 6-inch fab: SiC Line,资本开支统计对象晶圆制造工厂,资本开支,晶圆制造工厂,统计对象,SEMI_WFF_2026_1Q.xlsx#Project Spending
STMicroelectronics - Fab 2: 200mm GaN Device Pilot project capital expenditure (SEMI WFF),STMicroelectronics - Fab 2: 200mm GaN Device Pilot,资本开支统计对象晶圆制造工厂,资本开支,晶圆制造工厂,统计对象,SEMI_WFF_2026_1Q.xlsx#Project Spending
Sumitomo Electric Device Innovations Inc. - Fab 2 project capital expenditure (SEMI WFF),Sumitomo Electric Device Innovations Inc. - Fab 2,资本开支统计对象晶圆制造工厂,资本开支,晶圆制造工厂,统计对象,SEMI_WFF_2026_1Q.xlsx#Company Detail
Sumitomo Electric Device Innovations Inc. - Fab 1 project capital expenditure (SEMI WFF),Sumitomo Electric Device Innovations Inc. - Fab 1,资本开支统计对象晶圆制造工厂,资本开支,晶圆制造工厂,统计对象,SEMI_WFF_2026_1Q.xlsx#Company Detail
Systems on Silicon Manufacturing Co. Pte. Ltd. (SSMC) - SSMC (JV with NXP) project capital expenditure (SEMI WFF),Systems on Silicon Manufacturing Co. Pte. Ltd. (SSMC) - SSMC (JV with NXP),资本开支统计对象晶圆制造工厂,资本开支,晶圆制造工厂,统计对象,SEMI_WFF_2026_1Q.xlsx#Project Spending
Taiwan Semiconductor - Yilan fab project capital expenditure (SEMI WFF),Taiwan Semiconductor - Yilan fab,资本开支统计对象晶圆制造工厂,资本开支,晶圆制造工厂,统计对象,SEMI_WFF_2026_1Q.xlsx#Company Detail
Taiwan-Asia Semiconductor Corporation (TASC) - Fab 2 SiC Line (ProAsia) project capital expenditure (SEMI WFF),Taiwan-Asia Semiconductor Corporation (TASC) - Fab 2 SiC Line (ProAsia),资本开支统计对象晶圆制造工厂,资本开支,晶圆制造工厂,统计对象,SEMI_WFF_2026_1Q.xlsx#Project Spending
Taiwan-Asia Semiconductor Corporation (TASC) - Fab 2 GaN Line (Champ-Asia) project capital expenditure (SEMI WFF),Taiwan-Asia Semiconductor Corporation (TASC) - Fab 2 GaN Line (Champ-Asia),资本开支统计对象晶圆制造工厂,资本开支,晶圆制造工厂,统计对象,SEMI_WFF_2026_1Q.xlsx#Project Spending
Taiyo Yuden - Tokorozawa Plant project capital expenditure (SEMI WFF),Taiyo Yuden - Tokorozawa Plant,资本开支统计对象晶圆制造工厂,资本开支,晶圆制造工厂,统计对象,SEMI_WFF_2026_1Q.xlsx#Company Detail
Taiyo Yuden - Ome fab project capital expenditure (SEMI WFF),Taiyo Yuden - Ome fab,资本开支统计对象晶圆制造工厂,资本开支,晶圆制造工厂,统计对象,SEMI_WFF_2026_1Q.xlsx#Company Detail
Tata Electronics - Dholera fab (Phase 1 & 2) project capital expenditure (SEMI WFF),Tata Electronics - Dholera fab (Phase 1 & 2),资本开支统计对象晶圆制造工厂,资本开支,晶圆制造工厂,统计对象,SEMI_WFF_2026_1Q.xlsx#Project Spending
TDK Corporation - Asama Techno Factory project capital expenditure (SEMI WFF),TDK Corporation - Asama Techno Factory,资本开支统计对象晶圆制造工厂,资本开支,晶圆制造工厂,统计对象,SEMI_WFF_2026_1Q.xlsx#Company Detail
TDK Corporation - Freiburg fab (was Micronas) project capital expenditure (SEMI WFF),TDK Corporation - Freiburg fab (was Micronas),资本开支统计对象晶圆制造工厂,资本开支,晶圆制造工厂,统计对象,SEMI_WFF_2026_1Q.xlsx#Project Spending
TDK Corporation - TDK-Tronics Fab 1 (Crolles) project capital expenditure (SEMI WFF),TDK Corporation - TDK-Tronics Fab 1 (Crolles),资本开支统计对象晶圆制造工厂,资本开支,晶圆制造工厂,统计对象,SEMI_WFF_2026_1Q.xlsx#Company Detail
Teledyne DALSA - Edmonton fab (8-inch line) - was Micralyne project capital expenditure (SEMI WFF),Teledyne DALSA - Edmonton fab (8-inch line) - was Micralyne,资本开支统计对象晶圆制造工厂,资本开支,晶圆制造工厂,统计对象,SEMI_WFF_2026_1Q.xlsx#Company Detail
Teledyne DALSA - Fab 4 - 6-inch line project capital expenditure (SEMI WFF),Teledyne DALSA - Fab 4 - 6-inch line,资本开支统计对象晶圆制造工厂,资本开支,晶圆制造工厂,统计对象,SEMI_WFF_2026_1Q.xlsx#Company Detail
Teledyne DALSA - Fab 4 - 8-inch line project capital expenditure (SEMI WFF),Teledyne DALSA - Fab 4 - 8-inch line,资本开支统计对象晶圆制造工厂,资本开支,晶圆制造工厂,统计对象,SEMI_WFF_2026_1Q.xlsx#Company Detail
Teledyne DALSA - Fab 1 project capital expenditure (SEMI WFF),Teledyne DALSA - Fab 1,资本开支统计对象晶圆制造工厂,资本开支,晶圆制造工厂,统计对象,SEMI_WFF_2026_1Q.xlsx#Company Detail
Teledyne DALSA - Edmonton fab (6-inch line) - was Micralyne project capital expenditure (SEMI WFF),Teledyne DALSA - Edmonton fab (6-inch line) - was Micralyne,资本开支统计对象晶圆制造工厂,资本开支,晶圆制造工厂,统计对象,SEMI_WFF_2026_1Q.xlsx#Company Detail
Texas Instruments - MFab (was National) project capital expenditure (SEMI WFF),Texas Instruments - MFab (was National),资本开支统计对象晶圆制造工厂,资本开支,晶圆制造工厂,统计对象,SEMI_WFF_2026_1Q.xlsx#Project Spending
Texas Instruments - Miho 8 (was Miho 6)+ Miho 5 project capital expenditure (SEMI WFF),Texas Instruments - Miho 8 (was Miho 6)+ Miho 5,资本开支统计对象晶圆制造工厂,资本开支,晶圆制造工厂,统计对象,SEMI_WFF_2026_1Q.xlsx#Project Spending
"Texas Instruments - FFAB (8-inch line, inside former 6-inch) project capital expenditure (SEMI WFF)","Texas Instruments - FFAB (8-inch line, inside former 6-inch)",资本开支统计对象晶圆制造工厂,资本开支,晶圆制造工厂,统计对象,SEMI_WFF_2026_1Q.xlsx#Project Spending
"Texas Instruments - LFab 1 (+ Bldg 60), was Fab 2 Micron (3D X Point, part (IMFT) project capital expenditure (SEMI WFF)","Texas Instruments - LFab 1 (+ Bldg 60), was Fab 2 Micron (3D X Point, part (IMFT)",资本开支统计对象晶圆制造工厂,资本开支,晶圆制造工厂,统计对象,SEMI_WFF_2026_1Q.xlsx#Project Spending
Texas Instruments - CFAB (was SMIC Fab 11A) project capital expenditure (SEMI WFF),Texas Instruments - CFAB (was SMIC Fab 11A),资本开支统计对象晶圆制造工厂,资本开支,晶圆制造工厂,统计对象,SEMI_WFF_2026_1Q.xlsx#Project Spending
Texas Instruments - DFAB 150mm (South building) project capital expenditure (SEMI WFF),Texas Instruments - DFAB 150mm (South building),资本开支统计对象晶圆制造工厂,资本开支,晶圆制造工厂,统计对象,SEMI_WFF_2026_1Q.xlsx#Company Detail
Texas Instruments - LFab 2 project capital expenditure (SEMI WFF),Texas Instruments - LFab 2,资本开支统计对象晶圆制造工厂,资本开支,晶圆制造工厂,统计对象,SEMI_WFF_2026_1Q.xlsx#Project Spending
Texas Instruments - SM 1 (was S FAB 2) project capital expenditure (SEMI WFF),Texas Instruments - SM 1 (was S FAB 2),资本开支统计对象晶圆制造工厂,资本开支,晶圆制造工厂,统计对象,SEMI_WFF_2026_1Q.xlsx#Project Spending
Texas Instruments - SM 2 (was S FAB 3) project capital expenditure (SEMI WFF),Texas Instruments - SM 2 (was S FAB 3),资本开支统计对象晶圆制造工厂,资本开支,晶圆制造工厂,统计对象,SEMI_WFF_2026_1Q.xlsx#Project Spending
Texas Instruments - SM 3 project capital expenditure (SEMI WFF),Texas Instruments - SM 3,资本开支统计对象晶圆制造工厂,资本开支,晶圆制造工厂,统计对象,SEMI_WFF_2026_1Q.xlsx#Company Detail
Texas Instruments - SM 4 project capital expenditure (SEMI WFF),Texas Instruments - SM 4,资本开支统计对象晶圆制造工厂,资本开支,晶圆制造工厂,统计对象,SEMI_WFF_2026_1Q.xlsx#Company Detail
Thai Microelectronics Center (TMEC) - Thai Microeclectronics Center (TMEC) project capital expenditure (SEMI WFF),Thai Microelectronics Center (TMEC) - Thai Microeclectronics Center (TMEC),资本开支统计对象晶圆制造工厂,资本开支,晶圆制造工厂,统计对象,SEMI_WFF_2026_1Q.xlsx#Company Detail
THAT Corporation - N/A project capital expenditure (SEMI WFF),THAT Corporation - N/A,资本开支统计对象晶圆制造工厂,资本开支,晶圆制造工厂,统计对象,SEMI_WFF_2026_1Q.xlsx#Company Detail
Thorlabs Inc - Thorlabs Quantum Electronics project capital expenditure (SEMI WFF),Thorlabs Inc - Thorlabs Quantum Electronics,资本开支统计对象晶圆制造工厂,资本开支,晶圆制造工厂,统计对象,SEMI_WFF_2026_1Q.xlsx#Company Detail
Toshiba (TDSC) - Kaga 300mm Power Fab Third Line (Phase 2) project capital expenditure (SEMI WFF),Toshiba (TDSC) - Kaga 300mm Power Fab Third Line (Phase 2),资本开支统计对象晶圆制造工厂,资本开支,晶圆制造工厂,统计对象,SEMI_WFF_2026_1Q.xlsx#Project Spending
"Tower Partners Semiconductor (TPSCo) - Uozo E (was Intel, was Tower Partners TPSCo, was Fab 7) project capital expenditure (SEMI WFF)","Tower Partners Semiconductor (TPSCo) - Uozo E (was Intel, was Tower Partners TPSCo, was Fab 7)",资本开支统计对象晶圆制造工厂,资本开支,晶圆制造工厂,统计对象,SEMI_WFF_2026_1Q.xlsx#Project Spending
"Tower Partners Semiconductor (TPSCo) - Arai E (was Intel, was Tower Partners TPSCo,, was Fab 6, was Fab E) project capital expenditure (SEMI WFF)","Tower Partners Semiconductor (TPSCo) - Arai E (was Intel, was Tower Partners TPSCo,, was Fab 6, was Fab E)",资本开支统计对象晶圆制造工厂,资本开支,晶圆制造工厂,统计对象,SEMI_WFF_2026_1Q.xlsx#Company Detail
"TowerJazz Semiconductors Ltd. - Fab 9 (was Intel, was Tower Jazz, was Maxim) project capital expenditure (SEMI WFF)","TowerJazz Semiconductors Ltd. - Fab 9 (was Intel, was Tower Jazz, was Maxim)",资本开支统计对象晶圆制造工厂,资本开支,晶圆制造工厂,统计对象,SEMI_WFF_2026_1Q.xlsx#Project Spending
"TowerJazz Semiconductors Ltd. - Fab 2 (was Intel, was Tower Jazz Migdal Haemek project capital expenditure (SEMI WFF)","TowerJazz Semiconductors Ltd. - Fab 2 (was Intel, was Tower Jazz Migdal Haemek",资本开支统计对象晶圆制造工厂,资本开支,晶圆制造工厂,统计对象,SEMI_WFF_2026_1Q.xlsx#Project Spending
"TowerJazz Semiconductors Ltd. - Fab 1 (was Intel, was Tower Jazz Migdal Haemek project capital expenditure (SEMI WFF)","TowerJazz Semiconductors Ltd. - Fab 1 (was Intel, was Tower Jazz Migdal Haemek",资本开支统计对象晶圆制造工厂,资本开支,晶圆制造工厂,统计对象,SEMI_WFF_2026_1Q.xlsx#Company Detail
"TowerJazz Semiconductors Ltd. - Fab 3 (was Intel, was Tower Jazz Newport Beach) project capital expenditure (SEMI WFF)","TowerJazz Semiconductors Ltd. - Fab 3 (was Intel, was Tower Jazz Newport Beach)",资本开支统计对象晶圆制造工厂,资本开支,晶圆制造工厂,统计对象,SEMI_WFF_2026_1Q.xlsx#Project Spending
Transcom Inc. - Fab 1 project capital expenditure (SEMI WFF),Transcom Inc. - Fab 1,资本开支统计对象晶圆制造工厂,资本开支,晶圆制造工厂,统计对象,SEMI_WFF_2026_1Q.xlsx#Company Detail
"Transphorm, Inc. - Goleta fab project capital expenditure (SEMI WFF)","Transphorm, Inc. - Goleta fab",资本开支统计对象晶圆制造工厂,资本开支,晶圆制造工厂,统计对象,SEMI_WFF_2026_1Q.xlsx#Company Detail
Transys Electronics - Birmingham fab project capital expenditure (SEMI WFF),Transys Electronics - Birmingham fab,资本开支统计对象晶圆制造工厂,资本开支,晶圆制造工厂,统计对象,SEMI_WFF_2026_1Q.xlsx#Company Detail
TRUMPF Photonics Inc. - TUSP project capital expenditure (SEMI WFF),TRUMPF Photonics Inc. - TUSP,资本开支统计对象晶圆制造工厂,资本开支,晶圆制造工厂,统计对象,SEMI_WFF_2026_1Q.xlsx#Company Detail
TSMC - Fab 10 (Songjiang) project capital expenditure (SEMI WFF),TSMC - Fab 10 (Songjiang),资本开支统计对象晶圆制造工厂,资本开支,晶圆制造工厂,统计对象,SEMI_WFF_2026_1Q.xlsx#Project Spending
TSMC - Fab 6 Phase 1 project capital expenditure (SEMI WFF),TSMC - Fab 6 Phase 1,资本开支统计对象晶圆制造工厂,资本开支,晶圆制造工厂,统计对象,SEMI_WFF_2026_1Q.xlsx#Project Spending
TSMC - Fab 5 project capital expenditure (SEMI WFF),TSMC - Fab 5,资本开支统计对象晶圆制造工厂,资本开支,晶圆制造工厂,统计对象,SEMI_WFF_2026_1Q.xlsx#Project Spending
TSMC - Fab 11 (WaferTech) (used also by Everspin) project capital expenditure (SEMI WFF),TSMC - Fab 11 (WaferTech) (used also by Everspin),资本开支统计对象晶圆制造工厂,资本开支,晶圆制造工厂,统计对象,SEMI_WFF_2026_1Q.xlsx#Project Spending
TSMC - Fab 22 Phase 2 project capital expenditure (SEMI WFF),TSMC - Fab 22 Phase 2,资本开支统计对象晶圆制造工厂,资本开支,晶圆制造工厂,统计对象,SEMI_WFF_2026_1Q.xlsx#Project Spending
TSMC - Fab 24 - ESMC Phase 1 (22/28nm) project capital expenditure (SEMI WFF),TSMC - Fab 24 - ESMC Phase 1 (22/28nm),资本开支统计对象晶圆制造工厂,资本开支,晶圆制造工厂,统计对象,SEMI_WFF_2026_1Q.xlsx#Project Spending
TSMC - Fab 21 Phase 2 (Arizona) project capital expenditure (SEMI WFF),TSMC - Fab 21 Phase 2 (Arizona),资本开支统计对象晶圆制造工厂,资本开支,晶圆制造工厂,统计对象,SEMI_WFF_2026_1Q.xlsx#Project Spending
TSMC - Fab 25 Phase 1 project capital expenditure (SEMI WFF),TSMC - Fab 25 Phase 1,资本开支统计对象晶圆制造工厂,资本开支,晶圆制造工厂,统计对象,SEMI_WFF_2026_1Q.xlsx#Project Spending
TSMC - Fab 25 Phase 2 project capital expenditure (SEMI WFF),TSMC - Fab 25 Phase 2,资本开支统计对象晶圆制造工厂,资本开支,晶圆制造工厂,统计对象,SEMI_WFF_2026_1Q.xlsx#Project Spending
TSMC - Fab 21 Phase 3 (Arizona) project capital expenditure (SEMI WFF),TSMC - Fab 21 Phase 3 (Arizona),资本开支统计对象晶圆制造工厂,资本开支,晶圆制造工厂,统计对象,SEMI_WFF_2026_1Q.xlsx#Project Spending
TSMC - Fab 23 Phase 3 project capital expenditure (SEMI WFF),TSMC - Fab 23 Phase 3,资本开支统计对象晶圆制造工厂,资本开支,晶圆制造工厂,统计对象,SEMI_WFF_2026_1Q.xlsx#Company Detail
TSMC - Fab 20 Phase 3 project capital expenditure (SEMI WFF),TSMC - Fab 20 Phase 3,资本开支统计对象晶圆制造工厂,资本开支,晶圆制造工厂,统计对象,SEMI_WFF_2026_1Q.xlsx#Project Spending
TSMC - Fab 20 Phase 4 project capital expenditure (SEMI WFF),TSMC - Fab 20 Phase 4,资本开支统计对象晶圆制造工厂,资本开支,晶圆制造工厂,统计对象,SEMI_WFF_2026_1Q.xlsx#Project Spending
TSMC - Fab 18 Phase 9 project capital expenditure (SEMI WFF),TSMC - Fab 18 Phase 9,资本开支统计对象晶圆制造工厂,资本开支,晶圆制造工厂,统计对象,SEMI_WFF_2026_1Q.xlsx#Project Spending
TSMC - Fab 23 Phase 2 (JASM P2) project capital expenditure (SEMI WFF),TSMC - Fab 23 Phase 2 (JASM P2),资本开支统计对象晶圆制造工厂,资本开支,晶圆制造工厂,统计对象,SEMI_WFF_2026_1Q.xlsx#Project Spending
TSMC - Fab 22 Phase 3 project capital expenditure (SEMI WFF),TSMC - Fab 22 Phase 3,资本开支统计对象晶圆制造工厂,资本开支,晶圆制造工厂,统计对象,SEMI_WFF_2026_1Q.xlsx#Project Spending
TSMC - Fab 22 Phase 4 project capital expenditure (SEMI WFF),TSMC - Fab 22 Phase 4,资本开支统计对象晶圆制造工厂,资本开支,晶圆制造工厂,统计对象,SEMI_WFF_2026_1Q.xlsx#Project Spending
TSMC - Fab 24 - ESMC Phase 1 (12/16nm) project capital expenditure (SEMI WFF),TSMC - Fab 24 - ESMC Phase 1 (12/16nm),资本开支统计对象晶圆制造工厂,资本开支,晶圆制造工厂,统计对象,SEMI_WFF_2026_1Q.xlsx#Company Detail
TSMC - Fab 21 Phase 6 (Arizona) project capital expenditure (SEMI WFF),TSMC - Fab 21 Phase 6 (Arizona),资本开支统计对象晶圆制造工厂,资本开支,晶圆制造工厂,统计对象,SEMI_WFF_2026_1Q.xlsx#Company Detail
TSMC - Fab 25 Phase 3 project capital expenditure (SEMI WFF),TSMC - Fab 25 Phase 3,资本开支统计对象晶圆制造工厂,资本开支,晶圆制造工厂,统计对象,SEMI_WFF_2026_1Q.xlsx#Project Spending
TSMC - Fab 25 Phase 4 project capital expenditure (SEMI WFF),TSMC - Fab 25 Phase 4,资本开支统计对象晶圆制造工厂,资本开支,晶圆制造工厂,统计对象,SEMI_WFF_2026_1Q.xlsx#Project Spending
TSMC - Fab 21 Phase 4 (Arizona) project capital expenditure (SEMI WFF),TSMC - Fab 21 Phase 4 (Arizona),资本开支统计对象晶圆制造工厂,资本开支,晶圆制造工厂,统计对象,SEMI_WFF_2026_1Q.xlsx#Project Spending
TSMC - Fab 22 Phase 5 project capital expenditure (SEMI WFF),TSMC - Fab 22 Phase 5,资本开支统计对象晶圆制造工厂,资本开支,晶圆制造工厂,统计对象,SEMI_WFF_2026_1Q.xlsx#Project Spending
TSMC - Fab 21 Phase 5 (Arizona) project capital expenditure (SEMI WFF),TSMC - Fab 21 Phase 5 (Arizona),资本开支统计对象晶圆制造工厂,资本开支,晶圆制造工厂,统计对象,SEMI_WFF_2026_1Q.xlsx#Company Detail
Tyntek Corporation - Kejung Plant (new Chunan fab) project capital expenditure (SEMI WFF),Tyntek Corporation - Kejung Plant (new Chunan fab),资本开支统计对象晶圆制造工厂,资本开支,晶圆制造工厂,统计对象,SEMI_WFF_2026_1Q.xlsx#Project Spending
UMC - Fab 6A GaN Line (Wavetek) project capital expenditure (SEMI WFF),UMC - Fab 6A GaN Line (Wavetek),资本开支统计对象晶圆制造工厂,资本开支,晶圆制造工厂,统计对象,SEMI_WFF_2026_1Q.xlsx#Company Detail
UMC - UMC new Japan 300mm Fab project capital expenditure (SEMI WFF),UMC - UMC new Japan 300mm Fab,资本开支统计对象晶圆制造工厂,资本开支,晶圆制造工厂,统计对象,SEMI_WFF_2026_1Q.xlsx#Company Detail
UMC - Fab 8S project capital expenditure (SEMI WFF),UMC - Fab 8S,资本开支统计对象晶圆制造工厂,资本开支,晶圆制造工厂,统计对象,SEMI_WFF_2026_1Q.xlsx#Project Spending
UMC - Fab 8D project capital expenditure (SEMI WFF),UMC - Fab 8D,资本开支统计对象晶圆制造工厂,资本开支,晶圆制造工厂,统计对象,SEMI_WFF_2026_1Q.xlsx#Project Spending
UMC - Fab 8C project capital expenditure (SEMI WFF),UMC - Fab 8C,资本开支统计对象晶圆制造工厂,资本开支,晶圆制造工厂,统计对象,SEMI_WFF_2026_1Q.xlsx#Project Spending
UniCompound Semiconductor Corporation - GaAs fab project capital expenditure (SEMI WFF),UniCompound Semiconductor Corporation - GaAs fab,资本开支统计对象晶圆制造工厂,资本开支,晶圆制造工厂,统计对象,SEMI_WFF_2026_1Q.xlsx#Company Detail
Unisonic Technologies - Fushun Gaoxin Fab1 project capital expenditure (SEMI WFF),Unisonic Technologies - Fushun Gaoxin Fab1,资本开支统计对象晶圆制造工厂,资本开支,晶圆制造工厂,统计对象,SEMI_WFF_2026_1Q.xlsx#Project Spending
"United Nova Technology (UNT, was SMEC, was SMIC Shaoxing) - Fab 1 (UNT Phase 1) project capital expenditure (SEMI WFF)","United Nova Technology (UNT, was SMEC, was SMIC Shaoxing) - Fab 1 (UNT Phase 1)",资本开支统计对象晶圆制造工厂,资本开支,晶圆制造工厂,统计对象,SEMI_WFF_2026_1Q.xlsx#Project Spending
UTC Aerospace Systems - Goodrich Aerospace project capital expenditure (SEMI WFF),UTC Aerospace Systems - Goodrich Aerospace,资本开支统计对象晶圆制造工厂,资本开支,晶圆制造工厂,统计对象,SEMI_WFF_2026_1Q.xlsx#Company Detail
Vanguard International Semiconductor (VIS) - Fab VS1 (was GF Fab 3E) project capital expenditure (SEMI WFF),Vanguard International Semiconductor (VIS) - Fab VS1 (was GF Fab 3E),资本开支统计对象晶圆制造工厂,资本开支,晶圆制造工厂,统计对象,SEMI_WFF_2026_1Q.xlsx#Project Spending
Vanguard International Semiconductor (VIS) - VSMC (VIS & NXP JV) project capital expenditure (SEMI WFF),Vanguard International Semiconductor (VIS) - VSMC (VIS & NXP JV),资本开支统计对象晶圆制造工厂,资本开支,晶圆制造工厂,统计对象,SEMI_WFF_2026_1Q.xlsx#Project Spending
Vedanta - Dholera Wafer Fab project capital expenditure (SEMI WFF),Vedanta - Dholera Wafer Fab,资本开支统计对象晶圆制造工厂,资本开支,晶圆制造工厂,统计对象,SEMI_WFF_2026_1Q.xlsx#Project Spending
Western Digital - San Jose project capital expenditure (SEMI WFF),Western Digital - San Jose,资本开支统计对象晶圆制造工厂,资本开支,晶圆制造工厂,统计对象,SEMI_WFF_2026_1Q.xlsx#Company Detail
Win Semiconductor Corp. - Fab B project capital expenditure (SEMI WFF),Win Semiconductor Corp. - Fab B,资本开支统计对象晶圆制造工厂,资本开支,晶圆制造工厂,统计对象,SEMI_WFF_2026_1Q.xlsx#Company Detail
Win Semiconductor Corp. - Fab A project capital expenditure (SEMI WFF),Win Semiconductor Corp. - Fab A,资本开支统计对象晶圆制造工厂,资本开支,晶圆制造工厂,统计对象,SEMI_WFF_2026_1Q.xlsx#Company Detail
Winbond Electronic Corporation - Lujhu fab (Phase 2) project capital expenditure (SEMI WFF),Winbond Electronic Corporation - Lujhu fab (Phase 2),资本开支统计对象晶圆制造工厂,资本开支,晶圆制造工厂,统计对象,SEMI_WFF_2026_1Q.xlsx#Project Spending
Winbond Electronic Corporation - Lujhu fab (Phase 3) project capital expenditure (SEMI WFF),Winbond Electronic Corporation - Lujhu fab (Phase 3),资本开支统计对象晶圆制造工厂,资本开支,晶圆制造工厂,统计对象,SEMI_WFF_2026_1Q.xlsx#Company Detail
Wingtech - Shanghai fab project capital expenditure (SEMI WFF),Wingtech - Shanghai fab,资本开支统计对象晶圆制造工厂,资本开支,晶圆制造工厂,统计对象,SEMI_WFF_2026_1Q.xlsx#Project Spending
"Wolfspeed - MVF Fab (was Mohawk Valley Fab, was SiC Fab or Utica Fab) project capital expenditure (SEMI WFF)","Wolfspeed - MVF Fab (was Mohawk Valley Fab, was SiC Fab or Utica Fab)",资本开支统计对象晶圆制造工厂,资本开支,晶圆制造工厂,统计对象,SEMI_WFF_2026_1Q.xlsx#Project Spending
Wolfspeed - North Fab (Building 21) project capital expenditure (SEMI WFF),Wolfspeed - North Fab (Building 21),资本开支统计对象晶圆制造工厂,资本开支,晶圆制造工厂,统计对象,SEMI_WFF_2026_1Q.xlsx#Company Detail
Wuhan Chuxing Technology - Fab 2 project capital expenditure (SEMI WFF),Wuhan Chuxing Technology - Fab 2,资本开支统计对象晶圆制造工厂,资本开支,晶圆制造工厂,统计对象,SEMI_WFF_2026_1Q.xlsx#Project Spending
Xaar - Huntingdon fab project capital expenditure (SEMI WFF),Xaar - Huntingdon fab,资本开支统计对象晶圆制造工厂,资本开支,晶圆制造工厂,统计对象,SEMI_WFF_2026_1Q.xlsx#Company Detail
X-FAB Silicon Foundries - Erfurt MEMS (Fab4Micro) project capital expenditure (SEMI WFF),X-FAB Silicon Foundries - Erfurt MEMS (Fab4Micro),资本开支统计对象晶圆制造工厂,资本开支,晶圆制造工厂,统计对象,SEMI_WFF_2026_1Q.xlsx#Project Spending
"Xian Weiguang Science & Technology Co., Ltd - Factory 877 project capital expenditure (SEMI WFF)","Xian Weiguang Science & Technology Co., Ltd - Factory 877",资本开支统计对象晶圆制造工厂,资本开支,晶圆制造工厂,统计对象,SEMI_WFF_2026_1Q.xlsx#Company Detail
Xiver - MiPlaza project capital expenditure (SEMI WFF),Xiver - MiPlaza,资本开支统计对象晶圆制造工厂,资本开支,晶圆制造工厂,统计对象,SEMI_WFF_2026_1Q.xlsx#Company Detail
"Xiyue Electronics Technology Co., Ltd. (XETC) - Fab 1 project capital expenditure (SEMI WFF)","Xiyue Electronics Technology Co., Ltd. (XETC) - Fab 1",资本开支统计对象晶圆制造工厂,资本开支,晶圆制造工厂,统计对象,SEMI_WFF_2026_1Q.xlsx#Company Detail
XMC - Fab 12C project capital expenditure (SEMI WFF),XMC - Fab 12C,资本开支统计对象晶圆制造工厂,资本开支,晶圆制造工厂,统计对象,SEMI_WFF_2026_1Q.xlsx#Project Spending
"Yangzhou Genesis Microelectronics Co., Ltd - 4"" line project capital expenditure (SEMI WFF)","Yangzhou Genesis Microelectronics Co., Ltd - 4"" line",资本开支统计对象晶圆制造工厂,资本开支,晶圆制造工厂,统计对象,SEMI_WFF_2026_1Q.xlsx#Company Detail
"Yangzhou Genesis Semiconductor Fabricate Co. Ltd - 4"" line project capital expenditure (SEMI WFF)","Yangzhou Genesis Semiconductor Fabricate Co. Ltd - 4"" line",资本开支统计对象晶圆制造工厂,资本开支,晶圆制造工厂,统计对象,SEMI_WFF_2026_1Q.xlsx#Company Detail
"Yangzhou Genesis Semiconductor Fabricate Co. Ltd - 6"" line project capital expenditure (SEMI WFF)","Yangzhou Genesis Semiconductor Fabricate Co. Ltd - 6"" line",资本开支统计对象晶圆制造工厂,资本开支,晶圆制造工厂,统计对象,SEMI_WFF_2026_1Q.xlsx#Company Detail
Yangzhou Yangjie Electronic Technology - Runau Line project capital expenditure (SEMI WFF),Yangzhou Yangjie Electronic Technology - Runau Line,资本开支统计对象晶圆制造工厂,资本开支,晶圆制造工厂,统计对象,SEMI_WFF_2026_1Q.xlsx#Company Detail
Yangzhou Yangjie Electronic Technology - Jiechuwei 6inch SiC line project capital expenditure (SEMI WFF),Yangzhou Yangjie Electronic Technology - Jiechuwei 6inch SiC line,资本开支统计对象晶圆制造工厂,资本开支,晶圆制造工厂,统计对象,SEMI_WFF_2026_1Q.xlsx#Project Spending
Yea Shin Technology - Taoyuan fab project capital expenditure (SEMI WFF),Yea Shin Technology - Taoyuan fab,资本开支统计对象晶圆制造工厂,资本开支,晶圆制造工厂,统计对象,SEMI_WFF_2026_1Q.xlsx#Company Detail
YES PowerTechnix (YEST) - Research/Manufacturing Center 4-inch line project capital expenditure (SEMI WFF),YES PowerTechnix (YEST) - Research/Manufacturing Center 4-inch line,资本开支统计对象晶圆制造工厂,资本开支,晶圆制造工厂,统计对象,SEMI_WFF_2026_1Q.xlsx#Company Detail
"YMTC (Yangtze Memory Technology Co., Ltd.) - Fab C project capital expenditure (SEMI WFF)","YMTC (Yangtze Memory Technology Co., Ltd.) - Fab C",资本开支统计对象晶圆制造工厂,资本开支,晶圆制造工厂,统计对象,SEMI_WFF_2026_1Q.xlsx#Project Spending
Yokogawa Electric - YMF Komagane plant project capital expenditure (SEMI WFF),Yokogawa Electric - YMF Komagane plant,资本开支统计对象晶圆制造工厂,资本开支,晶圆制造工厂,统计对象,SEMI_WFF_2026_1Q.xlsx#Company Detail
Zensemi - Zensemi Fab1 project capital expenditure (SEMI WFF),Zensemi - Zensemi Fab1,资本开支统计对象晶圆制造工厂,资本开支,晶圆制造工厂,统计对象,SEMI_WFF_2026_1Q.xlsx#Project Spending
Zhejiang Starshine Semiconductor - Fab 1 project capital expenditure (SEMI WFF),Zhejiang Starshine Semiconductor - Fab 1,资本开支统计对象晶圆制造工厂,资本开支,晶圆制造工厂,统计对象,SEMI_WFF_2026_1Q.xlsx#Project Spending
Zhuhai Hauxin Microeletronics - HXM Fab1 project capital expenditure (SEMI WFF),Zhuhai Hauxin Microeletronics - HXM Fab1,资本开支统计对象晶圆制造工厂,资本开支,晶圆制造工厂,统计对象,SEMI_WFF_2026_1Q.xlsx#Project Spending
Zhuzhou CRRC Times Electric - Zhuzhou new 200mm line project capital expenditure (SEMI WFF),Zhuzhou CRRC Times Electric - Zhuzhou new 200mm line,资本开支统计对象晶圆制造工厂,资本开支,晶圆制造工厂,统计对象,SEMI_WFF_2026_1Q.xlsx#Project Spending
Zhuzhou CRRC Times Electric - 8-inch line project capital expenditure (SEMI WFF),Zhuzhou CRRC Times Electric - 8-inch line,资本开支统计对象晶圆制造工厂,资本开支,晶圆制造工厂,统计对象,SEMI_WFF_2026_1Q.xlsx#Project Spending
Zhuzhou CRRC Times Electric - 6-inch (Line 3) project capital expenditure (SEMI WFF),Zhuzhou CRRC Times Electric - 6-inch (Line 3),资本开支统计对象晶圆制造工厂,资本开支,晶圆制造工厂,统计对象,SEMI_WFF_2026_1Q.xlsx#Company Detail
